system:index,Aspect,B11,B12,B2,B3,B4,B5,B6,B7,B8,B8A,Distance_Mn,Elevation,NDVI,NIR_Red_Ratio,Red_Green_Ratio,SWIR_NIR_Ratio,SWIR_Ratio,Slope,VH,VV,VV_VH_Difference,label,latitude,longitude,.geo,geo_age,geo_supergroup,geo_group,geo_formation,geo_lithology,geo_intrusive,geo_stratigraphy
1_0_0,-0.0,2795.0,2231.0,774.5,929.0,1054.5,1433.5,2026.0,2296.5,2399.0,2562.0,50.0,281,0.3893152,2.2750118539592226,1.135091496232508,1.165068778657774,1.2528014343343792,1.8543341,-16.74050361755398,-6.51489684399158,10.2256067735624,1,21.532482613052316,79.98235472110152,"{""type"":""MultiPoint"",""coordinates"":[]}",ARCHAEAN,,TIRODI GNEISSIC COMPLEX,,GNEISS/MIGMATITE,,ARCHAEAN-GNEISS-MIGMATITE
1_1_0,117.96805,2259.5,1922.5,726.4545454545455,886.0,1005.25,1332.0,1692.0,1777.3333333333333,1820.0,1968.0,10.0,325,0.28838155,1.81049490176573,1.1345936794582392,1.2414835164835163,1.175292587776333,7.861023,-12.83681152344607,-2.9653448165125957,9.871466706933475,1,21.683399580784396,79.72498739220127,"{""type"":""MultiPoint"",""coordinates"":[]}",PALAEOPROTEROZOIC,,SAUSAR,MANSAR,SCHIST,,PALAEOPROTEROZOIC-SCHIST
1_2_0,-0.0,1215.0,1108.0,760.0,786.0,842.0,952.0,1043.0,1092.0,1072.0,1112.0,53.85164807134504,303,0.12016719,1.2731591448931117,1.0712468193384224,1.1333955223880596,1.0965703971119134,0.92740995,-18.026294642301885,-9.263367236385282,8.762927405916603,1,21.850486223630625,80.22543883698425,"{""type"":""MultiPoint"",""coordinates"":[]}",PALAEOPROTEROZOIC,,SAUSAR,MANSAR,PHYLLITE,,PALAEOPROTEROZOIC-PHYLLITE
1_3_0,132.86362,2704.0,1901.0,632.0,835.0,853.0,1377.0,2080.0,2229.0,2208.0,2539.0,44.7213595499958,338,0.4426658,2.5885111371629543,1.0215568862275448,1.2246376811594204,1.422409258285113,5.437397,-19.365576861332418,-11.420793744193611,7.944783117138805,1,21.863421963721947,79.98019876441963,"{""type"":""MultiPoint"",""coordinates"":[]}",ARCHAEAN,,TIRODI GNEISSIC COMPLEX,,GNEISS/MIGMATITE,,ARCHAEAN-GNEISS-MIGMATITE
1_4_0,114.95574,2922.0,2035.0,711.0,1066.0,1108.0,1700.0,2444.0,2779.0,2921.0,3076.0,70.71067811865476,285,0.4499876,2.6362815884476536,1.0393996247654784,1.000342348510784,1.4358722358722358,2.1971948,-16.355217141299107,-10.160093052962054,6.195124088337053,1,21.45028676455538,79.76487259081618,"{""type"":""MultiPoint"",""coordinates"":[]}",PALAEOPROTEROZOIC,,SAUSAR,CHORBAOLI,QUARTZITE,,PALAEOPROTEROZOIC-QUARTZITE
1_5_0,19.704397,323.0,222.0,468.0,624.0,515.0,566.0,457.0,456.0,393.0,377.0,50.99019513592785,281,-0.13436124,0.7631067961165049,0.8253205128205128,0.821882951653944,1.454954954954955,2.9529178,-27.383312633349966,-21.587510006435355,5.795802626914611,1,21.449747775384907,79.76810652583902,"{""type"":""MultiPoint"",""coordinates"":[]}",PALAEOPROTEROZOIC,,SAUSAR,CHORBAOLI,QUARTZITE,,PALAEOPROTEROZOIC-QUARTZITE
1_6_0,141.0959,2033.5,1187.5,501.5,663.0,590.1666666666667,1038.0,1699.0,1918.0,2121.0,2213.6666666666665,14.142135623730953,329,0.56464005,3.593900028240609,0.890145801910508,0.9587458745874587,1.7124210526315788,4.756419,-14.934872632412617,-7.5461858593490385,7.388686773063578,1,21.66642142191453,79.66650706720509,"{""type"":""MultiPoint"",""coordinates"":[]}",ARCHAEAN,,TIRODI GNEISSIC COMPLEX,,GNEISS/MIGMATITE,,ARCHAEAN-GNEISS-MIGMATITE
1_7_0,-0.0,1206.0,1162.0,703.0,739.0,776.0,864.0,931.0,955.0,953.0,983.0,10.0,308,0.10237131,1.2280927835051547,1.0500676589986468,1.2654774396642183,1.0378657487091223,0.92740995,-16.658393298262897,-9.07213539337138,7.586257904891516,1,21.849947234460156,80.22705580449568,"{""type"":""MultiPoint"",""coordinates"":[]}",PALAEOPROTEROZOIC,,SAUSAR,MANSAR,PHYLLITE,,PALAEOPROTEROZOIC-PHYLLITE
1_8_0,87.34261,1848.0,944.0,396.0,564.0,469.0,928.0,2049.0,2417.0,2390.0,2726.0,31.6227766016838,656,0.67191327,5.095948827292111,0.8315602836879432,0.7732217573221757,1.957627118644068,19.246607,-12.35740797430669,-6.44666380763681,5.910744166669881,1,21.833508064760768,80.36584551589215,"{""type"":""MultiPoint"",""coordinates"":[]}",ARCHAEAN,,TIRODI GNEISSIC COMPLEX,,GNEISS/MIGMATITE,,ARCHAEAN-GNEISS-MIGMATITE
1_9_0,28.245031,1772.0,1345.0,694.0,988.0,1017.0,1316.0,1366.0,1507.0,1392.0,1430.0,10.0,284,0.15566625,1.368731563421829,1.029352226720648,1.2729885057471264,1.317472118959108,4.203849,-25.442450753307767,-15.131351944055872,10.311098809251895,1,21.449747775384907,79.76675905291283,"{""type"":""MultiPoint"",""coordinates"":[]}",PALAEOPROTEROZOIC,,SAUSAR,CHORBAOLI,QUARTZITE,,PALAEOPROTEROZOIC-QUARTZITE
1_10_0,180.0,2345.0,1486.0,484.0,700.0,614.0,1141.0,1820.0,2214.0,2035.0,2324.0,31.6227766016838,346,0.53642887,3.314332247557003,0.8771428571428571,1.1523341523341524,1.5780619111709286,10.096576,-15.126631246847786,-8.98243219415493,6.144199052692857,1,21.86423044747765,79.98154623734581,"{""type"":""MultiPoint"",""coordinates"":[]}",ARCHAEAN,,TIRODI GNEISSIC COMPLEX,,GNEISS/MIGMATITE,,ARCHAEAN-GNEISS-MIGMATITE
1_11_0,72.763725,605.0,420.0,590.0,806.0,789.0,987.0,855.0,934.0,804.0,782.0,0.0,283,0.009416196,1.0190114068441063,0.978908188585608,0.7524875621890548,1.4404761904761905,3.1269987,-25.95427472113268,-19.030256910062803,6.924017811069877,1,21.450017269970143,79.76675905291283,"{""type"":""MultiPoint"",""coordinates"":[]}",PALAEOPROTEROZOIC,,SAUSAR,CHORBAOLI,QUARTZITE,,PALAEOPROTEROZOIC-QUARTZITE
1_12_0,160.26842,1995.5,1104.5,472.1666666666667,648.1666666666666,532.0,1055.9333333333334,1846.0,2170.0,2329.0,2438.6666666666665,41.23105625617661,329,0.62810206,4.37781954887218,0.8207765492414503,0.8568054959209961,1.806699864191942,2.9534192,-13.821060544502242,-6.65454807424879,7.166512470253451,1,21.66642142191453,79.66785454013127,"{""type"":""MultiPoint"",""coordinates"":[]}",ARCHAEAN,,TIRODI GNEISSIC COMPLEX,,GNEISS/MIGMATITE,,ARCHAEAN-GNEISS-MIGMATITE
1_13_0,173.18132,2752.916666666667,2488.0,997.4444444444443,1242.75,1477.0,1756.3000000000002,1902.0,2041.25,2001.5,2118.5,67.0820393249937,333,0.15078339,1.355111712931618,1.1884932609132972,1.375426763260888,1.1064777599142552,8.347319,-15.661536965996776,-7.937485815110833,7.724051150885943,1,21.68501654829581,79.72552638137175,"{""type"":""MultiPoint"",""coordinates"":[]}",PALAEOPROTEROZOIC,,SAUSAR,MANSAR,SCHIST,,PALAEOPROTEROZOIC-SCHIST
1_14_0,139.21646,1589.5,1039.0,399.5,622.0,558.5,925.5,1506.0,1692.0,1655.5,1948.5,67.0820393249937,655,0.49548328,2.964189794091316,0.8979099678456591,0.9601328903654484,1.5298363811357074,6.101449,-13.950589131729249,-6.745970843968488,7.204618287760761,1,21.974992722009592,80.46825345828177,"{""type"":""MultiPoint"",""coordinates"":[]}",PALAEOPROTEROZOIC,,SAUSAR,MANSAR,SCHIST,,PALAEOPROTEROZOIC-SCHIST
1_15_0,312.89273,2150.0,1287.0,650.0,850.5,790.5,1228.5,1847.0,2020.0,2146.0,2235.5,42.426406871192846,355,0.46160394,2.7147375079063885,0.929453262786596,1.0018639328984156,1.6705516705516703,1.3624417,-19.351591257944342,-11.52569619838368,7.825895059560667,1,21.71735589852411,79.7492419048725,"{""type"":""MultiPoint"",""coordinates"":[]}",ARCHAEAN,,TIRODI GNEISSIC COMPLEX,,GNEISS/MIGMATITE,,ARCHAEAN-GNEISS-MIGMATITE
1_16_0,312.86606,1975.0,1850.0,1199.0,1294.0,1325.0,1452.0,1561.0,1706.0,1670.0,1771.0,40.0,309,0.11519199,1.260377358490566,1.0239567233384854,1.1826347305389222,1.0675675675675675,1.3631248,-11.276311220083992,3.1708245885231285,14.447135808607122,1,21.851025212801098,80.22678630991044,"{""type"":""MultiPoint"",""coordinates"":[]}",PALAEOPROTEROZOIC,,SAUSAR,MANSAR,PHYLLITE,,PALAEOPROTEROZOIC-PHYLLITE
1_17_0,352.76862,1623.0,782.0,388.0,543.5,429.0,863.0,1897.5,2254.5,2383.5,2475.5,50.0,452,0.69493335,5.555944055944056,0.7893284268629255,0.6809314033983638,2.075447570332481,15.503938,-14.889591169181044,-8.935910531885149,5.953680637295895,1,21.99924723468082,80.23433215829704,"{""type"":""MultiPoint"",""coordinates"":[]}",PALAEOPROTEROZOIC,,SAUSAR,MANSAR,BIOTITE SCHIST,,PALAEOPROTEROZOIC-BIOTITE-SCHIST
1_18_0,-0.0,2992.5,2108.0,838.0,1064.0,1257.0,1605.5,2139.0,2367.0,2527.5,2605.5,40.0,355,0.33571145,2.010739856801909,1.181390977443609,1.1839762611275964,1.4195920303605314,1.8543341,-17.577902577922597,-9.624032091041144,7.953870486881453,1,21.716547414768403,79.74897241028727,"{""type"":""MultiPoint"",""coordinates"":[]}",ARCHAEAN,,TIRODI GNEISSIC COMPLEX,,GNEISS/MIGMATITE,,ARCHAEAN-GNEISS-MIGMATITE
1_19_0,270.0,2056.0,1375.0,578.0,781.0,899.0,1242.0,1858.0,2083.0,2220.0,2300.0,50.99019513592785,307,0.42353317,2.469410456062292,1.151088348271447,0.926126126126126,1.4952727272727273,1.997284,-16.799579567173737,-9.791919128451422,7.007660438722315,1,21.81706889506138,80.16534154447666,"{""type"":""MultiPoint"",""coordinates"":[]}",PALAEOPROTEROZOIC,,SAUSAR,MANSAR,PHYLLITE,,PALAEOPROTEROZOIC-PHYLLITE
1_20_0,-0.0,3133.25,2192.25,796.5,1072.4,1182.3333333333337,1619.25,2424.666666666667,2739.5,2780.5,3055.75,50.99019513592785,335,0.4032889,2.351705666760642,1.1025115006838244,1.126865671641791,1.4292393659482268,0.92740995,-17.526833431830337,-9.671804195490736,7.8550292363396,1,21.684747053710574,79.73307222975835,"{""type"":""MultiPoint"",""coordinates"":[]}",ARCHAEAN,,TIRODI GNEISSIC COMPLEX,,GNEISS/MIGMATITE,,ARCHAEAN-GNEISS-MIGMATITE
1_21_0,35.62868,2236.0,1447.0,740.0,990.5,922.5,1425.5,2193.0,2516.5,2585.0,2676.5,50.99019513592785,277,0.47398433,2.8021680216802167,0.9313478041393236,0.8649903288201161,1.5452660677263304,3.4192142,-16.647097195649,-9.299976052266048,7.347121143382953,1,21.533021602222785,79.98208522651628,"{""type"":""MultiPoint"",""coordinates"":[]}",ARCHAEAN,,TIRODI GNEISSIC COMPLEX,,GNEISS/MIGMATITE,,ARCHAEAN-GNEISS-MIGMATITE
1_22_0,114.922806,2212.0,1311.0,512.6875,651.6,604.125,1037.75,1756.5,2102.25,2222.6666666666665,2346.6666666666665,72.11102550927978,333,0.572572,3.679150286226636,0.9271408839779004,0.9952009598080384,1.6872616323417238,2.1999102,-14.12688843925798,-7.300430011671852,6.826458427586126,1,21.668307884011185,79.66569858344938,"{""type"":""MultiPoint"",""coordinates"":[]}",PALAEOPROTEROZOIC,,SAUSAR,MANSAR,SCHIST,,PALAEOPROTEROZOIC-SCHIST
1_23_0,299.09335,2919.5,2162.0,670.5,962.0,1208.0,1603.5,2106.0,2288.0,2474.5,2509.5,40.0,622,0.34392396,2.0484271523178808,1.2557172557172558,1.1798343099616084,1.3503700277520814,5.703582,-17.426645343913194,-10.28947308274318,7.137172261170015,1,21.96663838986728,80.46555851242941,"{""type"":""MultiPoint"",""coordinates"":[]}",ARCHAEAN,,TIRODI GNEISSIC COMPLEX,,GNEISS/MIGMATITE,,ARCHAEAN-GNEISS-MIGMATITE
1_24_0,90.0,2957.5,2483.6666666666665,1131.75,1376.0,1577.5,1821.3333333333333,2254.5,2556.5,2708.5,2730.25,70.0,340,0.2638824,1.7169572107765452,1.146438953488372,1.0919328041351302,1.190779761105892,1.9954282,-13.912259572879504,-3.595293672681664,10.31696590019784,1,21.683399580784396,79.73522818644024,"{""type"":""MultiPoint"",""coordinates"":[]}",ARCHAEAN,,TIRODI GNEISSIC COMPLEX,,GNEISS/MIGMATITE,,ARCHAEAN-GNEISS-MIGMATITE
1_25_0,72.763756,1345.0,824.0,586.0,881.0,871.0,1122.0,1292.0,1265.0,1275.0,1367.0,22.360679774997894,287,0.18825722,1.4638346727898968,0.9886492622020432,1.0549019607843138,1.6322815533980584,3.1270041,-24.00747610143081,-16.379101566978452,7.628374534452359,1,21.45028676455538,79.76622006374237,"{""type"":""MultiPoint"",""coordinates"":[]}",PALAEOPROTEROZOIC,,SAUSAR,CHORBAOLI,QUARTZITE,,PALAEOPROTEROZOIC-QUARTZITE
1_26_0,350.58963,1712.0,893.0,431.0,583.0,496.0,923.0,1865.0,2186.0,2322.0,2439.0,22.360679774997894,637,0.6479773,4.681451612903226,0.8507718696397941,0.7372954349698536,1.9171332586786116,12.041387,-14.722354643909783,-8.29968394220523,6.422670701704556,1,21.833777559346,80.36692349423308,"{""type"":""MultiPoint"",""coordinates"":[]}",ARCHAEAN,,TIRODI GNEISSIC COMPLEX,,GNEISS/MIGMATITE,,ARCHAEAN-GNEISS-MIGMATITE
1_27_0,294.95554,2409.0,1585.0,558.0,827.0,817.0,1398.0,2375.0,2577.0,2705.0,2980.0,63.24555320336759,290,0.5360591,3.310893512851897,0.9879081015719468,0.8905730129390018,1.5198738170347004,4.3879805,-16.483337290245128,-10.953130881251004,5.530206408994125,1,21.45163423748156,79.76622006374237,"{""type"":""MultiPoint"",""coordinates"":[]}",PALAEOPROTEROZOIC,,SAUSAR,CHORBAOLI,QUARTZITE,,PALAEOPROTEROZOIC-QUARTZITE
1_28_0,245.12794,1475.5,660.5,371.0,528.0,395.0,796.0,1811.5,2129.5,2360.5,2396.5,30.0,444,0.71330065,5.975949367088608,0.7481060606060606,0.6250794323236603,2.233913701741105,2.2041082,-14.677414428206616,-7.822206763022406,6.855207665184212,1,22.000055718436524,80.23244569620039,"{""type"":""MultiPoint"",""coordinates"":[]}",PALAEOPROTEROZOIC,,SAUSAR,MANSAR,BIOTITE SCHIST,,PALAEOPROTEROZOIC-BIOTITE-SCHIST
1_29_0,180.0,2930.6666666666665,2666.2,1181.1666666666667,1448.6666666666667,1744.0,1972.5,2098.0,2151.6666666666665,2121.0,2271.1,40.0,333,0.09754205,1.2161697247706422,1.203865623561896,1.3817381738173815,1.099192358662766,6.464861,-17.99636771370316,-9.060553072504678,8.935814641198483,1,21.683399580784396,79.7236399192751,"{""type"":""MultiPoint"",""coordinates"":[]}",PALAEOPROTEROZOIC,,SAUSAR,MANSAR,SCHIST,,PALAEOPROTEROZOIC-SCHIST
1_30_0,-0.0,641.0,455.0,459.0,587.5,525.5,699.0,702.0,747.0,665.0,693.0,53.85164807134504,354,0.11717766,1.2654614652711702,0.894468085106383,0.9639097744360904,1.408791208791209,0.0,-19.664684633234724,-12.910420766095603,6.75426386713912,1,21.717086403938875,79.74870291570203,"{""type"":""MultiPoint"",""coordinates"":[]}",ARCHAEAN,,TIRODI GNEISSIC COMPLEX,,GNEISS/MIGMATITE,,ARCHAEAN-GNEISS-MIGMATITE
1_31_0,132.89935,2738.75,2480.5,972.4285714285714,1204.0,1437.2333333333331,1696.5,1756.5,1877.0,1859.6666666666667,1960.0,20.0,330,0.12813047,1.293921191177494,1.193715393133998,1.4727101631116688,1.104112074178593,6.7808104,-19.270442419062466,-8.625557188239036,10.644885230823428,1,21.683938569954865,79.72471789761603,"{""type"":""MultiPoint"",""coordinates"":[]}",PALAEOPROTEROZOIC,,SAUSAR,MANSAR,SCHIST,,PALAEOPROTEROZOIC-SCHIST
1_32_0,270.0,2510.0,1622.0,702.5,903.0,971.5,1323.5,1933.0,2141.0,2287.0,2358.5,50.0,354,0.40371338,2.354091610910962,1.075858250276855,1.0975076519457805,1.5474722564734895,0.99824005,-18.191651536553547,-10.895872445587738,7.295779090965809,1,21.715469436427465,79.7492419048725,"{""type"":""MultiPoint"",""coordinates"":[]}",ARCHAEAN,,TIRODI GNEISSIC COMPLEX,,GNEISS/MIGMATITE,,ARCHAEAN-GNEISS-MIGMATITE
1_33_0,90.0,2674.5,1636.5,526.625,695.4,693.3333333333334,1198.5,1969.0,2244.0,2376.6666666666665,2602.0,30.0,331,0.5483171,3.427884615384615,0.9970280893490556,1.1253155680224405,1.634280476626948,0.9979014,-15.834273371492731,-8.760674443093038,7.073598928399694,1,21.66669091649977,79.66596807803462,"{""type"":""MultiPoint"",""coordinates"":[]}",ARCHAEAN,,TIRODI GNEISSIC COMPLEX,,GNEISS/MIGMATITE,,ARCHAEAN-GNEISS-MIGMATITE
1_34_0,227.07095,2373.0,1666.5,672.5,871.0,940.5,1362.0,2068.0,2362.5,2420.5,2563.0,22.360679774997894,277,0.44034514,2.5736310473152577,1.0797933409873708,0.9803759553811195,1.423942394239424,1.3615139,-18.586547661130854,-10.537375344827051,8.049172316303805,1,21.533560591393258,79.982893710272,"{""type"":""MultiPoint"",""coordinates"":[]}",ARCHAEAN,,TIRODI GNEISSIC COMPLEX,,GNEISS/MIGMATITE,,ARCHAEAN-GNEISS-MIGMATITE
1_35_0,256.09958,2118.0,1137.0,559.0,760.0,786.0,1299.0,2125.0,2365.0,2551.0,2731.0,41.23105625617661,356,0.5289182,3.2455470737913488,1.0342105263157897,0.8302626421011368,1.8627968337730871,15.084584,-17.299431024784163,-11.121957876059676,6.177473148724488,1,21.865577920403837,79.98046825900487,"{""type"":""MultiPoint"",""coordinates"":[]}",ARCHAEAN,,TIRODI GNEISSIC COMPLEX,,GNEISS/MIGMATITE,,ARCHAEAN-GNEISS-MIGMATITE
1_36_0,90.0,2376.5,1593.0,407.5,602.5,627.5,1087.5,2039.0,2336.5,2412.5,2561.0,50.0,663,0.5871711,3.8446215139442232,1.04149377593361,0.985077720207254,1.4918392969240426,1.9995018,-13.766617708530577,-6.361986315388377,7.4046313931422,1,21.975262216594825,80.46744497452606,"{""type"":""MultiPoint"",""coordinates"":[]}",ARCHAEAN,,TIRODI GNEISSIC COMPLEX,,GNEISS/MIGMATITE,,ARCHAEAN-GNEISS-MIGMATITE
1_37_0,65.04438,1151.0,900.0,694.0,856.0,837.0,1129.0,1128.0,1182.0,1092.0,1191.0,41.23105625617661,282,0.13219285,1.3046594982078854,0.977803738317757,1.054029304029304,1.278888888888889,2.197205,-26.055303343302786,-15.246630193485974,10.808673149816808,1,21.451095248311084,79.76702854749807,"{""type"":""MultiPoint"",""coordinates"":[]}",PALAEOPROTEROZOIC,,SAUSAR,CHORBAOLI,QUARTZITE,,PALAEOPROTEROZOIC-QUARTZITE
1_38_0,187.66144,2761.25,2045.25,604.75,782.0,914.0,1305.5,1862.0,2131.5,2223.0,2468.0,60.82762530298219,339,0.41727766,2.4321663019693656,1.1687979539641944,1.24212775528565,1.3500794523896835,7.4445815,-13.568756207552644,-6.595006657442498,6.973749550110146,1,21.68501654829581,79.72498739220127,"{""type"":""MultiPoint"",""coordinates"":[]}",PALAEOPROTEROZOIC,,SAUSAR,MANSAR,SCHIST,,PALAEOPROTEROZOIC-SCHIST
1_39_0,218.96274,2310.5,1611.5,560.5,799.5,896.0,1297.5,1939.5,2176.0,2199.5,2493.0,36.05551275463989,623,0.42109513,2.454799107142857,1.1207004377736085,1.05046601500341,1.4337573689109526,4.7603364,-15.043468814793936,-8.220132409500273,6.823336405293663,1,21.96609940069681,80.46582800701465,"{""type"":""MultiPoint"",""coordinates"":[]}",ARCHAEAN,,TIRODI GNEISSIC COMPLEX,,GNEISS/MIGMATITE,,ARCHAEAN-GNEISS-MIGMATITE
1_40_0,47.15705,1969.5,1265.5,442.5,652.5,632.0,1081.5,2027.5,2391.5,2440.5,2479.5,22.360679774997894,624,0.5886086,3.861550632911392,0.9685823754789272,0.8070067609096496,1.5563018569735283,2.7258918,-15.12587820212804,-6.895219943393602,8.230658258734437,1,21.96636889528204,80.46609750159988,"{""type"":""MultiPoint"",""coordinates"":[]}",ARCHAEAN,,TIRODI GNEISSIC COMPLEX,,GNEISS/MIGMATITE,,ARCHAEAN-GNEISS-MIGMATITE
1_41_0,-0.0,1868.0,1109.5,721.5,964.5,895.5,1381.0,2216.0,2598.0,2692.5,2743.0,70.71067811865476,278,0.50083613,3.006700167504188,0.9284603421461898,0.6937790157845868,1.683641279855791,0.92740995,-16.853220003144873,-9.165653210291143,7.687566792853728,1,21.533021602222785,79.98154623734581,"{""type"":""MultiPoint"",""coordinates"":[]}",ARCHAEAN,,TIRODI GNEISSIC COMPLEX,,GNEISS/MIGMATITE,,ARCHAEAN-GNEISS-MIGMATITE
1_42_0,107.20635,3096.5,2309.0,764.0,1030.0,1279.5,1675.0,2209.5,2445.5,2511.5,2672.5,72.11102550927978,356,0.32498023,1.9628761234857368,1.242233009708738,1.2329285287676688,1.341056734517107,3.132262,-17.731964378012282,-9.88110908726406,7.850855290748223,1,21.717625393109348,79.75166735613962,"{""type"":""MultiPoint"",""coordinates"":[]}",ARCHAEAN,,TIRODI GNEISSIC COMPLEX,,GNEISS/MIGMATITE,,ARCHAEAN-GNEISS-MIGMATITE
1_43_0,270.0,2690.25,2347.5,1070.25,1326.5,1497.0,1726.5,1939.5,2077.0,2241.5,2262.0,41.23105625617661,337,0.19914404,1.497327989311957,1.1285337353938938,1.2002007584207004,1.146006389776358,1.9954243,-16.433456123762575,-5.346586010571257,11.086870113191315,1,21.68313008619916,79.73226374600264,"{""type"":""MultiPoint"",""coordinates"":[]}",ARCHAEAN,,TIRODI GNEISSIC COMPLEX,,GNEISS/MIGMATITE,,ARCHAEAN-GNEISS-MIGMATITE
1_44_0,274.82864,2207.5,1465.3333333333333,669.0,830.8,796.6666666666666,1189.4666666666667,2075.833333333333,2288.416666666667,2436.5,2601.5,72.80109889280519,331,0.5071911,3.0583682008368203,0.9589151019098058,0.9060127231684794,1.5064831665150138,10.88555,-18.338857056130852,-11.84320511314513,6.495651942985726,1,21.683938569954865,79.72283143551938,"{""type"":""MultiPoint"",""coordinates"":[]}",PALAEOPROTEROZOIC,,SAUSAR,MANSAR,SCHIST,,PALAEOPROTEROZOIC-SCHIST
1_45_0,107.1773,1550.5,809.0,284.5,484.0,335.0,764.5,1622.5,1961.0,2148.5,2229.5,40.0,654,0.7302194,6.413432835820895,0.6921487603305785,0.7216662787991622,1.916563658838072,12.366441,-12.975735805388316,-6.273818124838563,6.701917680549752,1,21.974184238253883,80.4677144691113,"{""type"":""MultiPoint"",""coordinates"":[]}",PALAEOPROTEROZOIC,,SAUSAR,MANSAR,GONDITE/MANGANESE ORE,,PALAEOPROTEROZOIC-GONDITE-MANGANESE-ORE
1_46_0,132.84128,2466.0,1590.5,414.0,596.5,658.0,1135.5,1926.5,2184.5,2341.5,2521.5,20.0,671,0.5612602,3.5585106382978724,1.1031014249790445,1.0531710442024342,1.5504558314995285,5.4396696,-12.645921239069308,-6.30971380844956,6.336207430619748,1,21.97472322742436,80.46663649077036,"{""type"":""MultiPoint"",""coordinates"":[]}",ARCHAEAN,,TIRODI GNEISSIC COMPLEX,,GNEISS/MIGMATITE,,ARCHAEAN-GNEISS-MIGMATITE
1_47_0,245.07695,1844.0,1028.0,484.25,655.1,558.8333333333333,995.0,1725.3333333333337,1934.5,2205.75,2225.5,20.0,331,0.5957197,3.9470623322397858,0.8530504248715207,0.8359968264762553,1.793774319066148,2.1998894,-14.210394594402684,-8.1090222183309,6.101372376071785,1,21.66669091649977,79.6673155509608,"{""type"":""MultiPoint"",""coordinates"":[]}",ARCHAEAN,,TIRODI GNEISSIC COMPLEX,,GNEISS/MIGMATITE,,ARCHAEAN-GNEISS-MIGMATITE
1_48_0,270.0,2056.0,1375.0,578.0,781.0,899.0,1242.0,1858.0,2083.0,2220.0,2300.0,50.99019513592785,307,0.42353317,2.469410456062292,1.151088348271447,0.926126126126126,1.4952727272727273,1.997284,-16.799579567173737,-9.791919128451422,7.007660438722315,1,21.81706889506138,80.16534154447666,"{""type"":""MultiPoint"",""coordinates"":[]}",PALAEOPROTEROZOIC,,SAUSAR,MANSAR,PHYLLITE,,PALAEOPROTEROZOIC-PHYLLITE
1_49_0,141.13742,3193.0,2458.0,868.0,1157.0,1264.0,1744.0,2234.0,2402.0,2446.0,2686.0,50.99019513592785,290,0.3185984,1.935126582278481,1.0924805531547104,1.30539656582175,1.2990235964198535,4.753654,-22.498149027101157,-14.996309978180948,7.501839048920205,1,21.45136474289632,79.76648955832759,"{""type"":""MultiPoint"",""coordinates"":[]}",PALAEOPROTEROZOIC,,SAUSAR,CHORBAOLI,QUARTZITE,,PALAEOPROTEROZOIC-QUARTZITE
1_50_0,47.097393,2465.5,1522.0,499.5,653.2,649.6666666666667,1073.6666666666667,1739.0,1976.6666666666667,2108.0,2151.5,50.0,333,0.52882874,3.2447408927655204,0.9945907328026128,1.1695920303605314,1.6199080157687251,2.7228408,-14.577647518329568,-8.34753143816179,6.230116080167777,1,21.66749940025548,79.66569858344938,"{""type"":""MultiPoint"",""coordinates"":[]}",ARCHAEAN,,TIRODI GNEISSIC COMPLEX,,GNEISS/MIGMATITE,,ARCHAEAN-GNEISS-MIGMATITE
1_51_0,47.07101,2809.5,1999.0,733.5,938.5,1078.0,1486.5,2052.5,2259.5,2382.5,2519.0,22.360679774997894,277,0.37696865,2.2101113172541744,1.1486414491209376,1.1792235047219308,1.4054527263631815,2.7214947,-19.332827066533355,-10.806753367501216,8.526073699032139,1,21.533830085978494,79.98316320485722,"{""type"":""MultiPoint"",""coordinates"":[]}",ARCHAEAN,,TIRODI GNEISSIC COMPLEX,,GNEISS/MIGMATITE,,ARCHAEAN-GNEISS-MIGMATITE
1_52_0,238.22191,2918.0,2520.0,993.0,1269.5,1433.0,1689.25,1984.0,2204.5,2307.5,2402.833333333333,36.05551275463989,340,0.23379228,1.610258199581298,1.1287908625443088,1.2645720476706392,1.157936507936508,3.5179303,-15.123524248567188,-4.764344738030238,10.35917951053695,1,21.682591097028688,79.73280273517311,"{""type"":""MultiPoint"",""coordinates"":[]}",ARCHAEAN,,TIRODI GNEISSIC COMPLEX,,GNEISS/MIGMATITE,,ARCHAEAN-GNEISS-MIGMATITE
1_53_0,227.10042,2108.0,1387.1666666666663,624.0,816.2,785.5,1204.2,1991.0,2237.625,2406.75,2392.166666666667,63.24555320336759,324,0.5078706,3.063971992361553,0.9623866699338396,0.8758699491014854,1.5196443590051665,1.3622669,-19.09591221023029,-11.377910496436389,7.7180017137939,1,21.68286059161392,79.72310093010462,"{""type"":""MultiPoint"",""coordinates"":[]}",PALAEOPROTEROZOIC,,SAUSAR,MANSAR,SCHIST,,PALAEOPROTEROZOIC-SCHIST
1_54_0,342.07056,1580.0,742.5,380.5,505.5,422.0,831.0,1793.0,2166.5,2214.5,2342.5,36.05551275463989,452,0.67987865,5.247630331753554,0.8348170128585559,0.7134793407089637,2.127946127946128,9.65586,-14.6627964665109,-7.707295049455653,6.955501417055248,1,21.99924723468082,80.23379316912657,"{""type"":""MultiPoint"",""coordinates"":[]}",PALAEOPROTEROZOIC,,SAUSAR,MANSAR,BIOTITE SCHIST,,PALAEOPROTEROZOIC-BIOTITE-SCHIST
1_55_0,-0.0,3094.6666666666665,2479.55,766.875,993.0,1184.1666666666663,1528.0,1985.8,2206.333333333333,2368.25,2494.875,10.0,340,0.3333177,1.9999296270232236,1.1925142665323931,1.3067314120834652,1.2480759277557083,1.8543341,-16.534150556027672,-9.63087855307901,6.903272002948663,1,21.683399580784396,79.73361121892881,"{""type"":""MultiPoint"",""coordinates"":[]}",ARCHAEAN,,TIRODI GNEISSIC COMPLEX,,GNEISS/MIGMATITE,,ARCHAEAN-GNEISS-MIGMATITE
1_56_0,193.47565,1945.5,1198.0,373.0,588.0,511.5,959.5,1671.5,2029.5,2137.0,2318.5,42.426406871192846,661,0.6137436,4.177908113391984,0.8698979591836735,0.9103883949461864,1.6239565943238732,8.52037,-15.255506852854811,-7.527009801942297,7.728497050912514,1,21.97337575449817,80.46582800701465,"{""type"":""MultiPoint"",""coordinates"":[]}",PALAEOPROTEROZOIC,,SAUSAR,MANSAR,SCHIST,,PALAEOPROTEROZOIC-SCHIST
1_57_0,306.57257,3184.5,2471.5,782.5,1089.5,1387.5,1794.0,2116.5,2334.0,2496.0,2613.0,50.99019513592785,615,0.2854384,1.798918918918919,1.2735199632859109,1.2758413461538465,1.2884887720008091,6.202101,-18.719664824021905,-10.533731476503576,8.18593334751833,1,21.96636889528204,80.46798396369653,"{""type"":""MultiPoint"",""coordinates"":[]}",ARCHAEAN,,TIRODI GNEISSIC COMPLEX,,GNEISS/MIGMATITE,,ARCHAEAN-GNEISS-MIGMATITE
1_58_0,287.19144,1197.0,1188.0,720.0,760.0,786.0,874.0,915.0,917.0,907.0,926.0,22.360679774997894,307,0.07147076,1.153944020356234,1.0342105263157897,1.3197353914002206,1.0075757575757576,3.134894,-17.09348083715036,-9.136255883912938,7.957224953237421,1,21.84967773987492,80.22624732073997,"{""type"":""MultiPoint"",""coordinates"":[]}",PALAEOPROTEROZOIC,,SAUSAR,MANSAR,PHYLLITE,,PALAEOPROTEROZOIC-PHYLLITE
1_59_0,-0.0,2577.0,1789.5,706.5,997.0,1161.0,1557.5,2197.0,2456.0,2600.5,2795.0,22.360679774997894,358,0.38269308,2.2398794142980187,1.164493480441324,0.9909632762930206,1.4400670578373846,0.92740995,-18.619007920308757,-10.028777042153813,8.59023087815494,1,21.71600842559793,79.75031988321345,"{""type"":""MultiPoint"",""coordinates"":[]}",ARCHAEAN,,TIRODI GNEISSIC COMPLEX,,GNEISS/MIGMATITE,,ARCHAEAN-GNEISS-MIGMATITE
1_60_0,192.16132,1988.0,1477.0,632.0,750.0,795.0,1118.0,1447.0,1606.0,1653.0,1733.0,10.0,345,0.35049018,2.079245283018868,1.06,1.202661826981246,1.3459715639810426,9.402509,-23.32360899537671,-15.884800282208236,7.4388087131684735,1,21.86423044747765,79.9807377535901,"{""type"":""MultiPoint"",""coordinates"":[]}",ARCHAEAN,,TIRODI GNEISSIC COMPLEX,,GNEISS/MIGMATITE,,ARCHAEAN-GNEISS-MIGMATITE
1_61_0,55.154434,1643.0,875.0,400.0,547.0,442.0,888.0,1930.0,2285.0,2355.0,2576.0,67.0820393249937,680,0.6839471,5.328054298642534,0.8080438756855576,0.6976645435244161,1.8777142857142857,14.304751,-12.28672860891998,-6.522044714967571,5.764683893952409,1,21.83404705393124,80.36503703213643,"{""type"":""MultiPoint"",""coordinates"":[]}",ARCHAEAN,,TIRODI GNEISSIC COMPLEX,,GNEISS/MIGMATITE,,ARCHAEAN-GNEISS-MIGMATITE
1_62_0,195.07626,2092.0,1364.0,498.0,750.0,659.0,991.0,1332.0,1426.0,1394.0,1591.0,22.360679774997894,342,0.35801268,2.115326251896813,0.8786666666666667,1.5007173601147776,1.533724340175953,3.836467,-22.14116107057088,-15.641945251826874,6.499215818744004,1,21.86423044747765,79.98019876441963,"{""type"":""MultiPoint"",""coordinates"":[]}",ARCHAEAN,,TIRODI GNEISSIC COMPLEX,,GNEISS/MIGMATITE,,ARCHAEAN-GNEISS-MIGMATITE
1_63_0,65.12281,2914.5,2660.0,1190.0,1458.0,1712.0,1972.0,2143.5,2263.0,2230.5,2438.0,0.0,620,0.13151553,1.3028621495327102,1.1742112482853224,1.3066577000672497,1.0956766917293232,2.2036824,-15.198044189163298,-6.555436607399396,8.642607581763901,1,21.96663838986728,80.46663649077036,"{""type"":""MultiPoint"",""coordinates"":[]}",ARCHAEAN,,TIRODI GNEISSIC COMPLEX,,GNEISS/MIGMATITE,,ARCHAEAN-GNEISS-MIGMATITE
1_64_0,270.0,3202.5,2282.0,776.5,1014.0,1193.0,1620.5,2229.5,2553.5,2695.0,2834.0,60.82762530298219,356,0.38631687,2.259010896898575,1.1765285996055226,1.1883116883116882,1.4033742331288344,0.99824965,-18.127588748210577,-10.794971826936488,7.33261692127409,1,21.71681690935364,79.75166735613962,"{""type"":""MultiPoint"",""coordinates"":[]}",ARCHAEAN,,TIRODI GNEISSIC COMPLEX,,GNEISS/MIGMATITE,,ARCHAEAN-GNEISS-MIGMATITE
1_65_0,-0.0,641.0,455.0,459.0,587.5,525.5,699.0,702.0,747.0,665.0,693.0,53.85164807134504,354,0.11717766,1.2654614652711702,0.894468085106383,0.9639097744360904,1.408791208791209,0.0,-19.664684633234724,-12.910420766095603,6.75426386713912,1,21.717086403938875,79.74870291570203,"{""type"":""MultiPoint"",""coordinates"":[]}",ARCHAEAN,,TIRODI GNEISSIC COMPLEX,,GNEISS/MIGMATITE,,ARCHAEAN-GNEISS-MIGMATITE
1_66_0,65.056595,3443.5,2887.0,875.0,1187.5,1686.5,1978.0,2428.0,2691.0,2722.0,2844.5,50.0,281,0.23488715,1.6139934776163654,1.4202105263157894,1.265062454077884,1.1927606511950122,2.1982112,-15.527589316367452,-5.812884411754893,9.71470490461256,1,21.53221311846708,79.98262421568676,"{""type"":""MultiPoint"",""coordinates"":[]}",ARCHAEAN,,TIRODI GNEISSIC COMPLEX,,GNEISS/MIGMATITE,,ARCHAEAN-GNEISS-MIGMATITE
1_67_0,123.997284,1621.5,928.0,372.0,534.5,431.0,844.0,1601.0,1907.0,2155.5,2155.0,41.23105625617661,650,0.6667311,5.0011600928074245,0.8063610851262862,0.7522616562282533,1.747306034482759,13.040013,-9.973859841413924,-2.9418297011874888,7.032030140226434,1,21.973914743668647,80.4677144691113,"{""type"":""MultiPoint"",""coordinates"":[]}",PALAEOPROTEROZOIC,,SAUSAR,MANSAR,GONDITE/MANGANESE ORE,,PALAEOPROTEROZOIC-GONDITE-MANGANESE-ORE
1_68_0,199.71489,2175.5,1442.5,593.0,778.5,795.5,1207.0,2157.0,2545.5,2520.5,2692.0,41.23105625617661,274,0.5202051,3.168447517284726,1.0218368657675017,0.8631223963499306,1.5081455805892547,2.9531112,-16.048365368982846,-9.442696362952605,6.605669006030244,1,21.533560591393258,79.9845106777834,"{""type"":""MultiPoint"",""coordinates"":[]}",ARCHAEAN,,TIRODI GNEISSIC COMPLEX,,GNEISS/MIGMATITE,,ARCHAEAN-GNEISS-MIGMATITE
1_69_0,-0.0,2198.0,2074.0,1229.0,1362.0,1463.0,1645.0,1776.0,1854.0,1911.0,1924.0,50.0,309,0.13278009,1.30622009569378,1.0741556534508077,1.15018315018315,1.059787849566056,0.0,-14.699365407356956,-3.235251558002449,11.464113849354508,1,21.851294707386334,80.22678630991044,"{""type"":""MultiPoint"",""coordinates"":[]}",PALAEOPROTEROZOIC,,SAUSAR,MANSAR,PHYLLITE,,PALAEOPROTEROZOIC-PHYLLITE
1_70_0,119.09207,1865.0,1090.0,345.0,539.5,456.5,933.0,2025.5,2329.5,2521.0,2598.0,30.0,660,0.69336694,5.522453450164294,0.8461538461538461,0.7397857992859976,1.711009174311927,11.296758,-12.864648789195948,-5.689542092592518,7.175106696603431,1,21.974184238253883,80.46744497452606,"{""type"":""MultiPoint"",""coordinates"":[]}",PALAEOPROTEROZOIC,,SAUSAR,MANSAR,SCHIST,,PALAEOPROTEROZOIC-SCHIST
1_71_0,227.13388,1385.0,1154.0,605.0,715.0,672.0,944.0,1244.0,1332.0,1369.0,1378.0,36.05551275463989,312,0.34149927,2.037202380952381,0.9398601398601398,1.0116873630387144,1.2001733102253034,2.7247055,-14.64587387246436,-7.190879789237261,7.454994083227099,1,21.85075571821586,80.22732529908092,"{""type"":""MultiPoint"",""coordinates"":[]}",PALAEOPROTEROZOIC,,SAUSAR,MANSAR,PHYLLITE,,PALAEOPROTEROZOIC-PHYLLITE
1_72_0,15.043183,2728.5,2109.5,1018.0,1204.0,1290.5,1576.5,2204.0,2495.0,2629.5,2733.0,44.7213595499958,279,0.34158164,2.0375823324292908,1.071843853820598,1.0376497432972047,1.2934344631429249,3.835873,-15.91176297499391,-7.098701015585344,8.813061959408564,1,21.53275210763755,79.98235472110152,"{""type"":""MultiPoint"",""coordinates"":[]}",ARCHAEAN,,TIRODI GNEISSIC COMPLEX,,GNEISS/MIGMATITE,,ARCHAEAN-GNEISS-MIGMATITE
1_73_0,-0.0,2930.0,1930.0,636.875,888.3333333333334,931.5,1390.5,2245.0,2610.0,2668.0,2879.0,60.0,334,0.4824281,2.8641975308641974,1.04859287054409,1.0982008995502248,1.5181347150259068,1.8543341,-16.195366417498292,-9.138238451295994,7.057127966202298,1,21.68501654829581,79.73334172434359,"{""type"":""MultiPoint"",""coordinates"":[]}",ARCHAEAN,,TIRODI GNEISSIC COMPLEX,,GNEISS/MIGMATITE,,ARCHAEAN-GNEISS-MIGMATITE
1_74_0,19.714954,2929.5,2098.5,734.0,953.5,1145.5,1510.5,2108.0,2346.5,2437.0,2606.0,31.6227766016838,275,0.36050245,2.1274552597119163,1.2013633980073413,1.2020927369716865,1.3959971408148677,2.9531124,-17.153901207725298,-9.834461801394848,7.319439406330451,1,21.53409958056373,79.98316320485722,"{""type"":""MultiPoint"",""coordinates"":[]}",ARCHAEAN,,TIRODI GNEISSIC COMPLEX,,GNEISS/MIGMATITE,,ARCHAEAN-GNEISS-MIGMATITE
1_75_0,270.0,3102.5,2561.5,1001.5,1250.0,1516.5,1718.5,2148.5,2386.0,2558.0,2601.5,56.56854249492381,281,0.2556142,1.6867787668974612,1.2132,1.2128616106333072,1.2112043724380246,1.9933465,-16.254154386863554,-6.305522589285804,9.94863179757775,1,21.53221311846708,79.98235472110152,"{""type"":""MultiPoint"",""coordinates"":[]}",ARCHAEAN,,TIRODI GNEISSIC COMPLEX,,GNEISS/MIGMATITE,,ARCHAEAN-GNEISS-MIGMATITE
1_76_0,38.862213,2390.0,1594.0,633.0,917.0,938.0,1500.0,2290.0,2599.0,2700.0,2827.0,28.284271247461906,289,0.48433205,2.878464818763326,1.0229007633587786,0.8851851851851852,1.4993726474278544,4.753629,-17.19019171028382,-9.784901857664572,7.405289852619248,1,21.44947828079967,79.76622006374237,"{""type"":""MultiPoint"",""coordinates"":[]}",PALAEOPROTEROZOIC,,SAUSAR,CHORBAOLI,QUARTZITE,,PALAEOPROTEROZOIC-QUARTZITE
1_77_0,270.0,2064.0,1488.0,739.0,916.0,939.25,1233.5,1754.0,1929.6666666666667,1904.75,2111.0,70.71067811865476,330,0.33948663,2.0279478307159966,1.025382096069869,1.0836067725423284,1.3870967741935485,12.760457,-18.20099745689906,-11.150471693079462,7.050525763819598,1,21.68528604288105,79.7244484030308,"{""type"":""MultiPoint"",""coordinates"":[]}",ARCHAEAN,,TIRODI GNEISSIC COMPLEX,,GNEISS/MIGMATITE,,ARCHAEAN-GNEISS-MIGMATITE
1_78_0,151.71628,2468.5,2156.5,808.6666666666666,1008.5,1162.0833333333337,1478.4,1824.75,2021.5,2118.5,2084.75,41.23105625617661,333,0.2915386,1.8230190032269629,1.1522888778714264,1.1652112343639367,1.1446788778112682,2.1055207,-17.791996118335348,-9.237685689842529,8.55431042849282,1,21.684477559125337,79.72498739220127,"{""type"":""MultiPoint"",""coordinates"":[]}",PALAEOPROTEROZOIC,,SAUSAR,MANSAR,SCHIST,,PALAEOPROTEROZOIC-SCHIST
1_79_0,57.57922,1685.0,866.0,378.0,519.0,399.0,834.0,1987.0,2474.0,2497.0,2748.0,42.426406871192846,655,0.7244475,6.258145363408521,0.7687861271676301,0.6748097717260713,1.945727482678984,21.430824,-12.287343393406298,-4.854336642760273,7.433006750646024,1,21.83404705393124,80.36584551589215,"{""type"":""MultiPoint"",""coordinates"":[]}",ARCHAEAN,,TIRODI GNEISSIC COMPLEX,,GNEISS/MIGMATITE,,ARCHAEAN-GNEISS-MIGMATITE
1_80_0,294.87186,1567.5,778.5,340.5,481.5,393.0,783.0,1623.0,1996.5,1981.5,2153.5,53.85164807134504,442,0.6689829,5.041984732824427,0.8161993769470405,0.7910673732021196,2.013487475915221,2.204126,-14.523619966147985,-7.832840889679963,6.69077907646802,1,22.001403191362705,80.23379316912657,"{""type"":""MultiPoint"",""coordinates"":[]}",PALAEOPROTEROZOIC,,SAUSAR,MANSAR,BIOTITE SCHIST,,PALAEOPROTEROZOIC-BIOTITE-SCHIST
1_81_0,283.05054,1578.5,746.0,363.0,498.5,386.0,846.0,1697.0,2014.5,2152.0,2274.5,36.05551275463989,444,0.6958235,5.575129533678757,0.7743229689067201,0.733503717472119,2.1159517426273458,8.159175,-16.138790444579193,-9.073617901393291,7.0651725431859,1,21.99924723468082,80.23271519078563,"{""type"":""MultiPoint"",""coordinates"":[]}",PALAEOPROTEROZOIC,,SAUSAR,MANSAR,BIOTITE SCHIST,,PALAEOPROTEROZOIC-BIOTITE-SCHIST
1_82_0,56.76542,1769.0,901.0,412.0,562.0,479.0,915.0,2358.0,2888.0,2901.0,3236.0,64.03124237432849,666,0.71656805,6.056367432150314,0.8523131672597865,0.6097897276801103,1.9633740288568255,19.515987,-11.69646393812686,-5.292350118952903,6.404113819173958,1,21.834316548516476,80.36530652672167,"{""type"":""MultiPoint"",""coordinates"":[]}",ARCHAEAN,,TIRODI GNEISSIC COMPLEX,,GNEISS/MIGMATITE,,ARCHAEAN-GNEISS-MIGMATITE
1_83_0,90.0,2509.0,1543.0,609.5,895.5,809.5,1351.0,2471.5,2802.5,2849.5,3040.0,60.82762530298219,274,0.5575294,3.5200741198270538,0.903964265773311,0.8805053518161081,1.626053143227479,3.981864,-14.752069671768638,-8.781626359414025,5.970443312354613,1,21.531674129296608,79.9837021940277,"{""type"":""MultiPoint"",""coordinates"":[]}",ARCHAEAN,,TIRODI GNEISSIC COMPLEX,,GNEISS/MIGMATITE,,ARCHAEAN-GNEISS-MIGMATITE
1_84_0,-0.0,3099.5,2364.0,718.0,994.5,1227.0,1576.5,2127.0,2350.0,2516.0,2711.0,36.05551275463989,615,0.34437618,2.050529747351263,1.2337858220211162,1.2319157392686804,1.3111252115059222,0.0,-17.50648061157604,-10.108445761363257,7.398034850212785,1,21.965829906111573,80.46717547994082,"{""type"":""MultiPoint"",""coordinates"":[]}",ARCHAEAN,,TIRODI GNEISSIC COMPLEX,,GNEISS/MIGMATITE,,ARCHAEAN-GNEISS-MIGMATITE
1_85_0,238.22186,2940.5,2448.0,1027.0,1216.25,1341.0,1637.75,2127.5,2433.5,2619.0,2661.6666666666665,50.0,337,0.32272726,1.953020134228188,1.1025693730729702,1.1227567773959526,1.201184640522876,3.5179255,-15.702443980418492,-6.4457961005931095,9.256647879825383,1,21.68232160244345,79.73253324058788,"{""type"":""MultiPoint"",""coordinates"":[]}",ARCHAEAN,,TIRODI GNEISSIC COMPLEX,,GNEISS/MIGMATITE,,ARCHAEAN-GNEISS-MIGMATITE
1_86_0,355.0686,1729.0,841.5,454.5,657.0,520.0,992.0,2121.0,2445.0,2745.5,2766.0,56.56854249492381,464,0.6815189,5.279807692307692,0.791476407914764,0.629757785467128,2.054664289958408,22.106884,-15.389713881190314,-8.850315281157854,6.53939860003246,1,21.998977740095583,80.23433215829704,"{""type"":""MultiPoint"",""coordinates"":[]}",PALAEOPROTEROZOIC,,SAUSAR,MANSAR,BIOTITE SCHIST,,PALAEOPROTEROZOIC-BIOTITE-SCHIST
1_87_0,312.8431,2570.0,2102.0,672.5,958.0,1168.0,1495.5,1861.0,2070.5,2074.0,2232.5,56.56854249492381,616,0.27945712,1.7756849315068493,1.2192066805845512,1.2391513982642235,1.2226450999048526,1.3637133,-17.4018302618543,-9.81271210951182,7.589118152342479,1,21.965560411526337,80.4677144691113,"{""type"":""MultiPoint"",""coordinates"":[]}",ARCHAEAN,,TIRODI GNEISSIC COMPLEX,,GNEISS/MIGMATITE,,ARCHAEAN-GNEISS-MIGMATITE
1_88_0,-0.0,1585.0,764.5,399.0,562.0,442.5,857.0,1943.5,2280.5,2418.5,2478.5,67.0820393249937,454,0.69066757,5.465536723163842,0.7873665480427047,0.6553648955964441,2.0732504905166778,6.464861,-15.185260341343188,-8.406510638922295,6.7787497024208925,1,21.99924723468082,80.23487114746752,"{""type"":""MultiPoint"",""coordinates"":[]}",PALAEOPROTEROZOIC,,SAUSAR,MANSAR,BIOTITE SCHIST,,PALAEOPROTEROZOIC-BIOTITE-SCHIST
1_89_0,270.0,3166.0,2669.5,1287.5,1506.5,1670.5,1939.0,2296.5,2552.0,2560.5,2733.0,67.0820393249937,280,0.21035217,1.532774618377731,1.108861599734484,1.2364772505370043,1.1859898857463944,2.9885192,-15.60423166579252,-7.964394432241804,7.6398372335507165,1,21.532482613052316,79.98181573193105,"{""type"":""MultiPoint"",""coordinates"":[]}",ARCHAEAN,,TIRODI GNEISSIC COMPLEX,,GNEISS/MIGMATITE,,ARCHAEAN-GNEISS-MIGMATITE
1_90_0,114.94307,2495.5,1812.5,759.0,950.5,1086.5,1426.5,2056.5,2353.0,2407.0,2531.5,50.0,275,0.37798768,2.2153704555913483,1.1430825881115203,1.0367677606979642,1.3768275862068966,2.1982388,-17.85214308358145,-10.083896132800136,7.768246950781313,1,21.53436907514897,79.98262421568676,"{""type"":""MultiPoint"",""coordinates"":[]}",ARCHAEAN,,TIRODI GNEISSIC COMPLEX,,GNEISS/MIGMATITE,,ARCHAEAN-GNEISS-MIGMATITE
1_91_0,-0.0,590.0,359.0,615.0,831.0,718.0,849.0,662.0,684.0,587.0,617.0,36.05551275463989,283,-0.10038314,0.8175487465181058,0.8640192539109507,1.0051107325383304,1.6434540389972143,2.7802885,-28.036673158781053,-20.37807286849601,7.65860029028504,1,21.450825753725848,79.7672980420833,"{""type"":""MultiPoint"",""coordinates"":[]}",PALAEOPROTEROZOIC,,SAUSAR,CHORBAOLI,QUARTZITE,,PALAEOPROTEROZOIC-QUARTZITE
1_92_0,324.31128,2050.0,1843.0,1220.0,1394.0,1491.0,1731.0,1812.0,1854.0,1789.0,1896.0,67.0820393249937,309,0.09085366,1.1998658618376927,1.069583931133429,1.145891559530464,1.112316874660879,3.4217794,-11.874267990317437,-4.418988869529692,7.455279120787743,1,21.85156420197157,80.22597782615473,"{""type"":""MultiPoint"",""coordinates"":[]}",PALAEOPROTEROZOIC,,SAUSAR,MANSAR,PHYLLITE,,PALAEOPROTEROZOIC-PHYLLITE
1_93_0,331.69412,1595.0,866.0,506.0,666.0,578.0,1038.0,1747.0,2021.0,2127.0,2213.0,30.0,313,0.5726433,3.679930795847751,0.8678678678678678,0.7498824635637047,1.8418013856812931,6.2952676,-14.791681481523783,-7.772425553446444,7.019255928077341,1,21.81760788423185,80.16668901740285,"{""type"":""MultiPoint"",""coordinates"":[]}",PALAEOPROTEROZOIC,,SAUSAR,MANSAR,PHYLLITE,,PALAEOPROTEROZOIC-PHYLLITE
1_94_0,47.054867,3201.0,2385.0,866.0,1181.0,1308.0,1808.0,2308.0,2537.0,2580.0,2781.0,60.82762530298219,291,0.3271605,1.9724770642201837,1.1075359864521592,1.240697674418605,1.342138364779874,1.3611032,-22.16403425483609,-14.165829721427606,7.998204533408479,1,21.45163423748156,79.76648955832759,"{""type"":""MultiPoint"",""coordinates"":[]}",PALAEOPROTEROZOIC,,SAUSAR,CHORBAOLI,QUARTZITE,,PALAEOPROTEROZOIC-QUARTZITE
1_95_0,259.4927,2405.5,1465.0,419.0,610.5,649.0,1121.0,1960.5,2271.0,2443.0,2598.0,70.71067811865476,655,0.580207,3.764252696456086,1.063063063063063,0.9846500204666394,1.6419795221843003,5.072724,-15.222244228114237,-9.11294161945878,6.109302608655455,1,21.973914743668647,80.4647500286737,"{""type"":""MultiPoint"",""coordinates"":[]}",ARCHAEAN,,TIRODI GNEISSIC COMPLEX,,GNEISS/MIGMATITE,,ARCHAEAN-GNEISS-MIGMATITE
1_96_0,227.07063,2626.5,1767.5,731.5,1016.5,998.5,1538.5,2490.5,2791.0,2847.5,3023.0,53.85164807134504,273,0.48075923,2.85177766649975,0.9822921790457452,0.9223880597014924,1.485997171145686,1.3615055,-20.32636781579653,-14.26957000000957,6.056797815786959,1,21.531943623881844,79.98397168861293,"{""type"":""MultiPoint"",""coordinates"":[]}",ARCHAEAN,,TIRODI GNEISSIC COMPLEX,,GNEISS/MIGMATITE,,ARCHAEAN-GNEISS-MIGMATITE
1_97_0,270.0,2622.0,2243.5,950.3333333333334,1138.0,1284.0,1505.25,1803.0,1929.0,1906.0,2132.5,31.6227766016838,338,0.19498433,1.4844236760124612,1.1282952548330405,1.3756558237145855,1.1687096055270785,2.9916255,-16.558590142404714,-3.9958925083875823,12.562697634017132,1,21.68313008619916,79.73253324058788,"{""type"":""MultiPoint"",""coordinates"":[]}",ARCHAEAN,,TIRODI GNEISSIC COMPLEX,,GNEISS/MIGMATITE,,ARCHAEAN-GNEISS-MIGMATITE
1_98_0,208.2888,2660.0,1874.0,752.0,996.0,1216.0,1546.0,2086.0,2315.0,2406.0,2541.5,63.24555320336759,359,0.32854778,1.978618421052632,1.2208835341365465,1.1055694098088114,1.4194236926360726,2.105621,-18.902683753247945,-11.115631197226392,7.78705255602155,1,21.71493044725699,79.75058937779868,"{""type"":""MultiPoint"",""coordinates"":[]}",ARCHAEAN,,TIRODI GNEISSIC COMPLEX,,GNEISS/MIGMATITE,,ARCHAEAN-GNEISS-MIGMATITE
1_99_0,132.84128,1632.0,957.0,297.5,490.0,396.0,814.5,1689.0,1980.0,2046.5,2193.0,44.7213595499958,656,0.6757421,5.167929292929293,0.8081632653061225,0.7974590764720254,1.7053291536050157,9.4611845,-13.056775373338406,-6.756714811509767,6.300060561828639,1,21.97472322742436,80.4677144691113,"{""type"":""MultiPoint"",""coordinates"":[]}",PALAEOPROTEROZOIC,,SAUSAR,MANSAR,SCHIST,,PALAEOPROTEROZOIC-SCHIST
1_100_0,215.68207,1702.0,944.0,480.0,647.0,594.0,1060.0,1774.0,2033.0,2185.0,2285.0,0.0,309,0.5725081,3.678451178451178,0.9180834621329212,0.7789473684210526,1.8029661016949152,6.8187604,-15.71325032690372,-9.338588135797824,6.374662191105895,1,21.816799400476143,80.16668901740285,"{""type"":""MultiPoint"",""coordinates"":[]}",PALAEOPROTEROZOIC,,SAUSAR,MANSAR,PHYLLITE,,PALAEOPROTEROZOIC-PHYLLITE
1_101_0,197.11151,2041.0,1173.0,521.0,753.0,694.0,1244.0,2013.0,2301.0,2439.0,2657.0,14.142135623730953,355,0.5569742,3.5144092219020173,0.9216467463479416,0.8368183681836818,1.7399829497016197,13.339899,-13.497225509185444,-8.95468755598306,4.542537953202384,1,21.864769436648125,79.98100724817533,"{""type"":""MultiPoint"",""coordinates"":[]}",ARCHAEAN,,TIRODI GNEISSIC COMPLEX,,GNEISS/MIGMATITE,,ARCHAEAN-GNEISS-MIGMATITE
1_102_0,180.0,523.0,278.0,523.0,702.0,582.0,774.0,878.0,927.0,736.0,770.0,40.0,337,0.1168437,1.2646048109965635,0.8290598290598291,0.7105978260869565,1.881294964028777,1.8543341,-25.36568705670299,-20.96613971981505,4.399547336887935,1,21.863421963721947,79.9807377535901,"{""type"":""MultiPoint"",""coordinates"":[]}",ARCHAEAN,,TIRODI GNEISSIC COMPLEX,,GNEISS/MIGMATITE,,ARCHAEAN-GNEISS-MIGMATITE
1_103_0,90.0,1812.0,988.0,395.0,529.0,495.0,879.0,1925.0,2290.0,2367.0,2605.0,31.6227766016838,641,0.6540881,4.781818181818182,0.9357277882797732,0.7655259822560203,1.834008097165992,10.858926,-14.264089563897889,-7.181837184815247,7.08225237908264,1,21.83404705393124,80.36638450506261,"{""type"":""MultiPoint"",""coordinates"":[]}",ARCHAEAN,,TIRODI GNEISSIC COMPLEX,,GNEISS/MIGMATITE,,ARCHAEAN-GNEISS-MIGMATITE
1_104_0,132.84294,2918.5,2135.0,717.5,1006.0,1221.0,1622.5,2104.0,2334.5,2591.0,2629.0,31.6227766016838,614,0.3593914,2.122031122031122,1.213717693836978,1.1263990737167118,1.3669789227166276,1.3637176,-17.569531677002267,-9.698634985330132,7.870896691672135,1,21.96636889528204,80.46744497452606,"{""type"":""MultiPoint"",""coordinates"":[]}",ARCHAEAN,,TIRODI GNEISSIC COMPLEX,,GNEISS/MIGMATITE,,ARCHAEAN-GNEISS-MIGMATITE
1_105_0,227.1574,3370.5,3013.5,1030.0,1347.5,1746.5,1927.5,2268.0,2482.5,2572.0,2664.5,53.85164807134504,623,0.19115433,1.472659604924134,1.2961038961038962,1.3104587869362363,1.1184668989547035,2.725909,-15.277945174238786,-6.541093409561231,8.736851764677555,1,21.96798586279346,80.46609750159988,"{""type"":""MultiPoint"",""coordinates"":[]}",ARCHAEAN,,TIRODI GNEISSIC COMPLEX,,GNEISS/MIGMATITE,,ARCHAEAN-GNEISS-MIGMATITE
1_106_0,151.71922,2058.0,1231.0,461.5,637.4,598.6666666666666,1033.0,1733.5,2024.5,2177.5,2315.25,60.0,329,0.56870985,3.637249443207127,0.9392322978767912,0.9451205510907004,1.6718115353371243,2.1054626,-14.28657469791912,-7.815202966215679,6.471371731703442,1,21.66669091649977,79.66839352930174,"{""type"":""MultiPoint"",""coordinates"":[]}",ARCHAEAN,,TIRODI GNEISSIC COMPLEX,,GNEISS/MIGMATITE,,ARCHAEAN-GNEISS-MIGMATITE
1_107_0,180.0,1072.0,996.0,666.0,713.0,741.0,821.0,886.0,943.0,920.0,934.0,30.0,309,0.107766405,1.2415654520917678,1.0392706872370268,1.1652173913043478,1.0763052208835342,1.8543341,-18.94533120179764,-11.352987120700591,7.592344081097044,1,21.849138750704444,80.22678630991044,"{""type"":""MultiPoint"",""coordinates"":[]}",PALAEOPROTEROZOIC,,SAUSAR,MANSAR,PHYLLITE,,PALAEOPROTEROZOIC-PHYLLITE
1_108_0,114.94307,2495.5,1812.5,759.0,950.5,1086.5,1426.5,2056.5,2353.0,2407.0,2531.5,50.0,275,0.37798768,2.2153704555913483,1.1430825881115203,1.0367677606979642,1.3768275862068966,2.1982388,-17.85214308358145,-10.083896132800136,7.768246950781313,1,21.53436907514897,79.98262421568676,"{""type"":""MultiPoint"",""coordinates"":[]}",ARCHAEAN,,TIRODI GNEISSIC COMPLEX,,GNEISS/MIGMATITE,,ARCHAEAN-GNEISS-MIGMATITE
1_109_0,245.12785,1587.5,744.0,362.0,485.5,381.0,837.5,1759.5,2066.0,2150.5,2410.0,36.05551275463989,441,0.69899267,5.6443569553805775,0.7847579814624099,0.7382004185073239,2.133736559139785,6.5864005,-16.283280253437127,-8.726195249515351,7.557085003921776,1,21.99951672926605,80.23244569620039,"{""type"":""MultiPoint"",""coordinates"":[]}",PALAEOPROTEROZOIC,,SAUSAR,MANSAR,BIOTITE SCHIST,,PALAEOPROTEROZOIC-BIOTITE-SCHIST
1_110_0,256.93613,1188.0,957.0,627.0,710.0,687.0,889.0,1128.0,1190.0,1176.0,1235.0,58.30951894845301,313,0.26247987,1.7117903930131004,0.967605633802817,1.010204081632653,1.2413793103448276,8.151101,-15.903117905746896,-8.252340786160218,7.650777119586678,1,21.848599761533976,80.22759479366614,"{""type"":""MultiPoint"",""coordinates"":[]}",PALAEOPROTEROZOIC,,SAUSAR,MANSAR,PHYLLITE,,PALAEOPROTEROZOIC-PHYLLITE
1_111_0,326.04764,1763.0,926.0,480.0,641.0,557.0,1030.0,2104.0,2549.0,2613.0,2804.0,50.0,639,0.64858043,4.691202872531418,0.8689547581903276,0.6747034060466897,1.9038876889848813,8.873407,-16.112881849970258,-9.26691400404845,6.845967845921807,1,21.83404705393124,80.3677319779888,"{""type"":""MultiPoint"",""coordinates"":[]}",ARCHAEAN,,TIRODI GNEISSIC COMPLEX,,GNEISS/MIGMATITE,,ARCHAEAN-GNEISS-MIGMATITE
1_112_0,132.84311,3357.5,2450.0,817.0,1194.5,1598.5,1923.0,2322.5,2614.0,2671.0,2874.0,40.0,616,0.25120038,1.6709415076634344,1.3382168271243198,1.2570198427555224,1.370408163265306,2.7258832,-16.338432891696133,-9.304875170882998,7.033557720813136,1,21.965560411526337,80.46663649077036,"{""type"":""MultiPoint"",""coordinates"":[]}",ARCHAEAN,,TIRODI GNEISSIC COMPLEX,,GNEISS/MIGMATITE,,ARCHAEAN-GNEISS-MIGMATITE
1_113_0,47.054485,2152.0,1588.0,761.0,1129.0,1133.0,1444.0,1617.0,1832.0,1809.0,1822.0,14.142135623730953,285,0.22977567,1.5966460723742275,1.003542958370239,1.1896075179657268,1.3551637279596978,4.0771527,-23.646008701647144,-14.880739452018226,8.765269249628918,1,21.449747775384907,79.76648955832759,"{""type"":""MultiPoint"",""coordinates"":[]}",PALAEOPROTEROZOIC,,SAUSAR,CHORBAOLI,QUARTZITE,,PALAEOPROTEROZOIC-QUARTZITE
1_114_0,284.86877,2559.0,2162.0,995.5,1232.2,1447.0,1766.8,1920.4,2064.833333333333,1954.75,2069.25,63.24555320336759,328,0.14926142,1.350898410504492,1.1743223502678135,1.3091188131474614,1.1836262719703978,7.1909075,-20.16625024837161,-13.711116012444863,6.455134235926749,1,21.683938569954865,79.72633486512746,"{""type"":""MultiPoint"",""coordinates"":[]}",PALAEOPROTEROZOIC,,SAUSAR,MANSAR,SCHIST,,PALAEOPROTEROZOIC-SCHIST
1_115_0,132.89264,2652.0,1884.5,702.0,931.0,1015.0,1399.0,2192.5,2530.0,2629.0,2733.5,64.03124237432849,353,0.44291988,2.5901477832512314,1.0902255639097744,1.00874857360213,1.407269832846909,2.72335,-15.994999482287886,-8.672360540384181,7.322638941903705,1,21.717894887694584,79.74897241028727,"{""type"":""MultiPoint"",""coordinates"":[]}",ARCHAEAN,,TIRODI GNEISSIC COMPLEX,,GNEISS/MIGMATITE,,ARCHAEAN-GNEISS-MIGMATITE
1_116_0,270.0,2369.0,1525.5,645.0,838.0,885.5,1309.5,1876.5,2067.0,2071.5,2319.5,56.56854249492381,353,0.4010822,2.339356295878035,1.0566825775656326,1.143615737388366,1.5529334644378892,1.9958744,-17.724992871146753,-10.03965556455382,7.685337306592935,1,21.715469436427465,79.74897241028727,"{""type"":""MultiPoint"",""coordinates"":[]}",ARCHAEAN,,TIRODI GNEISSIC COMPLEX,,GNEISS/MIGMATITE,,ARCHAEAN-GNEISS-MIGMATITE
1_117_0,248.87373,2648.5,1738.5,485.5,695.0,794.0,1297.0,2121.0,2292.5,2546.5,2604.0,76.15773105863909,648,0.5246221,3.207178841309824,1.1424460431654675,1.0400549774199883,1.5234397469082543,12.656678,-17.119292193300083,-9.664800403819005,7.454491789481079,1,21.974992722009592,80.4647500286737,"{""type"":""MultiPoint"",""coordinates"":[]}",ARCHAEAN,,TIRODI GNEISSIC COMPLEX,,GNEISS/MIGMATITE,,ARCHAEAN-GNEISS-MIGMATITE
1_118_0,-0.0,2391.75,1438.5,522.875,688.3333333333334,685.75,1129.1666666666663,1851.5,2070.0,2198.0,2327.5,72.80109889280519,335,0.524404,3.205249726576741,0.9962469733656174,1.0881483166515014,1.6626694473409802,0.0,-14.44964946763372,-7.502987019656078,6.9466624479776415,1,21.6661519273293,79.66489009969368,"{""type"":""MultiPoint"",""coordinates"":[]}",ARCHAEAN,,TIRODI GNEISSIC COMPLEX,,GNEISS/MIGMATITE,,ARCHAEAN-GNEISS-MIGMATITE
1_119_0,333.91055,1837.0,938.0,451.0,647.0,559.0,1084.0,2306.0,2714.0,2872.0,3063.0,30.0,679,0.6741475,5.137745974955277,0.8639876352395672,0.6396239554317549,1.9584221748400847,11.214438,-16.751186892880167,-9.55093082243332,7.200256070446846,1,21.832430086419823,80.36665399964785,"{""type"":""MultiPoint"",""coordinates"":[]}",ARCHAEAN,,TIRODI GNEISSIC COMPLEX,,GNEISS/MIGMATITE,,ARCHAEAN-GNEISS-MIGMATITE
1_120_0,270.0,2439.0,1627.0,688.5,954.0,970.0,1435.0,2195.5,2503.0,2655.0,2763.5,44.7213595499958,274,0.4648276,2.737113402061856,1.0167714884696015,0.91864406779661,1.499078057775046,0.9969749,-21.11060963910697,-13.282894831870756,7.827714807236212,1,21.53221311846708,79.98397168861293,"{""type"":""MultiPoint"",""coordinates"":[]}",ARCHAEAN,,TIRODI GNEISSIC COMPLEX,,GNEISS/MIGMATITE,,ARCHAEAN-GNEISS-MIGMATITE
1_121_0,240.8868,1346.0,1278.0,791.0,846.0,910.0,1013.0,1081.0,1103.0,1143.0,1148.0,28.284271247461906,306,0.11349245,1.256043956043956,1.0756501182033098,1.1776027996500438,1.05320813771518,5.7000575,-16.268596220290576,-6.5585832878572,9.710012932433376,1,21.850486223630625,80.22624732073997,"{""type"":""MultiPoint"",""coordinates"":[]}",PALAEOPROTEROZOIC,,SAUSAR,MANSAR,PHYLLITE,,PALAEOPROTEROZOIC-PHYLLITE
1_122_0,208.28345,2900.0,2378.25,1067.0,1367.0,1521.0,1870.375,2195.333333333333,2352.5,2396.25,2467.5,44.7213595499958,325,0.2234348,1.5754437869822486,1.1126554498902708,1.2102243088158582,1.2193840008409544,6.2939515,-17.03274023541527,-8.760065403193888,8.272674832221384,1,21.68286059161392,79.7236399192751,"{""type"":""MultiPoint"",""coordinates"":[]}",PALAEOPROTEROZOIC,,SAUSAR,MANSAR,SCHIST,,PALAEOPROTEROZOIC-SCHIST
1_123_0,107.227,2721.0,1762.0,651.0,868.0,899.0,1364.5,2208.0,2505.5,2625.0,2789.0,0.0,274,0.48978433,2.9199110122358176,1.0357142857142858,1.0365714285714285,1.5442678774120318,3.1286294,-15.927944401577337,-8.870687388528895,7.05725701304844,1,21.53329109680802,79.98343269944246,"{""type"":""MultiPoint"",""coordinates"":[]}",ARCHAEAN,,TIRODI GNEISSIC COMPLEX,,GNEISS/MIGMATITE,,ARCHAEAN-GNEISS-MIGMATITE
1_124_0,35.685497,1666.0,832.0,359.0,504.0,436.0,834.0,2002.0,2305.0,2520.0,2618.0,53.85164807134504,640,0.7050068,5.779816513761468,0.8650793650793651,0.6611111111111111,2.0024038461538463,6.819051,-14.936484524921015,-7.619737810950874,7.316746713970143,1,21.83458604310171,80.36611501047737,"{""type"":""MultiPoint"",""coordinates"":[]}",ARCHAEAN,,TIRODI GNEISSIC COMPLEX,,GNEISS/MIGMATITE,,ARCHAEAN-GNEISS-MIGMATITE
1_125_0,157.48956,2007.0,1182.0,453.0,710.0,637.0,1160.0,1940.0,2224.0,2318.0,2534.0,41.23105625617661,360,0.5688663,3.638932496075353,0.8971830985915493,0.865832614322692,1.6979695431472082,12.832821,-13.510404009718652,-7.697973270250765,5.812430739467887,1,21.864769436648125,79.98181573193105,"{""type"":""MultiPoint"",""coordinates"":[]}",ARCHAEAN,,TIRODI GNEISSIC COMPLEX,,GNEISS/MIGMATITE,,ARCHAEAN-GNEISS-MIGMATITE
1_126_0,218.94008,1854.0,1736.0,1107.0,1223.0,1311.0,1465.0,1560.0,1635.0,1672.0,1651.0,42.426406871192846,308,0.12101911,1.2753623188405796,1.071954210956664,1.1088516746411483,1.0679723502304148,4.758821,-15.777911896651757,-3.0997410047942062,12.67817089185755,1,21.85075571821586,80.22597782615473,"{""type"":""MultiPoint"",""coordinates"":[]}",PALAEOPROTEROZOIC,,SAUSAR,MANSAR,PHYLLITE,,PALAEOPROTEROZOIC-PHYLLITE
1_127_0,356.14813,1769.0,944.0,483.0,627.0,613.0,1011.0,2039.0,2332.0,2447.0,2697.0,56.56854249492381,688,0.5993464,3.99184339314845,0.977671451355662,0.7229260318757662,1.8739406779661016,14.552249,-15.064799458269594,-8.669278931545941,6.395520526723653,1,21.832160591834587,80.3677319779888,"{""type"":""MultiPoint"",""coordinates"":[]}",ARCHAEAN,,TIRODI GNEISSIC COMPLEX,,GNEISS/MIGMATITE,,ARCHAEAN-GNEISS-MIGMATITE
1_128_0,28.258942,2329.0,1486.0,623.5,863.5,874.0,1323.5,2114.5,2379.5,2447.0,2543.0,41.23105625617661,272,0.4736525,2.7997711670480547,1.0121598147075854,0.951777686963629,1.5672947510094213,2.1050315,-16.62229858955953,-10.852854021026852,5.769444568532679,1,21.53436907514897,79.9837021940277,"{""type"":""MultiPoint"",""coordinates"":[]}",ARCHAEAN,,TIRODI GNEISSIC COMPLEX,,GNEISS/MIGMATITE,,ARCHAEAN-GNEISS-MIGMATITE
1_129_0,151.71101,3102.0,2226.5,782.5,1050.0,1247.5,1619.0,2208.0,2449.0,2643.0,2781.5,44.7213595499958,355,0.35869426,2.1186372745490982,1.188095238095238,1.17366628830874,1.393218055243656,2.1056247,-16.670899645339638,-10.301271314357106,6.369628330982533,1,21.71600842559793,79.74897241028727,"{""type"":""MultiPoint"",""coordinates"":[]}",ARCHAEAN,,TIRODI GNEISSIC COMPLEX,,GNEISS/MIGMATITE,,ARCHAEAN-GNEISS-MIGMATITE
1_130_0,351.81677,1639.5,754.5,403.5,555.0,453.0,876.0,1969.0,2264.5,2370.5,2524.5,70.71067811865476,448,0.6791217,5.232891832229581,0.8162162162162162,0.6916262391900443,2.172962226640159,13.783291,-15.514158233483824,-8.062052808718526,7.452105424765296,1,21.998708245510347,80.23190670702992,"{""type"":""MultiPoint"",""coordinates"":[]}",PALAEOPROTEROZOIC,,SAUSAR,MANSAR,BIOTITE SCHIST,,PALAEOPROTEROZOIC-BIOTITE-SCHIST
1_131_0,227.15872,1643.5,889.5,304.5,486.0,385.0,780.0,1697.5,2055.5,2233.5,2348.5,28.284271247461906,669,0.7059385,5.801298701298701,0.7921810699588477,0.7358406089097829,1.8476672287802136,8.12912,-15.736279020126885,-8.932202854398938,6.804076165727947,1,21.97472322742436,80.46609750159988,"{""type"":""MultiPoint"",""coordinates"":[]}",ARCHAEAN,,TIRODI GNEISSIC COMPLEX,,GNEISS/MIGMATITE,,ARCHAEAN-GNEISS-MIGMATITE
1_132_0,312.92892,2087.0,1499.5,666.0,867.5,978.5,1292.5,2181.0,2526.5,2622.5,2837.5,76.15773105863909,278,0.45653984,2.6801226366888096,1.1279538904899136,0.7958055290753098,1.3917972657552518,1.3615167,-16.776766019142993,-8.956255184867645,7.820510834275348,1,21.53409958056373,79.98154623734581,"{""type"":""MultiPoint"",""coordinates"":[]}",ARCHAEAN,,TIRODI GNEISSIC COMPLEX,,GNEISS/MIGMATITE,,ARCHAEAN-GNEISS-MIGMATITE
1_133_0,180.0,3014.333333333333,2648.6666666666665,1193.6,1447.3333333333333,1661.0,1881.5,2151.6666666666665,2358.428571428572,2472.75,2560.75,70.0,337,0.19637133,1.4887116195063217,1.147627821280516,1.2190206585111043,1.138056883966776,0.92740995,-16.52069488973356,-6.310801946524234,10.209892943209326,1,21.683399580784396,79.73145526224694,"{""type"":""MultiPoint"",""coordinates"":[]}",ARCHAEAN,,TIRODI GNEISSIC COMPLEX,,GNEISS/MIGMATITE,,ARCHAEAN-GNEISS-MIGMATITE
1_134_0,180.0,1841.0,1151.0,550.0,764.0,846.0,1176.0,1788.0,2034.0,2239.0,2320.0,14.142135623730953,313,0.4515397,2.6465721040189125,1.1073298429319371,0.8222420723537294,1.5994787141615987,3.7047918,-16.10006414688095,-8.754240704877276,7.345823442003674,1,21.81706889506138,80.16695851198808,"{""type"":""MultiPoint"",""coordinates"":[]}",PALAEOPROTEROZOIC,,SAUSAR,MANSAR,PHYLLITE,,PALAEOPROTEROZOIC-PHYLLITE
1_135_0,19.738012,2431.5,1386.0,636.0,913.0,685.0,1299.0,2979.0,3479.0,3550.0,3747.0,22.360679774997894,355,0.6765053,5.182481751824818,0.7502738225629791,0.6849295774647888,1.7543290043290043,5.891462,-15.256604090120389,-9.845684963126448,5.4109191269939405,1,21.717086403938875,79.75031988321345,"{""type"":""MultiPoint"",""coordinates"":[]}",ARCHAEAN,,TIRODI GNEISSIC COMPLEX,,GNEISS/MIGMATITE,,ARCHAEAN-GNEISS-MIGMATITE
1_136_0,160.2955,295.0,215.0,469.0,628.0,494.0,562.0,422.0,424.0,369.0,362.0,53.85164807134504,283,-0.14484356,0.7469635627530364,0.7866242038216561,0.7994579945799458,1.372093023255814,2.9529197,-27.3336939342762,-21.571751030631127,5.761942903645071,1,21.450556259140612,79.76810652583902,"{""type"":""MultiPoint"",""coordinates"":[]}",PALAEOPROTEROZOIC,,SAUSAR,CHORBAOLI,QUARTZITE,,PALAEOPROTEROZOIC-QUARTZITE
1_137_0,-0.0,3133.25,2192.25,796.5,1072.4,1182.3333333333337,1619.25,2424.666666666667,2739.5,2780.5,3055.75,50.99019513592785,335,0.4032889,2.351705666760642,1.1025115006838244,1.126865671641791,1.4292393659482268,0.92740995,-17.526833431830337,-9.671804195490736,7.8550292363396,1,21.684747053710574,79.73307222975835,"{""type"":""MultiPoint"",""coordinates"":[]}",ARCHAEAN,,TIRODI GNEISSIC COMPLEX,,GNEISS/MIGMATITE,,ARCHAEAN-GNEISS-MIGMATITE
1_138_0,47.070793,2582.5,1636.5,591.0,834.0,841.5,1312.0,2087.5,2344.5,2419.5,2626.0,20.0,274,0.48390064,2.875222816399287,1.0089928057553956,1.0673692911758628,1.5780629391995111,1.3615097,-16.02648480233954,-8.740289874176119,7.28619492816342,1,21.53275210763755,79.98343269944246,"{""type"":""MultiPoint"",""coordinates"":[]}",ARCHAEAN,,TIRODI GNEISSIC COMPLEX,,GNEISS/MIGMATITE,,ARCHAEAN-GNEISS-MIGMATITE
1_139_0,65.05693,2830.0,2001.0,681.5,907.0,1001.5,1442.5,2108.0,2351.5,2546.0,2729.0,41.23105625617661,274,0.43537703,2.54218671992012,1.1041896361631751,1.1115475255302436,1.414292853573213,2.1982388,-16.64391295072994,-8.464007747924086,8.179905202805855,1,21.53436907514897,79.98316320485722,"{""type"":""MultiPoint"",""coordinates"":[]}",ARCHAEAN,,TIRODI GNEISSIC COMPLEX,,GNEISS/MIGMATITE,,ARCHAEAN-GNEISS-MIGMATITE
1_140_0,5.134945,2222.0,1395.5,471.5,682.0,745.5,1207.5,2017.5,2294.0,2482.5,2670.0,50.99019513592785,673,0.5381041,3.329979879275654,1.093108504398827,0.8950654582074522,1.5922608384091723,11.036196,-15.389694303503902,-8.429255287425057,6.960439016078844,1,21.97553171118006,80.46636699618512,"{""type"":""MultiPoint"",""coordinates"":[]}",ARCHAEAN,,TIRODI GNEISSIC COMPLEX,,GNEISS/MIGMATITE,,ARCHAEAN-GNEISS-MIGMATITE
1_141_0,245.07951,2379.833333333333,1536.75,614.125,820.3333333333334,749.4,1297.8,2222.333333333333,2495.0,2753.25,2784.583333333333,70.71067811865476,330,0.5720954,3.673939151321057,0.9135310849248272,0.8643724083658707,1.5486145002982483,8.736393,-17.524574266865898,-10.556208496436945,6.968365770428953,1,21.68366907536963,79.72283143551938,"{""type"":""MultiPoint"",""coordinates"":[]}",PALAEOPROTEROZOIC,,SAUSAR,MANSAR,SCHIST,,PALAEOPROTEROZOIC-SCHIST
1_142_0,208.30574,1555.0,811.0,488.0,618.0,572.0,933.0,1765.0,2060.0,2188.0,2298.0,50.99019513592785,315,0.5855073,3.825174825174825,0.9255663430420712,0.7106946983546618,1.9173859432799012,2.105956,-15.82186074064212,-9.63403484264876,6.187825897993358,1,21.816529905890903,80.16803649032902,"{""type"":""MultiPoint"",""coordinates"":[]}",PALAEOPROTEROZOIC,,SAUSAR,MANSAR,PHYLLITE,,PALAEOPROTEROZOIC-PHYLLITE
1_143_0,107.236244,316.0,216.0,470.0,631.0,524.0,599.0,409.0,417.0,378.0,383.0,41.23105625617661,283,-0.16186252,0.7213740458015268,0.8304278922345484,0.8359788359788359,1.462962962962963,3.1270041,-28.508205390457796,-21.87171487678452,6.636490513673273,1,21.45028676455538,79.76783703125378,"{""type"":""MultiPoint"",""coordinates"":[]}",PALAEOPROTEROZOIC,,SAUSAR,CHORBAOLI,QUARTZITE,,PALAEOPROTEROZOIC-QUARTZITE
1_144_0,312.89926,3165.0,2322.25,790.25,1033.0,1164.5,1582.0,2327.0,2622.0,2725.5,2934.0,56.56854249492381,336,0.40128535,2.3404894804637184,1.12729912875121,1.1612548156301596,1.3629023576273012,2.7230122,-16.61365869161103,-10.573788898288438,6.039869793322591,1,21.684477559125337,79.73226374600264,"{""type"":""MultiPoint"",""coordinates"":[]}",ARCHAEAN,,TIRODI GNEISSIC COMPLEX,,GNEISS/MIGMATITE,,ARCHAEAN-GNEISS-MIGMATITE
1_145_0,-0.0,1215.0,1108.0,760.0,786.0,842.0,952.0,1043.0,1092.0,1072.0,1112.0,53.85164807134504,303,0.12016719,1.2731591448931117,1.0712468193384224,1.1333955223880596,1.0965703971119134,0.92740995,-18.026294642301885,-9.263367236385282,8.762927405916603,1,21.850486223630625,80.22543883698425,"{""type"":""MultiPoint"",""coordinates"":[]}",PALAEOPROTEROZOIC,,SAUSAR,MANSAR,PHYLLITE,,PALAEOPROTEROZOIC-PHYLLITE
1_146_0,180.0,415.0,282.0,549.0,721.0,596.0,749.0,689.0,707.0,640.0,642.0,67.0820393249937,284,0.035598706,1.0738255033557047,0.826629680998613,0.6484375,1.4716312056737588,2.7802885,-26.51741756237699,-19.595492413839285,6.9219251485377065,1,21.45163423748156,79.76756753666854,"{""type"":""MultiPoint"",""coordinates"":[]}",PALAEOPROTEROZOIC,,SAUSAR,CHORBAOLI,QUARTZITE,,PALAEOPROTEROZOIC-QUARTZITE
1_147_0,65.12798,1472.5,705.0,355.0,500.5,398.0,811.0,1683.5,1968.0,2231.5,2215.0,60.82762530298219,444,0.6972808,5.60678391959799,0.7952047952047953,0.6598700425722608,2.088652482269504,2.2041116,-14.924648579722358,-8.295603495755874,6.629045083966485,1,22.00032521302176,80.23487114746752,"{""type"":""MultiPoint"",""coordinates"":[]}",PALAEOPROTEROZOIC,,SAUSAR,MANSAR,BIOTITE SCHIST,,PALAEOPROTEROZOIC-BIOTITE-SCHIST
1_148_0,61.363792,1734.0,944.0,433.0,566.0,469.0,921.0,2058.0,2528.0,2595.0,2779.0,50.0,665,0.6938642,5.533049040511727,0.8286219081272085,0.6682080924855491,1.836864406779661,18.663704,-11.352588783244428,-3.8640038378617536,7.488584945382673,1,21.83404705393124,80.36557602130691,"{""type"":""MultiPoint"",""coordinates"":[]}",ARCHAEAN,,TIRODI GNEISSIC COMPLEX,,GNEISS/MIGMATITE,,ARCHAEAN-GNEISS-MIGMATITE
1_149_0,79.4928,2528.0,1820.0,521.0,736.5,912.5,1236.5,1810.5,2102.0,2133.5,2338.5,56.56854249492381,662,0.40085357,2.338082191780822,1.238968092328581,1.1849074291071011,1.389010989010989,5.0727715,-14.792618646496184,-7.721072286455694,7.0715463600404895,1,21.975262216594825,80.4677144691113,"{""type"":""MultiPoint"",""coordinates"":[]}",ARCHAEAN,,TIRODI GNEISSIC COMPLEX,,GNEISS/MIGMATITE,,ARCHAEAN-GNEISS-MIGMATITE
1_150_0,28.305744,1486.0,753.0,471.0,620.0,501.0,945.0,1785.0,2082.0,2259.0,2265.0,60.82762530298219,307,0.6369565,4.508982035928144,0.8080645161290323,0.6578131916777336,1.9734395750332008,2.105956,-12.905730687874415,-7.183941002247092,5.721789685627325,1,21.816529905890903,80.16507204989142,"{""type"":""MultiPoint"",""coordinates"":[]}",PALAEOPROTEROZOIC,,SAUSAR,MANSAR,PHYLLITE,,PALAEOPROTEROZOIC-PHYLLITE
1_151_0,304.91724,2529.0,1640.0,582.0,872.0,854.0,1468.0,2356.0,2746.0,2753.0,2964.0,50.0,290,0.5264763,3.2236533957845435,0.9793577981651376,0.9186342172175808,1.5420731707317072,4.849514,-15.4197545437758,-9.025352427382895,6.3944021163929055,1,21.449208786214434,79.76568107457189,"{""type"":""MultiPoint"",""coordinates"":[]}",PALAEOPROTEROZOIC,,SAUSAR,CHORBAOLI,QUARTZITE,,PALAEOPROTEROZOIC-QUARTZITE
1_152_0,331.6887,815.0,687.0,651.0,698.0,695.0,781.0,773.0,798.0,800.0,803.0,60.0,306,0.07023411,1.1510791366906474,0.995702005730659,1.01875,1.1863173216885008,2.1060662,-21.56144569367948,-12.326759964723228,9.23468572895625,1,21.849947234460156,80.22516934239903,"{""type"":""MultiPoint"",""coordinates"":[]}",PALAEOPROTEROZOIC,,SAUSAR,MANSAR,PHYLLITE,,PALAEOPROTEROZOIC-PHYLLITE
1_153_0,139.21667,1883.5,1057.0,296.5,555.5,409.5,911.5,1733.0,2118.0,2270.0,2371.5,14.142135623730953,663,0.69434595,5.543345543345543,0.7371737173717372,0.8297356828193833,1.781929990539262,12.067533,-13.019582725079996,-5.732618132853103,7.286964592226893,1,21.973914743668647,80.46690598535558,"{""type"":""MultiPoint"",""coordinates"":[]}",PALAEOPROTEROZOIC,,SAUSAR,MANSAR,SCHIST,,PALAEOPROTEROZOIC-SCHIST
1_154_0,139.27406,2501.5,2323.5,976.5,1192.4,1343.9166666666663,1602.0,1719.5,1815.4,1924.5,1887.0,31.6227766016838,332,0.17763443,1.432008433062566,1.1270686570502066,1.2998181345804103,1.0766085646653756,6.096204,-15.678280405333297,-7.889087241813197,7.7891931635201,1,21.6842080645401,79.72498739220127,"{""type"":""MultiPoint"",""coordinates"":[]}",PALAEOPROTEROZOIC,,SAUSAR,MANSAR,SCHIST,,PALAEOPROTEROZOIC-SCHIST
1_155_0,65.07711,2593.0,1530.5,529.5555555555555,719.8571428571429,689.25,1177.2,2001.25,2236.5,2535.0,2529.0,72.11102550927978,334,0.5724587,3.67791077257889,0.9574816431831712,1.022879684418146,1.69421757595557,2.1999032,-13.850442690963543,-6.689863919228086,7.160578771735457,1,21.66776889484072,79.66515959427892,"{""type"":""MultiPoint"",""coordinates"":[]}",PALAEOPROTEROZOIC,,SAUSAR,MANSAR,SCHIST,,PALAEOPROTEROZOIC-SCHIST
1_156_0,180.0,3278.5,2477.5,797.0,1158.5,1531.5,1783.5,2173.0,2454.0,2512.0,2584.0,44.7213595499958,623,0.24248794,1.6402220045706823,1.321968062149331,1.3051353503184713,1.3233097880928355,3.7047918,-17.420283948051555,-10.10514653292086,7.315137415130694,1,21.967716368208222,80.46717547994082,"{""type"":""MultiPoint"",""coordinates"":[]}",ARCHAEAN,,TIRODI GNEISSIC COMPLEX,,GNEISS/MIGMATITE,,ARCHAEAN-GNEISS-MIGMATITE
1_157_0,256.9362,997.0,834.0,574.0,618.0,604.0,777.0,1029.0,1105.0,1005.0,1101.0,36.05551275463989,310,0.24922311,1.663907284768212,0.9773462783171522,0.9920398009950248,1.1954436450839327,4.0962915,-16.29493932746849,-9.718992158560235,6.575947168908254,1,21.849138750704444,80.22732529908092,"{""type"":""MultiPoint"",""coordinates"":[]}",PALAEOPROTEROZOIC,,SAUSAR,MANSAR,PHYLLITE,,PALAEOPROTEROZOIC-PHYLLITE
1_158_0,312.89948,3632.75,3346.0,1078.5,1379.0,1715.5,1999.5,2212.0,2399.5,2409.5,2569.5,40.0,342,0.16824242,1.4045467793646167,1.2440174039158811,1.5076779414816353,1.0856993424985055,1.3622696,-22.83460832078825,-15.52048074540008,7.314127575388174,1,21.683399580784396,79.73441970268453,"{""type"":""MultiPoint"",""coordinates"":[]}",ARCHAEAN,,TIRODI GNEISSIC COMPLEX,,GNEISS/MIGMATITE,,ARCHAEAN-GNEISS-MIGMATITE
1_159_0,54.17145,1829.0,937.0,438.0,602.0,505.0,1018.0,2439.0,2946.0,3081.0,3236.0,70.71067811865476,660,0.71834916,6.100990099009901,0.8388704318936877,0.593638429081467,1.951974386339381,21.164423,-11.459269313253431,-4.6084254084077205,6.850843904845711,1,21.83458604310171,80.36530652672167,"{""type"":""MultiPoint"",""coordinates"":[]}",ARCHAEAN,,TIRODI GNEISSIC COMPLEX,,GNEISS/MIGMATITE,,ARCHAEAN-GNEISS-MIGMATITE
1_160_0,-0.0,2590.5,1793.5,699.0,978.5,1085.0,1513.5,2479.0,2786.0,2925.5,3140.5,31.6227766016838,356,0.45892033,2.6963133640553,1.1088400613183444,0.8854896598871987,1.4443824923334263,0.92740995,-16.17350265555288,-9.431468950720468,6.742033704832412,1,21.71681690935364,79.75085887238392,"{""type"":""MultiPoint"",""coordinates"":[]}",ARCHAEAN,,TIRODI GNEISSIC COMPLEX,,GNEISS/MIGMATITE,,ARCHAEAN-GNEISS-MIGMATITE
1_161_0,19.737871,2936.5,2163.0,771.5,1039.0,1212.0,1647.0,2209.0,2436.0,2552.0,2770.0,44.7213595499958,358,0.35600424,2.1056105610561056,1.1665062560153994,1.150666144200627,1.3576051779935274,2.9535353,-17.593034418797643,-11.21739549785251,6.375638920945134,1,21.71600842559793,79.75112836696916,"{""type"":""MultiPoint"",""coordinates"":[]}",ARCHAEAN,,TIRODI GNEISSIC COMPLEX,,GNEISS/MIGMATITE,,ARCHAEAN-GNEISS-MIGMATITE
1_162_0,59.87914,1898.0,982.0,411.0,557.0,512.0,907.0,1947.0,2349.0,2441.0,2567.0,22.360679774997894,641,0.653234,4.767578125,0.919210053859964,0.7775501843506759,1.9327902240325865,9.162261,-14.362231718840842,-7.815381784262205,6.5468499345786375,1,21.833777559346,80.36638450506261,"{""type"":""MultiPoint"",""coordinates"":[]}",ARCHAEAN,,TIRODI GNEISSIC COMPLEX,,GNEISS/MIGMATITE,,ARCHAEAN-GNEISS-MIGMATITE
1_163_0,246.58278,1859.0,929.0,508.0,681.0,582.0,1133.0,2013.0,2392.0,2425.0,2616.0,30.0,365,0.61290324,4.166666666666667,0.8546255506607929,0.7665979381443299,2.0010764262648006,15.914033,-15.602673780143755,-10.417987669332646,5.184686110811111,1,21.8653084258186,79.9807377535901,"{""type"":""MultiPoint"",""coordinates"":[]}",ARCHAEAN,,TIRODI GNEISSIC COMPLEX,,GNEISS/MIGMATITE,,ARCHAEAN-GNEISS-MIGMATITE
1_164_0,132.89941,2667.7380952380954,2471.5,1023.0,1243.5,1547.1666666666667,1777.75,1808.5,1898.5,1859.0833333333333,1966.2,22.360679774997894,332,0.09157187,1.20160508456318,1.2442031899209225,1.4349749940767018,1.079400402685857,6.780803,-16.86222431112273,-6.2716996522471575,10.590524658875571,1,21.68366907536963,79.72417890844557,"{""type"":""MultiPoint"",""coordinates"":[]}",PALAEOPROTEROZOIC,,SAUSAR,MANSAR,SCHIST,,PALAEOPROTEROZOIC-SCHIST
1_165_0,270.0,2407.0,1439.0,626.0,840.0,919.0,1285.0,1869.0,2137.0,2428.0,2459.0,44.7213595499958,307,0.4508515,2.6420021762785635,1.0940476190476192,0.991350906095552,1.6726893676164003,0.99895126,-15.39600440859678,-7.934735840238881,7.4612685683579,1,21.817877378817087,80.16615002823237,"{""type"":""MultiPoint"",""coordinates"":[]}",PALAEOPROTEROZOIC,,SAUSAR,MANSAR,PHYLLITE,,PALAEOPROTEROZOIC-PHYLLITE
1_166_0,90.0,1828.0,1090.0,479.0,621.0,539.0,1092.0,1952.0,2253.0,2357.0,2519.0,56.56854249492381,340,0.62776244,4.3729128014842304,0.8679549114331723,0.7755621552821383,1.6770642201834862,0.9992696,-14.06116468869981,-7.849065462698599,6.212099226001211,1,21.863421963721947,79.98181573193105,"{""type"":""MultiPoint"",""coordinates"":[]}",ARCHAEAN,,TIRODI GNEISSIC COMPLEX,,GNEISS/MIGMATITE,,ARCHAEAN-GNEISS-MIGMATITE
1_167_0,203.2897,2520.0,2009.0,741.5,964.3333333333334,1103.5,1395.0,1775.5,1896.5,2008.0,2121.5,50.99019513592785,323,0.29069582,1.8196647032170368,1.144313861043899,1.254980079681275,1.254355400696864,5.0358405,-12.961743966311731,-3.906261489188836,9.055482477122895,1,21.682052107858212,79.7244484030308,"{""type"":""MultiPoint"",""coordinates"":[]}",PALAEOPROTEROZOIC,,SAUSAR,MANSAR,SCHIST,,PALAEOPROTEROZOIC-SCHIST
1_168_0,-0.0,1632.0,795.5,409.5,571.5,453.0,880.0,1766.0,2112.0,2298.5,2338.0,10.0,444,0.67072505,5.073951434878588,0.7926509186351706,0.7100282793125952,2.0515399120050284,0.0,-15.106050049123423,-8.175009811549398,6.931040237574027,1,22.00032521302176,80.2332541799561,"{""type"":""MultiPoint"",""coordinates"":[]}",PALAEOPROTEROZOIC,,SAUSAR,MANSAR,BIOTITE SCHIST,,PALAEOPROTEROZOIC-BIOTITE-SCHIST
1_169_0,132.89941,2785.5,2514.0,1171.75,1422.7142857142858,1701.25,1871.25,1997.4,2064.25,2124.1428571428573,2131.6,31.6227766016838,335,0.11054887,1.2485777264616356,1.195777688522944,1.311352478310579,1.1079952267303104,5.433762,-15.756055268469984,-4.881638894572847,10.874416373897136,1,21.68366907536963,79.72390941386033,"{""type"":""MultiPoint"",""coordinates"":[]}",PALAEOPROTEROZOIC,,SAUSAR,MANSAR,SCHIST,,PALAEOPROTEROZOIC-SCHIST
1_170_0,121.8044,2214.0,1370.5,712.0,946.0,998.5,1364.5,2035.0,2285.0,2358.0,2498.0,58.30951894845301,275,0.40503502,2.3615423134702054,1.0554968287526427,0.9389312977099236,1.6154688070047427,3.5153315,-16.769349253869372,-10.09201132121188,6.67733793265749,1,21.53409958056373,79.98208522651628,"{""type"":""MultiPoint"",""coordinates"":[]}",ARCHAEAN,,TIRODI GNEISSIC COMPLEX,,GNEISS/MIGMATITE,,ARCHAEAN-GNEISS-MIGMATITE
1_171_0,90.0,2090.0,1189.5,473.0,635.5,576.5833333333333,1030.5,1732.0,2005.0,2151.5,2278.75,41.23105625617661,327,0.57729787,3.731464084405261,0.9072908471020192,0.9714152916569836,1.7570407734342162,3.9855375,-14.130834866406865,-7.926763899567449,6.204070966839414,1,21.665612938158823,79.66650706720509,"{""type"":""MultiPoint"",""coordinates"":[]}",ARCHAEAN,,TIRODI GNEISSIC COMPLEX,,GNEISS/MIGMATITE,,ARCHAEAN-GNEISS-MIGMATITE
1_172_0,114.892975,2432.0,1574.0,550.0,747.0,743.0,1213.0,1895.0,2113.0,2211.0,2367.0,44.7213595499958,344,0.49695328,2.975773889636608,0.994645247657296,1.0999547715965627,1.545108005082592,2.2023754,-18.6988258973879,-10.845597892091,7.853228005296899,1,21.863960952892416,79.97965977524916,"{""type"":""MultiPoint"",""coordinates"":[]}",ARCHAEAN,,TIRODI GNEISSIC COMPLEX,,GNEISS/MIGMATITE,,ARCHAEAN-GNEISS-MIGMATITE
1_173_0,331.71082,3450.0,2401.0,771.0,1013.0,1198.0,1655.5,2199.0,2444.5,2526.0,2682.0,31.6227766016838,356,0.3566058,2.108514190317196,1.1826258637709772,1.3657957244655583,1.4369012911286965,4.2055845,-18.36431873754805,-11.069330987695473,7.294987749852579,1,21.71735589852411,79.74978089404297,"{""type"":""MultiPoint"",""coordinates"":[]}",ARCHAEAN,,TIRODI GNEISSIC COMPLEX,,GNEISS/MIGMATITE,,ARCHAEAN-GNEISS-MIGMATITE
1_174_0,270.0,1439.5,697.0,360.5,508.5,396.5,830.0,1709.5,2030.0,2124.5,2259.0,14.142135623730953,444,0.68544227,5.35813366960908,0.7797443461160275,0.6775711932219346,2.0652797704447634,1.0002315,-15.24995469706467,-8.489968116824757,6.759986580239913,1,22.00032521302176,80.23352367454133,"{""type"":""MultiPoint"",""coordinates"":[]}",PALAEOPROTEROZOIC,,SAUSAR,MANSAR,BIOTITE SCHIST,,PALAEOPROTEROZOIC-BIOTITE-SCHIST
1_175_0,215.65681,2305.5,2022.5,904.0833333333331,1123.75,1281.2,1483.0,1553.3333333333333,1697.4166666666663,1575.35,1743.1666666666667,31.6227766016838,317,0.10297386,1.2295894473930689,1.140111234705228,1.4634843050750628,1.1399258343634115,3.4204156,-20.33956569506029,-10.757755768579925,9.58180992648037,1,21.68313008619916,79.72552638137175,"{""type"":""MultiPoint"",""coordinates"":[]}",PALAEOPROTEROZOIC,,SAUSAR,MANSAR,SCHIST,,PALAEOPROTEROZOIC-SCHIST
1_176_0,227.16371,1588.0,760.0,361.0,501.0,413.0,844.5,1717.5,2019.5,2200.0,2329.0,44.7213595499958,438,0.68388826,5.326876513317191,0.8243512974051896,0.7218181818181818,2.0894736842105264,4.0854993,-15.343084942852824,-8.029147905163258,7.3139370376895645,1,21.99951672926605,80.23217620161516,"{""type"":""MultiPoint"",""coordinates"":[]}",PALAEOPROTEROZOIC,,SAUSAR,MANSAR,BIOTITE SCHIST,,PALAEOPROTEROZOIC-BIOTITE-SCHIST
1_177_0,245.12396,2448.0,1665.5,444.5,654.5,692.5,1137.0,2079.0,2366.5,2592.0,2654.5,20.0,663,0.5783224,3.742960288808664,1.058059587471352,0.9444444444444444,1.4698288802161512,4.401055,-15.007342291647715,-7.911554229887854,7.095788061759861,1,21.974184238253883,80.46609750159988,"{""type"":""MultiPoint"",""coordinates"":[]}",ARCHAEAN,,TIRODI GNEISSIC COMPLEX,,GNEISS/MIGMATITE,,ARCHAEAN-GNEISS-MIGMATITE
1_178_0,302.72375,1179.0,937.0,625.0,730.0,661.0,875.0,1191.0,1276.0,1281.0,1331.0,60.82762530298219,321,0.3192585,1.9379727685325263,0.9054794520547944,0.9203747072599532,1.2582710779082178,15.08298,-13.01526763786407,-5.51987616826554,7.49539146959853,1,21.84967773987492,80.22840327742185,"{""type"":""MultiPoint"",""coordinates"":[]}",PALAEOPROTEROZOIC,,SAUSAR,MANSAR,PHYLLITE,,PALAEOPROTEROZOIC-PHYLLITE
1_179_0,308.48022,1752.5,946.5,357.0,565.5,468.0,869.0,1869.5,2200.5,2490.0,2418.5,50.99019513592785,657,0.68356997,5.32051282051282,0.8275862068965517,0.7038152610441767,1.8515583729529848,8.871756,-17.995134420786965,-11.085987221701352,6.909147199085613,1,21.97445373283912,80.46528901784417,"{""type"":""MultiPoint"",""coordinates"":[]}",ARCHAEAN,,TIRODI GNEISSIC COMPLEX,,GNEISS/MIGMATITE,,ARCHAEAN-GNEISS-MIGMATITE
1_180_0,238.2281,338.0,247.5,432.0,532.5,434.0,583.0,534.5,562.0,518.0,495.5,76.15773105863909,354,0.0882353,1.1935483870967742,0.8150234741784037,0.6525096525096525,1.3656565656565656,3.518542,-27.32485073681449,-22.768696490589143,4.556154246225344,1,21.71735589852411,79.74816392653156,"{""type"":""MultiPoint"",""coordinates"":[]}",ARCHAEAN,,TIRODI GNEISSIC COMPLEX,,GNEISS/MIGMATITE,,ARCHAEAN-GNEISS-MIGMATITE
1_181_0,180.0,3241.5,2380.0,787.5,1094.0,1512.0,1925.5,2179.5,2401.0,2478.0,2655.5,41.23105625617661,615,0.24210526,1.6388888888888888,1.3820840950639854,1.3081113801452784,1.3619747899159664,0.92740995,-18.08516369495093,-10.843069314730617,7.2420943802203155,1,21.965560411526337,80.46690598535558,"{""type"":""MultiPoint"",""coordinates"":[]}",ARCHAEAN,,TIRODI GNEISSIC COMPLEX,,GNEISS/MIGMATITE,,ARCHAEAN-GNEISS-MIGMATITE
1_182_0,227.13632,1570.0,952.0,507.0,760.0,518.0,807.0,1231.0,1380.0,1385.0,1452.0,70.71067811865476,336,0.45559642,2.6737451737451736,0.6815789473684211,1.1335740072202165,1.649159663865546,2.7248306,-24.35029973939472,-19.08372230969527,5.266577429699449,1,21.86315246913671,79.97939028066392,"{""type"":""MultiPoint"",""coordinates"":[]}",ARCHAEAN,,TIRODI GNEISSIC COMPLEX,,GNEISS/MIGMATITE,,ARCHAEAN-GNEISS-MIGMATITE
1_183_0,47.054485,2152.0,1588.0,761.0,1129.0,1133.0,1444.0,1617.0,1832.0,1809.0,1822.0,14.142135623730953,285,0.22977567,1.5966460723742275,1.003542958370239,1.1896075179657268,1.3551637279596978,4.0771527,-23.646008701647144,-14.880739452018226,8.765269249628918,1,21.449747775384907,79.76648955832759,"{""type"":""MultiPoint"",""coordinates"":[]}",PALAEOPROTEROZOIC,,SAUSAR,CHORBAOLI,QUARTZITE,,PALAEOPROTEROZOIC-QUARTZITE
1_184_0,301.7811,2254.0,1381.0,488.8,655.5,617.3333333333334,1108.0,1638.5,1877.5,2050.0,2242.5,50.0,327,0.5371157,3.3207343412527,0.941774726671752,1.0995121951219513,1.6321506154960177,3.5176322,-15.620276264265422,-8.141501615232967,7.478774649032456,1,21.665612938158823,79.66758504554603,"{""type"":""MultiPoint"",""coordinates"":[]}",ARCHAEAN,,TIRODI GNEISSIC COMPLEX,,GNEISS/MIGMATITE,,ARCHAEAN-GNEISS-MIGMATITE
1_185_0,127.75295,3017.5,2879.5,1045.2857142857142,1330.0,1567.7857142857142,1806.8333333333333,1896.6666666666667,2052.625,2017.0,2123.6666666666665,22.360679774997894,322,0.12531133,1.2865278600391818,1.1787862513426424,1.4960337134357955,1.0479249869769056,7.53068,-14.83764897268627,-4.66947894465357,10.1681700280327,1,21.68366907536963,79.72525688678651,"{""type"":""MultiPoint"",""coordinates"":[]}",PALAEOPROTEROZOIC,,SAUSAR,MANSAR,SCHIST,,PALAEOPROTEROZOIC-SCHIST
1_186_0,312.8994,2806.5,2424.5,1334.5,1552.5,1701.5,2002.6666666666667,2290.833333333333,2445.333333333333,2358.0,2495.5,50.99019513592785,335,0.16171943,1.3858360270349692,1.09597423510467,1.190203562340967,1.157558259434935,1.3622711,-16.66945477624989,-8.78627723187561,7.883177544374279,1,21.68366907536963,79.7319942514174,"{""type"":""MultiPoint"",""coordinates"":[]}",ARCHAEAN,,TIRODI GNEISSIC COMPLEX,,GNEISS/MIGMATITE,,ARCHAEAN-GNEISS-MIGMATITE
1_187_0,312.9027,1432.75,899.5,500.3333333333333,585.0,562.6,859.5,1408.5,1592.5,1776.5,1751.0,14.142135623730953,329,0.5189603,3.157660860291504,0.9617094017094018,0.8065015479876161,1.592829349638688,1.3621867,-15.95311571172968,-9.093874560366764,6.859241151362916,1,21.666960411085007,79.66704605637557,"{""type"":""MultiPoint"",""coordinates"":[]}",ARCHAEAN,,TIRODI GNEISSIC COMPLEX,,GNEISS/MIGMATITE,,ARCHAEAN-GNEISS-MIGMATITE
1_188_0,312.83603,1469.5,711.0,347.5,491.0,400.5,788.0,1634.5,1898.5,1917.5,2182.5,31.6227766016838,444,0.6544435,4.787765293383271,0.8156822810590632,0.7663624511082138,2.0668073136427565,4.0855207,-14.495516530353454,-7.894149797456386,6.601366732897068,1,22.000864202192236,80.23352367454133,"{""type"":""MultiPoint"",""coordinates"":[]}",PALAEOPROTEROZOIC,,SAUSAR,MANSAR,BIOTITE SCHIST,,PALAEOPROTEROZOIC-BIOTITE-SCHIST
1_189_0,-0.0,641.0,455.0,459.0,587.5,525.5,699.0,702.0,747.0,665.0,693.0,53.85164807134504,354,0.11717766,1.2654614652711702,0.894468085106383,0.9639097744360904,1.408791208791209,0.0,-19.664684633234724,-12.910420766095603,6.75426386713912,1,21.717086403938875,79.74870291570203,"{""type"":""MultiPoint"",""coordinates"":[]}",ARCHAEAN,,TIRODI GNEISSIC COMPLEX,,GNEISS/MIGMATITE,,ARCHAEAN-GNEISS-MIGMATITE
1_190_0,319.32004,2749.0,1750.0,631.0,921.0,908.0,1476.0,2390.0,2679.0,2797.0,3038.0,64.03124237432849,289,0.5098516,3.080396475770925,0.985884907709012,0.9828387558097962,1.570857142857143,6.092029,-15.990703736783274,-9.970735653027136,6.0199680837561385,1,21.4489392916292,79.76541157998665,"{""type"":""MultiPoint"",""coordinates"":[]}",PALAEOPROTEROZOIC,,SAUSAR,CHORBAOLI,QUARTZITE,,PALAEOPROTEROZOIC-QUARTZITE
1_191_0,-0.0,3405.583333333333,2523.0,936.25,1228.0,1415.3333333333333,1835.5,2474.0,2768.666666666667,2891.5,3052.5,58.30951894845301,336,0.3427499,2.0429816297691947,1.1525515743756785,1.1777912271600668,1.34981503501123,2.7802885,-17.94289761893125,-11.04361767281691,6.899279946114341,1,21.684747053710574,79.73253324058788,"{""type"":""MultiPoint"",""coordinates"":[]}",ARCHAEAN,,TIRODI GNEISSIC COMPLEX,,GNEISS/MIGMATITE,,ARCHAEAN-GNEISS-MIGMATITE
1_192_0,208.33101,2953.5,2393.5,761.5,1083.0,1396.5,1724.5,2226.5,2459.5,2500.5,2649.0,53.85164807134504,619,0.28329486,1.7905477980665951,1.2894736842105263,1.1811637672465507,1.233966993941926,6.2967434,-17.090327324777824,-7.783235556108771,9.307091768669054,1,21.96717737903775,80.46798396369653,"{""type"":""MultiPoint"",""coordinates"":[]}",ARCHAEAN,,TIRODI GNEISSIC COMPLEX,,GNEISS/MIGMATITE,,ARCHAEAN-GNEISS-MIGMATITE
1_193_0,28.305792,2482.0,1716.0,690.0,931.0,1041.0,1422.0,2037.0,2248.0,2469.0,2430.0,70.71067811865476,307,0.4068376,2.371757925072046,1.1181525241675618,1.0052652895909275,1.4463869463869463,2.105957,-16.164949425872624,-8.607431551946284,7.55751787392634,1,21.81706889506138,80.1648025553062,"{""type"":""MultiPoint"",""coordinates"":[]}",PALAEOPROTEROZOIC,,SAUSAR,MANSAR,PHYLLITE,,PALAEOPROTEROZOIC-PHYLLITE
1_194_0,270.0,2853.5,2587.5,1177.5,1451.75,1596.0,1814.3333333333333,2261.25,2429.5,2480.25,2524.0,53.85164807134504,341,0.21692732,1.5540413533834587,1.099362837954193,1.150488862009878,1.10280193236715,0.9980071,-14.184299626708622,-2.6347317169244904,11.549567909784132,1,21.682052107858212,79.73388071351405,"{""type"":""MultiPoint"",""coordinates"":[]}",ARCHAEAN,,TIRODI GNEISSIC COMPLEX,,GNEISS/MIGMATITE,,ARCHAEAN-GNEISS-MIGMATITE
1_195_0,28.288986,2501.5,1772.5,693.0,925.5,1032.5,1404.0,2056.5,2277.0,2377.5,2570.5,53.85164807134504,357,0.39442816,2.3026634382566584,1.1156131820637494,1.0521556256572029,1.411283497884344,2.1056247,-17.556510490690908,-10.662447733151952,6.894062757538956,1,21.71600842559793,79.7513978615544,"{""type"":""MultiPoint"",""coordinates"":[]}",ARCHAEAN,,TIRODI GNEISSIC COMPLEX,,GNEISS/MIGMATITE,,ARCHAEAN-GNEISS-MIGMATITE
1_196_0,15.034934,1300.0,905.0,618.0,853.0,818.0,1049.0,1175.0,1271.0,1293.0,1342.0,67.0820393249937,286,0.22501184,1.580684596577017,0.958968347010551,1.005413766434648,1.4364640883977902,3.8357248,-15.934696619287823,-9.352335375163994,6.582361244123831,1,21.449208786214434,79.76837602042424,"{""type"":""MultiPoint"",""coordinates"":[]}",PALAEOPROTEROZOIC,,SAUSAR,CHORBAOLI,QUARTZITE,,PALAEOPROTEROZOIC-QUARTZITE
1_197_0,238.181,2449.0,1601.0,629.0,915.0,894.0,1432.0,2370.0,2700.0,2755.0,3019.0,53.85164807134504,290,0.51000273,3.08165548098434,0.9770491803278688,0.8889292196007259,1.5296689569019364,3.5138912,-17.858698331644863,-9.820855253959436,8.037843077685428,1,21.45136474289632,79.76622006374237,"{""type"":""MultiPoint"",""coordinates"":[]}",PALAEOPROTEROZOIC,,SAUSAR,CHORBAOLI,QUARTZITE,,PALAEOPROTEROZOIC-QUARTZITE
1_198_0,191.42188,2344.0,1446.0,543.0,792.0,739.0,1232.0,2001.0,2263.0,2405.0,2542.0,30.0,353,0.5298982,3.2543978349120435,0.933080808080808,0.9746361746361748,1.6210235131396955,14.801392,-14.602483699865036,-8.157030521559712,6.445453178305325,1,21.86449994206289,79.98154623734581,"{""type"":""MultiPoint"",""coordinates"":[]}",ARCHAEAN,,TIRODI GNEISSIC COMPLEX,,GNEISS/MIGMATITE,,ARCHAEAN-GNEISS-MIGMATITE
1_199_0,49.605026,1763.0,945.0,425.0,615.0,514.0,1068.0,2236.0,2647.0,2826.0,2958.0,31.6227766016838,665,0.69221556,5.498054474708171,0.8357723577235773,0.6238499646142959,1.8656084656084655,15.363993,-13.379422954574824,-6.740812132187186,6.638610822387639,1,21.83296907559029,80.36584551589215,"{""type"":""MultiPoint"",""coordinates"":[]}",ARCHAEAN,,TIRODI GNEISSIC COMPLEX,,GNEISS/MIGMATITE,,ARCHAEAN-GNEISS-MIGMATITE
1_200_0,301.7212,1468.0,727.5,380.5,526.5,414.0,818.5,1773.0,2124.0,2233.0,2354.0,41.23105625617661,446,0.68719304,5.393719806763285,0.7863247863247863,0.6574115539632781,2.01786941580756,3.5235655,-14.421661934465252,-8.08197162612191,6.339690308343343,1,21.999786223851288,80.23433215829704,"{""type"":""MultiPoint"",""coordinates"":[]}",PALAEOPROTEROZOIC,,SAUSAR,MANSAR,BIOTITE SCHIST,,PALAEOPROTEROZOIC-BIOTITE-SCHIST
1_201_0,312.89273,2150.0,1287.0,650.0,850.5,790.5,1228.5,1847.0,2020.0,2146.0,2235.5,42.426406871192846,355,0.46160394,2.7147375079063885,0.929453262786596,1.0018639328984156,1.6705516705516703,1.3624417,-19.351591257944342,-11.52569619838368,7.825895059560667,1,21.71735589852411,79.7492419048725,"{""type"":""MultiPoint"",""coordinates"":[]}",ARCHAEAN,,TIRODI GNEISSIC COMPLEX,,GNEISS/MIGMATITE,,ARCHAEAN-GNEISS-MIGMATITE
1_202_0,283.05054,1578.5,746.0,363.0,498.5,386.0,846.0,1697.0,2014.5,2152.0,2274.5,36.05551275463989,444,0.6958235,5.575129533678757,0.7743229689067201,0.733503717472119,2.1159517426273458,8.159175,-16.138790444579193,-9.073617901393291,7.0651725431859,1,21.99924723468082,80.23271519078563,"{""type"":""MultiPoint"",""coordinates"":[]}",PALAEOPROTEROZOIC,,SAUSAR,MANSAR,BIOTITE SCHIST,,PALAEOPROTEROZOIC-BIOTITE-SCHIST
1_203_0,270.0,2690.25,2347.5,1070.25,1326.5,1497.0,1726.5,1939.5,2077.0,2241.5,2262.0,41.23105625617661,337,0.19914404,1.497327989311957,1.1285337353938938,1.2002007584207004,1.146006389776358,1.9954243,-16.433456123762575,-5.346586010571257,11.086870113191315,1,21.68313008619916,79.73226374600264,"{""type"":""MultiPoint"",""coordinates"":[]}",ARCHAEAN,,TIRODI GNEISSIC COMPLEX,,GNEISS/MIGMATITE,,ARCHAEAN-GNEISS-MIGMATITE
1_204_0,-0.0,2450.0,1576.5,645.1666666666666,845.0,862.5,1292.0,2140.0,2387.5,2491.0,2623.0,40.0,335,0.48561203,2.888115942028985,1.0207100591715976,0.9835407466880772,1.5540754836663495,0.0,-13.727217361927416,-8.391655888703225,5.335561473224191,1,21.684477559125337,79.73334172434359,"{""type"":""MultiPoint"",""coordinates"":[]}",ARCHAEAN,,TIRODI GNEISSIC COMPLEX,,GNEISS/MIGMATITE,,ARCHAEAN-GNEISS-MIGMATITE
1_205_0,326.04764,1763.0,926.0,480.0,641.0,557.0,1030.0,2104.0,2549.0,2613.0,2804.0,50.0,639,0.64858043,4.691202872531418,0.8689547581903276,0.6747034060466897,1.9038876889848813,8.873407,-16.112881849970258,-9.26691400404845,6.845967845921807,1,21.83404705393124,80.3677319779888,"{""type"":""MultiPoint"",""coordinates"":[]}",ARCHAEAN,,TIRODI GNEISSIC COMPLEX,,GNEISS/MIGMATITE,,ARCHAEAN-GNEISS-MIGMATITE
1_206_0,144.28922,2745.5,2198.5,855.5,1115.5,1326.5,1666.5,2142.0,2366.5,2359.5,2521.5,67.0820393249937,621,0.2802496,1.7787410478703354,1.1891528462572838,1.1635939817758,1.2488060040937004,3.4227247,-16.76401911608875,-8.224506293580603,8.539512822508147,1,21.967446873622983,80.46501952325893,"{""type"":""MultiPoint"",""coordinates"":[]}",ARCHAEAN,,TIRODI GNEISSIC COMPLEX,,GNEISS/MIGMATITE,,ARCHAEAN-GNEISS-MIGMATITE
1_207_0,124.820694,2533.0,1865.5,563.0,867.5,955.0,1443.0,2202.0,2531.5,2667.0,2759.5,20.0,618,0.47266704,2.7926701570680628,1.100864553314121,0.949756280464942,1.3578129187885286,4.8611975,-15.85105365757755,-7.685026726632596,8.166026930944954,1,21.96609940069681,80.46663649077036,"{""type"":""MultiPoint"",""coordinates"":[]}",ARCHAEAN,,TIRODI GNEISSIC COMPLEX,,GNEISS/MIGMATITE,,ARCHAEAN-GNEISS-MIGMATITE
1_208_0,90.0,2674.5,1636.5,526.625,695.4,693.3333333333334,1198.5,1969.0,2244.0,2376.6666666666665,2602.0,30.0,331,0.5483171,3.427884615384615,0.9970280893490556,1.1253155680224405,1.634280476626948,0.9979014,-15.834273371492731,-8.760674443093038,7.073598928399694,1,21.66669091649977,79.66596807803462,"{""type"":""MultiPoint"",""coordinates"":[]}",ARCHAEAN,,TIRODI GNEISSIC COMPLEX,,GNEISS/MIGMATITE,,ARCHAEAN-GNEISS-MIGMATITE
1_209_0,151.7107,2121.0,1159.0,583.5,825.0,696.5,1235.0,2440.5,2800.5,2876.0,3030.5,60.82762530298219,354,0.61007696,4.129217516152189,0.8442424242424242,0.7374826147426982,1.8300258843830888,2.105631,-16.72533190864473,-9.551968533208768,7.173363375435962,1,21.71816438227982,79.74978089404297,"{""type"":""MultiPoint"",""coordinates"":[]}",ARCHAEAN,,TIRODI GNEISSIC COMPLEX,,GNEISS/MIGMATITE,,ARCHAEAN-GNEISS-MIGMATITE
1_210_0,114.87728,2762.0,2342.5,759.0,1054.0,1312.0,1567.5,2000.0,2120.5,2148.0,2393.0,22.360679774997894,621,0.2416185,1.6371951219512195,1.2447817836812145,1.2858472998137802,1.1790821771611526,6.585139,-15.43072974534002,-5.888776510394324,9.541953234945694,1,21.96609940069681,80.46636699618512,"{""type"":""MultiPoint"",""coordinates"":[]}",ARCHAEAN,,TIRODI GNEISSIC COMPLEX,,GNEISS/MIGMATITE,,ARCHAEAN-GNEISS-MIGMATITE
1_211_0,287.19522,1894.0,991.0,544.0,725.0,675.0,1136.0,1926.0,2263.0,2494.0,2470.0,36.05551275463989,310,0.5739981,3.694814814814815,0.9310344827586208,0.7594226142742582,1.9112008072653883,3.134223,-15.377379824855478,-8.202727224846125,7.1746526000093525,1,21.815990916720438,80.16722800657331,"{""type"":""MultiPoint"",""coordinates"":[]}",PALAEOPROTEROZOIC,,SAUSAR,MANSAR,PHYLLITE,,PALAEOPROTEROZOIC-PHYLLITE
1_212_0,132.87294,1968.0,1090.0,537.0,727.0,702.0,1151.0,1925.0,2220.0,2411.0,2435.0,22.360679774997894,306,0.5489881,3.4344729344729346,0.9656121045392022,0.8162588137702198,1.8055045871559636,1.3629485,-14.797503794167165,-6.909317958745807,7.888185835421358,1,21.816529905890903,80.16615002823237,"{""type"":""MultiPoint"",""coordinates"":[]}",PALAEOPROTEROZOIC,,SAUSAR,MANSAR,PHYLLITE,,PALAEOPROTEROZOIC-PHYLLITE
1_213_0,308.48022,1752.5,946.5,357.0,565.5,468.0,869.0,1869.5,2200.5,2490.0,2418.5,50.99019513592785,657,0.68356997,5.32051282051282,0.8275862068965517,0.7038152610441767,1.8515583729529848,8.871756,-17.995134420786965,-11.085987221701352,6.909147199085613,1,21.97445373283912,80.46528901784417,"{""type"":""MultiPoint"",""coordinates"":[]}",ARCHAEAN,,TIRODI GNEISSIC COMPLEX,,GNEISS/MIGMATITE,,ARCHAEAN-GNEISS-MIGMATITE
1_214_0,28.283634,3095.75,2538.0,1092.3333333333333,1372.0,1549.6666666666667,1913.5,2364.5,2564.0,2622.833333333333,2767.25,22.360679774997894,336,0.2571999,1.6925145192514517,1.1294946550048592,1.1803075554425877,1.2197596532702917,2.105519,-13.86462619774514,-6.682631876894236,7.181994320850903,1,21.683938569954865,79.73307222975835,"{""type"":""MultiPoint"",""coordinates"":[]}",ARCHAEAN,,TIRODI GNEISSIC COMPLEX,,GNEISS/MIGMATITE,,ARCHAEAN-GNEISS-MIGMATITE
1_215_0,340.24738,2092.0,1180.0,515.0,726.0,662.0,1273.0,2545.0,3003.0,3117.0,3278.0,41.23105625617661,681,0.64964277,4.70845921450151,0.9118457300275482,0.6711581649021495,1.7728813559322034,11.66195,-14.005952866168098,-6.790376520937609,7.215576345230489,1,21.832160591834587,80.36638450506261,"{""type"":""MultiPoint"",""coordinates"":[]}",ARCHAEAN,,TIRODI GNEISSIC COMPLEX,,GNEISS/MIGMATITE,,ARCHAEAN-GNEISS-MIGMATITE
1_216_0,261.2065,2188.0,2135.0,1227.0,1188.0,1223.0,1360.0,1454.0,1697.0,1805.0,1774.0,63.24555320336759,314,0.19220607,1.4758789860997548,1.0294612794612794,1.2121883656509695,1.024824355971897,6.0445247,-14.028719858172282,-3.614409935757424,10.41430992241486,1,21.85156420197157,80.22732529908092,"{""type"":""MultiPoint"",""coordinates"":[]}",PALAEOPROTEROZOIC,,SAUSAR,MANSAR,PHYLLITE,,PALAEOPROTEROZOIC-PHYLLITE
1_217_0,276.62543,2322.0,1814.6666666666667,829.0,1027.5,1136.25,1439.8333333333337,1934.75,2123.25,2145.25,2289.5,63.24555320336759,326,0.30748135,1.888008800880088,1.1058394160583942,1.0823913296818553,1.2795738427626744,7.9865866,-17.896463380522086,-11.614105608520902,6.282357772001184,1,21.68501654829581,79.72417890844557,"{""type"":""MultiPoint"",""coordinates"":[]}",ARCHAEAN,,TIRODI GNEISSIC COMPLEX,,GNEISS/MIGMATITE,,ARCHAEAN-GNEISS-MIGMATITE
1_218_0,326.01703,1845.0,873.5,464.5,651.5,530.5,1111.0,2417.5,2808.0,2911.5,3086.5,67.0820393249937,482,0.691749,5.488218661639962,0.8142747505755947,0.633693972179289,2.112192329708071,8.876551,-15.047252673181738,-8.383891111421056,6.6633615617606825,1,21.99843875092511,80.23406266371181,"{""type"":""MultiPoint"",""coordinates"":[]}",PALAEOPROTEROZOIC,,SAUSAR,MANSAR,BIOTITE SCHIST,,PALAEOPROTEROZOIC-BIOTITE-SCHIST
1_219_0,240.90683,3117.0,2718.0,1064.5,1307.0,1511.5,1808.0,2159.5,2323.0,2321.5,2515.5,50.0,620,0.21132272,1.5358914985114125,1.1564651874521803,1.3426663794960154,1.1467991169977925,5.7036157,-17.54428854361167,-6.461085376900832,11.083203166710838,1,21.967716368208222,80.46582800701465,"{""type"":""MultiPoint"",""coordinates"":[]}",ARCHAEAN,,TIRODI GNEISSIC COMPLEX,,GNEISS/MIGMATITE,,ARCHAEAN-GNEISS-MIGMATITE
1_220_0,180.0,2930.6666666666665,2666.2,1181.1666666666667,1448.6666666666667,1744.0,1972.5,2098.0,2151.6666666666665,2121.0,2271.1,40.0,333,0.09754205,1.2161697247706422,1.203865623561896,1.3817381738173815,1.099192358662766,6.464861,-17.99636771370316,-9.060553072504678,8.935814641198483,1,21.683399580784396,79.7236399192751,"{""type"":""MultiPoint"",""coordinates"":[]}",PALAEOPROTEROZOIC,,SAUSAR,MANSAR,SCHIST,,PALAEOPROTEROZOIC-SCHIST
1_221_0,180.0,1125.0,630.0,485.0,722.0,586.0,769.0,993.0,1088.0,902.0,983.0,22.360679774997894,341,0.2123656,1.5392491467576792,0.8116343490304709,1.247228381374723,1.7857142857142858,3.7047918,-24.92529853671049,-19.719963082458,5.205335454252488,1,21.863960952892416,79.98046825900487,"{""type"":""MultiPoint"",""coordinates"":[]}",ARCHAEAN,,TIRODI GNEISSIC COMPLEX,,GNEISS/MIGMATITE,,ARCHAEAN-GNEISS-MIGMATITE
1_222_0,245.10507,1405.0,1268.0,801.0,881.0,965.0,1114.0,1193.0,1231.0,1247.0,1267.0,50.0,313,0.12748644,1.2922279792746114,1.0953461975028378,1.1267040898155574,1.1080441640378549,2.2022135,-17.50867781989601,-9.306799060456246,8.201878759439765,1,21.851025212801098,80.22759479366614,"{""type"":""MultiPoint"",""coordinates"":[]}",PALAEOPROTEROZOIC,,SAUSAR,MANSAR,PHYLLITE,,PALAEOPROTEROZOIC-PHYLLITE
1_223_0,312.86368,1781.0,1124.0,511.0,691.0,635.0,1073.0,2010.0,2329.0,2244.0,2470.0,58.30951894845301,340,0.5588746,3.533858267716536,0.918958031837916,0.7936720142602496,1.584519572953737,1.3631861,-16.16643532365857,-8.969142767736622,7.197292555921946,1,21.86315246913671,79.98154623734581,"{""type"":""MultiPoint"",""coordinates"":[]}",ARCHAEAN,,TIRODI GNEISSIC COMPLEX,,GNEISS/MIGMATITE,,ARCHAEAN-GNEISS-MIGMATITE
1_224_0,57.57922,1685.0,866.0,378.0,519.0,399.0,834.0,1987.0,2474.0,2497.0,2748.0,42.426406871192846,655,0.7244475,6.258145363408521,0.7687861271676301,0.6748097717260713,1.945727482678984,21.430824,-12.287343393406298,-4.854336642760273,7.433006750646024,1,21.83404705393124,80.36584551589215,"{""type"":""MultiPoint"",""coordinates"":[]}",ARCHAEAN,,TIRODI GNEISSIC COMPLEX,,GNEISS/MIGMATITE,,ARCHAEAN-GNEISS-MIGMATITE
1_225_0,354.86505,2768.5,1857.5,573.0,818.5,966.5,1454.0,2188.5,2427.0,2775.5,2823.0,63.24555320336759,666,0.4834313,2.87170201758924,1.180818570555895,0.9974779319041616,1.490444145356662,11.036196,-16.13189134229369,-9.688429081323688,6.443462260970003,1,21.975801205765297,80.46609750159988,"{""type"":""MultiPoint"",""coordinates"":[]}",ARCHAEAN,,TIRODI GNEISSIC COMPLEX,,GNEISS/MIGMATITE,,ARCHAEAN-GNEISS-MIGMATITE
1_226_0,227.12706,1736.0,999.0,483.0,654.0,594.0,1064.0,1746.0,1960.0,2146.0,2212.0,10.0,307,0.56642336,3.612794612794613,0.908256880733945,0.8089468779123952,1.7377377377377377,4.082693,-15.03284087921188,-8.55641734373113,6.476423535480748,1,21.816799400476143,80.1664195228176,"{""type"":""MultiPoint"",""coordinates"":[]}",PALAEOPROTEROZOIC,,SAUSAR,MANSAR,PHYLLITE,,PALAEOPROTEROZOIC-PHYLLITE
1_227_0,294.89316,1074.0,738.0,563.0,725.0,579.0,740.0,1010.0,1118.0,911.0,990.0,60.82762530298219,336,0.22281879,1.5734024179620034,0.7986206896551724,1.1789242590559823,1.4552845528455285,2.2023613,-26.54381491825456,-17.231030535449673,9.312784382804884,1,21.862882974551475,79.98046825900487,"{""type"":""MultiPoint"",""coordinates"":[]}",ARCHAEAN,,TIRODI GNEISSIC COMPLEX,,GNEISS/MIGMATITE,,ARCHAEAN-GNEISS-MIGMATITE
1_228_0,335.196,2645.5,1727.5,537.5,756.0,850.5,1283.0,1934.0,2240.5,2378.5,2532.5,53.85164807134504,671,0.47321153,2.7965902410346857,1.125,1.112255623291991,1.5314037626628074,7.1154375,-16.777113668514936,-10.623565642106271,6.153548026408664,1,21.97553171118006,80.46609750159988,"{""type"":""MultiPoint"",""coordinates"":[]}",ARCHAEAN,,TIRODI GNEISSIC COMPLEX,,GNEISS/MIGMATITE,,ARCHAEAN-GNEISS-MIGMATITE
1_229_0,132.84267,3564.0,2471.0,668.5,943.0,1199.5,1733.0,2328.5,2587.5,2663.5,2793.0,56.56854249492381,621,0.37898007,2.2205085452271778,1.2720042417815485,1.338088980664539,1.442331040064751,1.3637247,-18.14316453100888,-11.103262121084136,7.039902409924743,1,21.967716368208222,80.4677144691113,"{""type"":""MultiPoint"",""coordinates"":[]}",ARCHAEAN,,TIRODI GNEISSIC COMPLEX,,GNEISS/MIGMATITE,,ARCHAEAN-GNEISS-MIGMATITE
1_230_0,132.89963,3069.0,2824.25,1158.0,1414.25,1629.6666666666667,1944.5,2110.25,2250.0,2272.5,2402.0,67.0820393249937,340,0.16473754,1.39445694416036,1.1523186612456544,1.3504950495049506,1.0866601752677705,1.3622655,-19.920335053815258,-6.467926986746759,13.452408067068498,1,21.682591097028688,79.734958691855,"{""type"":""MultiPoint"",""coordinates"":[]}",ARCHAEAN,,TIRODI GNEISSIC COMPLEX,,GNEISS/MIGMATITE,,ARCHAEAN-GNEISS-MIGMATITE
1_231_0,344.90997,1483.5,700.5,388.5,516.5,435.5,811.5,1618.5,1934.0,2182.0,2160.5,31.6227766016838,443,0.6672397,5.010332950631458,0.8431752178121975,0.6798808432630614,2.1177730192719486,3.8367147,-14.56199677985305,-7.649027575004615,6.912969204848436,1,22.00032521302176,80.23244569620039,"{""type"":""MultiPoint"",""coordinates"":[]}",PALAEOPROTEROZOIC,,SAUSAR,MANSAR,BIOTITE SCHIST,,PALAEOPROTEROZOIC-BIOTITE-SCHIST
1_232_0,348.58054,1835.0,940.0,469.0,600.0,540.0,1021.0,2061.0,2495.0,2393.0,2804.0,10.0,654,0.63177633,4.431481481481481,0.9,0.7668198913497701,1.952127659574468,14.8012705,-15.8904632740296,-9.527985689009036,6.362477585020564,1,21.83323857017553,80.36638450506261,"{""type"":""MultiPoint"",""coordinates"":[]}",ARCHAEAN,,TIRODI GNEISSIC COMPLEX,,GNEISS/MIGMATITE,,ARCHAEAN-GNEISS-MIGMATITE
1_233_0,351.241,1639.0,815.5,412.5,572.5,477.0,905.0,1890.5,2229.5,2331.0,2449.0,58.30951894845301,454,0.6602564,4.886792452830188,0.8331877729257642,0.7031317031317031,2.009809932556714,12.91483,-15.433735572857596,-8.411155132025966,7.02258044083163,1,21.99924723468082,80.23460165288228,"{""type"":""MultiPoint"",""coordinates"":[]}",PALAEOPROTEROZOIC,,SAUSAR,MANSAR,BIOTITE SCHIST,,PALAEOPROTEROZOIC-BIOTITE-SCHIST
1_234_0,57.273247,1891.0,1037.0,450.0,608.0,532.0,1012.0,2128.0,2512.0,2844.0,2856.0,30.0,659,0.6848341,5.345864661654136,0.875,0.6649085794655415,1.8235294117647056,15.081812,-13.475444191568062,-6.912655025836889,6.562789165731173,1,21.83323857017553,80.36584551589215,"{""type"":""MultiPoint"",""coordinates"":[]}",ARCHAEAN,,TIRODI GNEISSIC COMPLEX,,GNEISS/MIGMATITE,,ARCHAEAN-GNEISS-MIGMATITE
1_235_0,65.07943,2828.5,2206.0,812.875,1021.1666666666669,1091.5,1409.2083333333337,1883.0,2152.75,2355.5,2477.0,14.142135623730953,341,0.36669567,2.1580393953275308,1.0688754692345357,1.2008066227977074,1.2821849501359928,2.200095,-15.807660343402253,-10.380463463157456,5.427196880244795,1,21.68313008619916,79.73361121892881,"{""type"":""MultiPoint"",""coordinates"":[]}",ARCHAEAN,,TIRODI GNEISSIC COMPLEX,,GNEISS/MIGMATITE,,ARCHAEAN-GNEISS-MIGMATITE
1_236_0,103.07992,2662.0,1627.0,510.7,696.3333333333334,686.3333333333334,1148.5,1831.0,2077.166666666667,2226.6,2294.5,44.7213595499958,331,0.52876824,3.244196211753278,0.9856390617520344,1.1955447767897245,1.636140135218193,4.091355,-14.558066560561011,-6.731380132402048,7.826686428158963,1,21.6661519273293,79.66569858344938,"{""type"":""MultiPoint"",""coordinates"":[]}",ARCHAEAN,,TIRODI GNEISSIC COMPLEX,,GNEISS/MIGMATITE,,ARCHAEAN-GNEISS-MIGMATITE
1_237_0,297.9405,1035.0,817.0,608.0,678.0,652.0,796.0,1007.0,1007.0,930.0,1010.0,60.0,318,0.17572694,1.4263803680981595,0.9616519174041298,1.1129032258064515,1.266829865361077,7.8680615,-11.196752397465742,-4.628906195105757,6.567846202359985,1,21.849947234460156,80.22840327742185,"{""type"":""MultiPoint"",""coordinates"":[]}",PALAEOPROTEROZOIC,,SAUSAR,MANSAR,PHYLLITE,,PALAEOPROTEROZOIC-PHYLLITE
1_238_0,132.92943,2885.5,2449.0,1060.5,1245.0,1446.5,1704.0,2027.5,2190.5,2232.0,2318.5,63.24555320336759,280,0.21353813,1.5430349118562046,1.1618473895582329,1.2927867383512546,1.1782360146998776,1.3615041,-15.666481317687612,-3.441364263997755,12.225117053689855,1,21.531674129296608,79.982893710272,"{""type"":""MultiPoint"",""coordinates"":[]}",ARCHAEAN,,TIRODI GNEISSIC COMPLEX,,GNEISS/MIGMATITE,,ARCHAEAN-GNEISS-MIGMATITE
1_239_0,35.613045,2267.0,1276.0,543.0,807.0,759.0,1351.0,2394.0,2772.0,2932.0,3129.0,30.0,289,0.5887293,3.862977602108037,0.9405204460966544,0.7731923601637107,1.7766457680250785,3.4185474,-14.708722814056909,-9.12074105504601,5.5879817590109,1,21.449208786214434,79.76675905291283,"{""type"":""MultiPoint"",""coordinates"":[]}",PALAEOPROTEROZOIC,,SAUSAR,CHORBAOLI,QUARTZITE,,PALAEOPROTEROZOIC-QUARTZITE
1_240_0,191.42188,2344.0,1446.0,543.0,792.0,739.0,1232.0,2001.0,2263.0,2405.0,2542.0,30.0,353,0.5298982,3.2543978349120435,0.933080808080808,0.9746361746361748,1.6210235131396955,14.801392,-14.602483699865036,-8.157030521559712,6.445453178305325,1,21.86449994206289,79.98154623734581,"{""type"":""MultiPoint"",""coordinates"":[]}",ARCHAEAN,,TIRODI GNEISSIC COMPLEX,,GNEISS/MIGMATITE,,ARCHAEAN-GNEISS-MIGMATITE
1_241_0,270.0,1928.6666666666667,1112.0,457.8,629.6,560.6,996.5,1767.5,1949.5,2045.6666666666663,2206.75,58.30951894845301,328,0.5698061,3.649066476394339,0.8904066073697586,0.9428059312367608,1.734412470023981,1.9951862,-14.67681861536246,-8.143498252392575,6.533320362969883,1,21.665882432744063,79.66812403471651,"{""type"":""MultiPoint"",""coordinates"":[]}",ARCHAEAN,,TIRODI GNEISSIC COMPLEX,,GNEISS/MIGMATITE,,ARCHAEAN-GNEISS-MIGMATITE
1_242_0,107.1896,2003.0,954.0,538.0,746.0,651.0,1229.0,2117.0,2375.0,2510.0,2652.0,64.03124237432849,388,0.588105,3.855606758832565,0.8726541554959786,0.7980079681274901,2.09958071278826,3.135216,-14.36954707458057,-7.971350431362487,6.398196643218083,1,21.86584741498907,79.98181573193105,"{""type"":""MultiPoint"",""coordinates"":[]}",ARCHAEAN,,TIRODI GNEISSIC COMPLEX,,GNEISS/MIGMATITE,,ARCHAEAN-GNEISS-MIGMATITE
1_243_0,47.100586,2711.0,2263.0,944.3333333333331,1116.6666666666663,1268.6666666666667,1511.0,2016.0,2245.6666666666665,2216.333333333333,2449.166666666667,70.71067811865476,340,0.2719273,1.7469784550709406,1.1361194029850747,1.2231914573620093,1.197967300044189,1.3622711,-14.259216482483026,-4.410790800118315,9.848425682364711,1,21.68366907536963,79.73522818644024,"{""type"":""MultiPoint"",""coordinates"":[]}",ARCHAEAN,,TIRODI GNEISSIC COMPLEX,,GNEISS/MIGMATITE,,ARCHAEAN-GNEISS-MIGMATITE
1_244_0,151.6865,2262.0,1560.0,681.0,782.0,724.0,1216.0,1874.0,1940.0,1926.0,1990.0,58.30951894845301,338,0.4535849,2.660220994475138,0.9258312020460358,1.1744548286604362,1.45,4.206543,-23.2651669021735,-17.032509849436124,6.232657052737377,1,21.86315246913671,79.9799292698344,"{""type"":""MultiPoint"",""coordinates"":[]}",ARCHAEAN,,TIRODI GNEISSIC COMPLEX,,GNEISS/MIGMATITE,,ARCHAEAN-GNEISS-MIGMATITE
1_245_0,195.08995,1534.0,722.5,360.5,469.0,368.0,812.5,1674.5,2016.0,2086.0,2217.0,53.85164807134504,438,0.7000815,5.668478260869565,0.7846481876332623,0.7353787152444871,2.1231833910034603,3.8367133,-15.010504392563572,-7.4308626729623235,7.579641719601248,1,21.99951672926605,80.23190670702992,"{""type"":""MultiPoint"",""coordinates"":[]}",PALAEOPROTEROZOIC,,SAUSAR,MANSAR,BIOTITE SCHIST,,PALAEOPROTEROZOIC-BIOTITE-SCHIST
1_246_0,180.0,2298.5,1564.5,703.0,902.5,944.0,1371.0,2260.5,2622.0,2633.0,2897.0,20.0,276,0.4721834,2.789194915254237,1.045983379501385,0.8729586023547284,1.4691594758708852,1.8543341,-16.71199855482202,-10.07779554707074,6.63420300775128,1,21.53329109680802,79.982893710272,"{""type"":""MultiPoint"",""coordinates"":[]}",ARCHAEAN,,TIRODI GNEISSIC COMPLEX,,GNEISS/MIGMATITE,,ARCHAEAN-GNEISS-MIGMATITE
1_247_0,327.85468,1655.0,864.0,443.0,622.0,478.0,975.0,2074.0,2434.0,2521.0,2704.0,60.82762530298219,696,0.6812271,5.2740585774058575,0.7684887459807074,0.6564855216184053,1.9155092592592595,12.921396,-15.258858099635251,-8.538372988043177,6.720485111592074,1,21.831621602664114,80.36692349423308,"{""type"":""MultiPoint"",""coordinates"":[]}",ARCHAEAN,,TIRODI GNEISSIC COMPLEX,,GNEISS/MIGMATITE,,ARCHAEAN-GNEISS-MIGMATITE
1_248_0,199.73811,2593.0,1677.0,673.0,903.0,875.5,1347.0,2351.5,2575.0,2605.5,2836.5,60.82762530298219,354,0.49698362,2.9760137064534558,0.969545957918051,0.9952024563423528,1.546213476446035,2.9535398,-17.1309543491913,-11.287458399141016,5.843495950050283,1,21.71816438227982,79.75031988321345,"{""type"":""MultiPoint"",""coordinates"":[]}",ARCHAEAN,,TIRODI GNEISSIC COMPLEX,,GNEISS/MIGMATITE,,ARCHAEAN-GNEISS-MIGMATITE
1_249_0,270.0,2510.0,1622.0,702.5,903.0,971.5,1323.5,1933.0,2141.0,2287.0,2358.5,50.0,354,0.40371338,2.354091610910962,1.075858250276855,1.0975076519457805,1.5474722564734895,0.99824005,-18.191651536553547,-10.895872445587738,7.295779090965809,1,21.715469436427465,79.7492419048725,"{""type"":""MultiPoint"",""coordinates"":[]}",ARCHAEAN,,TIRODI GNEISSIC COMPLEX,,GNEISS/MIGMATITE,,ARCHAEAN-GNEISS-MIGMATITE
1_250_0,270.0,1551.0,816.5,370.0,526.0,407.0,842.0,1789.0,2162.5,2318.5,2440.0,22.360679774997894,445,0.7013392,5.696560196560196,0.7737642585551331,0.6689670045287902,1.8995713410900184,1.0002335,-13.953241801165852,-7.128201924946232,6.82503987621962,1,22.000594707607,80.23352367454133,"{""type"":""MultiPoint"",""coordinates"":[]}",PALAEOPROTEROZOIC,,SAUSAR,MANSAR,BIOTITE SCHIST,,PALAEOPROTEROZOIC-BIOTITE-SCHIST
1_251_0,277.54648,2443.5,1565.5,487.0,693.5,744.5,1164.0,1981.0,2248.0,2506.5,2625.5,44.7213595499958,673,0.54198706,3.366689053055742,1.0735400144196108,0.9748653500897666,1.5608431810923027,7.0268245,-15.945661658684626,-9.718353229486077,6.227308429198551,1,21.975262216594825,80.46609750159988,"{""type"":""MultiPoint"",""coordinates"":[]}",ARCHAEAN,,TIRODI GNEISSIC COMPLEX,,GNEISS/MIGMATITE,,ARCHAEAN-GNEISS-MIGMATITE
1_252_0,132.89963,2927.0,2407.8,1164.8,1392.25,1645.5,1935.2,2284.5,2478.75,2501.8,2594.25,58.30951894845301,324,0.20647168,1.5203889395320571,1.1818998024780032,1.1699576305060355,1.2156325276185729,1.3622655,-20.577146839922783,-13.78391831701699,6.7932285229057925,1,21.682591097028688,79.72337042468986,"{""type"":""MultiPoint"",""coordinates"":[]}",PALAEOPROTEROZOIC,,SAUSAR,MANSAR,SCHIST,,PALAEOPROTEROZOIC-SCHIST
1_253_0,208.28899,3094.0,2182.5,752.0,997.5,1131.5,1500.5,2201.0,2439.5,2527.5,2717.5,28.284271247461906,355,0.381525,2.23376049491825,1.1343358395989975,1.2241345202769536,1.4176403207331043,2.1056247,-18.05752548189101,-11.504212249565606,6.553313232325406,1,21.71600842559793,79.74951139945773,"{""type"":""MultiPoint"",""coordinates"":[]}",ARCHAEAN,,TIRODI GNEISSIC COMPLEX,,GNEISS/MIGMATITE,,ARCHAEAN-GNEISS-MIGMATITE
1_254_0,47.054375,2192.0,1218.0,533.0,805.0,713.0,1314.0,2262.0,2696.0,2796.0,3029.0,31.6227766016838,290,0.5936164,3.9214586255259465,0.8857142857142857,0.7839771101573677,1.799671592775041,2.7206469,-15.873217381618591,-8.575327861059176,7.297889520559416,1,21.449208786214434,79.76648955832759,"{""type"":""MultiPoint"",""coordinates"":[]}",PALAEOPROTEROZOIC,,SAUSAR,CHORBAOLI,QUARTZITE,,PALAEOPROTEROZOIC-QUARTZITE
1_255_0,270.0,2757.5,1886.0,651.0,918.0,954.0,1432.0,2181.0,2454.5,2542.0,2737.0,58.30951894845301,275,0.4542334,2.6645702306079664,1.03921568627451,1.0847757671125098,1.4620890774125133,1.9933426,-18.042383688541296,-10.97214613211111,7.070237556430186,1,21.531943623881844,79.98424118319817,"{""type"":""MultiPoint"",""coordinates"":[]}",ARCHAEAN,,TIRODI GNEISSIC COMPLEX,,GNEISS/MIGMATITE,,ARCHAEAN-GNEISS-MIGMATITE
1_256_0,191.42188,2344.0,1446.0,543.0,792.0,739.0,1232.0,2001.0,2263.0,2405.0,2542.0,30.0,353,0.5298982,3.2543978349120435,0.933080808080808,0.9746361746361748,1.6210235131396955,14.801392,-14.602483699865036,-8.157030521559712,6.445453178305325,1,21.86449994206289,79.98154623734581,"{""type"":""MultiPoint"",""coordinates"":[]}",ARCHAEAN,,TIRODI GNEISSIC COMPLEX,,GNEISS/MIGMATITE,,ARCHAEAN-GNEISS-MIGMATITE
1_257_0,132.89925,2177.5,1863.75,684.0,832.8333333333333,930.0,1261.5,1556.0,1748.75,1618.5,1880.5,44.7213595499958,332,0.27015892,1.7403225806451612,1.1166700020012008,1.3453815261044175,1.1683433936955063,4.0806823,-16.217190821784502,-6.974265425658035,9.242925396126466,1,21.684477559125337,79.72525688678651,"{""type"":""MultiPoint"",""coordinates"":[]}",PALAEOPROTEROZOIC,,SAUSAR,MANSAR,SCHIST,,PALAEOPROTEROZOIC-SCHIST
1_258_0,256.9012,3341.0,2433.0,746.0,1071.0,1110.0,1625.0,2203.0,2468.0,2491.0,2690.0,60.82762530298219,287,0.38350457,2.244144144144144,1.0364145658263306,1.3412284223203532,1.3732018084669133,4.085587,-18.942518391687628,-12.27380591786645,6.668712473821177,1,21.449747775384907,79.76514208540142,"{""type"":""MultiPoint"",""coordinates"":[]}",PALAEOPROTEROZOIC,,SAUSAR,CHORBAOLI,QUARTZITE,,PALAEOPROTEROZOIC-QUARTZITE
1_259_0,262.9371,2798.25,2269.083333333333,1114.888888888889,1367.375,1614.5,1931.0,2095.5,2203.833333333333,2139.333333333333,2257.0,53.85164807134504,325,0.13981263,1.32507484257252,1.180729499954292,1.308000934870676,1.2332072422784532,14.75137,-22.3063732067624,-14.308904561719388,7.997468645043014,1,21.68286059161392,79.72606537054222,"{""type"":""MultiPoint"",""coordinates"":[]}",PALAEOPROTEROZOIC,,SAUSAR,MANSAR,SCHIST,,PALAEOPROTEROZOIC-SCHIST
1_260_0,114.87719,2842.0,2072.0,621.5,904.5,1088.0,1496.0,2078.0,2355.0,2347.0,2560.5,40.0,612,0.36652112,2.157169117647059,1.2028745163073522,1.2109075415423944,1.3716216216216215,4.4008646,-16.968029117885028,-9.615863317470396,7.352165800414632,1,21.96663838986728,80.4677144691113,"{""type"":""MultiPoint"",""coordinates"":[]}",ARCHAEAN,,TIRODI GNEISSIC COMPLEX,,GNEISS/MIGMATITE,,ARCHAEAN-GNEISS-MIGMATITE
1_261_0,227.09712,2415.0,1440.5,487.6,670.5,637.75,1159.0,1779.0,2097.0,2244.0,2397.333333333333,53.85164807134504,328,0.557387,3.518620148961192,0.9511558538404176,1.0762032085561497,1.6765012148559528,1.3621824,-15.537129548379076,-10.138388034734758,5.398741513644319,1,21.6661519273293,79.66812403471651,"{""type"":""MultiPoint"",""coordinates"":[]}",ARCHAEAN,,TIRODI GNEISSIC COMPLEX,,GNEISS/MIGMATITE,,ARCHAEAN-GNEISS-MIGMATITE
1_262_0,-0.0,2883.0,2111.5,778.0,1032.8333333333337,1125.0,1529.125,2209.0,2398.25,2557.166666666667,2650.5,42.426406871192846,337,0.3889467,2.2730370370370374,1.089236727448765,1.1274196702079122,1.365380061567606,0.0,-16.93648800392528,-9.524640493156282,7.4118475107689985,1,21.6842080645401,79.73253324058788,"{""type"":""MultiPoint"",""coordinates"":[]}",ARCHAEAN,,TIRODI GNEISSIC COMPLEX,,GNEISS/MIGMATITE,,ARCHAEAN-GNEISS-MIGMATITE
1_263_0,90.0,1461.0,710.0,451.0,590.0,500.0,904.0,1737.0,2005.0,2243.0,2296.0,30.0,308,0.63543564,4.486,0.847457627118644,0.6513597860008916,2.05774647887324,1.9972801,-13.148228677874563,-6.764686579755885,6.383542098118678,1,21.816799400476143,80.16588053364714,"{""type"":""MultiPoint"",""coordinates"":[]}",PALAEOPROTEROZOIC,,SAUSAR,MANSAR,PHYLLITE,,PALAEOPROTEROZOIC-PHYLLITE
1_264_0,19.704397,323.0,222.0,468.0,624.0,515.0,566.0,457.0,456.0,393.0,377.0,50.99019513592785,281,-0.13436124,0.7631067961165049,0.8253205128205128,0.821882951653944,1.454954954954955,2.9529178,-27.383312633349966,-21.587510006435355,5.795802626914611,1,21.449747775384907,79.76810652583902,"{""type"":""MultiPoint"",""coordinates"":[]}",PALAEOPROTEROZOIC,,SAUSAR,CHORBAOLI,QUARTZITE,,PALAEOPROTEROZOIC-QUARTZITE
1_265_0,124.91682,2932.0,2103.0,715.0,996.0,1073.0,1490.0,2004.0,2212.0,2273.0,2471.0,50.0,287,0.35863718,2.118359739049394,1.0773092369477912,1.289925208974923,1.3941987636709463,9.63062,-23.918690311486568,-14.421355323567822,9.497334987918746,1,21.45136474289632,79.76675905291283,"{""type"":""MultiPoint"",""coordinates"":[]}",PALAEOPROTEROZOIC,,SAUSAR,CHORBAOLI,QUARTZITE,,PALAEOPROTEROZOIC-QUARTZITE
1_266_0,157.48956,2007.0,1182.0,453.0,710.0,637.0,1160.0,1940.0,2224.0,2318.0,2534.0,41.23105625617661,360,0.5688663,3.638932496075353,0.8971830985915493,0.865832614322692,1.6979695431472082,12.832821,-13.510404009718652,-7.697973270250765,5.812430739467887,1,21.864769436648125,79.98181573193105,"{""type"":""MultiPoint"",""coordinates"":[]}",ARCHAEAN,,TIRODI GNEISSIC COMPLEX,,GNEISS/MIGMATITE,,ARCHAEAN-GNEISS-MIGMATITE
1_267_0,340.226,1636.5,793.0,396.5,543.0,448.5,863.0,1725.5,2021.5,2189.5,2266.5,58.30951894845301,436,0.6599697,4.8818283166109255,0.8259668508287292,0.7474309203014387,2.0636822194199245,2.954203,-14.270904773829203,-7.462133889766838,6.808770884062367,1,21.99924723468082,80.23190670702992,"{""type"":""MultiPoint"",""coordinates"":[]}",PALAEOPROTEROZOIC,,SAUSAR,MANSAR,BIOTITE SCHIST,,PALAEOPROTEROZOIC-BIOTITE-SCHIST
1_268_0,-0.0,2512.0,1570.0,527.6666666666666,658.4,685.5,1129.0,1603.25,1865.6666666666667,1981.25,2164.25,50.99019513592785,326,0.48589107,2.890226112326769,1.0411603888213852,1.2678864353312302,1.6,1.8543341,-15.361260961971654,-9.145136327523067,6.216124634448587,1,21.66534344357359,79.66704605637557,"{""type"":""MultiPoint"",""coordinates"":[]}",ARCHAEAN,,TIRODI GNEISSIC COMPLEX,,GNEISS/MIGMATITE,,ARCHAEAN-GNEISS-MIGMATITE
1_269_0,233.40791,1908.0,964.0,519.0,708.0,616.0,1182.0,2116.0,2369.0,2467.0,2629.0,22.360679774997894,359,0.60038924,4.00487012987013,0.8700564971751412,0.7734089987839481,1.979253112033195,6.199277,-15.558705170825377,-9.871268060951882,5.687437109873493,1,21.86503893123336,79.98046825900487,"{""type"":""MultiPoint"",""coordinates"":[]}",ARCHAEAN,,TIRODI GNEISSIC COMPLEX,,GNEISS/MIGMATITE,,ARCHAEAN-GNEISS-MIGMATITE
1_270_0,180.0,2310.0,1397.5,616.0,883.5,773.0,1312.5,2424.0,2773.0,2891.5,3028.0,60.0,354,0.57811433,3.740620957309185,0.8749292586304471,0.798893307971641,1.652951699463327,1.8543341,-17.471079847661965,-10.680540474274192,6.790539373387773,1,21.71816438227982,79.75005038862821,"{""type"":""MultiPoint"",""coordinates"":[]}",ARCHAEAN,,TIRODI GNEISSIC COMPLEX,,GNEISS/MIGMATITE,,ARCHAEAN-GNEISS-MIGMATITE
1_271_0,160.24327,2239.0,1364.0,502.0,739.0,620.0,1160.0,2259.0,2541.0,2583.0,2637.0,70.0,343,0.61286294,4.166129032258064,0.8389715832205683,0.8668215253581107,1.6414956011730206,2.9538836,-16.205397594959216,-9.412205655631382,6.7931919393278335,1,21.86449994206289,79.97885129149346,"{""type"":""MultiPoint"",""coordinates"":[]}",ARCHAEAN,,TIRODI GNEISSIC COMPLEX,,GNEISS/MIGMATITE,,ARCHAEAN-GNEISS-MIGMATITE
1_272_0,270.0,2035.0,1348.0,628.0,832.0,834.0,1238.0,2036.0,2353.0,2506.5,2525.5,58.30951894845301,276,0.50067353,3.0053956834532376,1.0024038461538465,0.8118890883702374,1.5096439169139466,0.99698824,-15.78308847794716,-7.977844693762698,7.805243784184462,1,21.53409958056373,79.98478017236864,"{""type"":""MultiPoint"",""coordinates"":[]}",ARCHAEAN,,TIRODI GNEISSIC COMPLEX,,GNEISS/MIGMATITE,,ARCHAEAN-GNEISS-MIGMATITE
1_273_0,331.71082,3148.0,2252.5,820.5,1049.5,1247.5,1651.0,2153.5,2414.5,2524.0,2668.0,22.360679774997894,356,0.3384595,2.023246492985972,1.1886612672701289,1.2472266244057053,1.397558268590455,4.2055845,-16.96345679678486,-11.372571308415765,5.590885488369096,1,21.717086403938875,79.74978089404297,"{""type"":""MultiPoint"",""coordinates"":[]}",ARCHAEAN,,TIRODI GNEISSIC COMPLEX,,GNEISS/MIGMATITE,,ARCHAEAN-GNEISS-MIGMATITE
1_274_0,355.0686,1729.0,841.5,454.5,657.0,520.0,992.0,2121.0,2445.0,2745.5,2766.0,56.56854249492381,464,0.6815189,5.279807692307692,0.791476407914764,0.629757785467128,2.054664289958408,22.106884,-15.389713881190314,-8.850315281157854,6.53939860003246,1,21.998977740095583,80.23433215829704,"{""type"":""MultiPoint"",""coordinates"":[]}",PALAEOPROTEROZOIC,,SAUSAR,MANSAR,BIOTITE SCHIST,,PALAEOPROTEROZOIC-BIOTITE-SCHIST
1_275_0,35.62868,1979.5,1242.5,701.0,947.5,920.5,1356.5,2132.5,2411.0,2502.5,2608.5,41.23105625617661,277,0.46216768,2.7186311787072244,0.9715039577836412,0.791008991008991,1.593158953722334,3.4192142,-17.14883034362915,-9.359594677145944,7.789235666483206,1,21.533021602222785,79.98235472110152,"{""type"":""MultiPoint"",""coordinates"":[]}",ARCHAEAN,,TIRODI GNEISSIC COMPLEX,,GNEISS/MIGMATITE,,ARCHAEAN-GNEISS-MIGMATITE
1_276_0,331.71948,2583.5,1643.0,544.6666666666667,689.0,653.5,1142.5,1675.0,1879.0,2054.6666666666665,2194.0,60.82762530298219,327,0.51738566,3.144095893904616,0.9484760522496372,1.2573815704088256,1.5724284844796104,2.105457,-15.195560907534658,-7.645334734316744,7.550226173217913,1,21.665073948988358,79.66704605637557,"{""type"":""MultiPoint"",""coordinates"":[]}",ARCHAEAN,,TIRODI GNEISSIC COMPLEX,,GNEISS/MIGMATITE,,ARCHAEAN-GNEISS-MIGMATITE
1_277_0,164.91269,1920.0,1252.0,381.0,606.0,551.5,962.0,1724.0,2079.0,2127.5,2326.5,31.6227766016838,660,0.5882792,3.85766092475068,0.91006600660066,0.9024676850763808,1.5335463258785942,11.375375,-13.414892537258726,-6.868932103133208,6.545960434125519,1,21.97337575449817,80.46636699618512,"{""type"":""MultiPoint"",""coordinates"":[]}",PALAEOPROTEROZOIC,,SAUSAR,MANSAR,GONDITE/MANGANESE ORE,,PALAEOPROTEROZOIC-GONDITE-MANGANESE-ORE
1_278_0,210.44409,2270.0,1482.0,529.0,729.0,762.0,1266.0,2028.0,2333.0,2423.0,2610.0,10.0,348,0.5215071,3.179790026246719,1.045267489711934,0.9368551382583574,1.531713900134953,11.66993,-13.338922657996363,-7.091702389669616,6.247220268326747,1,21.86449994206289,79.98046825900487,"{""type"":""MultiPoint"",""coordinates"":[]}",ARCHAEAN,,TIRODI GNEISSIC COMPLEX,,GNEISS/MIGMATITE,,ARCHAEAN-GNEISS-MIGMATITE
1_279_0,273.79257,2154.0,1106.0,573.0,802.0,654.0,1302.0,2335.0,2649.0,2806.0,2995.0,60.0,371,0.6219653,4.290519877675841,0.8154613466334164,0.7676407697790449,1.9475587703435804,13.751873,-16.76444786928269,-10.169210501315476,6.595237367967215,1,21.866116909574306,79.9807377535901,"{""type"":""MultiPoint"",""coordinates"":[]}",ARCHAEAN,,TIRODI GNEISSIC COMPLEX,,GNEISS/MIGMATITE,,ARCHAEAN-GNEISS-MIGMATITE
1_280_0,151.71922,1913.5,1196.5,517.5,643.6666666666666,642.0,1044.5,1610.0,1848.1666666666663,1941.5,2156.0,0.0,329,0.5029998,3.0241433021806854,0.9974106680476438,0.985578161215555,1.5992478061011284,2.1054626,-16.556840569214565,-10.685631193980496,5.871209375234068,1,21.66669091649977,79.66677656179033,"{""type"":""MultiPoint"",""coordinates"":[]}",ARCHAEAN,,TIRODI GNEISSIC COMPLEX,,GNEISS/MIGMATITE,,ARCHAEAN-GNEISS-MIGMATITE
1_281_0,294.895,1546.0,1298.0,763.0,861.0,847.0,1110.0,1457.0,1572.0,1651.0,1602.0,30.0,310,0.32185748,1.949232585596222,0.983739837398374,0.9364021804966688,1.1910631741140216,2.20221,-13.99514157726004,-4.693571070951707,9.301570506308332,1,21.85075571821586,80.22678630991044,"{""type"":""MultiPoint"",""coordinates"":[]}",PALAEOPROTEROZOIC,,SAUSAR,MANSAR,PHYLLITE,,PALAEOPROTEROZOIC-PHYLLITE
1_282_0,270.0,445.0,277.0,613.0,733.0,587.0,769.0,955.0,994.0,810.0,814.0,60.82762530298219,337,0.15962778,1.3798977853492334,0.800818553888131,0.5493827160493827,1.6064981949458483,1.997924,-26.227272594043004,-19.44305725836616,6.784215335676844,1,21.862882974551475,79.98100724817533,"{""type"":""MultiPoint"",""coordinates"":[]}",ARCHAEAN,,TIRODI GNEISSIC COMPLEX,,GNEISS/MIGMATITE,,ARCHAEAN-GNEISS-MIGMATITE
1_283_0,172.32906,2057.0,1217.0,502.0,760.0,728.0,1157.0,1965.0,2254.0,2398.0,2561.0,36.05551275463989,370,0.53422904,3.293956043956044,0.9578947368421052,0.8577981651376146,1.6902218570254726,14.646273,-13.714943658003715,-7.895672024876845,5.819271633126872,1,21.86503893123336,79.98154623734581,"{""type"":""MultiPoint"",""coordinates"":[]}",ARCHAEAN,,TIRODI GNEISSIC COMPLEX,,GNEISS/MIGMATITE,,ARCHAEAN-GNEISS-MIGMATITE
1_284_0,6.469544,1786.0,917.0,466.0,659.0,586.0,1116.0,2267.0,2640.0,2695.0,2999.0,10.0,657,0.6427918,4.598976109215017,0.8892261001517451,0.662708719851577,1.9476553980370772,17.199326,-15.352374619276556,-7.107532870927219,8.244841748349335,1,21.83323857017553,80.36692349423308,"{""type"":""MultiPoint"",""coordinates"":[]}",ARCHAEAN,,TIRODI GNEISSIC COMPLEX,,GNEISS/MIGMATITE,,ARCHAEAN-GNEISS-MIGMATITE
1_285_0,180.0,2260.0,1525.5,676.5,934.0,930.5,1387.5,2149.0,2581.0,2573.0,2758.0,72.11102550927978,358,0.4688169,2.7651800107469104,0.9962526766595288,0.8783521181500195,1.4814814814814814,0.92740995,-17.067903847133326,-9.824177930558404,7.243725916574922,1,21.71816438227982,79.75112836696916,"{""type"":""MultiPoint"",""coordinates"":[]}",ARCHAEAN,,TIRODI GNEISSIC COMPLEX,,GNEISS/MIGMATITE,,ARCHAEAN-GNEISS-MIGMATITE
1_286_0,90.0,2603.25,1648.0,532.5714285714286,684.8571428571429,668.3333333333334,1126.5,1833.5,2053.0,2220.0,2288.0,60.82762530298219,334,0.5372187,3.321695760598504,0.9758726185509664,1.1726351351351352,1.5796419902912622,1.9952015,-14.687971371759977,-6.995118054265108,7.692853317494867,1,21.666960411085007,79.66515959427892,"{""type"":""MultiPoint"",""coordinates"":[]}",ARCHAEAN,,TIRODI GNEISSIC COMPLEX,,GNEISS/MIGMATITE,,ARCHAEAN-GNEISS-MIGMATITE
1_287_0,-0.0,1610.5,852.0,398.0,542.0,452.0,882.0,1892.5,2233.5,2318.5,2457.5,28.284271247461906,445,0.6737051,5.129424778761062,0.8339483394833949,0.6946301488031055,1.8902582159624413,0.0,-14.279041205386276,-7.588540711715714,6.6905004936705605,1,22.000594707607,80.23379316912657,"{""type"":""MultiPoint"",""coordinates"":[]}",PALAEOPROTEROZOIC,,SAUSAR,MANSAR,BIOTITE SCHIST,,PALAEOPROTEROZOIC-BIOTITE-SCHIST
1_288_0,180.0,2081.0,1033.0,511.0,753.0,644.0,1250.0,2232.0,2494.0,2570.0,2781.0,50.0,386,0.59925324,3.9906832298136647,0.8552456839309429,0.809727626459144,2.014520813165537,9.195146,-15.409486990716506,-9.205672841879265,6.2038141488372425,1,21.865577920403837,79.98154623734581,"{""type"":""MultiPoint"",""coordinates"":[]}",ARCHAEAN,,TIRODI GNEISSIC COMPLEX,,GNEISS/MIGMATITE,,ARCHAEAN-GNEISS-MIGMATITE
1_289_0,227.1574,2878.5,2549.0,824.0,1038.0,1230.0,1540.5,1835.5,2070.5,2068.0,2250.0,58.30951894845301,621,0.25409338,1.6813008130081302,1.184971098265896,1.3919245647969052,1.129266378972146,4.0850153,-16.785333237168807,-5.45213252943179,11.333200707737015,1,21.96798586279346,80.46582800701465,"{""type"":""MultiPoint"",""coordinates"":[]}",ARCHAEAN,,TIRODI GNEISSIC COMPLEX,,GNEISS/MIGMATITE,,ARCHAEAN-GNEISS-MIGMATITE
1_290_0,238.22186,2940.5,2448.0,1027.0,1216.25,1341.0,1637.75,2127.5,2433.5,2619.0,2661.6666666666665,50.0,337,0.32272726,1.953020134228188,1.1025693730729702,1.1227567773959526,1.201184640522876,3.5179255,-15.702443980418492,-6.4457961005931095,9.256647879825383,1,21.68232160244345,79.73253324058788,"{""type"":""MultiPoint"",""coordinates"":[]}",ARCHAEAN,,TIRODI GNEISSIC COMPLEX,,GNEISS/MIGMATITE,,ARCHAEAN-GNEISS-MIGMATITE
1_291_0,208.31114,1307.0,1110.0,640.0,713.0,703.0,906.0,1183.0,1319.0,1233.0,1317.0,40.0,308,0.27376032,1.7539118065433854,0.9859747545582048,1.0600162206001622,1.1774774774774774,2.1060627,-14.94866862862127,-8.992799953461118,5.955868675160152,1,21.848869256119208,80.22678630991044,"{""type"":""MultiPoint"",""coordinates"":[]}",PALAEOPROTEROZOIC,,SAUSAR,MANSAR,PHYLLITE,,PALAEOPROTEROZOIC-PHYLLITE
1_292_0,90.0,2370.875,2080.0,784.0,975.0,1132.25,1442.3,1626.3333333333333,1684.5,1754.5,1812.3333333333333,20.0,324,0.21555382,1.5495694413777876,1.1612820512820512,1.3513109147905389,1.13984375,4.9780054,-14.083050785803067,-1.7567931104851664,12.326257675317905,1,21.68286059161392,79.72471789761603,"{""type"":""MultiPoint"",""coordinates"":[]}",PALAEOPROTEROZOIC,,SAUSAR,MANSAR,SCHIST,,PALAEOPROTEROZOIC-SCHIST
1_293_0,132.84149,1453.0,714.0,282.5,444.5,341.0,732.0,1756.0,2176.5,2401.0,2398.5,63.24555320336759,641,0.75127643,7.041055718475073,0.7671541057367829,0.605164514785506,2.0350140056022408,2.7259662,-12.978998392443998,-6.46666059780981,6.512337794634188,1,21.97364524908341,80.46825345828177,"{""type"":""MultiPoint"",""coordinates"":[]}",PALAEOPROTEROZOIC,,SAUSAR,MANSAR,GONDITE/MANGANESE ORE,,PALAEOPROTEROZOIC-GONDITE-MANGANESE-ORE
1_294_0,180.0,299.0,222.0,473.0,621.0,522.0,547.0,403.0,421.0,366.0,369.0,60.82762530298219,280,-0.17567568,0.7011494252873564,0.8405797101449275,0.8169398907103825,1.3468468468468469,1.8543341,-27.742613370043934,-23.861954180243263,3.8806591898006673,1,21.45028676455538,79.76837602042424,"{""type"":""MultiPoint"",""coordinates"":[]}",PALAEOPROTEROZOIC,,SAUSAR,CHORBAOLI,QUARTZITE,,PALAEOPROTEROZOIC-QUARTZITE
1_295_0,151.6864,1922.0,1017.0,463.0,677.0,533.0,1064.0,2065.0,2277.0,2346.0,2616.0,58.30951894845301,339,0.62973255,4.401500938086304,0.7872968980797637,0.8192668371696504,1.8898721730580137,2.1061113,-14.259116833452378,-8.030101226852572,6.2290156065998055,1,21.863691458307184,79.98208522651628,"{""type"":""MultiPoint"",""coordinates"":[]}",ARCHAEAN,,TIRODI GNEISSIC COMPLEX,,GNEISS/MIGMATITE,,ARCHAEAN-GNEISS-MIGMATITE
1_296_0,180.0,325.0,230.0,470.0,658.0,572.0,619.0,458.0,465.0,400.0,397.0,31.6227766016838,284,-0.17695473,0.6993006993006993,0.8693009118541033,0.8125,1.4130434782608696,0.92740995,-28.74940854313531,-22.408300060072225,6.341108483063085,1,21.45028676455538,79.76756753666854,"{""type"":""MultiPoint"",""coordinates"":[]}",PALAEOPROTEROZOIC,,SAUSAR,CHORBAOLI,QUARTZITE,,PALAEOPROTEROZOIC-QUARTZITE
1_297_0,301.7811,2254.0,1381.0,488.8,655.5,617.3333333333334,1108.0,1638.5,1877.5,2050.0,2242.5,50.0,327,0.5371157,3.3207343412527,0.941774726671752,1.0995121951219513,1.6321506154960177,3.5176322,-15.620276264265422,-8.141501615232967,7.478774649032456,1,21.665612938158823,79.66758504554603,"{""type"":""MultiPoint"",""coordinates"":[]}",ARCHAEAN,,TIRODI GNEISSIC COMPLEX,,GNEISS/MIGMATITE,,ARCHAEAN-GNEISS-MIGMATITE
1_298_0,331.69144,1788.0,926.0,456.0,658.0,563.0,1097.0,2298.0,2642.0,3043.0,3011.0,31.6227766016838,648,0.68774265,5.404973357015986,0.8556231003039514,0.5875780479789682,1.9308855291576676,18.312511,-16.215739649630578,-10.24949618980272,5.966243459827858,1,21.833508064760768,80.36746248340356,"{""type"":""MultiPoint"",""coordinates"":[]}",ARCHAEAN,,TIRODI GNEISSIC COMPLEX,,GNEISS/MIGMATITE,,ARCHAEAN-GNEISS-MIGMATITE
1_299_0,90.0,1828.0,1090.0,479.0,621.0,539.0,1092.0,1952.0,2253.0,2357.0,2519.0,56.56854249492381,340,0.62776244,4.3729128014842304,0.8679549114331723,0.7755621552821383,1.6770642201834862,0.9992696,-14.06116468869981,-7.849065462698599,6.212099226001211,1,21.863421963721947,79.98181573193105,"{""type"":""MultiPoint"",""coordinates"":[]}",ARCHAEAN,,TIRODI GNEISSIC COMPLEX,,GNEISS/MIGMATITE,,ARCHAEAN-GNEISS-MIGMATITE
1_300_0,47.071175,2521.0,1688.0,671.5,870.5,1008.0,1423.0,2154.0,2459.0,2581.0,2719.5,64.03124237432849,277,0.43828365,2.560515873015873,1.1579551981619758,0.97675319643549,1.4934834123222749,2.721503,-16.82150228925498,-10.112371362502344,6.709130926752636,1,21.5346385697342,79.98235472110152,"{""type"":""MultiPoint"",""coordinates"":[]}",ARCHAEAN,,TIRODI GNEISSIC COMPLEX,,GNEISS/MIGMATITE,,ARCHAEAN-GNEISS-MIGMATITE
1_301_0,180.0,1808.5,1320.0,468.5,651.0,701.0,1059.0,1698.5,1847.5,1979.0,2029.0,58.30951894845301,648,0.47686568,2.8231098430813124,1.076804915514593,0.913845376452754,1.3700757575757576,7.3788605,-15.520902655373696,-8.260052915091219,7.260849740282477,1,21.972836765327703,80.46582800701465,"{""type"":""MultiPoint"",""coordinates"":[]}",PALAEOPROTEROZOIC,,SAUSAR,MANSAR,GONDITE/MANGANESE ORE,,PALAEOPROTEROZOIC-GONDITE-MANGANESE-ORE
1_302_0,-0.0,1777.0,874.0,476.0,622.0,568.0,1066.0,2195.0,2604.0,2610.0,2943.0,31.6227766016838,679,0.6425425,4.595070422535211,0.9131832797427653,0.6808429118773947,2.033180778032037,13.648223,-15.172962885324566,-9.002226036321595,6.170736849002971,1,21.832430086419823,80.36692349423308,"{""type"":""MultiPoint"",""coordinates"":[]}",ARCHAEAN,,TIRODI GNEISSIC COMPLEX,,GNEISS/MIGMATITE,,ARCHAEAN-GNEISS-MIGMATITE
1_303_0,294.94333,2726.5,2043.0,746.0,978.0,1165.0,1527.5,2197.0,2472.0,2525.0,2651.0,53.85164807134504,276,0.36856368,2.167381974248927,1.19120654396728,1.07980198019802,1.3345570239843367,2.198218,-17.748453259307805,-10.724838153095131,7.023615106212674,1,21.53275210763755,79.98478017236864,"{""type"":""MultiPoint"",""coordinates"":[]}",ARCHAEAN,,TIRODI GNEISSIC COMPLEX,,GNEISS/MIGMATITE,,ARCHAEAN-GNEISS-MIGMATITE
1_304_0,294.8977,1782.0,943.0,475.0,610.0,562.0,1053.0,2186.0,2627.0,2650.0,2876.0,50.99019513592785,675,0.65006226,4.715302491103203,0.921311475409836,0.6724528301886793,1.8897136797454928,6.5801263,-17.098287131467647,-10.327797322752144,6.770489808715501,1,21.83296907559029,80.36800147257402,"{""type"":""MultiPoint"",""coordinates"":[]}",ARCHAEAN,,TIRODI GNEISSIC COMPLEX,,GNEISS/MIGMATITE,,ARCHAEAN-GNEISS-MIGMATITE
1_305_0,186.82715,2050.0,1205.0,514.0,738.0,732.0,1226.0,2005.0,2333.0,2394.0,2647.0,10.0,355,0.53166986,3.2704918032786887,0.991869918699187,0.8563074352548037,1.7012448132780082,8.347464,-13.817268403927576,-7.178592191849602,6.638676212077974,1,21.864769436648125,79.9807377535901,"{""type"":""MultiPoint"",""coordinates"":[]}",ARCHAEAN,,TIRODI GNEISSIC COMPLEX,,GNEISS/MIGMATITE,,ARCHAEAN-GNEISS-MIGMATITE
1_306_0,344.2858,1656.0,795.0,442.0,626.5,484.5,992.0,2086.5,2505.5,2588.5,2679.5,50.0,461,0.68467295,5.342621259029928,0.7733439744612929,0.6397527525593973,2.0830188679245283,21.145203,-15.656779132716174,-8.369291869679316,7.287487263036859,1,21.998977740095583,80.23406266371181,"{""type"":""MultiPoint"",""coordinates"":[]}",PALAEOPROTEROZOIC,,SAUSAR,MANSAR,BIOTITE SCHIST,,PALAEOPROTEROZOIC-BIOTITE-SCHIST
1_307_0,199.73784,2973.5,2101.5,762.5,990.5,1236.0,1555.5,2037.5,2292.5,2474.5,2587.5,67.0820393249937,353,0.33378252,2.0020226537216828,1.2478546188793538,1.201656900383916,1.414941708303593,2.9535346,-17.084556275496304,-10.813666185186662,6.270890090309642,1,21.715738931012694,79.7484334211168,"{""type"":""MultiPoint"",""coordinates"":[]}",ARCHAEAN,,TIRODI GNEISSIC COMPLEX,,GNEISS/MIGMATITE,,ARCHAEAN-GNEISS-MIGMATITE
1_308_0,-0.0,3277.0,2701.5,933.8333333333334,1238.0,1442.0,1781.0,2227.8,2497.5,2749.75,2634.333333333333,0.0,340,0.31198186,1.9069001386962552,1.1647819063004847,1.191744704064006,1.2130297982602258,3.7047918,-17.28264565488613,-11.794490551790528,5.488155103095604,1,21.683399580784396,79.73334172434359,"{""type"":""MultiPoint"",""coordinates"":[]}",ARCHAEAN,,TIRODI GNEISSIC COMPLEX,,GNEISS/MIGMATITE,,ARCHAEAN-GNEISS-MIGMATITE
1_309_0,326.01703,1845.0,873.5,464.5,651.5,530.5,1111.0,2417.5,2808.0,2911.5,3086.5,67.0820393249937,482,0.691749,5.488218661639962,0.8142747505755947,0.633693972179289,2.112192329708071,8.876551,-15.047252673181738,-8.383891111421056,6.6633615617606825,1,21.99843875092511,80.23406266371181,"{""type"":""MultiPoint"",""coordinates"":[]}",PALAEOPROTEROZOIC,,SAUSAR,MANSAR,BIOTITE SCHIST,,PALAEOPROTEROZOIC-BIOTITE-SCHIST
1_310_0,227.1271,2011.0,1350.0,606.0,826.0,948.0,1267.0,1789.0,1978.0,1980.0,2113.0,14.142135623730953,309,0.352459,2.088607594936709,1.1476997578692494,1.0156565656565657,1.4896296296296296,6.7841525,-16.734664479826698,-9.974847698895204,6.759816780931493,1,21.81706889506138,80.1664195228176,"{""type"":""MultiPoint"",""coordinates"":[]}",PALAEOPROTEROZOIC,,SAUSAR,MANSAR,PHYLLITE,,PALAEOPROTEROZOIC-PHYLLITE
1_311_0,324.2832,1734.5,828.5,395.0,590.5,466.0,949.0,1960.5,2307.5,2551.0,2554.0,41.23105625617661,449,0.69108385,5.4742489270386265,0.7891617273497037,0.6799294394355155,2.0935425467712734,6.821703,-15.964111358126573,-9.014857372853909,6.949253985272666,1,21.998977740095583,80.23298468537087,"{""type"":""MultiPoint"",""coordinates"":[]}",PALAEOPROTEROZOIC,,SAUSAR,MANSAR,BIOTITE SCHIST,,PALAEOPROTEROZOIC-BIOTITE-SCHIST
1_312_0,340.2956,332.0,241.0,461.0,622.0,497.0,571.0,453.0,438.0,409.0,402.0,60.82762530298219,281,-0.09713025,0.8229376257545271,0.7990353697749196,0.8117359413202934,1.3775933609958506,2.9529178,-27.530820953838013,-21.428196345878856,6.102624607959157,1,21.449747775384907,79.76837602042424,"{""type"":""MultiPoint"",""coordinates"":[]}",PALAEOPROTEROZOIC,,SAUSAR,CHORBAOLI,QUARTZITE,,PALAEOPROTEROZOIC-QUARTZITE
1_313_0,28.288986,2501.5,1772.5,693.0,925.5,1032.5,1404.0,2056.5,2277.0,2377.5,2570.5,53.85164807134504,357,0.39442816,2.3026634382566584,1.1156131820637494,1.0521556256572029,1.411283497884344,2.1056247,-17.556510490690908,-10.662447733151952,6.894062757538956,1,21.71600842559793,79.7513978615544,"{""type"":""MultiPoint"",""coordinates"":[]}",ARCHAEAN,,TIRODI GNEISSIC COMPLEX,,GNEISS/MIGMATITE,,ARCHAEAN-GNEISS-MIGMATITE
1_314_0,312.8994,3498.333333333333,3240.6666666666665,988.3333333333331,1289.5,1609.3333333333333,1840.0,2150.75,2304.166666666667,2310.25,2480.75,41.23105625617661,341,0.17882428,1.4355323115161558,1.2480289517900995,1.514266132813909,1.079510388808887,2.7230036,-22.07811558260286,-14.109748270878718,7.9683673117241405,1,21.68366907536963,79.73441970268453,"{""type"":""MultiPoint"",""coordinates"":[]}",ARCHAEAN,,TIRODI GNEISSIC COMPLEX,,GNEISS/MIGMATITE,,ARCHAEAN-GNEISS-MIGMATITE
1_315_0,270.0,1199.0,1144.0,763.0,804.0,871.0,948.0,966.0,1003.0,996.0,1005.0,31.6227766016838,305,0.06695233,1.1435132032146955,1.0833333333333333,1.2038152610441768,1.0480769230769231,3.9906528,-19.405505635186422,-9.668268454911422,9.737237180275,1,21.85021672904539,80.22597782615473,"{""type"":""MultiPoint"",""coordinates"":[]}",PALAEOPROTEROZOIC,,SAUSAR,MANSAR,PHYLLITE,,PALAEOPROTEROZOIC-PHYLLITE
1_316_0,151.7166,4302.0,4137.333333333333,1173.75,1589.25,2076.0,2398.5,2616.0,2782.75,2908.0,3019.0,58.30951894845301,340,0.16693419,1.400770712909441,1.306276545540349,1.4793672627235213,1.0398001933612633,2.1055143,-22.973924479060877,-13.925001966884317,9.048922512176556,1,21.682591097028688,79.73468919726976,"{""type"":""MultiPoint"",""coordinates"":[]}",ARCHAEAN,,TIRODI GNEISSIC COMPLEX,,GNEISS/MIGMATITE,,ARCHAEAN-GNEISS-MIGMATITE
1_317_0,312.89273,2150.0,1287.0,650.0,850.5,790.5,1228.5,1847.0,2020.0,2146.0,2235.5,42.426406871192846,355,0.46160394,2.7147375079063885,0.929453262786596,1.0018639328984156,1.6705516705516703,1.3624417,-19.351591257944342,-11.52569619838368,7.825895059560667,1,21.71735589852411,79.7492419048725,"{""type"":""MultiPoint"",""coordinates"":[]}",ARCHAEAN,,TIRODI GNEISSIC COMPLEX,,GNEISS/MIGMATITE,,ARCHAEAN-GNEISS-MIGMATITE
1_318_0,270.0,1184.4166666666663,693.0,435.5,554.0,433.9166666666666,742.875,1267.5,1472.0,1478.75,1575.0,58.30951894845301,328,0.5462705,3.407912425580949,0.783243080625752,0.8009580163426316,1.7091149591149588,1.9952168,-17.42822920329854,-11.729827724615024,5.698401478683515,1,21.66803838942595,79.66758504554603,"{""type"":""MultiPoint"",""coordinates"":[]}",ARCHAEAN,,TIRODI GNEISSIC COMPLEX,,GNEISS/MIGMATITE,,ARCHAEAN-GNEISS-MIGMATITE
1_319_0,270.0,2347.0,1536.5,647.0,851.0,921.0,1340.0,2134.5,2471.5,2502.5,2736.5,60.0,274,0.46195415,2.717155266015201,1.0822561692126909,0.937862137862138,1.52749755938822,0.9969825,-16.83049598530451,-8.688889410293122,8.141606575011387,1,21.53329109680802,79.98504966695387,"{""type"":""MultiPoint"",""coordinates"":[]}",ARCHAEAN,,TIRODI GNEISSIC COMPLEX,,GNEISS/MIGMATITE,,ARCHAEAN-GNEISS-MIGMATITE
1_320_0,259.47427,3140.0,2173.5,740.5,1023.5,1088.0,1588.5,2362.0,2659.0,2700.0,2866.5,53.85164807134504,353,0.4255544,2.481617647058824,1.063019052271617,1.162962962962963,1.4446744881527491,5.0639896,-19.233791516252072,-11.599127863260572,7.634663652991501,1,21.717894887694584,79.75058937779868,"{""type"":""MultiPoint"",""coordinates"":[]}",ARCHAEAN,,TIRODI GNEISSIC COMPLEX,,GNEISS/MIGMATITE,,ARCHAEAN-GNEISS-MIGMATITE
1_321_0,270.0,1028.0,829.0,583.0,654.0,638.0,779.0,1072.0,1147.0,1171.0,1180.0,50.0,315,0.29463792,1.835423197492163,0.9755351681957186,0.8778821520068317,1.2400482509047044,5.9739237,-11.17969841460621,-2.9858664397004877,8.193831974905724,1,21.849947234460156,80.22813378283662,"{""type"":""MultiPoint"",""coordinates"":[]}",PALAEOPROTEROZOIC,,SAUSAR,MANSAR,PHYLLITE,,PALAEOPROTEROZOIC-PHYLLITE
1_322_0,12.17266,1547.5,756.0,390.5,507.5,416.0,858.0,1888.5,2245.5,2379.0,2444.0,58.30951894845301,438,0.7023256,5.71875,0.819704433497537,0.6504833963850357,2.046957671957672,4.733321,-14.456163407778922,-7.330378957442127,7.125784450336795,1,22.000864202192236,80.23190670702992,"{""type"":""MultiPoint"",""coordinates"":[]}",PALAEOPROTEROZOIC,,SAUSAR,MANSAR,BIOTITE SCHIST,,PALAEOPROTEROZOIC-BIOTITE-SCHIST
1_323_0,28.245031,1772.0,1345.0,694.0,988.0,1017.0,1316.0,1366.0,1507.0,1392.0,1430.0,10.0,284,0.15566625,1.368731563421829,1.029352226720648,1.2729885057471264,1.317472118959108,4.203849,-25.442450753307767,-15.131351944055872,10.311098809251895,1,21.449747775384907,79.76675905291283,"{""type"":""MultiPoint"",""coordinates"":[]}",PALAEOPROTEROZOIC,,SAUSAR,CHORBAOLI,QUARTZITE,,PALAEOPROTEROZOIC-QUARTZITE
1_324_0,284.86877,2559.0,2162.0,995.5,1232.2,1447.0,1766.8,1920.4,2064.833333333333,1954.75,2069.25,63.24555320336759,328,0.14926142,1.350898410504492,1.1743223502678135,1.3091188131474614,1.1836262719703978,7.1909075,-20.16625024837161,-13.711116012444863,6.455134235926749,1,21.683938569954865,79.72633486512746,"{""type"":""MultiPoint"",""coordinates"":[]}",PALAEOPROTEROZOIC,,SAUSAR,MANSAR,SCHIST,,PALAEOPROTEROZOIC-SCHIST
1_325_0,287.17734,1573.0,908.5,371.0,519.0,480.0,841.5,1203.0,1322.5,1334.0,1507.5,22.360679774997894,664,0.4707828,2.779166666666667,0.9248554913294798,1.1791604197901049,1.7314254265272426,3.1373842,-18.82828093055566,-12.433116011765703,6.395164918789957,1,21.973914743668647,80.46609750159988,"{""type"":""MultiPoint"",""coordinates"":[]}",PALAEOPROTEROZOIC,,SAUSAR,MANSAR,SCHIST,,PALAEOPROTEROZOIC-SCHIST
1_326_0,180.0,3240.5,2624.0,891.5,1215.5,1594.0,1910.0,2420.5,2668.0,2815.5,2866.0,42.426406871192846,620,0.27701554,1.7663111668757845,1.311394487865076,1.150950097673593,1.2349466463414631,1.8543341,-16.990602888814536,-5.82718304509547,11.163419843719064,1,21.967446873622983,80.46744497452606,"{""type"":""MultiPoint"",""coordinates"":[]}",ARCHAEAN,,TIRODI GNEISSIC COMPLEX,,GNEISS/MIGMATITE,,ARCHAEAN-GNEISS-MIGMATITE
1_327_0,218.94008,1721.0,1520.0,811.0,912.0,870.0,1143.0,1441.0,1569.0,1619.0,1630.0,36.05551275463989,308,0.30092406,1.860919540229885,0.9539473684210528,1.0630018529956764,1.132236842105263,4.758821,-13.006540006654662,4.5097535855663775,17.51629359222104,1,21.85075571821586,80.22624732073997,"{""type"":""MultiPoint"",""coordinates"":[]}",PALAEOPROTEROZOIC,,SAUSAR,MANSAR,PHYLLITE,,PALAEOPROTEROZOIC-PHYLLITE
1_328_0,22.505863,1703.0,891.0,437.0,624.0,570.0,1082.0,2114.0,2431.0,2586.0,2763.0,42.426406871192846,677,0.6387833,4.536842105263158,0.9134615384615384,0.6585460170146945,1.9113355780022447,12.832411,-14.320764050426082,-7.35209073527029,6.968673315155792,1,21.832430086419823,80.36584551589215,"{""type"":""MultiPoint"",""coordinates"":[]}",ARCHAEAN,,TIRODI GNEISSIC COMPLEX,,GNEISS/MIGMATITE,,ARCHAEAN-GNEISS-MIGMATITE
1_329_0,347.84137,1694.0,886.0,441.0,615.0,520.0,986.0,2137.0,2502.0,2668.0,2763.0,60.0,693,0.6737767,5.130769230769231,0.8455284552845529,0.6349325337331334,1.91196388261851,13.949302,-15.25336086925356,-8.870918619025272,6.382442250228289,1,21.831621602664114,80.36665399964785,"{""type"":""MultiPoint"",""coordinates"":[]}",ARCHAEAN,,TIRODI GNEISSIC COMPLEX,,GNEISS/MIGMATITE,,ARCHAEAN-GNEISS-MIGMATITE
1_330_0,-0.0,3064.75,2491.0,835.3333333333334,1061.75,1245.1,1629.6666666666663,2149.2,2425.0,2519.416666666667,2561.5,42.426406871192846,338,0.33850738,2.023465317377453,1.172686602307511,1.2164522210829225,1.2303291850662386,3.7047918,-15.16034016787958,-7.542517405380398,7.617822762499182,1,21.6842080645401,79.7341502080993,"{""type"":""MultiPoint"",""coordinates"":[]}",ARCHAEAN,,TIRODI GNEISSIC COMPLEX,,GNEISS/MIGMATITE,,ARCHAEAN-GNEISS-MIGMATITE
1_331_0,294.87714,2779.5,2433.0,1019.5,1319.5,1680.5,1865.0,2252.5,2391.5,2440.5,2538.0,10.0,619,0.18442126,1.452246355251413,1.273588480485032,1.1389059618930546,1.1424167694204683,2.203686,-14.69271841670021,-5.63444611378213,9.05827230291808,1,21.966907884452517,80.46663649077036,"{""type"":""MultiPoint"",""coordinates"":[]}",ARCHAEAN,,TIRODI GNEISSIC COMPLEX,,GNEISS/MIGMATITE,,ARCHAEAN-GNEISS-MIGMATITE
1_332_0,218.94008,1854.0,1736.0,1107.0,1223.0,1311.0,1465.0,1560.0,1635.0,1672.0,1651.0,42.426406871192846,308,0.12101911,1.2753623188405796,1.071954210956664,1.1088516746411483,1.0679723502304148,4.758821,-15.777911896651757,-3.0997410047942062,12.67817089185755,1,21.85075571821586,80.22597782615473,"{""type"":""MultiPoint"",""coordinates"":[]}",PALAEOPROTEROZOIC,,SAUSAR,MANSAR,PHYLLITE,,PALAEOPROTEROZOIC-PHYLLITE
1_333_0,240.8583,2387.5,1909.5,926.1111111111112,1110.7777777777778,1234.5,1525.775,1850.75,2000.3333333333333,1986.625,2077.0,44.7213595499958,318,0.23349762,1.6092547590117456,1.1113834150245072,1.2017869502296608,1.2503273108143491,11.279658,-19.768582845973988,-12.2457174535913,7.522865392382689,1,21.68286059161392,79.72579587595698,"{""type"":""MultiPoint"",""coordinates"":[]}",PALAEOPROTEROZOIC,,SAUSAR,MANSAR,SCHIST,,PALAEOPROTEROZOIC-SCHIST
1_334_0,38.862213,2390.0,1594.0,633.0,917.0,938.0,1500.0,2290.0,2599.0,2700.0,2827.0,28.284271247461906,289,0.48433205,2.878464818763326,1.0229007633587786,0.8851851851851852,1.4993726474278544,4.753629,-17.19019171028382,-9.784901857664572,7.405289852619248,1,21.44947828079967,79.76622006374237,"{""type"":""MultiPoint"",""coordinates"":[]}",PALAEOPROTEROZOIC,,SAUSAR,CHORBAOLI,QUARTZITE,,PALAEOPROTEROZOIC-QUARTZITE
1_335_0,28.24494,2374.0,1281.0,569.0,829.0,765.0,1333.0,2358.0,2659.0,2719.0,2992.0,36.05551275463989,291,0.5608496,3.554248366013072,0.9227985524728588,0.873115115851416,1.853239656518345,2.1047554,-14.52245030214849,-8.636890005925613,5.885560296222877,1,21.449208786214434,79.76622006374237,"{""type"":""MultiPoint"",""coordinates"":[]}",PALAEOPROTEROZOIC,,SAUSAR,CHORBAOLI,QUARTZITE,,PALAEOPROTEROZOIC-QUARTZITE
1_336_0,340.2259,1591.5,798.5,374.5,528.0,442.5,853.0,1742.5,2165.5,2276.0,2390.0,70.0,445,0.67445284,5.143502824858757,0.8380681818181818,0.6992530755711776,1.9931120851596744,5.892785,-14.907370013524272,-8.215466197437934,6.691903816086338,1,22.000055718436524,80.23514064205276,"{""type"":""MultiPoint"",""coordinates"":[]}",PALAEOPROTEROZOIC,,SAUSAR,MANSAR,BIOTITE SCHIST,,PALAEOPROTEROZOIC-BIOTITE-SCHIST
1_337_0,340.24734,1686.0,890.0,424.0,576.0,515.0,1016.0,2098.0,2457.0,2651.0,2802.0,67.0820393249937,684,0.6746684,5.14757281553398,0.8940972222222222,0.6359864202187854,1.89438202247191,8.799442,-14.408949903345963,-8.314992916252816,6.093956987093147,1,21.832430086419823,80.36827096715926,"{""type"":""MultiPoint"",""coordinates"":[]}",ARCHAEAN,,TIRODI GNEISSIC COMPLEX,,GNEISS/MIGMATITE,,ARCHAEAN-GNEISS-MIGMATITE
1_338_0,5.134945,2222.0,1395.5,471.5,682.0,745.5,1207.5,2017.5,2294.0,2482.5,2670.0,50.99019513592785,673,0.5381041,3.329979879275654,1.093108504398827,0.8950654582074522,1.5922608384091723,11.036196,-15.389694303503902,-8.429255287425057,6.960439016078844,1,21.97553171118006,80.46636699618512,"{""type"":""MultiPoint"",""coordinates"":[]}",ARCHAEAN,,TIRODI GNEISSIC COMPLEX,,GNEISS/MIGMATITE,,ARCHAEAN-GNEISS-MIGMATITE
1_339_0,160.26834,2548.5,1606.5,508.5,662.0,625.0833333333333,1124.75,1895.5,2157.5,2303.0,2495.0,41.23105625617661,332,0.5730427,3.684308758832157,0.9442346424974822,1.106600086843248,1.5863678804855277,2.9534204,-13.98875914018747,-7.46177857148156,6.526980568705911,1,21.666960411085007,79.66569858344938,"{""type"":""MultiPoint"",""coordinates"":[]}",ARCHAEAN,,TIRODI GNEISSIC COMPLEX,,GNEISS/MIGMATITE,,ARCHAEAN-GNEISS-MIGMATITE
1_340_0,235.18567,1530.5,711.5,364.5,489.5,386.0,854.5,1838.5,2247.5,2295.5,2586.0,31.6227766016838,442,0.71210146,5.946891191709844,0.7885597548518897,0.6667392724896537,2.1510892480674637,4.8619695,-14.744724780009882,-7.68811532419384,7.056609455816043,1,21.999786223851288,80.23244569620039,"{""type"":""MultiPoint"",""coordinates"":[]}",PALAEOPROTEROZOIC,,SAUSAR,MANSAR,BIOTITE SCHIST,,PALAEOPROTEROZOIC-BIOTITE-SCHIST
1_341_0,90.0,1812.0,988.0,395.0,529.0,495.0,879.0,1925.0,2290.0,2367.0,2605.0,31.6227766016838,641,0.6540881,4.781818181818182,0.9357277882797732,0.7655259822560203,1.834008097165992,10.858926,-14.264089563897889,-7.181837184815247,7.08225237908264,1,21.83404705393124,80.36638450506261,"{""type"":""MultiPoint"",""coordinates"":[]}",ARCHAEAN,,TIRODI GNEISSIC COMPLEX,,GNEISS/MIGMATITE,,ARCHAEAN-GNEISS-MIGMATITE
1_342_0,157.98293,1656.0,961.5,382.0,626.5,495.0,911.5,1974.0,2338.0,2569.5,2475.5,50.99019513592785,647,0.6769457,5.1909090909090905,0.7901037509976058,0.6444833625218914,1.7223088923556942,7.9521565,-14.21033329356181,-6.592450282901184,7.617883010660626,1,21.972836765327703,80.46636699618512,"{""type"":""MultiPoint"",""coordinates"":[]}",PALAEOPROTEROZOIC,,SAUSAR,MANSAR,GONDITE/MANGANESE ORE,,PALAEOPROTEROZOIC-GONDITE-MANGANESE-ORE
1_343_0,107.1896,2003.0,954.0,538.0,746.0,651.0,1229.0,2117.0,2375.0,2510.0,2652.0,64.03124237432849,388,0.588105,3.855606758832565,0.8726541554959786,0.7980079681274901,2.09958071278826,3.135216,-14.36954707458057,-7.971350431362487,6.398196643218083,1,21.86584741498907,79.98181573193105,"{""type"":""MultiPoint"",""coordinates"":[]}",ARCHAEAN,,TIRODI GNEISSIC COMPLEX,,GNEISS/MIGMATITE,,ARCHAEAN-GNEISS-MIGMATITE
1_344_0,-0.0,1390.0,1177.0,709.0,810.0,811.0,965.0,1250.0,1336.0,1314.0,1389.0,63.24555320336759,304,0.23670588,1.620221948212084,1.0012345679012349,1.0578386605783867,1.1809685641461345,0.92740995,-16.274259669268766,-9.21127906640278,7.062980602865984,1,21.850486223630625,80.22516934239903,"{""type"":""MultiPoint"",""coordinates"":[]}",PALAEOPROTEROZOIC,,SAUSAR,MANSAR,PHYLLITE,,PALAEOPROTEROZOIC-PHYLLITE
1_345_0,270.0,1539.5,784.0,379.0,526.5,440.0,852.5,1778.5,2126.0,2215.5,2358.0,40.0,445,0.6686123,5.035227272727273,0.835707502374169,0.694877002933875,1.9636479591836733,1.0002296,-14.503185626020624,-7.4964736995101395,7.0067119265104845,1,22.000055718436524,80.23433215829704,"{""type"":""MultiPoint"",""coordinates"":[]}",PALAEOPROTEROZOIC,,SAUSAR,MANSAR,BIOTITE SCHIST,,PALAEOPROTEROZOIC-BIOTITE-SCHIST
1_346_0,12.127453,2215.0,1540.0,629.0,969.0,939.0,1517.0,2123.0,2388.0,2403.0,2589.0,20.0,287,0.43806103,2.559105431309904,0.9690402476780186,0.9217644610903036,1.4383116883116882,4.7325206,-18.315943543585472,-10.012796081979094,8.303147461606379,1,21.44947828079967,79.76675905291283,"{""type"":""MultiPoint"",""coordinates"":[]}",PALAEOPROTEROZOIC,,SAUSAR,CHORBAOLI,QUARTZITE,,PALAEOPROTEROZOIC-QUARTZITE
1_347_0,258.59357,2121.0,1056.0,558.0,815.0,692.0,1318.0,2358.0,2663.0,2834.0,2969.0,40.0,367,0.60748726,4.095375722543353,0.849079754601227,0.7484121383203952,2.008522727272727,22.25746,-16.245227082417696,-9.632883989456314,6.612343092961382,1,21.865577920403837,79.9807377535901,"{""type"":""MultiPoint"",""coordinates"":[]}",ARCHAEAN,,TIRODI GNEISSIC COMPLEX,,GNEISS/MIGMATITE,,ARCHAEAN-GNEISS-MIGMATITE
1_348_0,53.402054,1480.0,726.0,349.0,478.0,380.0,758.0,1834.0,2194.0,2277.0,2453.0,50.0,645,0.7139631,5.992105263157895,0.7949790794979079,0.6499780412823891,2.038567493112948,18.046701,-12.492769526184295,-5.274400973145733,7.218368553038564,1,21.834316548516476,80.36584551589215,"{""type"":""MultiPoint"",""coordinates"":[]}",ARCHAEAN,,TIRODI GNEISSIC COMPLEX,,GNEISS/MIGMATITE,,ARCHAEAN-GNEISS-MIGMATITE
1_349_0,277.54648,2443.5,1565.5,487.0,693.5,744.5,1164.0,1981.0,2248.0,2506.5,2625.5,44.7213595499958,673,0.54198706,3.366689053055742,1.0735400144196108,0.9748653500897666,1.5608431810923027,7.0268245,-15.945661658684626,-9.718353229486077,6.227308429198551,1,21.975262216594825,80.46609750159988,"{""type"":""MultiPoint"",""coordinates"":[]}",ARCHAEAN,,TIRODI GNEISSIC COMPLEX,,GNEISS/MIGMATITE,,ARCHAEAN-GNEISS-MIGMATITE
1_350_0,208.28336,3056.25,2494.0,1025.5,1333.3333333333333,1706.0,1930.0,2077.0,2242.5,2175.0,2293.0,50.0,322,0.12084515,1.2749120750293084,1.2795,1.4051724137931034,1.2254410585404971,2.1055136,-17.384004845612505,-8.910250131894024,8.473754713718481,1,21.68232160244345,79.72390941386033,"{""type"":""MultiPoint"",""coordinates"":[]}",PALAEOPROTEROZOIC,,SAUSAR,MANSAR,SCHIST,,PALAEOPROTEROZOIC-SCHIST
1_351_0,256.92175,2245.75,1469.0,558.5,752.0,702.5416666666667,1153.75,1895.0,2183.0,2372.5,2473.0,70.0,338,0.5430685,3.3770239013107166,0.934230939716312,0.9465753424657536,1.5287610619469028,12.112782,-17.918115067123267,-11.443639353525278,6.47447571359799,1,21.68528604288105,79.72471789761603,"{""type"":""MultiPoint"",""coordinates"":[]}",ARCHAEAN,,TIRODI GNEISSIC COMPLEX,,GNEISS/MIGMATITE,,ARCHAEAN-GNEISS-MIGMATITE
1_352_0,6.4769926,1580.0,755.0,445.5,600.5,470.5,925.5,1977.0,2266.0,2353.0,2496.5,64.03124237432849,477,0.6667257,5.001062699256111,0.7835137385512073,0.671483212919677,2.0927152317880795,17.199564,-15.167823681197769,-8.549080345200297,6.61874333599747,1,21.998708245510347,80.23433215829704,"{""type"":""MultiPoint"",""coordinates"":[]}",PALAEOPROTEROZOIC,,SAUSAR,MANSAR,BIOTITE SCHIST,,PALAEOPROTEROZOIC-BIOTITE-SCHIST
1_353_0,90.0,1549.5,753.0,355.5,490.5,413.5,800.0,1671.5,1924.0,2041.5,2192.5,50.99019513592785,445,0.6631365,4.937122128174123,0.8430173292558614,0.7590007347538574,2.057768924302789,1.9998537,-14.205581601029802,-7.562435717313804,6.643145883715999,1,22.00032521302176,80.23460165288228,"{""type"":""MultiPoint"",""coordinates"":[]}",PALAEOPROTEROZOIC,,SAUSAR,MANSAR,BIOTITE SCHIST,,PALAEOPROTEROZOIC-BIOTITE-SCHIST
1_354_0,180.0,2310.0,1397.5,616.0,883.5,773.0,1312.5,2424.0,2773.0,2891.5,3028.0,60.0,354,0.57811433,3.740620957309185,0.8749292586304471,0.798893307971641,1.652951699463327,1.8543341,-17.471079847661965,-10.680540474274192,6.790539373387773,1,21.71816438227982,79.75005038862821,"{""type"":""MultiPoint"",""coordinates"":[]}",ARCHAEAN,,TIRODI GNEISSIC COMPLEX,,GNEISS/MIGMATITE,,ARCHAEAN-GNEISS-MIGMATITE
1_355_0,292.44037,2659.0,1936.0,923.0,1178.5,1313.3333333333333,1628.5555555555557,2008.3333333333333,2175.833333333333,2265.0,2298.5,60.82762530298219,330,0.2659525,1.7246192893401016,1.114410974402489,1.173951434878587,1.3734504132231404,9.627386,-18.53317317016584,-10.861020143731396,7.672153026434444,1,21.68366907536963,79.72633486512746,"{""type"":""MultiPoint"",""coordinates"":[]}",PALAEOPROTEROZOIC,,SAUSAR,MANSAR,SCHIST,,PALAEOPROTEROZOIC-SCHIST
1_356_0,90.0,2946.0,2038.0,728.5,991.5,1057.5,1561.5,2388.5,2687.5,2786.5,2942.5,41.23105625617661,273,0.44979188,2.6349881796690307,1.0665658093797277,1.0572402655661224,1.4455348380765456,0.9969749,-18.444550775780847,-10.630455994909775,7.814094780871072,1,21.53221311846708,79.9837021940277,"{""type"":""MultiPoint"",""coordinates"":[]}",ARCHAEAN,,TIRODI GNEISSIC COMPLEX,,GNEISS/MIGMATITE,,ARCHAEAN-GNEISS-MIGMATITE
1_357_0,19.7741,1520.5,726.0,389.5,527.5,461.5,838.0,1618.0,1896.0,2002.5,2169.0,50.0,446,0.62540585,4.33911159263272,0.8748815165876778,0.7593008739076155,2.0943526170798896,2.9542048,-14.281622371626796,-7.608042899419471,6.673579472207325,1,22.000055718436524,80.23460165288228,"{""type"":""MultiPoint"",""coordinates"":[]}",PALAEOPROTEROZOIC,,SAUSAR,MANSAR,BIOTITE SCHIST,,PALAEOPROTEROZOIC-BIOTITE-SCHIST
1_358_0,103.053566,2788.5,1911.5,614.5,909.0,1096.0,1542.0,2151.0,2380.0,2455.0,2588.5,60.82762530298219,615,0.3827091,2.2399635036496357,1.2057205720572055,1.1358452138492872,1.4588019879675649,4.099442,-15.736722514231714,-9.556652491723067,6.1800700225086445,1,21.965021422355864,80.46636699618512,"{""type"":""MultiPoint"",""coordinates"":[]}",ARCHAEAN,,TIRODI GNEISSIC COMPLEX,,GNEISS/MIGMATITE,,ARCHAEAN-GNEISS-MIGMATITE
1_359_0,164.92361,1855.0,900.0,442.0,673.0,576.0,1115.0,2120.0,2438.0,2622.0,2659.0,42.426406871192846,378,0.63977486,4.552083333333333,0.8558692421991084,0.7074752097635393,2.061111111111111,15.0153885,-15.361463626711132,-8.961044510444024,6.400419116267107,1,21.8653084258186,79.98154623734581,"{""type"":""MultiPoint"",""coordinates"":[]}",ARCHAEAN,,TIRODI GNEISSIC COMPLEX,,GNEISS/MIGMATITE,,ARCHAEAN-GNEISS-MIGMATITE
1_360_0,180.0,3415.5,2584.0,791.0,1064.0,1497.0,1800.5,2259.5,2480.5,2698.0,2711.0,50.0,619,0.2862932,1.8022712090848363,1.406954887218045,1.2659377316530764,1.3217879256965943,2.7802885,-18.61572693962877,-8.98718121089209,9.628545728736686,1,21.967446873622983,80.4677144691113,"{""type"":""MultiPoint"",""coordinates"":[]}",ARCHAEAN,,TIRODI GNEISSIC COMPLEX,,GNEISS/MIGMATITE,,ARCHAEAN-GNEISS-MIGMATITE
1_361_0,336.6906,2385.0,1590.0,594.0,775.0,811.0,1258.0,2063.0,2330.0,2607.0,2699.0,56.56854249492381,305,0.5254535,3.214549938347719,1.0464516129032255,0.9148446490218642,1.5,5.036582,-15.072373792908529,-7.773020177553923,7.299353615354605,1,21.817877378817087,80.16776699574379,"{""type"":""MultiPoint"",""coordinates"":[]}",PALAEOPROTEROZOIC,,SAUSAR,MANSAR,PHYLLITE,,PALAEOPROTEROZOIC-PHYLLITE
1_362_0,235.18077,2382.5,1497.5,442.0,641.0,685.5,1067.5,1900.5,2223.5,2417.5,2465.5,50.99019513592785,659,0.5581695,3.526622902990518,1.0694227769110765,0.9855222337125128,1.590984974958264,4.861376,-16.93166175314225,-10.70679586797108,6.22486588517117,1,21.973914743668647,80.46528901784417,"{""type"":""MultiPoint"",""coordinates"":[]}",ARCHAEAN,,TIRODI GNEISSIC COMPLEX,,GNEISS/MIGMATITE,,ARCHAEAN-GNEISS-MIGMATITE
1_363_0,294.95575,3231.0,2493.0,823.0,1128.0,1307.0,1769.0,2201.0,2426.0,2471.0,2689.0,60.82762530298219,285,0.30809954,1.8905891354246365,1.158687943262411,1.3075677863213273,1.296028880866426,2.1971948,-17.97607219880839,-11.973469938819736,6.002602259988652,1,21.45028676455538,79.76514208540142,"{""type"":""MultiPoint"",""coordinates"":[]}",PALAEOPROTEROZOIC,,SAUSAR,CHORBAOLI,QUARTZITE,,PALAEOPROTEROZOIC-QUARTZITE
1_364_0,221.9434,2004.0,1135.5,326.0,525.5,428.5,909.5,1953.0,2354.0,2442.5,2595.0,22.360679774997894,666,0.70149773,5.700116686114352,0.8154138915318744,0.8204708290685773,1.7648612945838835,7.439628,-13.337315200010671,-6.611056598367554,6.726258601643117,1,21.97445373283912,80.46609750159988,"{""type"":""MultiPoint"",""coordinates"":[]}",ARCHAEAN,,TIRODI GNEISSIC COMPLEX,,GNEISS/MIGMATITE,,ARCHAEAN-GNEISS-MIGMATITE
1_365_0,76.9013,1709.0,1234.0,656.0,949.0,966.0,1275.0,1417.0,1581.0,1565.0,1646.0,28.284271247461906,286,0.23666535,1.6200828157349896,1.017913593256059,1.0920127795527157,1.3849270664505673,4.085609,-25.82020948397037,-15.711690357306258,10.108519126664108,1,21.450556259140612,79.76622006374237,"{""type"":""MultiPoint"",""coordinates"":[]}",PALAEOPROTEROZOIC,,SAUSAR,CHORBAOLI,QUARTZITE,,PALAEOPROTEROZOIC-QUARTZITE
1_366_0,132.9025,2060.0,1159.0,490.57142857142856,654.75,558.8333333333334,1044.6,1763.0833333333337,2094.75,2306.5,2371.7,58.30951894845301,332,0.60993487,4.127348643006263,0.8535064273895889,0.8931281161933666,1.7773943054357204,1.3621923,-13.735516650246913,-6.5445758692846905,7.190940780962222,1,21.66803838942595,79.66596807803462,"{""type"":""MultiPoint"",""coordinates"":[]}",ARCHAEAN,,TIRODI GNEISSIC COMPLEX,,GNEISS/MIGMATITE,,ARCHAEAN-GNEISS-MIGMATITE
1_367_0,247.1435,1715.5,949.0,317.5,515.0,417.0,825.0,1789.5,2181.0,2245.5,2392.0,36.05551275463989,665,0.68676054,5.384892086330935,0.8097087378640777,0.7639723892228902,1.807692307692308,11.770701,-15.596089997189791,-9.383868886762103,6.212221110427688,1,21.97472322742436,80.46582800701465,"{""type"":""MultiPoint"",""coordinates"":[]}",ARCHAEAN,,TIRODI GNEISSIC COMPLEX,,GNEISS/MIGMATITE,,ARCHAEAN-GNEISS-MIGMATITE
1_368_0,-0.0,2994.0,2171.5,749.0,990.5,1150.5,1526.0,2207.5,2461.0,2547.0,2730.0,60.0,356,0.37768763,2.213820078226858,1.1615345784957092,1.175500588928151,1.3787704351830532,0.92740995,-16.66478075285227,-9.902355464043607,6.762425288808661,1,21.716547414768403,79.75166735613962,"{""type"":""MultiPoint"",""coordinates"":[]}",ARCHAEAN,,TIRODI GNEISSIC COMPLEX,,GNEISS/MIGMATITE,,ARCHAEAN-GNEISS-MIGMATITE
1_369_0,65.12807,1438.0,680.0,347.0,463.0,362.5,753.5,1574.0,1813.0,1904.5,2110.0,58.30951894845301,445,0.6801941,5.253793103448276,0.7829373650107991,0.7550538199002362,2.114705882352941,2.2041187,-13.44603751859718,-6.641072053888825,6.804965464708355,1,22.000864202192236,80.23460165288228,"{""type"":""MultiPoint"",""coordinates"":[]}",PALAEOPROTEROZOIC,,SAUSAR,MANSAR,BIOTITE SCHIST,,PALAEOPROTEROZOIC-BIOTITE-SCHIST
1_370_0,72.787994,2156.5,1308.5,501.0,631.5,600.75,1055.0,1671.5,1926.5,2090.0,2242.666666666667,20.0,329,0.5534702,3.478984602580108,0.9513064133016628,1.0318181818181815,1.6480703095147116,3.1312664,-14.30073069779134,-7.938549721367477,6.362180976423864,1,21.667229905670244,79.66677656179033,"{""type"":""MultiPoint"",""coordinates"":[]}",ARCHAEAN,,TIRODI GNEISSIC COMPLEX,,GNEISS/MIGMATITE,,ARCHAEAN-GNEISS-MIGMATITE
1_371_0,312.83606,1636.0,807.0,407.0,556.5,436.5,850.0,1787.5,2133.0,2356.0,2400.0,20.0,444,0.6873769,5.3974799541809855,0.784366576819407,0.6943972835314092,2.0272614622057,2.726244,-15.371195550937069,-8.336152073319404,7.0350434776176645,1,22.000594707607,80.2332541799561,"{""type"":""MultiPoint"",""coordinates"":[]}",PALAEOPROTEROZOIC,,SAUSAR,MANSAR,BIOTITE SCHIST,,PALAEOPROTEROZOIC-BIOTITE-SCHIST
1_372_0,199.738,2929.5,2073.5,753.5,996.0,1174.5,1610.0,2226.5,2550.5,2489.0,2777.5,50.0,357,0.3588099,2.1191996594295444,1.1792168674698795,1.176978706307754,1.4128285507595852,2.953538,-16.91039331104314,-9.674517252528316,7.235876058514826,1,21.71735589852411,79.75112836696916,"{""type"":""MultiPoint"",""coordinates"":[]}",ARCHAEAN,,TIRODI GNEISSIC COMPLEX,,GNEISS/MIGMATITE,,ARCHAEAN-GNEISS-MIGMATITE
1_373_0,-0.0,784.0,548.0,634.0,770.0,677.0,836.0,754.0,842.0,692.0,707.0,58.30951894845301,286,0.010956903,1.0221565731166913,0.8792207792207792,1.1329479768786128,1.4306569343065694,3.7047918,-22.664979033262817,-15.676511292274808,6.988467740988009,1,21.449208786214434,79.76810652583902,"{""type"":""MultiPoint"",""coordinates"":[]}",PALAEOPROTEROZOIC,,SAUSAR,CHORBAOLI,QUARTZITE,,PALAEOPROTEROZOIC-QUARTZITE
1_374_0,344.2858,1656.0,795.0,442.0,626.5,484.5,992.0,2086.5,2505.5,2588.5,2679.5,50.0,461,0.68467295,5.342621259029928,0.7733439744612929,0.6397527525593973,2.0830188679245283,21.145203,-15.656779132716174,-8.369291869679316,7.287487263036859,1,21.998977740095583,80.23406266371181,"{""type"":""MultiPoint"",""coordinates"":[]}",PALAEOPROTEROZOIC,,SAUSAR,MANSAR,BIOTITE SCHIST,,PALAEOPROTEROZOIC-BIOTITE-SCHIST
1_375_0,336.70996,2946.25,2541.25,981.0,1144.0,1386.6666666666667,1645.8333333333337,1988.6,2232.8,2273.5,2384.2,58.30951894845301,337,0.24229315,1.6395432692307692,1.2121212121212122,1.2959093908071255,1.159370388588293,5.0358524,-12.79618763873948,-0.6648188927188059,12.131368746020671,1,21.6842080645401,79.73468919726976,"{""type"":""MultiPoint"",""coordinates"":[]}",ARCHAEAN,,TIRODI GNEISSIC COMPLEX,,GNEISS/MIGMATITE,,ARCHAEAN-GNEISS-MIGMATITE
1_376_0,270.0,2510.0,1622.0,702.5,903.0,971.5,1323.5,1933.0,2141.0,2287.0,2358.5,50.0,354,0.40371338,2.354091610910962,1.075858250276855,1.0975076519457805,1.5474722564734895,0.99824005,-18.191651536553547,-10.895872445587738,7.295779090965809,1,21.715469436427465,79.7492419048725,"{""type"":""MultiPoint"",""coordinates"":[]}",ARCHAEAN,,TIRODI GNEISSIC COMPLEX,,GNEISS/MIGMATITE,,ARCHAEAN-GNEISS-MIGMATITE
1_377_0,355.59988,1913.0,1021.0,470.0,652.0,606.0,1193.0,2372.0,2828.0,2932.0,3161.0,22.360679774997894,663,0.65743357,4.838283828382838,0.9294478527607362,0.652455661664393,1.873653281096964,12.805683,-13.982374197522596,-7.630606282824995,6.351767914697601,1,21.83296907559029,80.36719298881832,"{""type"":""MultiPoint"",""coordinates"":[]}",ARCHAEAN,,TIRODI GNEISSIC COMPLEX,,GNEISS/MIGMATITE,,ARCHAEAN-GNEISS-MIGMATITE
1_378_0,107.22684,2398.5,1566.0,671.0,899.0,912.5,1347.0,2265.5,2545.5,2579.5,2740.0,50.0,273,0.47737685,2.826849315068493,1.0150166852057845,0.9298313626671836,1.5316091954022988,3.1286569,-16.789943076563794,-10.5312729725979,6.258670103965896,1,21.5346385697342,79.98343269944246,"{""type"":""MultiPoint"",""coordinates"":[]}",ARCHAEAN,,TIRODI GNEISSIC COMPLEX,,GNEISS/MIGMATITE,,ARCHAEAN-GNEISS-MIGMATITE
1_379_0,28.245031,1772.0,1345.0,694.0,988.0,1017.0,1316.0,1366.0,1507.0,1392.0,1430.0,10.0,284,0.15566625,1.368731563421829,1.029352226720648,1.2729885057471264,1.317472118959108,4.203849,-25.442450753307767,-15.131351944055872,10.311098809251895,1,21.449747775384907,79.76675905291283,"{""type"":""MultiPoint"",""coordinates"":[]}",PALAEOPROTEROZOIC,,SAUSAR,CHORBAOLI,QUARTZITE,,PALAEOPROTEROZOIC-QUARTZITE
1_380_0,-0.0,598.0,410.5,466.5,567.0,466.0,702.5,703.5,777.0,622.5,656.0,58.30951894845301,354,0.14377584,1.3358369098712446,0.8218694885361552,0.9606425702811244,1.456760048721072,0.0,-22.63574290961825,-16.589616671148807,6.046126238469448,1,21.71735589852411,79.74870291570203,"{""type"":""MultiPoint"",""coordinates"":[]}",ARCHAEAN,,TIRODI GNEISSIC COMPLEX,,GNEISS/MIGMATITE,,ARCHAEAN-GNEISS-MIGMATITE
1_381_0,199.75067,2329.0,1611.0,647.0,891.0,1063.0,1376.0,1962.0,2201.0,2416.0,2431.0,31.6227766016838,314,0.38890487,2.272812793979304,1.1930415263748595,0.9639900662251656,1.4456859093730603,2.9537718,-15.9972722303718,-8.874137879141053,7.123134351230746,1,21.81706889506138,80.16749750115855,"{""type"":""MultiPoint"",""coordinates"":[]}",PALAEOPROTEROZOIC,,SAUSAR,MANSAR,PHYLLITE,,PALAEOPROTEROZOIC-PHYLLITE
1_382_0,326.01703,1845.0,873.5,464.5,651.5,530.5,1111.0,2417.5,2808.0,2911.5,3086.5,67.0820393249937,482,0.691749,5.488218661639962,0.8142747505755947,0.633693972179289,2.112192329708071,8.876551,-15.047252673181738,-8.383891111421056,6.6633615617606825,1,21.99843875092511,80.23406266371181,"{""type"":""MultiPoint"",""coordinates"":[]}",PALAEOPROTEROZOIC,,SAUSAR,MANSAR,BIOTITE SCHIST,,PALAEOPROTEROZOIC-BIOTITE-SCHIST
1_383_0,245.08429,2804.5,1838.0,697.0,902.5,1006.5,1462.0,2170.0,2465.0,2532.0,2724.5,60.82762530298219,355,0.43111488,2.515648286140089,1.115235457063712,1.1076224328593998,1.5258433079434168,2.200496,-16.394726294951553,-9.994601860666483,6.400124434285068,1,21.71493044725699,79.74978089404297,"{""type"":""MultiPoint"",""coordinates"":[]}",ARCHAEAN,,TIRODI GNEISSIC COMPLEX,,GNEISS/MIGMATITE,,ARCHAEAN-GNEISS-MIGMATITE
1_384_0,139.27406,2501.5,2323.5,976.5,1192.4,1343.9166666666663,1602.0,1719.5,1815.4,1924.5,1887.0,31.6227766016838,332,0.17763443,1.432008433062566,1.1270686570502066,1.2998181345804103,1.0766085646653756,6.096204,-15.678280405333297,-7.889087241813197,7.7891931635201,1,21.6842080645401,79.72498739220127,"{""type"":""MultiPoint"",""coordinates"":[]}",PALAEOPROTEROZOIC,,SAUSAR,MANSAR,SCHIST,,PALAEOPROTEROZOIC-SCHIST
1_385_0,287.17734,1573.0,908.5,371.0,519.0,480.0,841.5,1203.0,1322.5,1334.0,1507.5,22.360679774997894,664,0.4707828,2.779166666666667,0.9248554913294798,1.1791604197901049,1.7314254265272426,3.1373842,-18.82828093055566,-12.433116011765703,6.395164918789957,1,21.973914743668647,80.46609750159988,"{""type"":""MultiPoint"",""coordinates"":[]}",PALAEOPROTEROZOIC,,SAUSAR,MANSAR,SCHIST,,PALAEOPROTEROZOIC-SCHIST
1_386_0,65.07711,2593.0,1530.5,529.5555555555555,719.8571428571429,689.25,1177.2,2001.25,2236.5,2535.0,2529.0,72.11102550927978,334,0.5724587,3.67791077257889,0.9574816431831712,1.022879684418146,1.69421757595557,2.1999032,-13.850442690963543,-6.689863919228086,7.160578771735457,1,21.66776889484072,79.66515959427892,"{""type"":""MultiPoint"",""coordinates"":[]}",PALAEOPROTEROZOIC,,SAUSAR,MANSAR,SCHIST,,PALAEOPROTEROZOIC-SCHIST
1_387_0,-0.0,1814.0,1082.0,565.0,757.0,716.0,1198.0,1891.0,2088.0,2159.0,2293.0,58.30951894845301,310,0.5019131,3.01536312849162,0.9458388375165124,0.840203798054655,1.676524953789279,4.6273675,-14.51675179668667,-8.003776465415648,6.512975331271022,1,21.815990916720438,80.16534154447666,"{""type"":""MultiPoint"",""coordinates"":[]}",PALAEOPROTEROZOIC,,SAUSAR,MANSAR,PHYLLITE,,PALAEOPROTEROZOIC-PHYLLITE
1_388_0,47.070904,2365.0,1547.0,761.0,979.0,981.5,1553.5,2207.0,2513.5,2578.0,2684.5,50.0,276,0.44851804,2.6265919510952624,1.0025536261491317,0.917377812257564,1.528765352294764,2.721489,-18.15541766943681,-10.032253275647378,8.123164393789434,1,21.53329109680802,79.98208522651628,"{""type"":""MultiPoint"",""coordinates"":[]}",ARCHAEAN,,TIRODI GNEISSIC COMPLEX,,GNEISS/MIGMATITE,,ARCHAEAN-GNEISS-MIGMATITE
1_389_0,-0.0,2476.0,1988.5,636.5,927.5,1133.5,1487.5,1812.0,1944.0,1970.5,2100.5,50.0,616,0.26965207,1.7384208204675784,1.2221024258760107,1.256533874651104,1.2451596680915262,0.92740995,-17.630290505319493,-10.265171807700812,7.36511869761868,1,21.965560411526337,80.46744497452606,"{""type"":""MultiPoint"",""coordinates"":[]}",ARCHAEAN,,TIRODI GNEISSIC COMPLEX,,GNEISS/MIGMATITE,,ARCHAEAN-GNEISS-MIGMATITE
1_390_0,346.55054,2445.5,1835.2,676.6923076923077,930.8571428571428,982.25,1429.8,1932.6666666666667,2144.0,2190.1,2318.6666666666665,70.71067811865476,322,0.380743,2.229676762534996,1.0552102516881523,1.1166156796493312,1.332552310374891,8.519451,-13.995313580777465,-7.518765964066874,6.476547616710589,1,21.684747053710574,79.72337042468986,"{""type"":""MultiPoint"",""coordinates"":[]}",ARCHAEAN,,TIRODI GNEISSIC COMPLEX,,GNEISS/MIGMATITE,,ARCHAEAN-GNEISS-MIGMATITE
1_391_0,124.91682,2932.0,2103.0,715.0,996.0,1073.0,1490.0,2004.0,2212.0,2273.0,2471.0,50.0,287,0.35863718,2.118359739049394,1.0773092369477912,1.289925208974923,1.3941987636709463,9.63062,-23.918690311486568,-14.421355323567822,9.497334987918746,1,21.45136474289632,79.76675905291283,"{""type"":""MultiPoint"",""coordinates"":[]}",PALAEOPROTEROZOIC,,SAUSAR,CHORBAOLI,QUARTZITE,,PALAEOPROTEROZOIC-QUARTZITE
1_392_0,245.08434,2330.5,1554.0,656.5,889.5,973.5,1430.0,2214.0,2555.5,2651.5,2775.5,50.0,358,0.46289656,2.723677452491012,1.0944350758853287,0.8789364510654346,1.4996782496782497,4.3945265,-16.132410137094478,-9.8911816801709,6.241228456923579,1,21.715199941842226,79.75005038862821,"{""type"":""MultiPoint"",""coordinates"":[]}",ARCHAEAN,,TIRODI GNEISSIC COMPLEX,,GNEISS/MIGMATITE,,ARCHAEAN-GNEISS-MIGMATITE
1_393_0,164.94193,2481.5,2098.833333333333,782.0,1005.4285714285714,1131.0,1484.8,1795.0,1946.0,1965.75,2053.0,28.284271247461906,326,0.2695568,1.7380636604774535,1.1248934356351237,1.2623680529060155,1.1823235130628127,3.8361402,-15.956197207912933,-8.868348853745932,7.087848354167001,1,21.68286059161392,79.72417890844557,"{""type"":""MultiPoint"",""coordinates"":[]}",PALAEOPROTEROZOIC,,SAUSAR,MANSAR,SCHIST,,PALAEOPROTEROZOIC-SCHIST
1_394_0,238.25429,1281.0,821.0,649.0,753.0,574.0,753.0,984.0,1103.0,969.0,978.0,36.05551275463989,340,0.25599483,1.6881533101045296,0.7622841965471447,1.3219814241486068,1.5602923264311814,3.5211346,-22.929455337525543,-15.79178568105336,7.137669656472184,1,21.863691458307184,79.98127674276057,"{""type"":""MultiPoint"",""coordinates"":[]}",ARCHAEAN,,TIRODI GNEISSIC COMPLEX,,GNEISS/MIGMATITE,,ARCHAEAN-GNEISS-MIGMATITE
1_395_0,227.09712,2415.0,1440.5,487.6,670.5,637.75,1159.0,1779.0,2097.0,2244.0,2397.333333333333,53.85164807134504,328,0.557387,3.518620148961192,0.9511558538404176,1.0762032085561497,1.6765012148559528,1.3621824,-15.537129548379076,-10.138388034734758,5.398741513644319,1,21.6661519273293,79.66812403471651,"{""type"":""MultiPoint"",""coordinates"":[]}",ARCHAEAN,,TIRODI GNEISSIC COMPLEX,,GNEISS/MIGMATITE,,ARCHAEAN-GNEISS-MIGMATITE
1_396_0,270.0,2197.0,2005.0,1369.0,1406.0,1411.0,1577.0,1701.0,1753.0,1757.0,1807.0,70.71067811865476,307,0.109217174,1.2452161587526578,1.003556187766714,1.2504268639726808,1.0957605985037406,3.9906838,-15.401059832007356,-8.931526046559222,6.469533785448135,1,21.851294707386334,80.22543883698425,"{""type"":""MultiPoint"",""coordinates"":[]}",PALAEOPROTEROZOIC,,SAUSAR,MANSAR,PHYLLITE,,PALAEOPROTEROZOIC-PHYLLITE
1_397_0,180.0,1730.5,957.5,656.5,816.5,859.0,1237.0,1919.0,2180.0,2232.5,2361.0,53.85164807134504,276,0.4442827,2.59895227008149,1.0520514390691975,0.7751399776035834,1.8073107049608357,1.8543341,-16.57341470280758,-9.388877238896136,7.184537463911443,1,21.533830085978494,79.98478017236864,"{""type"":""MultiPoint"",""coordinates"":[]}",ARCHAEAN,,TIRODI GNEISSIC COMPLEX,,GNEISS/MIGMATITE,,ARCHAEAN-GNEISS-MIGMATITE
1_398_0,65.05697,2885.5,2117.0,898.0,1162.0,1401.5,1661.5,2184.5,2437.0,2555.5,2670.5,58.30951894845301,276,0.29163507,1.823403496254013,1.2061101549053357,1.1291332420270006,1.3630136986301369,2.1982422,-18.42149356863191,-10.643053548481362,7.778440020150548,1,21.5346385697342,79.98262421568676,"{""type"":""MultiPoint"",""coordinates"":[]}",ARCHAEAN,,TIRODI GNEISSIC COMPLEX,,GNEISS/MIGMATITE,,ARCHAEAN-GNEISS-MIGMATITE
1_399_0,110.352905,3090.5,2793.0,1430.0,1772.0,2053.0,2212.0,2515.0,2695.0,2792.0,2807.5,10.0,620,0.15252838,1.359961032635168,1.1585778781038374,1.1069126074498568,1.1065162907268171,5.3181233,-15.942865721239556,-7.551293411142323,8.391572310097233,1,21.96636889528204,80.46663649077036,"{""type"":""MultiPoint"",""coordinates"":[]}",ARCHAEAN,,TIRODI GNEISSIC COMPLEX,,GNEISS/MIGMATITE,,ARCHAEAN-GNEISS-MIGMATITE
1_400_0,90.0,2564.0,1807.0,653.0,814.0,862.0,1278.0,1617.0,1787.0,1840.0,1946.0,36.05551275463989,342,0.36195412,2.1345707656612527,1.058968058968059,1.3934782608695653,1.4189263973436634,2.9953926,-22.962348685039903,-14.404087318921295,8.55826136611861,1,21.863960952892416,79.9799292698344,"{""type"":""MultiPoint"",""coordinates"":[]}",ARCHAEAN,,TIRODI GNEISSIC COMPLEX,,GNEISS/MIGMATITE,,ARCHAEAN-GNEISS-MIGMATITE
1_401_0,192.1464,3129.333333333333,2712.5,1127.0,1446.75,1821.5,2059.25,2225.5,2372.5,2404.0,2421.6666666666665,42.426406871192846,323,0.1378535,1.3197913807301676,1.2590288577846898,1.3017193566278424,1.1536712749615974,4.732856,-17.11891303478588,-7.509800868157475,9.609112166628403,1,21.682591097028688,79.72390941386033,"{""type"":""MultiPoint"",""coordinates"":[]}",PALAEOPROTEROZOIC,,SAUSAR,MANSAR,SCHIST,,PALAEOPROTEROZOIC-SCHIST
1_402_0,65.05656,2795.5,2167.0,973.0,1199.5,1234.0,1554.0,2420.5,2694.5,2686.0,2842.5,50.99019513592785,279,0.37040818,2.1766612641815235,1.0287619841600666,1.0407669396872674,1.290032302722658,4.389963,-15.444328070153144,-6.509855844640091,8.934472225513053,1,21.531943623881844,79.98316320485722,"{""type"":""MultiPoint"",""coordinates"":[]}",ARCHAEAN,,TIRODI GNEISSIC COMPLEX,,GNEISS/MIGMATITE,,ARCHAEAN-GNEISS-MIGMATITE
1_403_0,227.12733,1799.0,1077.0,465.0,626.0,593.0,1031.0,1655.0,1898.0,1994.0,2120.0,50.0,308,0.5415539,3.3625632377740304,0.9472843450479234,0.9022066198595788,1.670380687093779,1.3629557,-16.004359872174504,-9.190550118976326,6.8138097531981785,1,21.818146873402323,80.16668901740285,"{""type"":""MultiPoint"",""coordinates"":[]}",PALAEOPROTEROZOIC,,SAUSAR,MANSAR,PHYLLITE,,PALAEOPROTEROZOIC-PHYLLITE
1_404_0,249.08601,2136.0,1099.0,549.0,785.0,644.0,1297.0,2378.0,2653.0,2796.0,2991.0,41.23105625617661,379,0.6255814,4.341614906832298,0.8203821656050956,0.7639484978540773,1.9435850773430392,17.611393,-17.148368429023847,-11.001981056793092,6.146387372230755,1,21.865577920403837,79.98100724817533,"{""type"":""MultiPoint"",""coordinates"":[]}",ARCHAEAN,,TIRODI GNEISSIC COMPLEX,,GNEISS/MIGMATITE,,ARCHAEAN-GNEISS-MIGMATITE
1_405_0,160.22911,1919.5,1255.5,369.5,500.5,560.0,944.0,1473.5,1674.0,1812.5,1868.5,42.426406871192846,661,0.5279241,3.236607142857143,1.118881118881119,1.0590344827586209,1.528872958980486,2.9541454,-16.319822477986012,-10.646709395359036,5.6731130826269744,1,21.974992722009592,80.46744497452606,"{""type"":""MultiPoint"",""coordinates"":[]}",ARCHAEAN,,TIRODI GNEISSIC COMPLEX,,GNEISS/MIGMATITE,,ARCHAEAN-GNEISS-MIGMATITE
1_406_0,227.10025,2945.6666666666665,2434.0,1256.5,1546.5,1757.6,1942.8333333333333,2501.75,2715.5,2793.0,2868.75,50.0,339,0.22753043,1.589098771051434,1.136501778208859,1.054660460675498,1.2102163790742262,1.3622626,-15.323688332327077,-5.669259395670792,9.654428936656284,1,21.682052107858212,79.73334172434359,"{""type"":""MultiPoint"",""coordinates"":[]}",ARCHAEAN,,TIRODI GNEISSIC COMPLEX,,GNEISS/MIGMATITE,,ARCHAEAN-GNEISS-MIGMATITE
1_407_0,245.08429,2804.5,1838.0,697.0,902.5,1006.5,1462.0,2170.0,2465.0,2532.0,2724.5,60.82762530298219,355,0.43111488,2.515648286140089,1.115235457063712,1.1076224328593998,1.5258433079434168,2.200496,-16.394726294951553,-9.994601860666483,6.400124434285068,1,21.71493044725699,79.74978089404297,"{""type"":""MultiPoint"",""coordinates"":[]}",ARCHAEAN,,TIRODI GNEISSIC COMPLEX,,GNEISS/MIGMATITE,,ARCHAEAN-GNEISS-MIGMATITE
1_408_0,312.893,2454.0,1633.0,727.0,1018.0,1223.0,1539.0,2195.0,2563.5,2626.5,2809.0,31.6227766016838,359,0.3645928,2.1475878986099755,1.201375245579568,0.934323243860651,1.5027556644213105,1.3624346,-17.256228528924865,-10.053611213787317,7.202617315137548,1,21.715738931012694,79.75031988321345,"{""type"":""MultiPoint"",""coordinates"":[]}",ARCHAEAN,,TIRODI GNEISSIC COMPLEX,,GNEISS/MIGMATITE,,ARCHAEAN-GNEISS-MIGMATITE
1_409_0,180.0,3482.166666666667,2846.0,1172.0,1452.0,1651.5,2035.5,2416.25,2676.0,2677.0,2910.0,31.6227766016838,340,0.2369181,1.620950650923403,1.137396694214876,1.3007720084671897,1.2235301007261654,0.92740995,-19.66386923454442,-8.189706809890357,11.474162424654065,1,21.682591097028688,79.73361121892881,"{""type"":""MultiPoint"",""coordinates"":[]}",ARCHAEAN,,TIRODI GNEISSIC COMPLEX,,GNEISS/MIGMATITE,,ARCHAEAN-GNEISS-MIGMATITE
1_410_0,164.92361,1855.0,900.0,442.0,673.0,576.0,1115.0,2120.0,2438.0,2622.0,2659.0,42.426406871192846,378,0.63977486,4.552083333333333,0.8558692421991084,0.7074752097635393,2.061111111111111,15.0153885,-15.361463626711132,-8.961044510444024,6.400419116267107,1,21.8653084258186,79.98154623734581,"{""type"":""MultiPoint"",""coordinates"":[]}",ARCHAEAN,,TIRODI GNEISSIC COMPLEX,,GNEISS/MIGMATITE,,ARCHAEAN-GNEISS-MIGMATITE
1_411_0,270.0,2549.0,2041.0,662.5,963.5,1218.0,1505.0,1851.0,2009.0,2073.0,2183.5,64.03124237432849,617,0.25979945,1.7019704433497538,1.2641411520498185,1.2296189097925712,1.2488975992160705,0.999985,-17.794663548624253,-10.240388478848525,7.554275069775731,1,21.9652909169411,80.4677144691113,"{""type"":""MultiPoint"",""coordinates"":[]}",ARCHAEAN,,TIRODI GNEISSIC COMPLEX,,GNEISS/MIGMATITE,,ARCHAEAN-GNEISS-MIGMATITE
1_412_0,150.29741,1854.0,893.0,409.0,593.0,563.0,1076.0,1963.0,2242.0,2350.0,2577.0,72.11102550927978,376,0.6134569,4.174067495559503,0.9494097807757168,0.788936170212766,2.0761478163493843,17.579205,-13.162886980566746,-6.830555485931782,6.332331494634964,1,21.865577920403837,79.98235472110152,"{""type"":""MultiPoint"",""coordinates"":[]}",ARCHAEAN,,TIRODI GNEISSIC COMPLEX,,GNEISS/MIGMATITE,,ARCHAEAN-GNEISS-MIGMATITE
1_413_0,28.305605,1969.0,1077.0,566.0,743.0,713.0,1204.0,1991.0,2315.0,2485.0,2541.0,40.0,314,0.5540963,3.485273492286115,0.9596231493943472,0.792354124748491,1.828226555246054,8.367607,-14.60654995562857,-7.661973793164845,6.944576162463725,1,21.8157214221352,80.16668901740285,"{""type"":""MultiPoint"",""coordinates"":[]}",PALAEOPROTEROZOIC,,SAUSAR,MANSAR,PHYLLITE,,PALAEOPROTEROZOIC-PHYLLITE
1_414_0,107.236244,316.0,216.0,470.0,631.0,524.0,599.0,409.0,417.0,378.0,383.0,41.23105625617661,283,-0.16186252,0.7213740458015268,0.8304278922345484,0.8359788359788359,1.462962962962963,3.1270041,-28.508205390457796,-21.87171487678452,6.636490513673273,1,21.45028676455538,79.76783703125378,"{""type"":""MultiPoint"",""coordinates"":[]}",PALAEOPROTEROZOIC,,SAUSAR,CHORBAOLI,QUARTZITE,,PALAEOPROTEROZOIC-QUARTZITE
1_415_0,227.07074,2786.0,2070.5,767.0,1011.0,1220.0,1534.5,2155.5,2474.0,2558.5,2699.0,58.30951894845301,275,0.3542411,2.0971311475409835,1.2067260138476756,1.0889192886456909,1.345568703211785,2.7214806,-17.320800543205575,-10.605365149908009,6.715435393297566,1,21.532482613052316,79.98478017236864,"{""type"":""MultiPoint"",""coordinates"":[]}",ARCHAEAN,,TIRODI GNEISSIC COMPLEX,,GNEISS/MIGMATITE,,ARCHAEAN-GNEISS-MIGMATITE
1_416_0,90.0,1938.0,1143.0,467.1428571428572,633.1666666666666,544.375,1012.625,1719.3333333333333,1944.0,1955.25,2178.25,41.23105625617661,332,0.56443465,3.5917336394948336,0.8597657278231114,0.9911775987725356,1.695538057742782,0.9979033,-14.89974356550148,-8.484826151499224,6.414917414002256,1,21.666960411085007,79.66785454013127,"{""type"":""MultiPoint"",""coordinates"":[]}",ARCHAEAN,,TIRODI GNEISSIC COMPLEX,,GNEISS/MIGMATITE,,ARCHAEAN-GNEISS-MIGMATITE
1_417_0,160.22911,1919.5,1255.5,369.5,500.5,560.0,944.0,1473.5,1674.0,1812.5,1868.5,42.426406871192846,661,0.5279241,3.236607142857143,1.118881118881119,1.0590344827586209,1.528872958980486,2.9541454,-16.319822477986012,-10.646709395359036,5.6731130826269744,1,21.974992722009592,80.46744497452606,"{""type"":""MultiPoint"",""coordinates"":[]}",ARCHAEAN,,TIRODI GNEISSIC COMPLEX,,GNEISS/MIGMATITE,,ARCHAEAN-GNEISS-MIGMATITE
1_418_0,-0.0,1815.0,940.0,398.0,558.0,523.0,888.0,1808.0,2104.0,2241.0,2405.0,31.6227766016838,634,0.62156296,4.2848948374761,0.9372759856630823,0.8099062918340026,1.9308510638297876,2.7802885,-14.865874958397017,-7.950205786339387,6.91566917205763,1,21.83404705393124,80.36692349423308,"{""type"":""MultiPoint"",""coordinates"":[]}",ARCHAEAN,,TIRODI GNEISSIC COMPLEX,,GNEISS/MIGMATITE,,ARCHAEAN-GNEISS-MIGMATITE
1_419_0,47.054268,2134.0,1141.0,516.0,776.0,610.0,1269.0,2386.0,2753.0,2909.0,3128.0,53.85164807134504,291,0.6533106,4.768852459016394,0.7860824742268041,0.733585424544517,1.8702892199824717,1.3610878,-14.69404697717469,-7.831834677712655,6.862212299462035,1,21.44866979704396,79.7672980420833,"{""type"":""MultiPoint"",""coordinates"":[]}",PALAEOPROTEROZOIC,,SAUSAR,CHORBAOLI,QUARTZITE,,PALAEOPROTEROZOIC-QUARTZITE
1_420_0,132.84128,2466.0,1590.5,414.0,596.5,658.0,1135.5,1926.5,2184.5,2341.5,2521.5,20.0,671,0.5612602,3.5585106382978724,1.1031014249790445,1.0531710442024342,1.5504558314995285,5.4396696,-12.645921239069308,-6.30971380844956,6.336207430619748,1,21.97472322742436,80.46663649077036,"{""type"":""MultiPoint"",""coordinates"":[]}",ARCHAEAN,,TIRODI GNEISSIC COMPLEX,,GNEISS/MIGMATITE,,ARCHAEAN-GNEISS-MIGMATITE
1_421_0,321.05975,2431.0,2262.0,1446.0,1319.0,1301.0,1491.0,1644.0,1965.0,2116.0,2058.0,72.11102550927978,307,0.23851332,1.6264411990776326,0.9863532979529946,1.1488657844990549,1.0747126436781609,4.758832,-11.137246613382846,-2.2570971435424467,8.880149469840399,1,21.85156420197157,80.22570833156949,"{""type"":""MultiPoint"",""coordinates"":[]}",PALAEOPROTEROZOIC,,SAUSAR,MANSAR,PHYLLITE,,PALAEOPROTEROZOIC-PHYLLITE
1_422_0,28.245031,1772.0,1345.0,694.0,988.0,1017.0,1316.0,1366.0,1507.0,1392.0,1430.0,10.0,284,0.15566625,1.368731563421829,1.029352226720648,1.2729885057471264,1.317472118959108,4.203849,-25.442450753307767,-15.131351944055872,10.311098809251895,1,21.449747775384907,79.76675905291283,"{""type"":""MultiPoint"",""coordinates"":[]}",PALAEOPROTEROZOIC,,SAUSAR,CHORBAOLI,QUARTZITE,,PALAEOPROTEROZOIC-QUARTZITE
1_423_0,90.0,2509.0,1543.0,609.5,895.5,809.5,1351.0,2471.5,2802.5,2849.5,3040.0,60.82762530298219,274,0.5575294,3.5200741198270538,0.903964265773311,0.8805053518161081,1.626053143227479,3.981864,-14.752069671768638,-8.781626359414025,5.970443312354613,1,21.531674129296608,79.9837021940277,"{""type"":""MultiPoint"",""coordinates"":[]}",ARCHAEAN,,TIRODI GNEISSIC COMPLEX,,GNEISS/MIGMATITE,,ARCHAEAN-GNEISS-MIGMATITE
1_424_0,306.6012,1887.0,1027.0,579.0,748.0,807.0,1144.0,1738.0,1989.0,2155.0,2224.0,31.6227766016838,311,0.4550979,2.670384138785626,1.0788770053475936,0.8756380510440835,1.8373904576436224,6.1979594,-15.730659643714263,-8.51448268410287,7.216176959611396,1,21.81760788423185,80.1664195228176,"{""type"":""MultiPoint"",""coordinates"":[]}",PALAEOPROTEROZOIC,,SAUSAR,MANSAR,PHYLLITE,,PALAEOPROTEROZOIC-PHYLLITE
1_425_0,90.0,1828.0,1090.0,479.0,621.0,539.0,1092.0,1952.0,2253.0,2357.0,2519.0,56.56854249492381,340,0.62776244,4.3729128014842304,0.8679549114331723,0.7755621552821383,1.6770642201834862,0.9992696,-14.06116468869981,-7.849065462698599,6.212099226001211,1,21.863421963721947,79.98181573193105,"{""type"":""MultiPoint"",""coordinates"":[]}",ARCHAEAN,,TIRODI GNEISSIC COMPLEX,,GNEISS/MIGMATITE,,ARCHAEAN-GNEISS-MIGMATITE
1_426_0,321.06314,1710.0,942.0,422.0,570.0,518.0,972.0,2074.0,2468.0,2638.0,2789.0,56.56854249492381,637,0.67173636,5.0926640926640925,0.9087719298245616,0.6482183472327521,1.8152866242038217,4.758607,-14.524786892747096,-7.498747912495236,7.026038980251859,1,21.834316548516476,80.3677319779888,"{""type"":""MultiPoint"",""coordinates"":[]}",ARCHAEAN,,TIRODI GNEISSIC COMPLEX,,GNEISS/MIGMATITE,,ARCHAEAN-GNEISS-MIGMATITE
1_427_0,180.0,1458.0,715.0,349.0,496.5,388.5,769.5,1605.5,1927.0,2074.5,2075.5,41.23105625617661,446,0.68453103,5.33976833976834,0.7824773413897281,0.702819956616052,2.03916083916084,0.92740995,-13.554124294407108,-7.028006757131823,6.526117537275283,1,22.00032521302176,80.23433215829704,"{""type"":""MultiPoint"",""coordinates"":[]}",PALAEOPROTEROZOIC,,SAUSAR,MANSAR,BIOTITE SCHIST,,PALAEOPROTEROZOIC-BIOTITE-SCHIST
1_428_0,180.0,2476.5,1611.0,642.0,856.5,888.0,1295.0,2207.0,2567.5,2697.5,2862.0,22.360679774997894,272,0.5046716,3.037725225225225,1.0367775831873904,0.9180722891566264,1.537243947858473,2.7802885,-17.746558256987328,-9.943274365100288,7.803283891887041,1,21.533560591393258,79.98397168861293,"{""type"":""MultiPoint"",""coordinates"":[]}",ARCHAEAN,,TIRODI GNEISSIC COMPLEX,,GNEISS/MIGMATITE,,ARCHAEAN-GNEISS-MIGMATITE
1_429_0,270.0,2849.5,2324.5,773.0,1133.5,1470.5,1771.5,2151.5,2375.5,2464.0,2640.5,60.82762530298219,618,0.25250986,1.675620537232234,1.2973092192324658,1.156452922077922,1.2258550225855025,2.9975452,-16.478234794583372,-9.274001495331548,7.204233299251825,1,21.96636889528204,80.46501952325893,"{""type"":""MultiPoint"",""coordinates"":[]}",ARCHAEAN,,TIRODI GNEISSIC COMPLEX,,GNEISS/MIGMATITE,,ARCHAEAN-GNEISS-MIGMATITE
1_430_0,321.0304,1447.5,684.5,384.0,559.0,452.0,904.5,1817.5,2166.5,2415.0,2320.5,31.6227766016838,441,0.68468785,5.342920353982301,0.8085867620751341,0.5993788819875776,2.114682249817385,4.7607946,-14.163384857917723,-7.439967037393844,6.72341782052388,1,22.000864202192236,80.23298468537087,"{""type"":""MultiPoint"",""coordinates"":[]}",PALAEOPROTEROZOIC,,SAUSAR,MANSAR,BIOTITE SCHIST,,PALAEOPROTEROZOIC-BIOTITE-SCHIST
1_431_0,28.283682,2989.0,2510.0,1135.142857142857,1466.0,1642.571428571429,1871.6,2288.2,2464.9,2469.0,2640.4,50.0,337,0.20100066,1.503130979300748,1.1204443578249854,1.2106115836371,1.1908366533864545,6.293965,-14.537876116413717,-8.26161371417675,6.276262402236966,1,21.6842080645401,79.7236399192751,"{""type"":""MultiPoint"",""coordinates"":[]}",PALAEOPROTEROZOIC,,SAUSAR,MANSAR,SCHIST,,PALAEOPROTEROZOIC-SCHIST
1_432_0,301.7258,1650.0,831.0,307.0,508.0,376.0,808.5,1742.0,2056.5,2225.5,2320.5,50.0,659,0.710936,5.9188829787234045,0.7401574803149606,0.7414064255223545,1.985559566787004,3.5231078,-16.842977140838755,-10.68527678285579,6.157700357982964,1,21.974184238253883,80.46528901784417,"{""type"":""MultiPoint"",""coordinates"":[]}",ARCHAEAN,,TIRODI GNEISSIC COMPLEX,,GNEISS/MIGMATITE,,ARCHAEAN-GNEISS-MIGMATITE
1_433_0,265.58102,1807.5,981.5,368.5,571.5,504.0,915.5,1909.0,2277.5,2378.0,2510.5,44.7213595499958,658,0.65024287,4.718253968253968,0.8818897637795275,0.7600925147182507,1.8415690269994909,11.865053,-15.94886595968998,-9.65178094061461,6.29708501907537,1,21.97472322742436,80.46555851242941,"{""type"":""MultiPoint"",""coordinates"":[]}",ARCHAEAN,,TIRODI GNEISSIC COMPLEX,,GNEISS/MIGMATITE,,ARCHAEAN-GNEISS-MIGMATITE
1_434_0,132.90277,2302.5,1424.125,543.2916666666667,691.75,659.0,1109.3333333333333,1782.0,1997.2,2161.125,2335.333333333333,10.0,331,0.5326448,3.279400606980273,0.9526563064691002,1.0654173173694257,1.616782234705521,2.7228322,-14.67440760856466,-8.258309489896323,6.416098118668337,1,21.66669091649977,79.66650706720509,"{""type"":""MultiPoint"",""coordinates"":[]}",ARCHAEAN,,TIRODI GNEISSIC COMPLEX,,GNEISS/MIGMATITE,,ARCHAEAN-GNEISS-MIGMATITE
1_435_0,299.11917,1896.0,1052.0,547.0,731.0,668.0,1114.0,1896.0,2111.0,2308.0,2309.0,64.03124237432849,315,0.5510753,3.455089820359281,0.9138166894664844,0.8214904679376083,1.8022813688212929,5.699,-15.361752113199858,-8.688761303477353,6.672990809722505,1,21.815451927549965,80.1656110390619,"{""type"":""MultiPoint"",""coordinates"":[]}",PALAEOPROTEROZOIC,,SAUSAR,MANSAR,PHYLLITE,,PALAEOPROTEROZOIC-PHYLLITE
1_436_0,90.0,1973.5,1191.0,690.5,948.0,893.0,1335.0,2153.0,2468.5,2499.5,2647.0,70.0,278,0.4735446,2.7989921612541995,0.9419831223628692,0.7895579115823165,1.6570109151973131,1.9933617,-16.65138964304631,-10.313030127664897,6.338359515381415,1,21.53329109680802,79.98154623734581,"{""type"":""MultiPoint"",""coordinates"":[]}",ARCHAEAN,,TIRODI GNEISSIC COMPLEX,,GNEISS/MIGMATITE,,ARCHAEAN-GNEISS-MIGMATITE
1_437_0,151.66772,1550.0,880.5,303.0,475.5,383.0,835.5,1805.5,2046.5,2224.5,2210.0,63.24555320336759,651,0.706232,5.808093994778068,0.8054679284963197,0.6967857945605754,1.7603634298693924,8.369677,-15.072754914900983,-8.543845913626345,6.528909001274638,1,21.97472322742436,80.46825345828177,"{""type"":""MultiPoint"",""coordinates"":[]}",PALAEOPROTEROZOIC,,SAUSAR,MANSAR,SCHIST,,PALAEOPROTEROZOIC-SCHIST
1_438_0,168.91556,1999.0,1125.0,449.0,626.0,579.0,1080.0,1957.0,2258.0,2401.0,2619.0,60.82762530298219,345,0.6114094,4.146804835924007,0.9249201277955272,0.8325697625989171,1.776888888888889,10.28445,-14.97449191437183,-8.622074513753248,6.352417400618583,1,21.86423044747765,79.98235472110152,"{""type"":""MultiPoint"",""coordinates"":[]}",ARCHAEAN,,TIRODI GNEISSIC COMPLEX,,GNEISS/MIGMATITE,,ARCHAEAN-GNEISS-MIGMATITE
1_439_0,270.0,2752.0,2026.5,680.0,932.5,1087.5,1519.0,2231.5,2558.0,2623.0,2753.5,14.142135623730953,620,0.41382563,2.411954022988506,1.1662198391420913,1.0491803278688523,1.3580064150012336,0.9999967,-15.090137454918583,-7.730953429551613,7.359184025366972,1,21.966907884452517,80.46690598535558,"{""type"":""MultiPoint"",""coordinates"":[]}",ARCHAEAN,,TIRODI GNEISSIC COMPLEX,,GNEISS/MIGMATITE,,ARCHAEAN-GNEISS-MIGMATITE
1_440_0,227.10025,1378.107142857143,1056.175,703.05,848.6666666666666,844.2857142857143,983.25,1102.0833333333337,1201.428571428571,1207.5,1277.5833333333337,58.30951894845301,309,0.1770235,1.430203045685279,0.994837840870834,1.1412895593019816,1.304809470833094,1.3622626,-18.52463020215541,-10.207820497860189,8.316809704295228,1,21.682052107858212,79.72552638137175,"{""type"":""MultiPoint"",""coordinates"":[]}",PALAEOPROTEROZOIC,,SAUSAR,MANSAR,SCHIST,,PALAEOPROTEROZOIC-SCHIST
1_441_0,47.097446,2131.6666666666665,1207.0,474.875,663.1428571428571,591.75,1044.25,1770.25,2025.75,2205.5,2306.75,56.56854249492381,332,0.5769059,3.7270806928601607,0.8923416630762603,0.9665230862238344,1.7660867163766911,1.3621908,-15.185643832344232,-7.633934552888101,7.551709279456131,1,21.66776889484072,79.66569858344938,"{""type"":""MultiPoint"",""coordinates"":[]}",ARCHAEAN,,TIRODI GNEISSIC COMPLEX,,GNEISS/MIGMATITE,,ARCHAEAN-GNEISS-MIGMATITE
1_442_0,227.15733,3293.0,2627.5,725.5,967.5,1224.0,1598.5,2092.0,2299.0,2422.5,2570.5,40.0,621,0.32867134,1.9791666666666667,1.2651162790697674,1.3593395252837976,1.2532825880114178,1.3637247,-17.671318450751592,-10.13021065944444,7.541107791307152,1,21.967716368208222,80.46663649077036,"{""type"":""MultiPoint"",""coordinates"":[]}",ARCHAEAN,,TIRODI GNEISSIC COMPLEX,,GNEISS/MIGMATITE,,ARCHAEAN-GNEISS-MIGMATITE
1_443_0,107.21029,2683.333333333333,2489.0,1058.3333333333333,1326.0,1598.8333333333337,1775.0,1933.25,2019.75,2010.0,2091.0,36.05551275463989,316,0.11393341,1.257166684040446,1.2057566616390147,1.3349917081260363,1.0780768715682334,9.320965,-15.446097765953358,-1.3385450255483509,14.107552740405009,1,21.682591097028688,79.72525688678651,"{""type"":""MultiPoint"",""coordinates"":[]}",PALAEOPROTEROZOIC,,SAUSAR,MANSAR,SCHIST,,PALAEOPROTEROZOIC-SCHIST
1_444_0,180.0,1171.0,1185.0,729.0,754.0,802.0,875.0,918.0,964.0,954.0,988.0,14.142135623730953,308,0.08656036,1.189526184538653,1.063660477453581,1.2274633123689729,0.9881856540084388,0.92740995,-17.87988016402352,-9.417769771902725,8.462110392120794,1,21.85021672904539,80.22705580449568,"{""type"":""MultiPoint"",""coordinates"":[]}",PALAEOPROTEROZOIC,,SAUSAR,MANSAR,PHYLLITE,,PALAEOPROTEROZOIC-PHYLLITE
1_445_0,327.12573,2161.0,1296.0,633.0,804.0,859.0,1205.0,1850.0,2131.0,2267.0,2322.0,67.0820393249937,314,0.45041588,2.639115250291036,1.068407960199005,0.953242170269078,1.6674382716049383,5.5046763,-17.189974384992013,-11.067820521112134,6.122153863879879,1,21.81760788423185,80.16830598491426,"{""type"":""MultiPoint"",""coordinates"":[]}",PALAEOPROTEROZOIC,,SAUSAR,MANSAR,PHYLLITE,,PALAEOPROTEROZOIC-PHYLLITE
1_446_0,90.0,2875.5,2083.0,739.5,950.5,1125.0,1501.0,2109.5,2401.0,2498.5,2659.5,44.7213595499958,275,0.3790534,2.2208888888888887,1.1835875854813256,1.1508905343205924,1.3804608737397983,0.99699014,-16.50821759870003,-9.42146748725902,7.086750111441008,1,21.53436907514897,79.982893710272,"{""type"":""MultiPoint"",""coordinates"":[]}",ARCHAEAN,,TIRODI GNEISSIC COMPLEX,,GNEISS/MIGMATITE,,ARCHAEAN-GNEISS-MIGMATITE
1_447_0,28.305744,1486.0,753.0,471.0,620.0,501.0,945.0,1785.0,2082.0,2259.0,2265.0,60.82762530298219,307,0.6369565,4.508982035928144,0.8080645161290323,0.6578131916777336,1.9734395750332008,2.105956,-12.905730687874415,-7.183941002247092,5.721789685627325,1,21.816529905890903,80.16507204989142,"{""type"":""MultiPoint"",""coordinates"":[]}",PALAEOPROTEROZOIC,,SAUSAR,MANSAR,PHYLLITE,,PALAEOPROTEROZOIC-PHYLLITE
1_448_0,28.24494,2374.0,1281.0,569.0,829.0,765.0,1333.0,2358.0,2659.0,2719.0,2992.0,36.05551275463989,291,0.5608496,3.554248366013072,0.9227985524728588,0.873115115851416,1.853239656518345,2.1047554,-14.52245030214849,-8.636890005925613,5.885560296222877,1,21.449208786214434,79.76622006374237,"{""type"":""MultiPoint"",""coordinates"":[]}",PALAEOPROTEROZOIC,,SAUSAR,CHORBAOLI,QUARTZITE,,PALAEOPROTEROZOIC-QUARTZITE
1_449_0,-0.0,1611.0,906.0,549.0,725.0,684.0,1059.0,1755.0,1978.0,2039.0,2216.0,44.7213595499958,312,0.49761292,2.9809941520467835,0.9434482758620688,0.7900931829328102,1.7781456953642385,4.6273675,-14.456113766490716,-7.770145191111452,6.685968575379264,1,21.8157214221352,80.16722800657331,"{""type"":""MultiPoint"",""coordinates"":[]}",PALAEOPROTEROZOIC,,SAUSAR,MANSAR,PHYLLITE,,PALAEOPROTEROZOIC-PHYLLITE
1_450_0,208.2835,2194.0,1421.142857142857,621.0,827.5,816.0,1259.3333333333333,2229.6666666666665,2505.6666666666665,2576.333333333333,2672.2,70.71067811865476,323,0.5189152,3.157271241830065,0.9861027190332328,0.851597878121361,1.5438279051065542,4.205361,-16.04665734542564,-8.965853404059105,7.080803941366535,1,21.68313008619916,79.72283143551938,"{""type"":""MultiPoint"",""coordinates"":[]}",PALAEOPROTEROZOIC,,SAUSAR,MANSAR,SCHIST,,PALAEOPROTEROZOIC-SCHIST
1_451_0,270.0,2870.0,2050.0,796.0,1189.0,1264.0,1780.0,2414.0,2661.0,2725.0,2950.0,50.0,287,0.36625722,2.1558544303797467,1.0630782169890665,1.053211009174312,1.4,0.9964194,-16.305871504179443,-9.378064392742344,6.927807111437097,1,21.451095248311084,79.76595056915713,"{""type"":""MultiPoint"",""coordinates"":[]}",PALAEOPROTEROZOIC,,SAUSAR,CHORBAOLI,QUARTZITE,,PALAEOPROTEROZOIC-QUARTZITE
1_452_0,270.0,1260.0,1261.0,738.0,795.0,839.0,925.0,990.0,1022.0,1001.0,1016.0,22.360679774997894,305,0.08804348,1.193087008343266,1.0553459119496855,1.2587412587412588,0.999206978588422,3.9906528,-17.560545329066148,-9.068259717337664,8.492285611728484,1,21.85021672904539,80.22624732073997,"{""type"":""MultiPoint"",""coordinates"":[]}",PALAEOPROTEROZOIC,,SAUSAR,MANSAR,PHYLLITE,,PALAEOPROTEROZOIC-PHYLLITE
1_453_0,141.05746,2713.0,1850.0,645.0,852.0,863.0,1422.0,2164.0,2375.0,2328.0,2583.0,50.0,341,0.45910373,2.6975666280417148,1.0129107981220655,1.1653780068728523,1.4664864864864864,4.758985,-18.24670924940472,-11.88821842620639,6.358490823198327,1,21.863421963721947,79.9799292698344,"{""type"":""MultiPoint"",""coordinates"":[]}",ARCHAEAN,,TIRODI GNEISSIC COMPLEX,,GNEISS/MIGMATITE,,ARCHAEAN-GNEISS-MIGMATITE
1_454_0,132.89264,2652.0,1884.5,702.0,931.0,1015.0,1399.0,2192.5,2530.0,2629.0,2733.5,64.03124237432849,353,0.44291988,2.5901477832512314,1.0902255639097744,1.00874857360213,1.407269832846909,2.72335,-15.994999482287886,-8.672360540384181,7.322638941903705,1,21.717894887694584,79.74897241028727,"{""type"":""MultiPoint"",""coordinates"":[]}",ARCHAEAN,,TIRODI GNEISSIC COMPLEX,,GNEISS/MIGMATITE,,ARCHAEAN-GNEISS-MIGMATITE
1_455_0,270.0,1524.0,798.0,468.0,608.0,519.0,966.0,1813.0,2089.0,2248.0,2305.0,50.99019513592785,307,0.62486446,4.331406551059731,0.8536184210526315,0.6779359430604982,1.9097744360902256,0.9989435,-13.704672645335084,-6.4534144438166,7.251258201518484,1,21.816529905890903,80.16534154447666,"{""type"":""MultiPoint"",""coordinates"":[]}",PALAEOPROTEROZOIC,,SAUSAR,MANSAR,PHYLLITE,,PALAEOPROTEROZOIC-PHYLLITE
1_456_0,141.05714,2511.0,1530.0,555.0,749.0,713.0,1255.0,2116.0,2477.0,2556.0,2777.0,63.24555320336759,346,0.56378096,3.584852734922861,0.951935914552737,0.9823943661971832,1.6411764705882352,4.759007,-15.88954815930997,-8.71987715975005,7.169670999559919,1,21.86503893123336,79.97912078607868,"{""type"":""MultiPoint"",""coordinates"":[]}",ARCHAEAN,,TIRODI GNEISSIC COMPLEX,,GNEISS/MIGMATITE,,ARCHAEAN-GNEISS-MIGMATITE
1_457_0,16.027893,2123.0,1144.0,474.0,689.0,617.0,1262.0,2473.0,2941.0,3046.0,3268.0,14.142135623730953,666,0.66311765,4.93679092382496,0.895500725689405,0.6969796454366383,1.8557692307692308,14.178369,-15.25417445579074,-8.500759096568645,6.753415359222094,1,21.83296907559029,80.36692349423308,"{""type"":""MultiPoint"",""coordinates"":[]}",ARCHAEAN,,TIRODI GNEISSIC COMPLEX,,GNEISS/MIGMATITE,,ARCHAEAN-GNEISS-MIGMATITE
1_458_0,72.821724,2053.0,1374.5,448.5,680.5,732.0,1194.5,1861.0,2194.0,2182.5,2434.5,64.03124237432849,617,0.497684,2.9815573770491803,1.0756796473181485,0.940664375715922,1.4936340487449982,3.1372163,-15.874620355850013,-9.55662880452516,6.317991551324852,1,21.965560411526337,80.46528901784417,"{""type"":""MultiPoint"",""coordinates"":[]}",ARCHAEAN,,TIRODI GNEISSIC COMPLEX,,GNEISS/MIGMATITE,,ARCHAEAN-GNEISS-MIGMATITE
1_459_0,117.96805,2259.5,1922.5,726.4545454545455,886.0,1005.25,1332.0,1692.0,1777.3333333333333,1820.0,1968.0,10.0,325,0.28838155,1.81049490176573,1.1345936794582392,1.2414835164835163,1.175292587776333,7.861023,-12.83681152344607,-2.9653448165125957,9.871466706933475,1,21.683399580784396,79.72498739220127,"{""type"":""MultiPoint"",""coordinates"":[]}",PALAEOPROTEROZOIC,,SAUSAR,MANSAR,SCHIST,,PALAEOPROTEROZOIC-SCHIST
1_460_0,-0.0,2577.0,1789.5,706.5,997.0,1161.0,1557.5,2197.0,2456.0,2600.5,2795.0,22.360679774997894,358,0.38269308,2.2398794142980187,1.164493480441324,0.9909632762930206,1.4400670578373846,0.92740995,-18.619007920308757,-10.028777042153813,8.59023087815494,1,21.71600842559793,79.75031988321345,"{""type"":""MultiPoint"",""coordinates"":[]}",ARCHAEAN,,TIRODI GNEISSIC COMPLEX,,GNEISS/MIGMATITE,,ARCHAEAN-GNEISS-MIGMATITE
1_461_0,180.0,2144.0,1182.0,470.0,642.0,595.0,1115.0,2048.0,2356.0,2476.0,2657.0,76.15773105863909,339,0.61250407,4.161344537815126,0.926791277258567,0.8659127625201939,1.8138747884940776,2.7802885,-15.611578892750472,-8.312804857540668,7.298774035209805,1,21.863691458307184,79.98262421568676,"{""type"":""MultiPoint"",""coordinates"":[]}",ARCHAEAN,,TIRODI GNEISSIC COMPLEX,,GNEISS/MIGMATITE,,ARCHAEAN-GNEISS-MIGMATITE
1_462_0,132.90271,2190.5,1241.5,451.0,625.625,576.5,1024.5,1664.0,1913.0,2065.1666666666665,2263.0,60.82762530298219,330,0.5635331,3.582249204972535,0.9214785214785216,1.060689209910419,1.7643979057591623,2.722835,-13.790203869904696,-7.881503481508414,5.908700388396282,1,21.666960411085007,79.66839352930174,"{""type"":""MultiPoint"",""coordinates"":[]}",ARCHAEAN,,TIRODI GNEISSIC COMPLEX,,GNEISS/MIGMATITE,,ARCHAEAN-GNEISS-MIGMATITE
1_463_0,35.62868,2236.0,1447.0,740.0,990.5,922.5,1425.5,2193.0,2516.5,2585.0,2676.5,50.99019513592785,277,0.47398433,2.8021680216802167,0.9313478041393236,0.8649903288201161,1.5452660677263304,3.4192142,-16.647097195649,-9.299976052266048,7.347121143382953,1,21.533021602222785,79.98208522651628,"{""type"":""MultiPoint"",""coordinates"":[]}",ARCHAEAN,,TIRODI GNEISSIC COMPLEX,,GNEISS/MIGMATITE,,ARCHAEAN-GNEISS-MIGMATITE
1_464_0,275.88742,1779.0,841.0,522.0,715.0,617.0,1166.0,2019.0,2334.0,2487.0,2644.0,28.284271247461906,355,0.60244846,4.0307941653160455,0.862937062937063,0.715319662243667,2.1153388822829964,8.968173,-16.488658163088097,-10.086784256223703,6.401873906864392,1,21.86503893123336,79.98019876441963,"{""type"":""MultiPoint"",""coordinates"":[]}",ARCHAEAN,,TIRODI GNEISSIC COMPLEX,,GNEISS/MIGMATITE,,ARCHAEAN-GNEISS-MIGMATITE
1_465_0,32.175655,1667.0,814.5,416.0,578.5,483.0,929.5,1996.0,2401.0,2484.5,2660.0,72.11102550927978,458,0.67447346,5.1438923395445135,0.8349178910976663,0.6709599517005433,2.046654389195825,12.92555,-13.747183256209327,-6.931795321843671,6.815387934365658,1,21.998977740095583,80.23487114746752,"{""type"":""MultiPoint"",""coordinates"":[]}",PALAEOPROTEROZOIC,,SAUSAR,MANSAR,BIOTITE SCHIST,,PALAEOPROTEROZOIC-BIOTITE-SCHIST
1_466_0,141.09256,2723.583333333333,2576.75,1003.181818181818,1278.9166666666663,1610.25,1804.25,1873.3333333333333,1997.6,2016.5416666666663,2064.0,14.142135623730953,330,0.11202509,1.2523158929772809,1.2590734345474688,1.3506209062545198,1.0569839267811518,4.7566423,-18.171338789976268,-7.641775612334176,10.529563177642093,1,21.68366907536963,79.7244484030308,"{""type"":""MultiPoint"",""coordinates"":[]}",PALAEOPROTEROZOIC,,SAUSAR,MANSAR,SCHIST,,PALAEOPROTEROZOIC-SCHIST
1_467_0,-0.0,2798.0,1933.0,670.5,896.5,960.0,1443.5,2330.0,2666.5,2730.5,2865.5,60.82762530298219,357,0.4797453,2.8442708333333333,1.0708310094813165,1.0247207471159128,1.4474909467149508,0.92740995,-16.768904842689505,-10.480202908648309,6.288701934041196,1,21.716277920183167,79.75166735613962,"{""type"":""MultiPoint"",""coordinates"":[]}",ARCHAEAN,,TIRODI GNEISSIC COMPLEX,,GNEISS/MIGMATITE,,ARCHAEAN-GNEISS-MIGMATITE
1_468_0,65.056595,3443.5,2887.0,875.0,1187.5,1686.5,1978.0,2428.0,2691.0,2722.0,2844.5,50.0,281,0.23488715,1.6139934776163654,1.4202105263157894,1.265062454077884,1.1927606511950122,2.1982112,-15.527589316367452,-5.812884411754893,9.71470490461256,1,21.53221311846708,79.98262421568676,"{""type"":""MultiPoint"",""coordinates"":[]}",ARCHAEAN,,TIRODI GNEISSIC COMPLEX,,GNEISS/MIGMATITE,,ARCHAEAN-GNEISS-MIGMATITE
1_469_0,72.787994,2156.5,1308.5,501.0,631.5,600.75,1055.0,1671.5,1926.5,2090.0,2242.666666666667,20.0,329,0.5534702,3.478984602580108,0.9513064133016628,1.0318181818181815,1.6480703095147116,3.1312664,-14.30073069779134,-7.938549721367477,6.362180976423864,1,21.667229905670244,79.66677656179033,"{""type"":""MultiPoint"",""coordinates"":[]}",ARCHAEAN,,TIRODI GNEISSIC COMPLEX,,GNEISS/MIGMATITE,,ARCHAEAN-GNEISS-MIGMATITE
1_470_0,215.68207,2383.0,1502.0,637.0,852.0,961.0,1335.0,1992.0,2191.0,2478.0,2443.0,10.0,309,0.4411166,2.578563995837669,1.1279342723004695,0.9616626311541566,1.5865512649800266,6.8187604,-16.7477223025589,-10.356947470366542,6.390774832192356,1,21.816529905890903,80.16668901740285,"{""type"":""MultiPoint"",""coordinates"":[]}",PALAEOPROTEROZOIC,,SAUSAR,MANSAR,PHYLLITE,,PALAEOPROTEROZOIC-PHYLLITE
1_471_0,98.78598,2279.0,1449.0,506.5,701.0,773.0,1130.0,1829.0,2073.5,2220.0,2349.5,44.7213595499958,664,0.4834614,2.871927554980595,1.102710413694722,1.0265765765765766,1.572808833678399,6.049612,-13.812974363220889,-6.591913331047126,7.221061032173763,1,21.975262216594825,80.46717547994082,"{""type"":""MultiPoint"",""coordinates"":[]}",ARCHAEAN,,TIRODI GNEISSIC COMPLEX,,GNEISS/MIGMATITE,,ARCHAEAN-GNEISS-MIGMATITE
1_472_0,227.05464,3255.0,2565.0,869.0,1270.0,1460.0,1905.0,2406.0,2659.0,2704.0,2807.0,53.85164807134504,286,0.2987512,1.852054794520548,1.1496062992125984,1.2037721893491125,1.2690058479532165,1.3610976,-19.35396048707821,-11.38817694910404,7.965783537974172,1,21.450556259140612,79.76541157998665,"{""type"":""MultiPoint"",""coordinates"":[]}",PALAEOPROTEROZOIC,,SAUSAR,CHORBAOLI,QUARTZITE,,PALAEOPROTEROZOIC-QUARTZITE
1_473_0,227.15733,3293.0,2627.5,725.5,967.5,1224.0,1598.5,2092.0,2299.0,2422.5,2570.5,40.0,621,0.32867134,1.9791666666666667,1.2651162790697674,1.3593395252837976,1.2532825880114178,1.3637247,-17.671318450751592,-10.13021065944444,7.541107791307152,1,21.967716368208222,80.46663649077036,"{""type"":""MultiPoint"",""coordinates"":[]}",ARCHAEAN,,TIRODI GNEISSIC COMPLEX,,GNEISS/MIGMATITE,,ARCHAEAN-GNEISS-MIGMATITE
1_474_0,144.30913,2286.0,1597.0,647.0,791.0,727.0,1240.0,1994.0,2089.0,2137.0,2141.0,53.85164807134504,336,0.49231842,2.939477303988996,0.9190897597977244,1.069723912026205,1.4314339386349406,3.4218721,-22.52543029768148,-14.765300270593354,7.760130027088127,1,21.86315246913671,79.98019876441963,"{""type"":""MultiPoint"",""coordinates"":[]}",ARCHAEAN,,TIRODI GNEISSIC COMPLEX,,GNEISS/MIGMATITE,,ARCHAEAN-GNEISS-MIGMATITE
1_475_0,107.20657,2477.5,1755.0,683.5,932.5,1123.0,1476.0,2025.5,2300.5,2365.5,2570.5,64.03124237432849,357,0.35617027,2.1064113980409616,1.204289544235925,1.0473472838723314,1.4116809116809117,3.1322234,-17.176220876151767,-9.717828043551249,7.45839283260052,1,21.715469436427465,79.7513978615544,"{""type"":""MultiPoint"",""coordinates"":[]}",ARCHAEAN,,TIRODI GNEISSIC COMPLEX,,GNEISS/MIGMATITE,,ARCHAEAN-GNEISS-MIGMATITE
1_476_0,82.437355,2599.0,1549.0,527.8,684.1666666666666,673.8333333333333,1119.0,1843.25,2030.0,2251.75,2245.6666666666665,56.56854249492381,332,0.5393511,3.3417017066534758,0.9848964677222898,1.1542133895858775,1.6778566817301486,7.0120435,-16.11115098673516,-8.183072975991545,7.928078010743617,1,21.665612938158823,79.66569858344938,"{""type"":""MultiPoint"",""coordinates"":[]}",ARCHAEAN,,TIRODI GNEISSIC COMPLEX,,GNEISS/MIGMATITE,,ARCHAEAN-GNEISS-MIGMATITE
1_477_0,270.0,2089.5,1252.5,478.6666666666666,630.0,568.6666666666666,1033.0,1657.0,1867.0,2064.8,2208.5,50.0,327,0.56812316,3.630949589683471,0.9026455026455026,1.0119624176675706,1.668263473053892,1.9951862,-15.574481995770586,-8.2966438785198,7.277838117250786,1,21.665882432744063,79.66785454013127,"{""type"":""MultiPoint"",""coordinates"":[]}",ARCHAEAN,,TIRODI GNEISSIC COMPLEX,,GNEISS/MIGMATITE,,ARCHAEAN-GNEISS-MIGMATITE
1_478_0,28.305698,2156.0,1255.0,605.0,805.0,849.0,1293.0,1961.0,2186.0,2474.0,2437.0,28.284271247461906,307,0.48901594,2.9140164899882213,1.0546583850931677,0.8714632174616006,1.7179282868525896,4.2062354,-15.196684382546724,-8.03951253109462,7.157171851452103,1,21.81626041130567,80.16615002823237,"{""type"":""MultiPoint"",""coordinates"":[]}",PALAEOPROTEROZOIC,,SAUSAR,MANSAR,PHYLLITE,,PALAEOPROTEROZOIC-PHYLLITE
1_479_0,283.05054,1578.5,746.0,363.0,498.5,386.0,846.0,1697.0,2014.5,2152.0,2274.5,36.05551275463989,444,0.6958235,5.575129533678757,0.7743229689067201,0.733503717472119,2.1159517426273458,8.159175,-16.138790444579193,-9.073617901393291,7.0651725431859,1,21.99924723468082,80.23271519078563,"{""type"":""MultiPoint"",""coordinates"":[]}",PALAEOPROTEROZOIC,,SAUSAR,MANSAR,BIOTITE SCHIST,,PALAEOPROTEROZOIC-BIOTITE-SCHIST
1_480_0,-0.0,2795.0,2231.0,774.5,929.0,1054.5,1433.5,2026.0,2296.5,2399.0,2562.0,50.0,281,0.3893152,2.2750118539592226,1.135091496232508,1.165068778657774,1.2528014343343792,1.8543341,-16.74050361755398,-6.51489684399158,10.2256067735624,1,21.532482613052316,79.98235472110152,"{""type"":""MultiPoint"",""coordinates"":[]}",ARCHAEAN,,TIRODI GNEISSIC COMPLEX,,GNEISS/MIGMATITE,,ARCHAEAN-GNEISS-MIGMATITE
1_481_0,19.738012,3005.0,2070.0,771.5,1008.0,1051.5,1524.0,2464.0,2767.5,2868.0,3074.0,31.6227766016838,355,0.46345198,2.72753209700428,1.043154761904762,1.047768479776848,1.4516908212560389,5.891462,-16.63992752858642,-10.154870633976504,6.485056894609915,1,21.71735589852411,79.75031988321345,"{""type"":""MultiPoint"",""coordinates"":[]}",ARCHAEAN,,TIRODI GNEISSIC COMPLEX,,GNEISS/MIGMATITE,,ARCHAEAN-GNEISS-MIGMATITE
1_482_0,132.92905,2612.5,1837.5,679.0,880.5,982.5,1385.5,1954.0,2225.5,2330.5,2498.0,14.142135623730953,277,0.406882,2.372010178117048,1.1158432708688246,1.1210040763784597,1.4217687074829932,2.7214918,-17.445242484488887,-10.297174552764847,7.148067931724038,1,21.533560591393258,79.98316320485722,"{""type"":""MultiPoint"",""coordinates"":[]}",ARCHAEAN,,TIRODI GNEISSIC COMPLEX,,GNEISS/MIGMATITE,,ARCHAEAN-GNEISS-MIGMATITE
1_483_0,153.90549,1867.0,943.0,427.0,601.0,556.0,1052.0,1945.0,2347.0,2472.0,2619.0,70.0,350,0.6327609,4.446043165467626,0.9251247920133112,0.7552588996763754,1.9798515376458112,11.2149105,-13.998243113795432,-7.824097621827503,6.174145491967929,1,21.86449994206289,79.98262421568676,"{""type"":""MultiPoint"",""coordinates"":[]}",ARCHAEAN,,TIRODI GNEISSIC COMPLEX,,GNEISS/MIGMATITE,,ARCHAEAN-GNEISS-MIGMATITE
1_484_0,270.0,2165.5,1291.5,364.0,551.0,481.5,965.0,1842.0,2218.0,2340.5,2511.0,30.0,662,0.6587527,4.860851505711318,0.8738656987295825,0.9252296517838068,1.6767324816105305,1.9994861,-13.29372356146888,-5.788380526162896,7.505343035305984,1,21.974184238253883,80.46582800701465,"{""type"":""MultiPoint"",""coordinates"":[]}",ARCHAEAN,,TIRODI GNEISSIC COMPLEX,,GNEISS/MIGMATITE,,ARCHAEAN-GNEISS-MIGMATITE
1_485_0,331.7162,2534.0,1961.0,623.6,818.625,982.5,1309.5625,1678.6,1836.6666666666663,1946.0,2044.75,72.11102550927978,322,0.329008,1.9806615776081424,1.2001832340815393,1.3021582733812949,1.2921978582355942,4.205374,-13.622926871722216,-6.396230263368773,7.226696608353443,1,21.68501654829581,79.7236399192751,"{""type"":""MultiPoint"",""coordinates"":[]}",ARCHAEAN,,TIRODI GNEISSIC COMPLEX,,GNEISS/MIGMATITE,,ARCHAEAN-GNEISS-MIGMATITE
1_486_0,151.7195,2781.0,1769.0,561.6,748.1666666666666,715.3333333333334,1160.75,1891.0,2159.5,2288.0,2420.0,67.0820393249937,331,0.5236404,3.198508853681268,0.9561149476498108,1.215472027972028,1.5720746184284906,2.105457,-15.613198896476712,-7.17972957182946,8.433469324647252,1,21.665073948988358,79.66596807803462,"{""type"":""MultiPoint"",""coordinates"":[]}",ARCHAEAN,,TIRODI GNEISSIC COMPLEX,,GNEISS/MIGMATITE,,ARCHAEAN-GNEISS-MIGMATITE
1_487_0,199.76993,2985.0,2314.5,783.0,1078.5,1321.5,1632.0,2265.5,2550.0,2643.5,2721.0,36.05551275463989,619,0.33341742,2.0003783579265986,1.2253129346314326,1.1291847928882164,1.289695398574206,2.9541276,-16.171790995366848,-7.548976070610605,8.622814924756243,1,21.967446873622983,80.46717547994082,"{""type"":""MultiPoint"",""coordinates"":[]}",ARCHAEAN,,TIRODI GNEISSIC COMPLEX,,GNEISS/MIGMATITE,,ARCHAEAN-GNEISS-MIGMATITE
1_488_0,215.6914,2269.0,1409.0,520.0,771.0,648.0,1051.0,1974.0,2254.0,2328.0,2562.0,64.03124237432849,351,0.5645161,3.592592592592593,0.8404669260700389,0.974656357388316,1.610361958836054,3.4218948,-16.59893145829447,-10.343348948911606,6.255582509382863,1,21.86584741498907,79.97965977524916,"{""type"":""MultiPoint"",""coordinates"":[]}",ARCHAEAN,,TIRODI GNEISSIC COMPLEX,,GNEISS/MIGMATITE,,ARCHAEAN-GNEISS-MIGMATITE
1_489_0,90.0,1812.0,988.0,395.0,529.0,495.0,879.0,1925.0,2290.0,2367.0,2605.0,31.6227766016838,641,0.6540881,4.781818181818182,0.9357277882797732,0.7655259822560203,1.834008097165992,10.858926,-14.264089563897889,-7.181837184815247,7.08225237908264,1,21.83404705393124,80.36638450506261,"{""type"":""MultiPoint"",""coordinates"":[]}",ARCHAEAN,,TIRODI GNEISSIC COMPLEX,,GNEISS/MIGMATITE,,ARCHAEAN-GNEISS-MIGMATITE
1_490_0,270.0,1652.0,868.0,494.0,653.0,621.0,1062.0,1846.0,2123.0,2160.0,2374.0,67.0820393249937,315,0.5533981,3.4782608695652173,0.9509954058192956,0.7648148148148148,1.903225806451613,1.9972724,-14.940946784476395,-8.588487114375521,6.352459670100874,1,21.815990916720438,80.16830598491426,"{""type"":""MultiPoint"",""coordinates"":[]}",PALAEOPROTEROZOIC,,SAUSAR,MANSAR,PHYLLITE,,PALAEOPROTEROZOIC-PHYLLITE
1_491_0,252.78809,2022.5,1157.0,482.6666666666667,669.4166666666667,541.3333333333334,1051.75,2074.75,2384.666666666667,2341.5,2619.5,64.03124237432849,329,0.62444353,4.325431034482758,0.8086642599277978,0.8637625453768951,1.748055315471046,3.1312828,-15.280516611817209,-8.11716274077099,7.163353871046217,1,21.66803838942595,79.66785454013127,"{""type"":""MultiPoint"",""coordinates"":[]}",ARCHAEAN,,TIRODI GNEISSIC COMPLEX,,GNEISS/MIGMATITE,,ARCHAEAN-GNEISS-MIGMATITE
1_492_0,103.053566,2788.5,1911.5,614.5,909.0,1096.0,1542.0,2151.0,2380.0,2455.0,2588.5,60.82762530298219,615,0.3827091,2.2399635036496357,1.2057205720572055,1.1358452138492872,1.4588019879675649,4.099442,-15.736722514231714,-9.556652491723067,6.1800700225086445,1,21.965021422355864,80.46636699618512,"{""type"":""MultiPoint"",""coordinates"":[]}",ARCHAEAN,,TIRODI GNEISSIC COMPLEX,,GNEISS/MIGMATITE,,ARCHAEAN-GNEISS-MIGMATITE
1_493_0,221.9434,2004.0,1135.5,326.0,525.5,428.5,909.5,1953.0,2354.0,2442.5,2595.0,22.360679774997894,666,0.70149773,5.700116686114352,0.8154138915318744,0.8204708290685773,1.7648612945838835,7.439628,-13.337315200010671,-6.611056598367554,6.726258601643117,1,21.97445373283912,80.46609750159988,"{""type"":""MultiPoint"",""coordinates"":[]}",ARCHAEAN,,TIRODI GNEISSIC COMPLEX,,GNEISS/MIGMATITE,,ARCHAEAN-GNEISS-MIGMATITE
1_494_0,270.0,445.0,277.0,613.0,733.0,587.0,769.0,955.0,994.0,810.0,814.0,60.82762530298219,337,0.15962778,1.3798977853492334,0.800818553888131,0.5493827160493827,1.6064981949458483,1.997924,-26.227272594043004,-19.44305725836616,6.784215335676844,1,21.862882974551475,79.98100724817533,"{""type"":""MultiPoint"",""coordinates"":[]}",ARCHAEAN,,TIRODI GNEISSIC COMPLEX,,GNEISS/MIGMATITE,,ARCHAEAN-GNEISS-MIGMATITE
1_495_0,312.86633,1143.0,1132.0,680.0,712.0,732.0,849.0,908.0,943.0,921.0,956.0,14.142135623730953,309,0.11433757,1.2581967213114753,1.0280898876404494,1.241042345276873,1.0097173144876326,1.3631178,-16.930491424444234,-9.49338441620078,7.437107008243453,1,21.84967773987492,80.22705580449568,"{""type"":""MultiPoint"",""coordinates"":[]}",PALAEOPROTEROZOIC,,SAUSAR,MANSAR,PHYLLITE,,PALAEOPROTEROZOIC-PHYLLITE
1_496_0,63.44231,1679.0,850.0,394.0,546.0,450.0,917.0,2105.0,2541.0,2642.0,2835.0,44.7213595499958,676,0.70892626,5.871111111111111,0.8241758241758241,0.6355034065102195,1.9752941176470589,14.221802,-12.397431196740152,-5.704677720506561,6.692753476233591,1,21.83269958100506,80.36557602130691,"{""type"":""MultiPoint"",""coordinates"":[]}",ARCHAEAN,,TIRODI GNEISSIC COMPLEX,,GNEISS/MIGMATITE,,ARCHAEAN-GNEISS-MIGMATITE
1_497_0,245.07939,2547.083333333333,2093.75,1062.3333333333333,1324.9166666666663,1370.6666666666667,1744.25,2366.0,2558.5,2576.0,2681.0,53.85164807134504,335,0.3054054,1.8793774319066148,1.034530473614693,0.9887745859213248,1.2165174129353231,2.2000914,-16.116301216436156,-8.985796139832354,7.130505076603802,1,21.68286059161392,79.7319942514174,"{""type"":""MultiPoint"",""coordinates"":[]}",ARCHAEAN,,TIRODI GNEISSIC COMPLEX,,GNEISS/MIGMATITE,,ARCHAEAN-GNEISS-MIGMATITE
1_498_0,-0.0,3094.6666666666665,2479.55,766.875,993.0,1184.1666666666663,1528.0,1985.8,2206.333333333333,2368.25,2494.875,10.0,340,0.3333177,1.9999296270232236,1.1925142665323931,1.3067314120834652,1.2480759277557083,1.8543341,-16.534150556027672,-9.63087855307901,6.903272002948663,1,21.683399580784396,79.73361121892881,"{""type"":""MultiPoint"",""coordinates"":[]}",ARCHAEAN,,TIRODI GNEISSIC COMPLEX,,GNEISS/MIGMATITE,,ARCHAEAN-GNEISS-MIGMATITE
1_499_0,328.78546,1759.0,947.0,489.0,657.0,588.0,1116.0,2237.0,2627.0,2688.0,2957.0,44.7213595499958,645,0.64102566,4.571428571428571,0.8949771689497716,0.6543898809523809,1.8574445617740232,16.848759,-16.432494436503358,-10.00841176431253,6.424082672190828,1,21.833777559346,80.3677319779888,"{""type"":""MultiPoint"",""coordinates"":[]}",ARCHAEAN,,TIRODI GNEISSIC COMPLEX,,GNEISS/MIGMATITE,,ARCHAEAN-GNEISS-MIGMATITE
1_500_0,340.262,3301.5,2339.0,831.0,1111.0,1340.5,1680.0,2207.5,2473.5,2640.5,2761.5,36.05551275463989,355,0.3265511,1.969787392763894,1.2065706570657069,1.2503313766332134,1.4115006412997009,2.953538,-20.833917949473012,-11.800728000705876,9.033189948767138,1,21.71735589852411,79.74951139945773,"{""type"":""MultiPoint"",""coordinates"":[]}",ARCHAEAN,,TIRODI GNEISSIC COMPLEX,,GNEISS/MIGMATITE,,ARCHAEAN-GNEISS-MIGMATITE
1_501_0,121.8044,2029.0,1293.5,691.5,895.0,907.0,1356.5,1941.0,2239.0,2217.0,2426.5,50.0,275,0.41933417,2.444321940463065,1.0134078212290505,0.9152007216959857,1.568612292230383,3.5153315,-17.070804422716442,-10.429010234786968,6.641794187929474,1,21.53409958056373,79.98235472110152,"{""type"":""MultiPoint"",""coordinates"":[]}",ARCHAEAN,,TIRODI GNEISSIC COMPLEX,,GNEISS/MIGMATITE,,ARCHAEAN-GNEISS-MIGMATITE
1_502_0,28.288986,2501.5,1772.5,693.0,925.5,1032.5,1404.0,2056.5,2277.0,2377.5,2570.5,53.85164807134504,357,0.39442816,2.3026634382566584,1.1156131820637494,1.0521556256572029,1.411283497884344,2.1056247,-17.556510490690908,-10.662447733151952,6.894062757538956,1,21.71600842559793,79.7513978615544,"{""type"":""MultiPoint"",""coordinates"":[]}",ARCHAEAN,,TIRODI GNEISSIC COMPLEX,,GNEISS/MIGMATITE,,ARCHAEAN-GNEISS-MIGMATITE
1_503_0,151.68631,2048.0,1224.0,522.0,775.0,619.0,1035.0,1415.0,1522.0,1520.0,1675.0,31.6227766016838,342,0.42122486,2.455573505654281,0.7987096774193548,1.3473684210526315,1.673202614379085,4.20655,-23.46850471712265,-15.083669607077164,8.384835110045485,1,21.86423044747765,79.9799292698344,"{""type"":""MultiPoint"",""coordinates"":[]}",ARCHAEAN,,TIRODI GNEISSIC COMPLEX,,GNEISS/MIGMATITE,,ARCHAEAN-GNEISS-MIGMATITE
1_504_0,13.461466,2085.0,1228.0,592.0,767.0,808.0,1195.0,1896.0,2132.0,2350.0,2396.0,42.426406871192846,312,0.48828372,2.9084158415841586,1.0534550195567145,0.8872340425531915,1.6978827361563518,8.519872,-15.53755758214589,-9.154002651049966,6.383554931095924,1,21.81760788423185,80.16749750115855,"{""type"":""MultiPoint"",""coordinates"":[]}",PALAEOPROTEROZOIC,,SAUSAR,MANSAR,PHYLLITE,,PALAEOPROTEROZOIC-PHYLLITE
1_505_0,215.71196,2558.5,1769.5,471.0,652.0,750.5,1138.5,1785.0,2070.5,2198.0,2330.0,63.24555320336759,654,0.49092758,2.9287141905396403,1.1510736196319018,1.164012738853503,1.4458886691155697,6.821293,-16.3815703516103,-9.636875411703322,6.744694939906978,1,21.97364524908341,80.46501952325893,"{""type"":""MultiPoint"",""coordinates"":[]}",ARCHAEAN,,TIRODI GNEISSIC COMPLEX,,GNEISS/MIGMATITE,,ARCHAEAN-GNEISS-MIGMATITE
1_506_0,245.09988,2126.0,1237.0,565.0,737.0,799.0,1184.0,1838.0,2062.0,2288.0,2359.0,53.85164807134504,307,0.4823453,2.8635794743429286,1.0841248303934872,0.9291958041958042,1.7186742118027485,2.2017846,-16.430223704101444,-9.67652369468549,6.7537000094159545,1,21.81733838964661,80.16534154447666,"{""type"":""MultiPoint"",""coordinates"":[]}",PALAEOPROTEROZOIC,,SAUSAR,MANSAR,PHYLLITE,,PALAEOPROTEROZOIC-PHYLLITE
1_507_0,270.0,2787.5,2371.5,1011.75,1265.5,1351.0,1758.0,2066.333333333333,2227.333333333333,2222.833333333333,2390.0,50.99019513592785,340,0.24394907,1.6453244510239329,1.067562228368234,1.2540301417110296,1.175416403120388,1.9954089,-15.568402424257805,-6.453233938766692,9.115168485491113,1,21.682052107858212,79.73361121892881,"{""type"":""MultiPoint"",""coordinates"":[]}",ARCHAEAN,,TIRODI GNEISSIC COMPLEX,,GNEISS/MIGMATITE,,ARCHAEAN-GNEISS-MIGMATITE
1_508_0,270.0,1534.5,724.0,379.0,520.0,398.5,827.0,1727.0,2026.5,2220.5,2294.5,63.24555320336759,437,0.6956854,5.5721455457967375,0.7663461538461539,0.691060571943256,2.119475138121547,1.999842,-13.70346151794518,-7.2347034379248125,6.468758080020367,1,21.99951672926605,80.23163721244468,"{""type"":""MultiPoint"",""coordinates"":[]}",PALAEOPROTEROZOIC,,SAUSAR,MANSAR,BIOTITE SCHIST,,PALAEOPROTEROZOIC-BIOTITE-SCHIST
1_509_0,-0.0,2450.0,1576.5,645.1666666666666,845.0,862.5,1292.0,2140.0,2387.5,2491.0,2623.0,40.0,335,0.48561203,2.888115942028985,1.0207100591715976,0.9835407466880772,1.5540754836663495,0.0,-13.727217361927416,-8.391655888703225,5.335561473224191,1,21.684477559125337,79.73334172434359,"{""type"":""MultiPoint"",""coordinates"":[]}",ARCHAEAN,,TIRODI GNEISSIC COMPLEX,,GNEISS/MIGMATITE,,ARCHAEAN-GNEISS-MIGMATITE
1_510_0,256.93613,1188.0,957.0,627.0,710.0,687.0,889.0,1128.0,1190.0,1176.0,1235.0,58.30951894845301,313,0.26247987,1.7117903930131004,0.967605633802817,1.010204081632653,1.2413793103448276,8.151101,-15.903117905746896,-8.252340786160218,7.650777119586678,1,21.848599761533976,80.22759479366614,"{""type"":""MultiPoint"",""coordinates"":[]}",PALAEOPROTEROZOIC,,SAUSAR,MANSAR,PHYLLITE,,PALAEOPROTEROZOIC-PHYLLITE
1_511_0,270.0,1331.0,1221.0,653.0,740.0,749.0,917.0,1107.0,1184.0,1240.0,1266.0,36.05551275463989,308,0.24685772,1.6555407209612818,1.012162162162162,1.0733870967741936,1.09009009009009,1.9977337,-15.273712462473146,-8.598758486765952,6.674953975707194,1,21.849138750704444,80.22624732073997,"{""type"":""MultiPoint"",""coordinates"":[]}",PALAEOPROTEROZOIC,,SAUSAR,MANSAR,PHYLLITE,,PALAEOPROTEROZOIC-PHYLLITE
1_512_0,270.0,2770.0,2229.0,977.25,1139.3333333333333,1268.0,1522.0,1987.5,2187.0,2328.5,2399.5,30.0,338,0.29487002,1.836356466876972,1.1129315389116443,1.1896070431608332,1.2427097353073129,1.9954282,-17.411391063013625,-9.498699795384784,7.912691267628841,1,21.683399580784396,79.73253324058788,"{""type"":""MultiPoint"",""coordinates"":[]}",ARCHAEAN,,TIRODI GNEISSIC COMPLEX,,GNEISS/MIGMATITE,,ARCHAEAN-GNEISS-MIGMATITE
1_513_0,312.86633,864.0,721.0,559.0,574.0,566.0,707.0,801.0,826.0,747.0,824.0,41.23105625617661,313,0.13785225,1.3197879858657244,0.9860627177700348,1.1566265060240963,1.1983356449375866,4.0831985,-10.342976198668213,-4.061518296317035,6.281457902351177,1,21.84967773987492,80.22786428825138,"{""type"":""MultiPoint"",""coordinates"":[]}",PALAEOPROTEROZOIC,,SAUSAR,MANSAR,PHYLLITE,,PALAEOPROTEROZOIC-PHYLLITE
1_514_0,344.92847,2272.0,1571.0,632.0,804.0,901.0,1230.0,1857.0,2071.0,2327.0,2396.0,53.85164807134504,316,0.44175962,2.5826859045504995,1.1206467661691542,0.9763644177052,1.446212603437301,3.8363822,-15.995969417906869,-8.727097333560081,7.2688720843467856,1,21.81733838964661,80.16803649032902,"{""type"":""MultiPoint"",""coordinates"":[]}",PALAEOPROTEROZOIC,,SAUSAR,MANSAR,PHYLLITE,,PALAEOPROTEROZOIC-PHYLLITE
1_515_0,270.0,1245.0,1035.0,683.0,739.0,758.0,859.0,1032.0,1078.0,1054.0,1111.0,60.82762530298219,306,0.16335541,1.3905013192612137,1.0257104194857916,1.181214421252372,1.2028985507246377,1.997722,-14.749214902000007,-8.424439622838023,6.324775279161985,1,21.84833026694874,80.2265168153252,"{""type"":""MultiPoint"",""coordinates"":[]}",PALAEOPROTEROZOIC,,SAUSAR,MANSAR,PHYLLITE,,PALAEOPROTEROZOIC-PHYLLITE
1_516_0,270.0,396.0,270.0,534.0,786.0,634.0,739.0,578.0,601.0,541.0,528.0,20.0,283,-0.07914893,0.8533123028391167,0.806615776081425,0.7319778188539742,1.4666666666666666,0.99641186,-26.65098819157809,-20.43083772437857,6.22015046719952,1,21.450017269970143,79.7672980420833,"{""type"":""MultiPoint"",""coordinates"":[]}",PALAEOPROTEROZOIC,,SAUSAR,CHORBAOLI,QUARTZITE,,PALAEOPROTEROZOIC-QUARTZITE
1_517_0,199.73366,2567.0,1954.1666666666663,819.8,1086.7777777777778,1119.25,1577.875,2204.375,2377.166666666667,2523.0,2587.0,53.85164807134504,324,0.38540736,2.2541880723698906,1.029879357938861,1.017439556084027,1.3136034115138593,2.9534574,-19.618652541455404,-12.853246783095198,6.765405758360206,1,21.68286059161392,79.72337042468986,"{""type"":""MultiPoint"",""coordinates"":[]}",PALAEOPROTEROZOIC,,SAUSAR,MANSAR,SCHIST,,PALAEOPROTEROZOIC-SCHIST
1_518_0,164.94193,2481.5,2098.833333333333,782.0,1005.4285714285714,1131.0,1484.8,1795.0,1946.0,1965.75,2053.0,28.284271247461906,326,0.2695568,1.7380636604774535,1.1248934356351237,1.2623680529060155,1.1823235130628127,3.8361402,-15.956197207912933,-8.868348853745932,7.087848354167001,1,21.68286059161392,79.72417890844557,"{""type"":""MultiPoint"",""coordinates"":[]}",PALAEOPROTEROZOIC,,SAUSAR,MANSAR,SCHIST,,PALAEOPROTEROZOIC-SCHIST
1_519_0,-0.0,1585.0,764.5,399.0,562.0,442.5,857.0,1943.5,2280.5,2418.5,2478.5,67.0820393249937,454,0.69066757,5.465536723163842,0.7873665480427047,0.6553648955964441,2.0732504905166778,6.464861,-15.185260341343188,-8.406510638922295,6.7787497024208925,1,21.99924723468082,80.23487114746752,"{""type"":""MultiPoint"",""coordinates"":[]}",PALAEOPROTEROZOIC,,SAUSAR,MANSAR,BIOTITE SCHIST,,PALAEOPROTEROZOIC-BIOTITE-SCHIST
1_520_0,287.23624,2700.0,1955.0,737.0,1032.0,1161.0,1554.0,1957.0,2098.0,2115.0,2353.0,41.23105625617661,287,0.2912088,1.821705426356589,1.125,1.2765957446808511,1.381074168797954,3.1270041,-22.12439500792629,-13.03909426229427,9.08530074563202,1,21.45028676455538,79.76568107457189,"{""type"":""MultiPoint"",""coordinates"":[]}",PALAEOPROTEROZOIC,,SAUSAR,CHORBAOLI,QUARTZITE,,PALAEOPROTEROZOIC-QUARTZITE
1_521_0,215.65666,2816.5,2313.0,971.5,1250.5833333333337,1518.3333333333337,1743.5,2040.5,2156.5,2207.25,2322.416666666667,41.23105625617661,326,0.18491511,1.4537321624588364,1.214100086626241,1.2760221995696002,1.217682663207955,3.420409,-13.557555843734471,-2.0315561109083964,11.525999732826076,1,21.68232160244345,79.7244484030308,"{""type"":""MultiPoint"",""coordinates"":[]}",PALAEOPROTEROZOIC,,SAUSAR,MANSAR,SCHIST,,PALAEOPROTEROZOIC-SCHIST
1_522_0,47.071068,2772.5,1850.5,694.0,920.0,1001.0,1395.0,2062.5,2338.0,2491.5,2597.5,30.0,274,0.42677164,2.489010989010989,1.0880434782608697,1.1127834637768412,1.4982437179140773,2.7214975,-16.282355459706697,-10.052943301582417,6.229412158124282,1,21.53409958056373,79.98343269944246,"{""type"":""MultiPoint"",""coordinates"":[]}",ARCHAEAN,,TIRODI GNEISSIC COMPLEX,,GNEISS/MIGMATITE,,ARCHAEAN-GNEISS-MIGMATITE
1_523_0,47.107365,2481.5,1692.0,657.5,906.5,932.5,1315.5,2158.0,2432.5,2598.5,2740.0,70.71067811865476,358,0.471821,2.7865951742627346,1.0286817429674573,0.9549740234750818,1.4666075650118204,1.3624445,-17.498627736670354,-10.116066394812922,7.382561341857432,1,21.717894887694584,79.7513978615544,"{""type"":""MultiPoint"",""coordinates"":[]}",ARCHAEAN,,TIRODI GNEISSIC COMPLEX,,GNEISS/MIGMATITE,,ARCHAEAN-GNEISS-MIGMATITE
1_524_0,119.14164,2385.428571428572,2070.0,735.9230769230769,949.6,1071.7777777777778,1355.25,1568.8333333333337,1692.3333333333337,1764.375,1831.875,10.0,325,0.24420308,1.6462134563549655,1.128662360760086,1.3519963564596935,1.1523809523809525,5.695016,-13.867155500908506,-5.329674023378529,8.537481477529976,1,21.68313008619916,79.72471789761603,"{""type"":""MultiPoint"",""coordinates"":[]}",PALAEOPROTEROZOIC,,SAUSAR,MANSAR,SCHIST,,PALAEOPROTEROZOIC-SCHIST
1_525_0,180.0,1841.0,1151.0,550.0,764.0,846.0,1176.0,1788.0,2034.0,2239.0,2320.0,14.142135623730953,313,0.4515397,2.6465721040189125,1.1073298429319371,0.8222420723537294,1.5994787141615987,3.7047918,-16.10006414688095,-8.754240704877276,7.345823442003674,1,21.81706889506138,80.16695851198808,"{""type"":""MultiPoint"",""coordinates"":[]}",PALAEOPROTEROZOIC,,SAUSAR,MANSAR,PHYLLITE,,PALAEOPROTEROZOIC-PHYLLITE
1_526_0,168.91556,2086.0,1166.0,456.0,641.0,586.0,1066.0,2075.0,2381.0,2472.0,2637.0,50.99019513592785,345,0.61674297,4.2184300341296925,0.9141965678627144,0.8438511326860841,1.7890222984562607,10.28445,-14.80488980276868,-8.26709016186987,6.537799640898809,1,21.86423044747765,79.98208522651628,"{""type"":""MultiPoint"",""coordinates"":[]}",ARCHAEAN,,TIRODI GNEISSIC COMPLEX,,GNEISS/MIGMATITE,,ARCHAEAN-GNEISS-MIGMATITE
1_527_0,270.0,2542.5,1724.0,720.0,917.0,1003.5,1388.5,1979.5,2215.5,2270.5,2394.5,53.85164807134504,354,0.3869884,2.262580966616841,1.09432933478735,1.1197974014534244,1.474767981438515,1.9958706,-16.777896095141312,-10.055970529209722,6.72192556593159,1,21.715199941842226,79.74951139945773,"{""type"":""MultiPoint"",""coordinates"":[]}",ARCHAEAN,,TIRODI GNEISSIC COMPLEX,,GNEISS/MIGMATITE,,ARCHAEAN-GNEISS-MIGMATITE
1_528_0,55.098118,2564.0,1706.5,608.5,860.0,839.5,1370.5,2357.5,2681.5,2812.5,2947.0,41.23105625617661,277,0.5402519,3.350208457415128,0.9761627906976744,0.9116444444444444,1.5024904775857018,4.8513665,-15.766580767872274,-9.07075110326936,6.695829664602915,1,21.53221311846708,79.98316320485722,"{""type"":""MultiPoint"",""coordinates"":[]}",ARCHAEAN,,TIRODI GNEISSIC COMPLEX,,GNEISS/MIGMATITE,,ARCHAEAN-GNEISS-MIGMATITE
1_529_0,132.90294,2183.5,1259.0,502.5,643.0,597.6666666666666,1074.0,1722.75,1960.0,2130.0,2264.333333333333,30.0,325,0.56177443,3.563859453430006,0.9294971487817522,1.0251173708920187,1.7343129467831613,2.7228239,-14.184725775993932,-7.574467405535926,6.610258370458007,1,21.665882432744063,79.66677656179033,"{""type"":""MultiPoint"",""coordinates"":[]}",ARCHAEAN,,TIRODI GNEISSIC COMPLEX,,GNEISS/MIGMATITE,,ARCHAEAN-GNEISS-MIGMATITE
1_530_0,227.07074,2694.0,1948.0,682.5,928.5,1101.0,1543.0,2140.0,2428.5,2439.5,2680.0,67.0820393249937,276,0.37805393,2.215712988192552,1.18578352180937,1.1043246566919451,1.3829568788501028,2.7214806,-16.909784920977902,-10.589066546747135,6.320718374230765,1,21.532482613052316,79.98504966695387,"{""type"":""MultiPoint"",""coordinates"":[]}",ARCHAEAN,,TIRODI GNEISSIC COMPLEX,,GNEISS/MIGMATITE,,ARCHAEAN-GNEISS-MIGMATITE
1_531_0,227.1002,3077.0,2834.5,1277.0,1497.5,1729.5,2031.0,2291.0,2444.5,2456.5,2572.5,63.24555320336759,341,0.17367415,1.4203527030933796,1.1549248747913188,1.2525951557093429,1.085553007585112,1.3622612,-16.70474678650129,-3.461311231434503,13.243435555066783,1,21.68178261327298,79.73388071351405,"{""type"":""MultiPoint"",""coordinates"":[]}",ARCHAEAN,,TIRODI GNEISSIC COMPLEX,,GNEISS/MIGMATITE,,ARCHAEAN-GNEISS-MIGMATITE
1_532_0,19.714954,2929.5,2098.5,734.0,953.5,1145.5,1510.5,2108.0,2346.5,2437.0,2606.0,31.6227766016838,275,0.36050245,2.1274552597119163,1.2013633980073413,1.2020927369716865,1.3959971408148677,2.9531124,-17.153901207725298,-9.834461801394848,7.319439406330451,1,21.53409958056373,79.98316320485722,"{""type"":""MultiPoint"",""coordinates"":[]}",ARCHAEAN,,TIRODI GNEISSIC COMPLEX,,GNEISS/MIGMATITE,,ARCHAEAN-GNEISS-MIGMATITE
1_533_0,238.27434,1855.5,1127.0,373.5,567.5,588.0,976.5,1766.5,2061.5,2242.0,2455.0,36.05551275463989,672,0.5844523,3.812925170068027,1.036123348017621,0.8276092774308653,1.6464063886424134,7.0198026,-16.734989311226087,-10.072518567951834,6.662470743274254,1,21.974992722009592,80.46609750159988,"{""type"":""MultiPoint"",""coordinates"":[]}",ARCHAEAN,,TIRODI GNEISSIC COMPLEX,,GNEISS/MIGMATITE,,ARCHAEAN-GNEISS-MIGMATITE
1_534_0,227.10037,2467.0,1943.0,783.6666666666667,975.125,1036.0,1354.0,1816.5,2028.6666666666663,2181.6666666666665,2274.625,58.30951894845301,335,0.3560551,2.105855855855856,1.0624278938597616,1.130786860198625,1.26968605249614,1.3622655,-16.501738240011143,-7.047067760367948,9.454670479643196,1,21.682591097028688,79.7319942514174,"{""type"":""MultiPoint"",""coordinates"":[]}",ARCHAEAN,,TIRODI GNEISSIC COMPLEX,,GNEISS/MIGMATITE,,ARCHAEAN-GNEISS-MIGMATITE
1_535_0,174.40117,1948.5,1290.5,369.5,591.5,526.0,935.0,1661.0,1957.0,2057.0,2246.0,36.05551275463989,660,0.59272164,3.9106463878327,0.8892645815722738,0.9472532814778803,1.5098798915149167,10.143971,-13.208196959288715,-6.053614635744125,7.15458232354459,1,21.97337575449817,80.46609750159988,"{""type"":""MultiPoint"",""coordinates"":[]}",PALAEOPROTEROZOIC,,SAUSAR,MANSAR,SCHIST,,PALAEOPROTEROZOIC-SCHIST
1_536_0,270.0,2926.0,1945.5,711.0,998.5,1060.0,1509.5,2429.5,2716.5,2869.5,3023.0,44.7213595499958,354,0.46049115,2.707075471698113,1.0615923885828744,1.0196898414357902,1.5039835517861733,0.9982516,-18.13942082796675,-11.86947594250169,6.269944885465058,1,21.717086403938875,79.74897241028727,"{""type"":""MultiPoint"",""coordinates"":[]}",ARCHAEAN,,TIRODI GNEISSIC COMPLEX,,GNEISS/MIGMATITE,,ARCHAEAN-GNEISS-MIGMATITE
1_537_0,312.94547,3140.0,2258.0,782.0,1088.0,1143.0,1623.0,2184.0,2392.0,2453.0,2682.0,40.0,288,0.36429366,2.146106736657918,1.0505514705882353,1.280065226253567,1.3906111603188662,2.7206552,-22.026383989728902,-13.837061917187546,8.189322072541357,1,21.450017269970143,79.76568107457189,"{""type"":""MultiPoint"",""coordinates"":[]}",PALAEOPROTEROZOIC,,SAUSAR,CHORBAOLI,QUARTZITE,,PALAEOPROTEROZOIC-QUARTZITE
1_538_0,-0.0,3186.0,2267.5,794.5,1052.5,1261.5,1620.0,2203.5,2472.5,2680.0,2804.0,70.71067811865476,357,0.35988837,2.124455013872374,1.1985748218527317,1.1888059701492537,1.4050716648291068,0.0,-17.224274042054052,-10.918604232248544,6.305669809805508,1,21.71681690935364,79.75193685072486,"{""type"":""MultiPoint"",""coordinates"":[]}",ARCHAEAN,,TIRODI GNEISSIC COMPLEX,,GNEISS/MIGMATITE,,ARCHAEAN-GNEISS-MIGMATITE
1_539_0,180.0,2475.0,1490.0,529.0,831.0,646.0,1353.0,2433.0,2707.0,2739.0,3157.0,53.85164807134504,345,0.6183161,4.239938080495356,0.7773766546329723,0.9036144578313252,1.6610738255033557,3.7047918,-19.22358049767091,-11.748254631550363,7.475325866120546,1,21.86503893123336,79.97939028066392,"{""type"":""MultiPoint"",""coordinates"":[]}",ARCHAEAN,,TIRODI GNEISSIC COMPLEX,,GNEISS/MIGMATITE,,ARCHAEAN-GNEISS-MIGMATITE
1_540_0,199.738,2907.0,2028.5,772.5,1037.0,1059.0,1622.5,2569.0,2890.5,2998.0,3162.5,44.7213595499958,357,0.47793937,2.830972615675165,1.021215043394407,0.9696464309539692,1.4330786295292088,2.953538,-17.44891578932991,-10.01691793800722,7.43199785132269,1,21.717086403938875,79.75112836696916,"{""type"":""MultiPoint"",""coordinates"":[]}",ARCHAEAN,,TIRODI GNEISSIC COMPLEX,,GNEISS/MIGMATITE,,ARCHAEAN-GNEISS-MIGMATITE
1_541_0,86.45877,1771.0,927.0,386.0,545.0,452.0,978.0,2097.0,2450.0,2625.0,2745.0,53.85164807134504,683,0.70620733,5.807522123893805,0.8293577981651377,0.6746666666666666,1.9104638619201728,14.685744,-12.5686229483813,-5.50218550146981,7.06643744691149,1,21.83269958100506,80.36530652672167,"{""type"":""MultiPoint"",""coordinates"":[]}",ARCHAEAN,,TIRODI GNEISSIC COMPLEX,,GNEISS/MIGMATITE,,ARCHAEAN-GNEISS-MIGMATITE
1_542_0,58.195305,2633.5,1719.5,647.5,887.5,894.5,1455.5,2334.5,2669.0,2710.5,2942.0,31.6227766016838,276,0.5037448,3.0301844605925097,1.007887323943662,0.971591957203468,1.531549869148008,3.5153024,-15.863352316826171,-9.249232547827935,6.614119768998236,1,21.532482613052316,79.98316320485722,"{""type"":""MultiPoint"",""coordinates"":[]}",ARCHAEAN,,TIRODI GNEISSIC COMPLEX,,GNEISS/MIGMATITE,,ARCHAEAN-GNEISS-MIGMATITE
1_543_0,132.87267,2175.0,1270.0,581.0,754.0,807.0,1128.0,1778.0,2031.0,2203.0,2279.0,50.99019513592785,308,0.46378738,2.7298636926889714,1.070291777188329,0.9872900590104404,1.7125984251968505,1.3629557,-14.63515686969925,-8.080922267736295,6.554234601962955,1,21.818146873402323,80.16695851198808,"{""type"":""MultiPoint"",""coordinates"":[]}",PALAEOPROTEROZOIC,,SAUSAR,MANSAR,PHYLLITE,,PALAEOPROTEROZOIC-PHYLLITE
1_544_0,164.92378,1440.0,955.0,567.0,739.0,600.0,828.0,1044.0,1129.0,919.0,1073.0,31.6227766016838,339,0.21000658,1.5316666666666667,0.8119079837618404,1.5669205658324266,1.5078534031413613,3.836466,-25.49554359374696,-19.051107709032813,6.444435884714149,1,21.863691458307184,79.98046825900487,"{""type"":""MultiPoint"",""coordinates"":[]}",ARCHAEAN,,TIRODI GNEISSIC COMPLEX,,GNEISS/MIGMATITE,,ARCHAEAN-GNEISS-MIGMATITE
1_545_0,180.0,3482.166666666667,2846.0,1172.0,1452.0,1651.5,2035.5,2416.25,2676.0,2677.0,2910.0,31.6227766016838,340,0.2369181,1.620950650923403,1.137396694214876,1.3007720084671897,1.2235301007261654,0.92740995,-19.66386923454442,-8.189706809890357,11.474162424654065,1,21.682591097028688,79.73361121892881,"{""type"":""MultiPoint"",""coordinates"":[]}",ARCHAEAN,,TIRODI GNEISSIC COMPLEX,,GNEISS/MIGMATITE,,ARCHAEAN-GNEISS-MIGMATITE
1_546_0,344.9134,3191.0,2457.0,746.5,1045.5,1336.0,1800.5,2206.5,2425.5,2493.0,2653.0,41.23105625617661,614,0.30216765,1.8660179640718564,1.2778574844571975,1.2799839550742078,1.2987382987382987,3.836653,-18.070449749230683,-10.199249742210435,7.871200007020247,1,21.96636889528204,80.4677144691113,"{""type"":""MultiPoint"",""coordinates"":[]}",ARCHAEAN,,TIRODI GNEISSIC COMPLEX,,GNEISS/MIGMATITE,,ARCHAEAN-GNEISS-MIGMATITE
1_547_0,-0.0,2103.5,1174.0,470.4,633.3333333333334,567.25,1082.5,1848.0,2231.5,2268.5,2460.5,60.82762530298219,328,0.59992945,3.999118554429264,0.8956578947368421,0.9272647123649989,1.7917376490630323,0.0,-13.954891550576727,-7.2621488380165395,6.692742712560188,1,21.66642142191453,79.66839352930174,"{""type"":""MultiPoint"",""coordinates"":[]}",ARCHAEAN,,TIRODI GNEISSIC COMPLEX,,GNEISS/MIGMATITE,,ARCHAEAN-GNEISS-MIGMATITE
1_548_0,144.30913,2286.0,1597.0,647.0,791.0,727.0,1240.0,1994.0,2089.0,2137.0,2141.0,53.85164807134504,336,0.49231842,2.939477303988996,0.9190897597977244,1.069723912026205,1.4314339386349406,3.4218721,-22.52543029768148,-14.765300270593354,7.760130027088127,1,21.86315246913671,79.98019876441963,"{""type"":""MultiPoint"",""coordinates"":[]}",ARCHAEAN,,TIRODI GNEISSIC COMPLEX,,GNEISS/MIGMATITE,,ARCHAEAN-GNEISS-MIGMATITE
1_549_0,212.8827,2547.0,1683.0,613.0,843.0,760.0,1393.0,2239.0,2474.0,2538.0,2800.0,58.30951894845301,342,0.5391146,3.3394736842105264,0.9015421115065244,1.00354609929078,1.5133689839572193,5.5051966,-19.746022360842645,-12.09150091942329,7.654521441419355,1,21.863691458307184,79.97939028066392,"{""type"":""MultiPoint"",""coordinates"":[]}",ARCHAEAN,,TIRODI GNEISSIC COMPLEX,,GNEISS/MIGMATITE,,ARCHAEAN-GNEISS-MIGMATITE
1_550_0,245.10503,1398.0,1133.0,629.0,729.0,684.0,969.0,1276.0,1428.0,1430.0,1457.0,31.6227766016838,311,0.3528855,2.090643274853801,0.9382716049382716,0.9776223776223776,1.233892321270962,2.20221,-14.149494161039886,-6.151937394552091,7.997556766487795,1,21.85075571821586,80.22705580449568,"{""type"":""MultiPoint"",""coordinates"":[]}",PALAEOPROTEROZOIC,,SAUSAR,MANSAR,PHYLLITE,,PALAEOPROTEROZOIC-PHYLLITE
1_551_0,301.7482,1049.0,1041.0,673.0,716.0,730.0,808.0,828.0,869.0,869.0,885.0,22.360679774997894,310,0.08692933,1.1904109589041096,1.0195530726256985,1.2071346375143843,1.0076849183477423,3.5208876,-15.788380347009866,-9.193683043103418,6.5946973039064485,1,21.84967773987492,80.22732529908092,"{""type"":""MultiPoint"",""coordinates"":[]}",PALAEOPROTEROZOIC,,SAUSAR,MANSAR,PHYLLITE,,PALAEOPROTEROZOIC-PHYLLITE
1_552_0,299.11917,1896.0,1052.0,547.0,731.0,668.0,1114.0,1896.0,2111.0,2308.0,2309.0,64.03124237432849,315,0.5510753,3.455089820359281,0.9138166894664844,0.8214904679376083,1.8022813688212929,5.699,-15.361752113199858,-8.688761303477353,6.672990809722505,1,21.815451927549965,80.1656110390619,"{""type"":""MultiPoint"",""coordinates"":[]}",PALAEOPROTEROZOIC,,SAUSAR,MANSAR,PHYLLITE,,PALAEOPROTEROZOIC-PHYLLITE
1_553_0,220.78854,1510.5,698.0,363.0,493.0,403.5,854.5,1776.5,2121.5,2200.0,2382.5,60.0,439,0.69003266,5.452292441140025,0.8184584178498986,0.6865909090909091,2.1640401146131807,6.1019044,-15.096637544866264,-7.771272831466765,7.325364713399498,1,22.000055718436524,80.23163721244468,"{""type"":""MultiPoint"",""coordinates"":[]}",PALAEOPROTEROZOIC,,SAUSAR,MANSAR,BIOTITE SCHIST,,PALAEOPROTEROZOIC-BIOTITE-SCHIST
1_554_0,319.32004,2749.0,1750.0,631.0,921.0,908.0,1476.0,2390.0,2679.0,2797.0,3038.0,64.03124237432849,289,0.5098516,3.080396475770925,0.985884907709012,0.9828387558097962,1.570857142857143,6.092029,-15.990703736783274,-9.970735653027136,6.0199680837561385,1,21.4489392916292,79.76541157998665,"{""type"":""MultiPoint"",""coordinates"":[]}",PALAEOPROTEROZOIC,,SAUSAR,CHORBAOLI,QUARTZITE,,PALAEOPROTEROZOIC-QUARTZITE
1_555_0,28.258942,2329.0,1486.0,623.5,863.5,874.0,1323.5,2114.5,2379.5,2447.0,2543.0,41.23105625617661,272,0.4736525,2.7997711670480547,1.0121598147075854,0.951777686963629,1.5672947510094213,2.1050315,-16.62229858955953,-10.852854021026852,5.769444568532679,1,21.53436907514897,79.9837021940277,"{""type"":""MultiPoint"",""coordinates"":[]}",ARCHAEAN,,TIRODI GNEISSIC COMPLEX,,GNEISS/MIGMATITE,,ARCHAEAN-GNEISS-MIGMATITE
1_556_0,227.15855,1884.0,1174.0,391.5,581.0,565.0,939.0,1624.5,1942.5,2221.5,2197.5,14.142135623730953,666,0.59447336,3.931858407079646,0.9724612736660928,0.8480756245779878,1.604770017035775,2.725969,-16.839925004606354,-9.974349514109544,6.865575490496809,1,21.973914743668647,80.46636699618512,"{""type"":""MultiPoint"",""coordinates"":[]}",PALAEOPROTEROZOIC,,SAUSAR,MANSAR,SCHIST,,PALAEOPROTEROZOIC-SCHIST
1_557_0,90.0,2876.5,2080.0,744.0,976.0,1140.5,1514.5,2161.5,2405.5,2542.0,2651.0,63.24555320336759,356,0.38058385,2.2288469969311704,1.1685450819672132,1.1315892997639654,1.3829326923076923,0.9982516,-17.235963334394555,-12.346856369951348,4.889106964443206,1,21.717086403938875,79.75166735613962,"{""type"":""MultiPoint"",""coordinates"":[]}",ARCHAEAN,,TIRODI GNEISSIC COMPLEX,,GNEISS/MIGMATITE,,ARCHAEAN-GNEISS-MIGMATITE
1_558_0,114.87728,2762.0,2342.5,759.0,1054.0,1312.0,1567.5,2000.0,2120.5,2148.0,2393.0,22.360679774997894,621,0.2416185,1.6371951219512195,1.2447817836812145,1.2858472998137802,1.1790821771611526,6.585139,-15.43072974534002,-5.888776510394324,9.541953234945694,1,21.96609940069681,80.46636699618512,"{""type"":""MultiPoint"",""coordinates"":[]}",ARCHAEAN,,TIRODI GNEISSIC COMPLEX,,GNEISS/MIGMATITE,,ARCHAEAN-GNEISS-MIGMATITE
1_559_0,132.8726,2378.0,1550.0,576.0,719.0,798.0,1175.0,1820.0,2057.0,2238.0,2334.0,63.24555320336759,308,0.4743083,2.8045112781954886,1.109874826147427,1.062555853440572,1.5341935483870968,4.082719,-14.97382692860702,-7.745260808202829,7.228566120404192,1,21.81841636798756,80.16722800657331,"{""type"":""MultiPoint"",""coordinates"":[]}",PALAEOPROTEROZOIC,,SAUSAR,MANSAR,PHYLLITE,,PALAEOPROTEROZOIC-PHYLLITE
1_560_0,245.10503,1398.0,1133.0,629.0,729.0,684.0,969.0,1276.0,1428.0,1430.0,1457.0,31.6227766016838,311,0.3528855,2.090643274853801,0.9382716049382716,0.9776223776223776,1.233892321270962,2.20221,-14.149494161039886,-6.151937394552091,7.997556766487795,1,21.85075571821586,80.22705580449568,"{""type"":""MultiPoint"",""coordinates"":[]}",PALAEOPROTEROZOIC,,SAUSAR,MANSAR,PHYLLITE,,PALAEOPROTEROZOIC-PHYLLITE
1_561_0,312.86633,864.0,721.0,559.0,574.0,566.0,707.0,801.0,826.0,747.0,824.0,41.23105625617661,313,0.13785225,1.3197879858657244,0.9860627177700348,1.1566265060240963,1.1983356449375866,4.0831985,-10.342976198668213,-4.061518296317035,6.281457902351177,1,21.84967773987492,80.22786428825138,"{""type"":""MultiPoint"",""coordinates"":[]}",PALAEOPROTEROZOIC,,SAUSAR,MANSAR,PHYLLITE,,PALAEOPROTEROZOIC-PHYLLITE
1_562_0,123.52033,1728.0,1166.5,771.5,917.5,891.0,1004.0,1499.5,1674.5,1770.0,1833.5,50.99019513592785,644,0.33032694,1.9865319865319864,0.971117166212534,0.976271186440678,1.4813544792113158,8.338274,-13.89726109951561,-6.049254677487739,7.848006422027871,1,21.973914743668647,80.46798396369653,"{""type"":""MultiPoint"",""coordinates"":[]}",PALAEOPROTEROZOIC,,SAUSAR,MANSAR,GONDITE/MANGANESE ORE,,PALAEOPROTEROZOIC-GONDITE-MANGANESE-ORE
1_563_0,344.92673,1680.0,919.0,410.0,550.0,460.0,925.0,1885.0,2152.0,2266.0,2446.0,44.7213595499958,633,0.66250914,4.926086956521739,0.8363636363636363,0.7413945278022948,1.8280739934711645,3.8364131,-16.89315038723271,-9.935358594961563,6.957791792271145,1,21.834316548516476,80.36719298881832,"{""type"":""MultiPoint"",""coordinates"":[]}",ARCHAEAN,,TIRODI GNEISSIC COMPLEX,,GNEISS/MIGMATITE,,ARCHAEAN-GNEISS-MIGMATITE
1_564_0,47.070957,2040.0,1244.0,669.0,895.0,951.5,1380.5,2083.0,2334.5,2415.5,2580.5,41.23105625617661,275,0.43480843,2.538623226484498,1.0631284916201118,0.8445456427240737,1.639871382636656,1.3615139,-16.191176201100447,-9.480037937457697,6.71113826364275,1,21.533560591393258,79.98235472110152,"{""type"":""MultiPoint"",""coordinates"":[]}",ARCHAEAN,,TIRODI GNEISSIC COMPLEX,,GNEISS/MIGMATITE,,ARCHAEAN-GNEISS-MIGMATITE
1_565_0,342.07068,1660.0,791.0,448.0,619.5,498.0,953.0,2036.0,2487.5,2500.5,2677.5,63.24555320336759,459,0.6678339,5.021084337349397,0.8038740920096852,0.6638672265546891,2.0986093552465235,18.792437,-15.242739986917869,-8.554119613903119,6.68862037301475,1,21.99843875092511,80.23271519078563,"{""type"":""MultiPoint"",""coordinates"":[]}",PALAEOPROTEROZOIC,,SAUSAR,MANSAR,BIOTITE SCHIST,,PALAEOPROTEROZOIC-BIOTITE-SCHIST
1_566_0,238.22186,2940.5,2448.0,1027.0,1216.25,1341.0,1637.75,2127.5,2433.5,2619.0,2661.6666666666665,50.0,337,0.32272726,1.953020134228188,1.1025693730729702,1.1227567773959526,1.201184640522876,3.5179255,-15.702443980418492,-6.4457961005931095,9.256647879825383,1,21.68232160244345,79.73253324058788,"{""type"":""MultiPoint"",""coordinates"":[]}",ARCHAEAN,,TIRODI GNEISSIC COMPLEX,,GNEISS/MIGMATITE,,ARCHAEAN-GNEISS-MIGMATITE
1_567_0,-0.0,1520.0,732.0,385.0,515.5,418.0,854.5,1793.5,2062.0,2269.5,2293.5,0.0,444,0.6889302,5.429425837320574,0.8108632395732299,0.6697510464860101,2.076502732240437,1.8543341,-14.552269663964008,-8.088519728646101,6.463749935317907,1,22.000055718436524,80.2332541799561,"{""type"":""MultiPoint"",""coordinates"":[]}",PALAEOPROTEROZOIC,,SAUSAR,MANSAR,BIOTITE SCHIST,,PALAEOPROTEROZOIC-BIOTITE-SCHIST
1_568_0,312.9027,1432.75,899.5,500.3333333333333,585.0,562.6,859.5,1408.5,1592.5,1776.5,1751.0,14.142135623730953,329,0.5189603,3.157660860291504,0.9617094017094018,0.8065015479876161,1.592829349638688,1.3621867,-15.95311571172968,-9.093874560366764,6.859241151362916,1,21.666960411085007,79.66704605637557,"{""type"":""MultiPoint"",""coordinates"":[]}",ARCHAEAN,,TIRODI GNEISSIC COMPLEX,,GNEISS/MIGMATITE,,ARCHAEAN-GNEISS-MIGMATITE
1_569_0,-0.0,3082.5,2716.0,1159.5,1417.5,1584.5,1907.5,2232.5,2383.0,2380.75,2557.75,14.142135623730953,338,0.200807,1.5025244556642474,1.1178130511463844,1.2947600546046414,1.134941089837997,3.7047918,-16.41726836898782,-6.717123449896077,9.700144919091745,1,21.68366907536963,79.73307222975835,"{""type"":""MultiPoint"",""coordinates"":[]}",ARCHAEAN,,TIRODI GNEISSIC COMPLEX,,GNEISS/MIGMATITE,,ARCHAEAN-GNEISS-MIGMATITE
1_570_0,331.6637,1587.5,745.0,443.5,610.0,471.5,913.5,1927.0,2236.0,2511.0,2579.5,53.85164807134504,469,0.6838223,5.325556733828208,0.7729508196721312,0.6322182397451215,2.1308724832214767,20.195036,-16.136076846882183,-9.503477286905117,6.632599559977066,1,21.998708245510347,80.23379316912657,"{""type"":""MultiPoint"",""coordinates"":[]}",PALAEOPROTEROZOIC,,SAUSAR,MANSAR,BIOTITE SCHIST,,PALAEOPROTEROZOIC-BIOTITE-SCHIST
1_571_0,138.11446,2707.6666666666665,2588.5,1044.6666666666667,1282.2666666666669,1519.142857142857,1682.5,1834.0,1888.0,1971.857142857143,2035.25,22.360679774997894,328,0.12968041,1.2980063945834115,1.1847323935293157,1.3731555941944986,1.0460369583413818,7.432963,-15.828656652895098,-7.464112761118402,8.364543891776696,1,21.683938569954865,79.72498739220127,"{""type"":""MultiPoint"",""coordinates"":[]}",PALAEOPROTEROZOIC,,SAUSAR,MANSAR,SCHIST,,PALAEOPROTEROZOIC-SCHIST
1_572_0,72.77294,2752.5,1848.0,730.0,1018.5,1118.0,1558.5,2447.5,2728.5,2831.5,3005.5,22.360679774997894,275,0.43385237,2.532647584973166,1.0976926853215514,0.9720995938548472,1.489448051948052,3.1286187,-16.067513399542143,-9.449036888120602,6.618476511421541,1,21.53275210763755,79.98316320485722,"{""type"":""MultiPoint"",""coordinates"":[]}",ARCHAEAN,,TIRODI GNEISSIC COMPLEX,,GNEISS/MIGMATITE,,ARCHAEAN-GNEISS-MIGMATITE
1_573_0,180.0,2814.5,1987.5,708.5,904.0,1095.0,1455.5,1941.0,2215.0,2292.0,2470.0,53.85164807134504,356,0.3534101,2.0931506849315067,1.211283185840708,1.2279668411867364,1.4161006289308176,2.7802885,-16.204520831770914,-10.157329236883344,6.04719159488757,1,21.71600842559793,79.74870291570203,"{""type"":""MultiPoint"",""coordinates"":[]}",ARCHAEAN,,TIRODI GNEISSIC COMPLEX,,GNEISS/MIGMATITE,,ARCHAEAN-GNEISS-MIGMATITE
1_574_0,270.0,472.0,297.0,604.0,787.0,660.0,793.0,602.0,655.0,586.0,624.0,22.360679774997894,283,-0.05939005,0.8878787878787879,0.8386277001270648,0.8054607508532423,1.589225589225589,0.9964157,-28.069911171334148,-18.8581576691884,9.211753502145749,1,21.450556259140612,79.76702854749807,"{""type"":""MultiPoint"",""coordinates"":[]}",PALAEOPROTEROZOIC,,SAUSAR,CHORBAOLI,QUARTZITE,,PALAEOPROTEROZOIC-QUARTZITE
1_575_0,287.19144,1197.0,1188.0,720.0,760.0,786.0,874.0,915.0,917.0,907.0,926.0,22.360679774997894,307,0.07147076,1.153944020356234,1.0342105263157897,1.3197353914002206,1.0075757575757576,3.134894,-17.09348083715036,-9.136255883912938,7.957224953237421,1,21.84967773987492,80.22624732073997,"{""type"":""MultiPoint"",""coordinates"":[]}",PALAEOPROTEROZOIC,,SAUSAR,MANSAR,PHYLLITE,,PALAEOPROTEROZOIC-PHYLLITE
1_576_0,227.12733,1799.0,1077.0,465.0,626.0,593.0,1031.0,1655.0,1898.0,1994.0,2120.0,50.0,308,0.5415539,3.3625632377740304,0.9472843450479234,0.9022066198595788,1.670380687093779,1.3629557,-16.004359872174504,-9.190550118976326,6.8138097531981785,1,21.818146873402323,80.16668901740285,"{""type"":""MultiPoint"",""coordinates"":[]}",PALAEOPROTEROZOIC,,SAUSAR,MANSAR,PHYLLITE,,PALAEOPROTEROZOIC-PHYLLITE
1_577_0,180.0,3280.5,2438.0,712.0,1005.5,1250.5,1668.5,2195.0,2442.0,2571.0,2741.0,70.71067811865476,618,0.34554493,2.055977608956417,1.243659870711089,1.2759626604434071,1.3455701394585726,1.8543341,-18.38985883636301,-11.28575646502434,7.104102371338671,1,21.966907884452517,80.4647500286737,"{""type"":""MultiPoint"",""coordinates"":[]}",ARCHAEAN,,TIRODI GNEISSIC COMPLEX,,GNEISS/MIGMATITE,,ARCHAEAN-GNEISS-MIGMATITE
1_578_0,-0.0,2907.5,2388.0,883.75,1114.3333333333333,1250.5,1743.75,2252.0,2442.0,2563.5,2671.5,22.360679774997894,338,0.344258,2.049980007996801,1.122195632665271,1.1341915350107274,1.2175460636515911,1.8543341,-14.393756885071053,-7.254974545214623,7.13878233985643,1,21.68366907536963,79.73280273517311,"{""type"":""MultiPoint"",""coordinates"":[]}",ARCHAEAN,,TIRODI GNEISSIC COMPLEX,,GNEISS/MIGMATITE,,ARCHAEAN-GNEISS-MIGMATITE
1_579_0,155.19626,1893.0,1103.5,327.5,511.5,451.0,892.0,1763.0,2126.5,2216.0,2378.0,10.0,666,0.6617923,4.913525498891352,0.8817204301075269,0.8542418772563177,1.715450838241957,7.1154227,-14.505457555642089,-8.185234860575246,6.320222695066841,1,21.973914743668647,80.46663649077036,"{""type"":""MultiPoint"",""coordinates"":[]}",PALAEOPROTEROZOIC,,SAUSAR,MANSAR,SCHIST,,PALAEOPROTEROZOIC-SCHIST
1_580_0,15.034852,2268.0,1206.0,530.0,760.0,680.0,1272.0,2147.0,2558.0,2617.0,2816.0,60.82762530298219,293,0.5875038,3.848529411764706,0.8947368421052632,0.8666411922048147,1.8805970149253728,3.8357234,-15.333066457685137,-8.436292844814592,6.896773612870545,1,21.44840030245873,79.76648955832759,"{""type"":""MultiPoint"",""coordinates"":[]}",PALAEOPROTEROZOIC,,SAUSAR,CHORBAOLI,QUARTZITE,,PALAEOPROTEROZOIC-QUARTZITE
1_581_0,10.178654,1708.0,892.0,454.0,610.0,554.0,1017.0,2310.0,2717.0,2890.0,2926.0,53.85164807134504,687,0.67828107,5.216606498194946,0.9081967213114754,0.5910034602076124,1.9147982062780269,11.164382,-14.18589065200333,-7.2657791572943164,6.920111494709014,1,21.83189109724935,80.36611501047737,"{""type"":""MultiPoint"",""coordinates"":[]}",ARCHAEAN,,TIRODI GNEISSIC COMPLEX,,GNEISS/MIGMATITE,,ARCHAEAN-GNEISS-MIGMATITE
1_582_0,203.336,1477.5,669.0,354.5,480.0,373.5,798.0,1725.0,2061.0,2181.0,2357.5,41.23105625617661,441,0.70757484,5.839357429718875,0.778125,0.6774415405777167,2.208520179372197,5.037585,-15.652268686896946,-7.831858710239832,7.820409976657114,1,21.999786223851288,80.23217620161516,"{""type"":""MultiPoint"",""coordinates"":[]}",PALAEOPROTEROZOIC,,SAUSAR,MANSAR,BIOTITE SCHIST,,PALAEOPROTEROZOIC-BIOTITE-SCHIST
1_583_0,47.070847,2507.5,1622.0,725.0,975.5,967.5,1433.0,2422.5,2755.0,2930.0,3033.0,22.360679774997894,275,0.5035279,3.0284237726098198,0.9917990773962072,0.85580204778157,1.5459309494451294,1.3615111,-15.644122233106438,-9.002087244204368,6.64203498890207,1,21.533021602222785,79.982893710272,"{""type"":""MultiPoint"",""coordinates"":[]}",ARCHAEAN,,TIRODI GNEISSIC COMPLEX,,GNEISS/MIGMATITE,,ARCHAEAN-GNEISS-MIGMATITE
1_584_0,270.0,1261.0,991.0,681.0,754.0,731.0,926.0,1189.0,1321.0,1220.0,1318.0,64.03124237432849,318,0.2506407,1.6689466484268125,0.9694960212201592,1.0336065573770492,1.272452068617558,9.893173,-17.0952647364109,-8.759328409738782,8.335936326672119,1,21.848599761533976,80.22786428825138,"{""type"":""MultiPoint"",""coordinates"":[]}",PALAEOPROTEROZOIC,,SAUSAR,MANSAR,PHYLLITE,,PALAEOPROTEROZOIC-PHYLLITE
1_585_0,19.704258,2375.0,1283.0,508.0,768.0,677.0,1276.0,2312.0,2657.0,2760.0,2949.0,58.30951894845301,293,0.6060518,4.0768094534711965,0.8815104166666666,0.8605072463768116,1.8511301636788775,2.9529154,-14.712249782769824,-9.273025254856847,5.439224527912977,1,21.44866979704396,79.76595056915713,"{""type"":""MultiPoint"",""coordinates"":[]}",PALAEOPROTEROZOIC,,SAUSAR,CHORBAOLI,QUARTZITE,,PALAEOPROTEROZOIC-QUARTZITE
1_586_0,160.24327,2064.0,1131.0,454.0,676.0,599.0,1187.0,2133.0,2413.0,2494.0,2691.0,50.0,352,0.61267376,4.163606010016695,0.886094674556213,0.8275862068965517,1.8249336870026525,11.662242,-12.815842045173827,-6.8419653379693335,5.973876707204494,1,21.86449994206289,79.98208522651628,"{""type"":""MultiPoint"",""coordinates"":[]}",ARCHAEAN,,TIRODI GNEISSIC COMPLEX,,GNEISS/MIGMATITE,,ARCHAEAN-GNEISS-MIGMATITE
1_587_0,215.65698,2274.633333333333,1895.0,803.2,1047.7142857142858,1199.75,1455.5,1616.375,1742.75,1708.25,1807.375,44.7213595499958,322,0.17486244,1.4238382996457597,1.145111808017453,1.3315576369579003,1.200334212840809,3.4204223,-18.204025849351844,-10.38048748082828,7.823538368523565,1,21.683938569954865,79.72579587595698,"{""type"":""MultiPoint"",""coordinates"":[]}",PALAEOPROTEROZOIC,,SAUSAR,MANSAR,SCHIST,,PALAEOPROTEROZOIC-SCHIST
1_588_0,331.68597,2104.0,987.0,590.0,776.0,739.0,1284.0,2200.0,2485.0,2613.0,2832.0,63.24555320336759,381,0.5590692,3.5358592692828146,0.952319587628866,0.8052047455032529,2.131712259371834,12.443031,-15.314066688430296,-8.997388093355319,6.316678595074977,1,21.866116909574306,79.98127674276057,"{""type"":""MultiPoint"",""coordinates"":[]}",ARCHAEAN,,TIRODI GNEISSIC COMPLEX,,GNEISS/MIGMATITE,,ARCHAEAN-GNEISS-MIGMATITE
1_589_0,90.0,1470.5,715.0,353.5,471.0,373.0,741.0,1584.5,1843.0,1967.0,2054.5,63.24555320336759,443,0.6811966,5.273458445040214,0.7919320594479831,0.7475851550584647,2.056643356643357,2.9982655,-14.838273839331327,-7.967764603510597,6.870509235820732,1,22.000594707607,80.23487114746752,"{""type"":""MultiPoint"",""coordinates"":[]}",PALAEOPROTEROZOIC,,SAUSAR,MANSAR,BIOTITE SCHIST,,PALAEOPROTEROZOIC-BIOTITE-SCHIST
1_590_0,273.79303,1342.0,1010.0,642.0,792.0,673.0,1035.0,1657.0,1716.0,1816.0,1840.0,58.30951894845301,318,0.45922056,2.698365527488856,0.8497474747474747,0.7389867841409692,1.3287128712871288,13.750311,-16.051101965126698,-9.705607951767515,6.345494013359183,1,21.849138750704444,80.22813378283662,"{""type"":""MultiPoint"",""coordinates"":[]}",PALAEOPROTEROZOIC,,SAUSAR,MANSAR,PHYLLITE,,PALAEOPROTEROZOIC-PHYLLITE
1_591_0,90.0,2064.0,1247.5,483.5,623.2,579.375,1074.5,1746.625,1947.5,2068.333333333333,2217.333333333333,30.0,329,0.56235737,3.569938870909745,0.9296774711168164,0.9979049153908138,1.6545090180360722,2.9913034,-14.521552503374084,-8.004718769300979,6.516833734073106,1,21.66749940025548,79.66677656179033,"{""type"":""MultiPoint"",""coordinates"":[]}",ARCHAEAN,,TIRODI GNEISSIC COMPLEX,,GNEISS/MIGMATITE,,ARCHAEAN-GNEISS-MIGMATITE
1_592_0,23.294847,3772.5,2865.0,969.5,1299.0,1651.0,2015.5,2550.5,2837.5,3062.0,3188.0,40.0,353,0.29938468,1.854633555420957,1.270977675134719,1.23203788373612,1.3167539267015709,5.0360336,-19.280206406657378,-13.160883608971927,6.1193227976854505,1,21.717625393109348,79.75005038862821,"{""type"":""MultiPoint"",""coordinates"":[]}",ARCHAEAN,,TIRODI GNEISSIC COMPLEX,,GNEISS/MIGMATITE,,ARCHAEAN-GNEISS-MIGMATITE
1_593_0,141.06628,1970.0,1208.0,523.0,652.0,717.0,1056.0,1630.0,1878.0,2057.0,2157.0,63.24555320336759,310,0.48305696,2.868898186889819,1.0996932515337423,0.95770539620807,1.630794701986755,4.758396,-14.976216051300147,-7.606081436320043,7.370134614980106,1,21.81841636798756,80.16615002823237,"{""type"":""MultiPoint"",""coordinates"":[]}",PALAEOPROTEROZOIC,,SAUSAR,MANSAR,PHYLLITE,,PALAEOPROTEROZOIC-PHYLLITE
1_594_0,312.8694,1543.0,818.0,398.0,523.0,461.0,821.0,1739.0,2112.0,2332.0,2344.0,50.0,635,0.66988903,5.058568329718004,0.8814531548757171,0.6616638078902229,1.8863080684596576,5.43681,-16.51976583164766,-9.419742923253,7.100022908394662,1,21.834316548516476,80.36746248340356,"{""type"":""MultiPoint"",""coordinates"":[]}",ARCHAEAN,,TIRODI GNEISSIC COMPLEX,,GNEISS/MIGMATITE,,ARCHAEAN-GNEISS-MIGMATITE
1_595_0,121.72732,2870.5,1979.5,665.5,956.0,1216.5,1547.0,2162.0,2492.5,2592.0,2698.5,30.0,617,0.36116582,2.1307028360049323,1.272489539748954,1.107445987654321,1.4501136650669362,3.5229585,-16.26460058226214,-9.107564289950243,7.157036292311897,1,21.965829906111573,80.46663649077036,"{""type"":""MultiPoint"",""coordinates"":[]}",ARCHAEAN,,TIRODI GNEISSIC COMPLEX,,GNEISS/MIGMATITE,,ARCHAEAN-GNEISS-MIGMATITE
1_596_0,132.89313,2402.5,1611.0,648.5,878.5,900.0,1411.0,2220.0,2523.0,2643.5,2780.5,53.85164807134504,361,0.49202767,2.937222222222222,1.0244735344336935,0.908832986570834,1.4913097454996895,1.3624319,-17.920933882323457,-10.104412963148397,7.81652091917506,1,21.715199941842226,79.75058937779868,"{""type"":""MultiPoint"",""coordinates"":[]}",ARCHAEAN,,TIRODI GNEISSIC COMPLEX,,GNEISS/MIGMATITE,,ARCHAEAN-GNEISS-MIGMATITE
1_597_0,114.922844,2232.75,1309.0,525.4285714285714,659.2857142857143,632.0,1055.375,1803.8,2156.0,2434.0,2466.5,70.71067811865476,333,0.5877365,3.85126582278481,0.9586132177681472,0.9173171733771568,1.7056913674560734,2.1999068,-15.326689854532686,-7.063366588812178,8.263323265720508,1,21.66803838942595,79.66542908886414,"{""type"":""MultiPoint"",""coordinates"":[]}",PALAEOPROTEROZOIC,,SAUSAR,MANSAR,SCHIST,,PALAEOPROTEROZOIC-SCHIST
1_598_0,-0.0,2520.0,1484.0,638.0,909.0,873.0,1418.0,2210.0,2526.0,2581.0,2846.0,41.23105625617661,290,0.49449912,2.9564719358533798,0.9603960396039604,0.9763657497094148,1.69811320754717,2.7802885,-15.811325411860317,-9.580304433990568,6.231020977869747,1,21.4489392916292,79.76702854749807,"{""type"":""MultiPoint"",""coordinates"":[]}",PALAEOPROTEROZOIC,,SAUSAR,CHORBAOLI,QUARTZITE,,PALAEOPROTEROZOIC-QUARTZITE
1_599_0,67.897125,1691.0,827.0,392.0,553.0,417.0,902.0,2189.0,2576.0,2707.0,2881.0,53.85164807134504,677,0.73303455,6.491606714628297,0.7540687160940326,0.6246767639453269,2.0447400241837967,16.759737,-8.676106837890245,-2.4375797499770906,6.2385270879131545,1,21.833777559346,80.36530652672167,"{""type"":""MultiPoint"",""coordinates"":[]}",ARCHAEAN,,TIRODI GNEISSIC COMPLEX,,GNEISS/MIGMATITE,,ARCHAEAN-GNEISS-MIGMATITE
2_0_0,144.40726,2942.0,2121.5,694.5,916.0,1082.0,1472.5,2054.5,2245.0,2392.5,2536.0,463409.5000105199,329,0.37717658,2.2111829944547137,1.1812227074235808,1.2296760710553811,1.38675465472543,3.4176824,-17.511481533754143,-11.053431267334853,6.458050266419292,0,21.33979398460868,80.31383306094162,"{""type"":""MultiPoint"",""coordinates"":[]}",PALAEOPROTEROZOIC,,,,GRANITE,DONGARGARH GRANITE,PALAEOPROTEROZOIC-GRANITE
2_1_0,331.64334,2110.0,1320.5,556.75,740.0,730.0,1137.5,1989.5,2262.0,2301.5,2460.0,463409.5000105199,349,0.51839024,3.1527397260273973,0.9864864864864864,0.9167933956115576,1.597879591063991,2.1069646,-15.385772915889149,-8.961719085982214,6.424053829906933,0,22.11890283052554,80.10416627362812,"{""type"":""MultiPoint"",""coordinates"":[]}",NEOPROTEROZOIC,,,,GRANITE,ACID  INTRUSIVE,NEOPROTEROZOIC-GRANITE
2_2_0,256.95914,3528.0,2635.5,890.0,1118.0,1337.0,1728.5,2238.0,2420.0,2698.0,2780.0,463409.5000105199,546,0.33729863,2.0179506357516828,1.1958855098389982,1.30763528539659,1.3386454183266931,4.1033545,-18.673038810972773,-13.16029908947936,5.512739721493412,0,22.10785355253087,80.58117168949559,"{""type"":""MultiPoint"",""coordinates"":[]}",PALAEOPROTEROZOIC,,SAUSAR,JUNEWANI,GREY & PINK GNEISS/QTZ-BIOTITE-SILLIMANITE GNEISS,,PALAEOPROTEROZOIC-GREY-PINK-GNEISS-QTZ-BIOTITE-SILLIMANITE-GNEISS
2_3_0,208.38258,2100.5,1514.0,674.0,811.5,949.5,1181.5,1872.5,2139.0,2223.0,2318.5,463409.5000105199,566,0.40141845,2.341232227488152,1.1700554528650646,0.94489428699955,1.3873844121532364,2.1074789,-17.815019541932664,-10.947965285137135,6.867054256795527,0,22.27089777659856,79.53768865546235,"{""type"":""MultiPoint"",""coordinates"":[]}",LATE CRETACEOUS - PALAEOCENE,DECCAN TRAP,AMARKANTAK,DHUMA,BASALT,,LATE-CRETACEOUS-PALAEOCENE-BASALT
2_4_0,47.233284,2069.5,1434.0,580.5,734.5,842.0,1125.0,1771.0,2010.0,2025.0,2145.0,463409.5000105199,513,0.41262645,2.40498812351544,1.146358066712049,1.0219753086419754,1.443165969316597,2.7298045,-17.26992023522217,-9.336388109373202,7.933532125848968,0,22.342044347100828,79.68806663402397,"{""type"":""MultiPoint"",""coordinates"":[]}",LATE CRETACEOUS - PALAEOCENE,DECCAN TRAP,AMARKANTAK,DHUMA,BASALT,,LATE-CRETACEOUS-PALAEOCENE-BASALT
2_5_0,47.201763,3766.0,2784.5,882.5,1121.0,1484.5,1862.0,2246.0,2500.0,2697.0,2880.0,463409.5000105199,538,0.28996772,1.8167733243516333,1.324264049955397,1.396366332962551,1.3524869815047584,1.364866,-17.976232099646047,-11.347804306208786,6.628427793437261,0,22.18762394976068,80.43160219468969,"{""type"":""MultiPoint"",""coordinates"":[]}",PALAEOPROTEROZOIC,,SAUSAR,JUNEWANI,GREY & PINK GNEISS/QTZ-BIOTITE-SILLIMANITE GNEISS,,PALAEOPROTEROZOIC-GREY-PINK-GNEISS-QTZ-BIOTITE-SILLIMANITE-GNEISS
2_6_0,114.94512,2079.0,1308.0,756.0,1007.25,1084.0,1531.25,2156.0,2424.6666666666665,2507.0,2640.6666666666665,463409.5000105199,292,0.39626846,2.312730627306273,1.076197567634649,0.8292780215396889,1.5894495412844036,2.1980696,-17.594326582902923,-10.47597747066023,7.118349112242694,0,21.52089434588717,80.09230851187775,"{""type"":""MultiPoint"",""coordinates"":[]}",ARCHAEAN,,AMGAON GNEISSIC COMPLEX,,GRANITE GNEISS/MIGMATITE,,ARCHAEAN-GRANITE-GNEISS-MIGMATITE
2_7_0,190.20645,3140.0,2201.0,735.0,990.5,1094.5,1474.0,2027.0,2252.5,2345.0,2548.0,463409.5000105199,585,0.36357027,2.1425308359981727,1.104997476022211,1.3390191897654584,1.4266242616992275,5.636173,-20.17455165850927,-11.766560256585086,8.407991401924184,0,22.226431170034644,80.25481374677497,"{""type"":""MultiPoint"",""coordinates"":[]}",NEOPROTEROZOIC,,,,GRANITE,ACID  INTRUSIVE,NEOPROTEROZOIC-GRANITE
2_8_0,356.36676,2142.0,1349.5,571.5,738.0,707.0,1160.0,1958.0,2278.5,2472.5,2583.5,463409.5000105199,602,0.555276,3.4971711456859973,0.9579945799457996,0.8663296258847321,1.5872545387180437,15.415998,-16.10488473434144,-10.045552294837572,6.059332439503868,0,22.12025030345172,80.48792656300398,"{""type"":""MultiPoint"",""coordinates"":[]}",PALAEOPROTEROZOIC,,SAUSAR,MANSAR,PHYLLITE,,PALAEOPROTEROZOIC-PHYLLITE
2_9_0,60.93201,3462.0,2547.0,803.5,1086.0,1334.5,1748.5,2232.5,2489.5,2579.0,2797.0,463409.5000105199,558,0.31800178,1.9325590108654929,1.2288213627992637,1.342380767739434,1.35924617196702,5.708094,-18.03054952098708,-11.247044282689023,6.783505238298057,0,22.11405192799129,80.70513919870409,"{""type"":""MultiPoint"",""coordinates"":[]}",ARCHAEAN,,TIRODI GNEISSIC COMPLEX,,GNEISS/MIGMATITE,,ARCHAEAN-GNEISS-MIGMATITE
2_10_0,211.68037,1914.0,1081.0,413.0,639.0,529.5,1080.5,2105.0,2501.5,2596.5,2761.5,463409.5000105199,536,0.6612284,4.903682719546742,0.8286384976525821,0.7371461582900057,1.7705827937095282,7.5846486,-15.709873673541429,-8.31326939393669,7.3966042796047375,0,22.19085788478351,80.53724407210214,"{""type"":""MultiPoint"",""coordinates"":[]}",PALAEOPROTEROZOIC,,SAUSAR,JUNEWANI,GREY & PINK GNEISS/QTZ-BIOTITE-SILLIMANITE GNEISS,,PALAEOPROTEROZOIC-GREY-PINK-GNEISS-QTZ-BIOTITE-SILLIMANITE-GNEISS
2_11_0,107.17767,1731.0,1059.0,394.5,575.0,520.5,873.5,1718.0,1994.0,2207.0,2340.5,463409.5000105199,673,0.6183318,4.240153698366955,0.905217391304348,0.784322609877662,1.6345609065155808,3.1373227,-15.273538220845984,-8.344509528772303,6.9290286920736825,0,21.970950303231053,80.61917042601385,"{""type"":""MultiPoint"",""coordinates"":[]}",PALAEOPROTEROZOIC,,,,GRANITE,MALANJKHAND GRANITE,PALAEOPROTEROZOIC-GRANITE
2_12_0,-0.0,2407.0,1541.5,590.0,767.0,847.0,1235.5,1972.0,2275.0,2421.0,2485.0,463409.5000105199,524,0.48164016,2.858323494687131,1.104302477183833,0.9942172655927304,1.5614661044437237,0.92740995,-16.42647580055796,-9.744092129617396,6.682383670940563,0,22.1358809893954,79.70046338494481,"{""type"":""MultiPoint"",""coordinates"":[]}",ARCHAEAN,,TIRODI GNEISSIC COMPLEX,,GNEISS/MIGMATITE,,ARCHAEAN-GNEISS-MIGMATITE
2_13_0,114.89902,2811.0,1969.0,710.5,971.0,1088.5,1591.5,2179.5,2411.5,2502.5,2765.5,1663.640586184408,315,0.39376217,2.2990353697749195,1.1210092687950566,1.1232767232767231,1.4276282376841036,2.201876,-16.407977824268652,-8.745140488674632,7.66283733559402,0,21.82434524886275,80.00068035289756,"{""type"":""MultiPoint"",""coordinates"":[]}",ARCHAEAN,,TIRODI GNEISSIC COMPLEX,,GNEISS/MIGMATITE,,ARCHAEAN-GNEISS-MIGMATITE
2_14_0,-0.0,3468.0,2428.0,905.5,1162.0,1438.5,1835.0,2339.0,2645.0,2882.5,3002.0,463409.5000105199,505,0.3341819,2.0038234271810915,1.2379518072289155,1.203122289679098,1.42833607907743,0.92740995,-17.90008761796805,-11.356681017245824,6.543406600722227,0,22.199212216925822,79.7274128434684,"{""type"":""MultiPoint"",""coordinates"":[]}",ARCHAEAN,,TIRODI GNEISSIC COMPLEX,,GNEISS/MIGMATITE,,ARCHAEAN-GNEISS-MIGMATITE
2_15_0,160.19247,2105.0,1773.0,654.0,823.0,1015.5,1187.0,1557.5,1668.5,1701.0,1876.0,463409.5000105199,473,0.25234678,1.675036927621861,1.2339003645200486,1.2375073486184598,1.1872532430908065,2.9548242,-18.40481265510707,-10.139461474373254,8.265351180733814,0,22.25796203650724,79.83709713965939,"{""type"":""MultiPoint"",""coordinates"":[]}",LATE CRETACEOUS - PALAEOCENE,DECCAN TRAP,AMARKANTAK,DHUMA,BASALT,,LATE-CRETACEOUS-PALAEOCENE-BASALT
2_16_0,304.90112,2028.0,1211.5,473.5,672.5,630.0,1118.5,2067.0,2368.0,2466.0,2691.5,3210.763149159402,334,0.59302324,3.914285714285714,0.9368029739776952,0.8223844282238443,1.6739579034255057,4.85146,-15.8325446149235,-9.065888121422988,6.766656493500513,0,21.53652503183085,79.76487259081618,"{""type"":""MultiPoint"",""coordinates"":[]}",PALAEOPROTEROZOIC,,SAUSAR,MANSAR,MUSCOVITE SCHIST,,PALAEOPROTEROZOIC-MUSCOVITE-SCHIST
2_17_0,-0.0,2748.9666666666667,1889.8333333333333,703.5,947.8571428571428,1050.8,1442.6666666666667,2151.0,2392.1428571428573,2533.833333333333,2660.125,463409.5000105199,322,0.41371968,2.41133739373176,1.1086058779201204,1.0849042952048935,1.4546079901225857,3.7047918,-17.211003020091788,-10.544714274505337,6.666288745586451,0,22.04263586290379,80.12545634586175,"{""type"":""MultiPoint"",""coordinates"":[]}",ARCHAEAN,,TIRODI GNEISSIC COMPLEX,,GNEISS/MIGMATITE,,ARCHAEAN-GNEISS-MIGMATITE
2_18_0,-0.0,2211.5,1519.0,666.5,856.5,997.0,1357.0,1840.0,2126.0,2198.0,2262.0,463409.5000105199,298,0.37589985,2.2046138415245737,1.164039696438996,1.0061419472247497,1.455892034233048,0.92740995,-18.025904350986245,-10.922850506672424,7.103053844313822,0,21.559162576990666,79.77538287964038,"{""type"":""MultiPoint"",""coordinates"":[]}",PALAEOPROTEROZOIC,,SAUSAR,MANSAR,MUSCOVITE SCHIST,,PALAEOPROTEROZOIC-MUSCOVITE-SCHIST
2_19_0,270.0,3492.5,2573.0,970.5,1196.5,1352.5,1830.5,2445.0,2668.0,2786.0,2996.0,463409.5000105199,473,0.34638155,2.0598890942698707,1.1303802758044297,1.253589375448672,1.35736494364555,1.0027206,-19.304201637444464,-11.291393828969326,8.012807808475138,0,22.34959019548743,80.44642439687766,"{""type"":""MultiPoint"",""coordinates"":[]}",ARCHAEAN,,TIRODI GNEISSIC COMPLEX,,GNEISS/MIGMATITE,,ARCHAEAN-GNEISS-MIGMATITE
2_20_0,-0.0,2355.0,1732.0,653.0,896.0,1041.0,1461.5,2137.0,2440.5,2597.5,2772.0,463409.5000105199,460,0.42778617,2.4951969260326607,1.1618303571428572,0.906641000962464,1.3596997690531178,1.8543341,-15.903876247307952,-10.024620816249708,5.879255431058244,0,22.339079906663237,79.96537656223165,"{""type"":""MultiPoint"",""coordinates"":[]}",ARCHAEAN,,TIRODI GNEISSIC COMPLEX,,GNEISS/MIGMATITE,,ARCHAEAN-GNEISS-MIGMATITE
2_21_0,227.11914,2938.5,2105.0,856.5,1133.0,1313.0,1687.5,2239.5,2466.5,2621.5,2671.5,1612.4515496597098,298,0.33257085,1.9965727341964965,1.1588702559576345,1.1209231356093838,1.3959619952494062,1.3627458,-18.61963023109552,-11.656943453514684,6.962686777580831,0,21.776914201861235,80.14944136394774,"{""type"":""MultiPoint"",""coordinates"":[]}",ARCHAEAN,,TIRODI GNEISSIC COMPLEX,,GNEISS/MIGMATITE,,ARCHAEAN-GNEISS-MIGMATITE
2_22_0,180.0,2403.0,1622.0,473.0,671.0,706.5,1192.0,1956.0,2231.5,2330.5,2498.5,463409.5000105199,391,0.53473824,3.2986553432413306,1.0529061102831594,1.0311092040334693,1.4815043156596794,9.195146,-15.516093844735332,-7.401187180680248,8.114906664055084,0,22.139384419003463,79.96483757306119,"{""type"":""MultiPoint"",""coordinates"":[]}",ARCHAEAN,,TIRODI GNEISSIC COMPLEX,,GNEISS/MIGMATITE,,ARCHAEAN-GNEISS-MIGMATITE
2_23_0,270.0,2607.0,1956.0,631.5,861.0,1116.5,1380.0,2014.5,2288.0,2462.0,2551.0,463409.5000105199,584,0.37599552,2.2051052395879984,1.2967479674796747,1.0588952071486597,1.3328220858895703,4.000337,-18.047175323708657,-10.444513770359023,7.602661553349634,0,22.19463080897681,80.35264028121559,"{""type"":""MultiPoint"",""coordinates"":[]}",ARCHAEAN,,TIRODI GNEISSIC COMPLEX,,GNEISS/MIGMATITE,,ARCHAEAN-GNEISS-MIGMATITE
2_24_0,180.0,2248.5,1458.5,635.5,826.0,863.0,1333.0,2099.5,2443.5,2579.5,2798.0,463409.5000105199,542,0.49862018,2.988991888760139,1.0447941888619854,0.8716805582477224,1.5416523825848474,1.8543341,-15.916220112032434,-9.71436241408425,6.201857697948183,0,22.11620788467318,79.68564118275684,"{""type"":""MultiPoint"",""coordinates"":[]}",ARCHAEAN,,TIRODI GNEISSIC COMPLEX,,GNEISS/MIGMATITE,,ARCHAEAN-GNEISS-MIGMATITE
2_25_0,62.132206,3148.0,2277.0,677.5,886.0,1053.0,1452.5,2137.0,2353.5,2625.5,2750.5,463409.5000105199,661,0.42748404,2.49335232668566,1.1884875846501128,1.1990097124357266,1.3825208607817303,7.8866987,-18.52360025509272,-11.147410260062893,7.3761899950298275,0,22.283564022104645,80.73774804351763,"{""type"":""MultiPoint"",""coordinates"":[]}",ARCHAEAN,,TIRODI GNEISSIC COMPLEX,,GNEISS/MIGMATITE,,ARCHAEAN-GNEISS-MIGMATITE
2_26_0,72.82697,2022.5,1252.0,471.0,651.5,641.0,1046.5,1780.0,2022.0,2189.5,2298.5,463409.5000105199,602,0.54707646,3.4157566302652107,0.9838833461243284,0.9237268782827128,1.6154153354632588,3.1381452,-15.271129988681674,-9.357770410694378,5.913359577987295,0,22.011643985601665,80.53805255585786,"{""type"":""MultiPoint"",""coordinates"":[]}",ARCHAEAN,,TIRODI GNEISSIC COMPLEX,,GNEISS/MIGMATITE,,ARCHAEAN-GNEISS-MIGMATITE
2_27_0,132.86418,1892.0,1030.0,413.5,538.5,462.0,893.5,1722.0,2027.0,2139.0,2247.0,463409.5000105199,526,0.644752,4.62987012987013,0.8579387186629527,0.884525479195886,1.836893203883495,6.785254,-13.219265858842702,-6.027796736161751,7.191469122680951,0,21.860457523284357,79.62473540649354,"{""type"":""MultiPoint"",""coordinates"":[]}",ARCHAEAN,,TIRODI GNEISSIC COMPLEX,,GNEISS/MIGMATITE,,ARCHAEAN-GNEISS-MIGMATITE
2_28_0,180.0,2032.0,1153.0,472.6666666666667,643.0,560.0,1077.0,1997.5,2423.333333333333,2315.75,2687.0,2458.3937845674764,349,0.6105364,4.135267857142857,0.8709175738724728,0.8774695023210622,1.7623590633130963,1.8543341,-14.445177897439583,-8.230783196812009,6.214394700627576,0,21.625997234129155,79.61449461225457,"{""type"":""MultiPoint"",""coordinates"":[]}",ARCHAEAN,,TIRODI GNEISSIC COMPLEX,,GNEISS/MIGMATITE,,ARCHAEAN-GNEISS-MIGMATITE
2_29_0,180.0,2086.5,1231.0,482.5,671.0,580.0,1030.5,1918.5,2248.5,2411.5,2546.5,463409.5000105199,334,0.61223465,4.157758620689656,0.8643815201192251,0.8652291105121294,1.6949634443541837,1.8543341,-14.299041172298717,-8.105111195188723,6.193929977109994,0,21.52924867802948,79.61934551478882,"{""type"":""MultiPoint"",""coordinates"":[]}",PALAEOPROTEROZOIC,,SAUSAR,MANSAR,MUSCOVITE SCHIST,,PALAEOPROTEROZOIC-MUSCOVITE-SCHIST
2_30_0,287.1902,2160.5,1357.5,497.5,647.5,719.5,1039.0,1769.0,2060.5,2213.0,2330.5,463409.5000105199,521,0.5092924,3.075747046560111,1.111196911196911,0.9762765476728424,1.5915285451197054,3.1351106,-17.070497012472053,-9.827395244396907,7.243101768075146,0,21.860457523284357,79.72498739220127,"{""type"":""MultiPoint"",""coordinates"":[]}",ARCHAEAN,,TIRODI GNEISSIC COMPLEX,,GNEISS/MIGMATITE,,ARCHAEAN-GNEISS-MIGMATITE
2_32_0,-0.0,2411.0,1709.0,676.0,934.0,1009.0,1471.0,2214.0,2493.0,2582.0,2762.0,463409.5000105199,297,0.43803954,2.5589692765113976,1.0802997858672376,0.9337722695584818,1.4107665301345815,2.7802885,-14.964504122947188,-8.605352423901667,6.359151699045521,0,21.546765826069816,80.40653919826275,"{""type"":""MultiPoint"",""coordinates"":[]}",ARCHAEAN,,AMGAON GNEISSIC COMPLEX,,GRANITE GNEISS/MIGMATITE,,ARCHAEAN-GRANITE-GNEISS-MIGMATITE
2_33_0,107.1669,2720.0,1785.0,726.0,950.0,1219.0,1485.0,2238.0,2518.0,2631.0,2778.0,463409.5000105199,572,0.36675325,2.158326497128794,1.283157894736842,1.0338274420372482,1.5238095238095235,3.1392283,-17.08990068553832,-9.384139620353784,7.705761065184536,0,22.065273408063604,79.6312032765392,"{""type"":""MultiPoint"",""coordinates"":[]}",ARCHAEAN,,TIRODI GNEISSIC COMPLEX,,GNEISS/MIGMATITE,,ARCHAEAN-GNEISS-MIGMATITE
2_34_0,312.84686,2487.0,1686.0,635.0,832.0,917.0,1369.0,2098.0,2431.0,2629.0,2695.0,463409.5000105199,352,0.4827975,2.866957470010905,1.1021634615384617,0.9459870673259796,1.4750889679715302,2.7256916,-15.788662791493229,-9.911212391737797,5.877450399755434,0,21.946965285145065,79.99609894494854,"{""type"":""MultiPoint"",""coordinates"":[]}",ARCHAEAN,,TIRODI GNEISSIC COMPLEX,,GNEISS/MIGMATITE,,ARCHAEAN-GNEISS-MIGMATITE
2_35_0,28.228516,2404.0,1832.0,743.0,980.0,1179.0,1535.0,1856.0,2041.0,2016.0,2200.0,463409.5000105199,261,0.26197183,1.7099236641221374,1.203061224489796,1.1924603174603174,1.3122270742358078,2.1044316,-17.594592999731013,-10.987042239207106,6.607550760523907,0,21.34868730592146,79.76514208540142,"{""type"":""MultiPoint"",""coordinates"":[]}",ARCHAEAN,,TIRODI GNEISSIC COMPLEX,,GNEISS/MIGMATITE,,ARCHAEAN-GNEISS-MIGMATITE
2_36_0,114.968575,3728.5,2810.5,928.5,1156.0,1514.5,1778.0,2064.5,2329.0,2437.0,2642.0,463409.5000105199,346,0.23345564,1.6091119181247937,1.310121107266436,1.5299548625359047,1.3266322718377512,4.3858438,-19.84538953610117,-11.919657104125186,7.92573243197598,0,21.36485698103561,80.27906825944619,"{""type"":""MultiPoint"",""coordinates"":[]}",ARCHAEAN,,AMGAON GNEISSIC COMPLEX,,GRANITE GNEISS/MIGMATITE,,ARCHAEAN-GRANITE-GNEISS-MIGMATITE
2_37_0,227.06303,2536.0,1683.0,765.0,978.0,1156.0,1475.0,2132.0,2445.0,2512.0,2708.0,463409.5000105199,300,0.36968374,2.1730103806228374,1.18200408997955,1.0095541401273886,1.506833036244801,1.3613117,-16.536727440347185,-9.91436535862434,6.622362081722844,0,21.493405898193117,80.3114076096745,"{""type"":""MultiPoint"",""coordinates"":[]}",ARCHAEAN,,AMGAON GNEISSIC COMPLEX,,GRANITE GNEISS/MIGMATITE,,ARCHAEAN-GRANITE-GNEISS-MIGMATITE
2_38_0,270.0,1219.5,535.5,283.0,461.0,331.0,676.5,1688.5,2085.5,2260.0,2359.0,463409.5000105199,616,0.7445002,6.827794561933535,0.7180043383947939,0.5396017699115044,2.277310924369748,4.999481,-14.900641552440806,-9.005326974209577,5.895314578231229,0,22.296769256781204,80.63641807946894,"{""type"":""MultiPoint"",""coordinates"":[]}",PALAEOPROTEROZOIC,,SAUSAR,JUNEWANI,GREY & PINK GNEISS/QTZ-BIOTITE-SILLIMANITE GNEISS,,PALAEOPROTEROZOIC-GREY-PINK-GNEISS-QTZ-BIOTITE-SILLIMANITE-GNEISS
2_39_0,90.0,2397.5,1744.5,650.5,836.5,986.0,1312.5,2076.0,2346.0,2450.0,2593.5,463409.5000105199,527,0.42607683,2.4847870182555782,1.178720860729229,0.9785714285714284,1.3743192891946117,2.004851,-17.153755031584144,-9.735779609520392,7.417975422063751,0,22.351476657584083,79.64063558702244,"{""type"":""MultiPoint"",""coordinates"":[]}",LATE CRETACEOUS - PALAEOCENE,DECCAN TRAP,AMARKANTAK,DHUMA,BASALT,,LATE-CRETACEOUS-PALAEOCENE-BASALT
2_40_0,114.81292,3144.0,2411.5,843.5,1142.0,1476.5,1744.5,2063.5,2233.0,2358.5,2450.5,463409.5000105199,498,0.22998697,1.597358618354216,1.292907180385289,1.3330506677973288,1.3037528509226624,2.2090225,-19.906320840068524,-12.633711703644906,7.272609136423618,0,22.38031257820432,80.29227349412275,"{""type"":""MultiPoint"",""coordinates"":[]}",ARCHAEAN,,TIRODI GNEISSIC COMPLEX,,GNEISS/MIGMATITE,,ARCHAEAN-GNEISS-MIGMATITE
2_41_0,58.300144,2021.5,1111.0,403.5,600.0,485.0,980.0,2034.0,2362.0,2609.5,2661.0,463409.5000105199,615,0.68654066,5.380412371134021,0.8083333333333333,0.7746694769112857,1.81953195319532,3.525685,-13.505654445091128,-6.595576350075851,6.910078095015277,0,22.11755535759936,79.60991320430556,"{""type"":""MultiPoint"",""coordinates"":[]}",LATE CRETACEOUS - PALAEOCENE,DECCAN TRAP,AMARKANTAK,PIPARDAHI,BASALT,,LATE-CRETACEOUS-PALAEOCENE-BASALT
2_42_0,28.404211,1924.0,1188.0,451.0,564.0,545.0,950.0,1716.0,1981.0,2178.0,2341.0,463409.5000105199,510,0.59970623,3.996330275229358,0.9663120567375888,0.8833792470156107,1.6195286195286196,2.1079085,-14.1027159021185,-7.400008295965883,6.702707606152618,0,22.396751747903707,80.44399894561055,"{""type"":""MultiPoint"",""coordinates"":[]}",ARCHAEAN,,TIRODI GNEISSIC COMPLEX,,GNEISS/MIGMATITE,,ARCHAEAN-GNEISS-MIGMATITE
2_43_0,180.0,3370.5,2454.5,624.0,902.5,1120.5,1589.0,2202.0,2399.5,2627.5,2704.5,463409.5000105199,473,0.4020811,2.3449352967425257,1.241551246537396,1.282778306374881,1.3731920961499289,0.92740995,-17.66683110805367,-11.04327040760511,6.623560700448561,0,21.881747595517982,80.69651537197653,"{""type"":""MultiPoint"",""coordinates"":[]}",PALAEOPROTEROZOIC,,,,GRANITE,MALANJKHAND GRANITE,PALAEOPROTEROZOIC-GRANITE
2_44_0,180.0,2480.5,1568.5,621.5,912.5,885.5,1408.5,2242.0,2577.5,2653.0,2828.5,463409.5000105199,288,0.49950543,2.9960474308300395,0.9704109589041096,0.9349792687523558,1.5814472425884605,3.7047918,-16.81162253525968,-10.11035359386212,6.7012689413975615,0,21.35973658391613,79.56571609232688,"{""type"":""MultiPoint"",""coordinates"":[]}",PALAEOPROTEROZOIC,,SAUSAR,MANSAR,MUSCOVITE SCHIST,,PALAEOPROTEROZOIC-MUSCOVITE-SCHIST
2_45_0,227.075,2158.0,1323.5,534.5,677.0,697.5,1074.5,1723.0,2047.5,1974.5,2198.0,463409.5000105199,319,0.47791916,2.8308243727598565,1.0302806499261448,1.0929349202329703,1.6305251227805062,1.3616172,-15.087344307769229,-8.637740214776514,6.449604092992715,0,21.554042179871185,79.59724695879947,"{""type"":""MultiPoint"",""coordinates"":[]}",ARCHAEAN,,TIRODI GNEISSIC COMPLEX,,GNEISS/MIGMATITE,,ARCHAEAN-GNEISS-MIGMATITE
2_46_0,344.9651,1911.0,991.0,420.0,565.0,445.0,937.0,2177.0,2431.0,2630.0,2720.0,463409.5000105199,343,0.7105691,5.910112359550562,0.7876106194690266,0.726615969581749,1.9283551967709385,3.8357244,-14.619123850188169,-8.513978071704392,6.105145778483777,0,21.4489392916292,80.54910183385252,"{""type"":""MultiPoint"",""coordinates"":[]}",ARCHAEAN,,AMGAON GNEISSIC COMPLEX,,PHYLLITE,,ARCHAEAN-PHYLLITE
2_47_0,-0.0,2715.5,2127.0,694.0,938.0,1115.0,1517.5,2128.0,2402.5,2553.0,2650.5,463409.5000105199,666,0.39203927,2.2896860986547085,1.188699360341151,1.063650607128868,1.276680771039022,0.92740995,-16.928051867108604,-9.573639835700488,7.354412031408117,0,22.248529726023985,80.76065508326268,"{""type"":""MultiPoint"",""coordinates"":[]}",PALAEOPROTEROZOIC,,SAUSAR,JUNEWANI,GREY & PINK GNEISS/QTZ-BIOTITE-SILLIMANITE GNEISS,,PALAEOPROTEROZOIC-GREY-PINK-GNEISS-QTZ-BIOTITE-SILLIMANITE-GNEISS
2_48_0,274.09802,2022.0,1003.0,477.0,741.0,524.0,1145.0,2391.0,2750.0,2833.0,3039.0,463409.5000105199,518,0.6878165,5.406488549618321,0.7071524966261808,0.7137310271796682,2.015952143569292,12.763182,-16.77843966859452,-10.596941821107889,6.1814978474866304,0,21.3451838763134,80.6248298123038,"{""type"":""MultiPoint"",""coordinates"":[]}",PALAEOPROTEROZOIC - MESOPROTEROZOIC,,KHAIRAGARH,MANGIKHUTA,BASALT,,PALAEOPROTEROZOIC-MESOPROTEROZOIC-BASALT
2_49_0,38.880333,2068.5,1167.0,443.0,654.5,551.5,1082.0,2211.5,2497.0,2525.0,2779.0,3470.05763640894,342,0.6414757,4.57842248413418,0.8426279602750191,0.8192079207920792,1.7724935732647815,9.445066,-13.994116184411991,-7.554977676804001,6.439138507607992,0,21.543531891046985,79.7672980420833,"{""type"":""MultiPoint"",""coordinates"":[]}",PALAEOPROTEROZOIC,,SAUSAR,MANSAR,MUSCOVITE SCHIST,,PALAEOPROTEROZOIC-MUSCOVITE-SCHIST
2_50_0,28.352425,3607.0,2648.0,763.5,982.5,1252.5,1635.0,1956.5,2186.5,2426.0,2590.5,463409.5000105199,519,0.3190159,1.936926147704591,1.2748091603053435,1.4868095630667766,1.3621601208459215,2.1068804,-20.142582403969826,-11.500860033474794,8.641722370495032,0,22.093839834098603,79.77753883632226,"{""type"":""MultiPoint"",""coordinates"":[]}",ARCHAEAN,,TIRODI GNEISSIC COMPLEX,,GNEISS/MIGMATITE,,ARCHAEAN-GNEISS-MIGMATITE
2_51_0,132.89445,1897.5,1052.0,489.5,648.5,592.5,1097.0,2015.0,2361.0,2500.0,2608.0,463409.5000105199,379,0.61681485,4.219409282700422,0.9136468774094064,0.759,1.8037072243346008,4.081049,-14.333144559256604,-7.420834890081281,6.912309669175322,0,21.708732071796565,79.59562999128806,"{""type"":""MultiPoint"",""coordinates"":[]}",PALAEOPROTEROZOIC,,SAUSAR,SITASAONGI,QUARTZ MUSCOVITE SCHIST,,PALAEOPROTEROZOIC-QUARTZ-MUSCOVITE-SCHIST
2_52_0,107.25223,2141.0,1470.0,467.0,660.0,725.0,1119.0,1862.0,2140.0,2228.0,2359.0,463409.5000105199,619,0.5089739,3.073103448275862,1.0984848484848484,0.960951526032316,1.4564625850340136,15.264786,-12.305722920101926,-5.208621544754727,7.0971013753472,0,21.306107161454197,80.78410111217819,"{""type"":""MultiPoint"",""coordinates"":[]}",PALAEOPROTEROZOIC - MESOPROTEROZOIC,,KHAIRAGARH,SITAGOTA,BASALT,,PALAEOPROTEROZOIC-MESOPROTEROZOIC-BASALT
2_53_0,180.0,1783.0,1056.0,582.0,778.0,832.0,1295.0,1911.0,2169.0,2406.0,2353.0,463409.5000105199,347,0.48610252,2.891826923076923,1.069408740359897,0.7410640066500416,1.6884469696969695,0.92740995,-15.218381194606655,-8.629315461421548,6.589065733185109,0,22.000055718436524,79.99987186914184,"{""type"":""MultiPoint"",""coordinates"":[]}",ARCHAEAN,,TIRODI GNEISSIC COMPLEX,,GNEISS/MIGMATITE,,ARCHAEAN-GNEISS-MIGMATITE
2_54_0,132.83047,2928.5,2008.0,715.0,933.5,1005.0,1376.0,1937.0,2184.0,2321.0,2428.5,463409.5000105199,599,0.39567047,2.309452736318408,1.0765934654525977,1.2617406290392073,1.4584163346613546,1.3640378,-16.970130821366546,-7.613697410555639,9.356433410810906,0,22.02835264988629,80.66660147301536,"{""type"":""MultiPoint"",""coordinates"":[]}",PALAEOPROTEROZOIC,,,,GRANITE,MALANJKHAND GRANITE,PALAEOPROTEROZOIC-GRANITE
2_55_0,280.4905,2297.5,1451.5,489.5,652.5,664.0,1106.5,1746.0,2016.5,2187.5,2237.5,463409.5000105199,379,0.5342802,3.2944277108433737,1.017624521072797,1.0502857142857145,1.5828453324147431,5.0807166,-15.394316048903868,-9.824810014524491,5.569506034379376,0,22.20487160321577,79.89908089426363,"{""type"":""MultiPoint"",""coordinates"":[]}",ARCHAEAN,,TIRODI GNEISSIC COMPLEX,,GNEISS/MIGMATITE,,ARCHAEAN-GNEISS-MIGMATITE
2_56_0,132.8257,1832.5,1068.0,480.0,632.0,623.0,1028.0,1725.5,1998.0,2161.5,2255.5,463409.5000105199,582,0.5525229,3.469502407704655,0.985759493670886,0.8477908859588249,1.7158239700374531,1.3641601,-14.1301119050648,-7.728579944434856,6.401531960629945,0,22.052068173387045,80.34347746531756,"{""type"":""MultiPoint"",""coordinates"":[]}",PALAEOPROTEROZOIC,,SAUSAR,JUNEWANI,GREY & PINK GNEISS/QTZ-BIOTITE-SILLIMANITE GNEISS,,PALAEOPROTEROZOIC-GREY-PINK-GNEISS-QTZ-BIOTITE-SILLIMANITE-GNEISS
2_58_0,35.760784,3077.5,2608.5,812.5,1119.0,1414.0,1712.0,2405.5,2618.5,2702.0,2852.5,463409.5000105199,668,0.31292516,1.9108910891089108,1.2636282394995533,1.1389711324944485,1.1797968180946905,3.424869,-17.977939045376687,-9.477491855115662,8.500447190261024,0,22.227239653790352,80.75796013741031,"{""type"":""MultiPoint"",""coordinates"":[]}",PALAEOPROTEROZOIC,,SAUSAR,JUNEWANI,GREY & PINK GNEISS/QTZ-BIOTITE-SILLIMANITE GNEISS,,PALAEOPROTEROZOIC-GREY-PINK-GNEISS-QTZ-BIOTITE-SILLIMANITE-GNEISS
2_59_0,227.21205,1750.5,1048.0,419.5,578.5,505.0,925.0,2016.0,2352.5,2473.0,2633.5,463409.5000105199,472,0.66084623,4.897029702970297,0.8729472774416595,0.7078447230084917,1.670324427480916,2.7287133,-14.677534863404356,-7.774191137457889,6.903343725946469,0,22.238019437199785,79.87509587617764,"{""type"":""MultiPoint"",""coordinates"":[]}",ARCHAEAN,,TIRODI GNEISSIC COMPLEX,,GNEISS/MIGMATITE,,ARCHAEAN-GNEISS-MIGMATITE
2_60_0,85.59145,1602.5,905.5,340.0,504.5,411.0,931.0,1711.0,2011.5,2074.5,2306.0,463409.5000105199,582,0.66928184,5.047445255474453,0.8146679881070367,0.7724752952518679,1.7697404748757593,11.892282,-14.110945462182578,-5.836068560144736,8.274876902037843,0,22.308896513116817,80.61782295308767,"{""type"":""MultiPoint"",""coordinates"":[]}",PALAEOPROTEROZOIC,,SAUSAR,JUNEWANI,GREY & PINK GNEISS/QTZ-BIOTITE-SILLIMANITE GNEISS,,PALAEOPROTEROZOIC-GREY-PINK-GNEISS-QTZ-BIOTITE-SILLIMANITE-GNEISS
2_61_0,31.666677,1801.5,977.0,415.0,563.0,500.5,925.0,1718.0,2011.5,2062.0,2252.5,463409.5000105199,420,0.6093659,4.11988011988012,0.88898756660746,0.873666343355965,1.8439099283520983,7.5835433,-14.087475854208192,-7.462808938625624,6.624666915582568,0,22.115668895502708,79.91201663435496,"{""type"":""MultiPoint"",""coordinates"":[]}",ARCHAEAN,,TIRODI GNEISSIC COMPLEX,,GNEISS/MIGMATITE,,ARCHAEAN-GNEISS-MIGMATITE
2_62_0,180.0,1950.5,1116.0,437.0,561.5,562.0,937.0,1838.5,2256.0,2438.0,2559.0,463409.5000105199,485,0.6253333,4.338078291814947,1.0008904719501337,0.8000410172272354,1.7477598566308243,0.92740995,-13.817758590904765,-7.325872601920588,6.491885988984175,0,22.307010051020164,80.48981302510063,"{""type"":""MultiPoint"",""coordinates"":[]}",ARCHAEAN,,TIRODI GNEISSIC COMPLEX,,GNEISS/MIGMATITE,,ARCHAEAN-GNEISS-MIGMATITE
2_63_0,-0.0,3114.0,2159.0,781.5,1008.0,1213.0,1593.0,2258.5,2562.0,2695.0,2891.5,463409.5000105199,338,0.3792221,2.2217642209398187,1.2033730158730158,1.1554730983302413,1.442334414080593,2.7802885,-17.71703487838256,-10.905100261892668,6.811934616489893,0,21.82218929218086,79.88560616500185,"{""type"":""MultiPoint"",""coordinates"":[]}",ARCHAEAN,,TIRODI GNEISSIC COMPLEX,,GNEISS/MIGMATITE,,ARCHAEAN-GNEISS-MIGMATITE
2_64_0,312.89417,2830.0,1871.0,696.0,922.5,981.0,1474.5,2298.0,2604.0,2751.5,2914.0,463409.5000105199,341,0.47434697,2.804791029561672,1.0634146341463415,1.0285298927857531,1.5125601282736505,2.7232711,-16.772411390985067,-8.656844700166936,8.115566690818131,0,21.710079544722745,79.84599046097217,"{""type"":""MultiPoint"",""coordinates"":[]}",ARCHAEAN,,TIRODI GNEISSIC COMPLEX,,GNEISS/MIGMATITE,,ARCHAEAN-GNEISS-MIGMATITE
2_65_0,23.30903,2157.0,1289.5,473.5,632.5,554.0,1062.0,1884.5,2164.5,2395.0,2424.5,463409.5000105199,510,0.62427944,4.323104693140794,0.8758893280632412,0.9006263048016702,1.6727413726250484,5.036568,-15.57048683200085,-8.933185161291972,6.637301670708878,0,21.81518243296473,79.73846212146307,"{""type"":""MultiPoint"",""coordinates"":[]}",ARCHAEAN,,TIRODI GNEISSIC COMPLEX,,GNEISS/MIGMATITE,,ARCHAEAN-GNEISS-MIGMATITE
2_66_0,28.370478,1959.5,1109.5,468.0,570.0,523.0,977.0,1752.5,2054.0,2209.5,2282.5,463409.5000105199,407,0.6172004,4.224665391969407,0.9175438596491228,0.8868522290110885,1.7661108607480849,2.1072383,-14.37951487318002,-7.457180616414818,6.922334256765203,0,22.20002070068153,79.86296861984204,"{""type"":""MultiPoint"",""coordinates"":[]}",ARCHAEAN,,TIRODI GNEISSIC COMPLEX,,GNEISS/MIGMATITE,,ARCHAEAN-GNEISS-MIGMATITE
2_67_0,90.0,1826.5,914.0,471.5,631.5,536.5,978.5,1868.0,2193.5,2375.0,2422.0,463409.5000105199,478,0.63146144,4.426840633737186,0.8495645288994458,0.7690526315789473,1.99835886214442,3.0027716,-13.958659386584271,-8.05571390575799,5.902945480826283,0,22.212686946187617,80.16372457696525,"{""type"":""MultiPoint"",""coordinates"":[]}",ARCHAEAN,,TIRODI GNEISSIC COMPLEX,,GNEISS/MIGMATITE,,ARCHAEAN-GNEISS-MIGMATITE
2_68_0,238.19217,1720.0,1000.0,396.0,611.0,483.0,932.0,1987.0,2313.0,2391.0,2485.0,463409.5000105199,337,0.6638831,4.950310559006211,0.79050736497545,0.7193642827268926,1.72,3.5149925,-14.546967325955992,-7.20280162392824,7.3441657020277535,0,21.514695970426747,80.64019100366224,"{""type"":""MultiPoint"",""coordinates"":[]}",PALAEOPROTEROZOIC - MESOPROTEROZOIC,,KHAIRAGARH,BORTALAO,SANDSTONE,,PALAEOPROTEROZOIC-MESOPROTEROZOIC-SANDSTONE
2_69_0,170.20314,1522.5,766.5,315.0,458.5,350.5,769.5,1556.0,1822.0,1828.0,2010.5,463409.5000105199,452,0.67821896,5.215406562054208,0.7644492911668485,0.8328774617067833,1.9863013698630136,22.327131,-12.92447794044599,-6.637241043840476,6.287236896605515,0,22.08871943697912,80.26047313306492,"{""type"":""MultiPoint"",""coordinates"":[]}",ARCHAEAN,,TIRODI GNEISSIC COMPLEX,,GNEISS/MIGMATITE,,ARCHAEAN-GNEISS-MIGMATITE
2_70_0,103.07935,1908.2,1109.0,410.4666666666666,535.6428571428571,548.6666666666666,987.5,1750.857142857143,2061.5,2156.0,2335.5,463409.5000105199,644,0.5942815,3.929526123936817,1.0243143530248475,0.8850649350649351,1.7206492335437331,4.0915265,-13.054888463425762,-6.679871742449218,6.375016720976544,0,21.67261979737496,80.77790273671776,"{""type"":""MultiPoint"",""coordinates"":[]}",CENOZOIC,,,,LATERITE,,CENOZOIC-LATERITE
2_71_0,132.88673,1939.5,1114.0,531.0,677.5,624.0,1071.0,1785.5,2016.0,2143.0,2339.0,463409.5000105199,319,0.54897,3.434294871794872,0.9210332103321032,0.9050396640223984,1.741023339317774,2.723652,-15.302289062424029,-8.230263052719321,7.072026009704706,0,21.747539292070527,79.9904395586586,"{""type"":""MultiPoint"",""coordinates"":[]}",ARCHAEAN,,TIRODI GNEISSIC COMPLEX,,GNEISS/MIGMATITE,,ARCHAEAN-GNEISS-MIGMATITE
2_72_0,180.0,1979.0,1193.0,695.0,891.0,897.0,1401.0,2040.0,2298.0,2496.0,2626.0,463409.5000105199,316,0.47126436,2.782608695652174,1.0067340067340067,0.7928685897435898,1.658843252305113,2.7802885,-18.31249385607802,-11.400812484987624,6.911681371090397,0,21.39692683667868,80.54559840424446,"{""type"":""MultiPoint"",""coordinates"":[]}",PALAEOPROTEROZOIC,,NANDGAON,BIJLI,RHYOLITE,,PALAEOPROTEROZOIC-RHYOLITE
2_73_0,227.1124,2842.0,1868.0,575.0,746.0,824.0,1307.0,1880.5,2223.5,2342.5,2444.5,3250.984466280945,378,0.47955155,2.842839805825242,1.1045576407506703,1.2132337246531484,1.521413276231263,1.3625731,-15.460507463742523,-8.71626749077554,6.7442399729669855,0,21.74295788412152,79.6236574281526,"{""type"":""MultiPoint"",""coordinates"":[]}",PALAEOPROTEROZOIC,,SAUSAR,SITASAONGI,QUARTZ MUSCOVITE SCHIST,,PALAEOPROTEROZOIC-QUARTZ-MUSCOVITE-SCHIST
2_74_0,294.94672,2532.0,1729.0,603.0,838.0,870.5,1348.0,2046.5,2394.5,2467.0,2673.5,1390.1438774457845,280,0.47835207,2.834003446295233,1.0387828162291168,1.026347790839076,1.4644303065355695,2.1979384,-16.340206605552133,-9.082503987816889,7.257702617735244,0,21.51038405706297,79.95378829506652,"{""type"":""MultiPoint"",""coordinates"":[]}",ARCHAEAN,,AMGAON GNEISSIC COMPLEX,,GRANITE GNEISS/MIGMATITE,,ARCHAEAN-GRANITE-GNEISS-MIGMATITE
2_75_0,114.88778,1522.0,775.0,360.0,543.0,428.0,909.0,1929.0,2264.0,2424.0,2542.0,2560.4882346927507,701,0.69985974,5.663551401869159,0.7882136279926335,0.6278877887788779,1.9638709677419357,6.5825596,-13.433065647180564,-6.240715720326142,7.192349926854423,0,21.8976477760469,80.46528901784417,"{""type"":""MultiPoint"",""coordinates"":[]}",ARCHAEAN,,TIRODI GNEISSIC COMPLEX,,GNEISS/MIGMATITE,,ARCHAEAN-GNEISS-MIGMATITE
2_76_0,232.32022,1456.0,715.5,365.5,481.0,432.0,798.5,1663.0,2010.5,2115.5,2207.5,3211.385993617086,693,0.66084397,4.8969907407407405,0.8981288981288982,0.6882533679981092,2.0349406009783366,7.542983,-15.294720618560037,-8.675736722862862,6.618983895697175,0,22.06015301094412,80.45666519111663,"{""type"":""MultiPoint"",""coordinates"":[]}",PALAEOPROTEROZOIC,,SAUSAR,JUNEWANI,GREY & PINK GNEISS/QTZ-BIOTITE-SILLIMANITE GNEISS,,PALAEOPROTEROZOIC-GREY-PINK-GNEISS-QTZ-BIOTITE-SILLIMANITE-GNEISS
2_77_0,316.58453,1452.0,683.0,329.0,531.0,401.0,812.0,1831.0,2142.0,2517.0,2382.0,463409.5000105199,632,0.7251542,6.276807980049876,0.7551789077212806,0.5768772348033373,2.1259150805270863,10.108606,-15.978668337807209,-8.528272420330877,7.450395917476332,0,22.363873408504933,80.63722656322464,"{""type"":""MultiPoint"",""coordinates"":[]}",ARCHAEAN,,TIRODI GNEISSIC COMPLEX,,GNEISS/MIGMATITE,,ARCHAEAN-GNEISS-MIGMATITE
2_78_0,270.0,2380.0,1802.0,801.0,1026.0,1201.0,1494.0,1988.0,2245.0,2331.0,2545.0,1632.4827717314508,311,0.31993204,1.9408825978351372,1.1705653021442497,1.021021021021021,1.320754716981132,0.9993746,-18.08277136290719,-11.286540592229414,6.796230770677777,0,21.87824416590992,80.19309948675595,"{""type"":""MultiPoint"",""coordinates"":[]}",PALAEOPROTEROZOIC,,SAUSAR,MANSAR,PHYLLITE,,PALAEOPROTEROZOIC-PHYLLITE
2_79_0,312.96252,2291.0,1573.0,663.5,812.0,944.5,1276.0,1784.5,2011.5,2088.0,2289.0,463409.5000105199,324,0.3770816,2.2106934886183165,1.1631773399014778,1.0972222222222223,1.45645263827082,4.075858,-17.165398811565687,-9.470535536211688,7.694863275354001,0,21.36270102435373,80.19821988387544,"{""type"":""MultiPoint"",""coordinates"":[]}",ARCHAEAN,,AMGAON GNEISSIC COMPLEX,,AMPHIBOLITE,,ARCHAEAN-AMPHIBOLITE
2_81_0,312.9046,2574.0,1764.0,734.25,986.6666666666666,1123.75,1448.8,2050.0,2384.6666666666665,2436.0,2595.0,463409.5000105199,295,0.36863545,2.167741935483871,1.1389358108108107,1.0566502463054188,1.4591836734693877,2.7227395,-17.084070421771592,-9.620421414697056,7.463649007074537,0,21.657528100601752,80.31059912591878,"{""type"":""MultiPoint"",""coordinates"":[]}",PALAEOPROTEROZOIC,,SAUSAR,MANSAR,PHYLLITE,,PALAEOPROTEROZOIC-PHYLLITE
2_82_0,199.79424,1351.5,659.5,347.0,514.5,418.0,801.5,1723.5,1998.0,2090.0,2242.0,463409.5000105199,556,0.6666667,5.0,0.8124392614188533,0.6466507177033493,2.049279757391964,5.8935246,-15.534418201666206,-8.832155337145391,6.702262864520815,0,22.15582358870285,80.61593649099102,"{""type"":""MultiPoint"",""coordinates"":[]}",PALAEOPROTEROZOIC,,SAUSAR,JUNEWANI,GREY & PINK GNEISS/QTZ-BIOTITE-SILLIMANITE GNEISS,,PALAEOPROTEROZOIC-GREY-PINK-GNEISS-QTZ-BIOTITE-SILLIMANITE-GNEISS
2_83_0,-0.0,3176.0,2402.0,857.0,1140.5,1362.0,1741.0,2218.0,2468.0,2502.5,2680.0,463409.5000105199,291,0.29512227,1.8373715124816443,1.1942130644454187,1.2691308691308691,1.3222314737718568,0.0,-18.58141382708492,-10.863989894759197,7.717423932325719,0,21.658067089772224,80.29901085875365,"{""type"":""MultiPoint"",""coordinates"":[]}",PALAEOPROTEROZOIC,,SAUSAR,MANSAR,PHYLLITE,,PALAEOPROTEROZOIC-PHYLLITE
2_84_0,312.82053,2943.5,2155.0,768.0,985.0,1203.0,1612.5,2090.0,2288.5,2353.5,2622.0,463409.5000105199,545,0.3234922,1.9563591022443887,1.2213197969543148,1.2506904610155087,1.365893271461717,2.72704,-17.937035051872904,-10.164291980870914,7.77274307100199,0,22.077400664399217,79.67513089393265,"{""type"":""MultiPoint"",""coordinates"":[]}",ARCHAEAN,,TIRODI GNEISSIC COMPLEX,,GNEISS/MIGMATITE,,ARCHAEAN-GNEISS-MIGMATITE
2_85_0,63.453545,2042.0,1161.0,452.0,613.0,601.0,1062.5,1968.5,2315.5,2437.5,2650.5,463409.5000105199,689,0.60441005,4.055740432612313,0.9804241435562806,0.8377435897435898,1.7588285960378984,14.227156,-12.343474878666385,-5.622858287072762,6.720616591593621,0,21.902768173166383,80.57847674364324,"{""type"":""MultiPoint"",""coordinates"":[]}",PALAEOPROTEROZOIC - MESOPROTEROZOIC,,CHILPI,,PHYLLITE,,PALAEOPROTEROZOIC-MESOPROTEROZOIC-PHYLLITE
2_86_0,103.08514,2913.0,1944.0,603.0,850.0,898.0,1428.0,2113.0,2400.0,2452.0,2748.0,463409.5000105199,296,0.4638806,2.730512249443207,1.056470588235294,1.188009787928222,1.498456790123457,4.089756,-16.131607352717857,-9.300801759959995,6.830805592757862,0,21.60632412940694,80.37581681554586,"{""type"":""MultiPoint"",""coordinates"":[]}",ARCHAEAN,,AMGAON GNEISSIC COMPLEX,,GRANITE GNEISS/MIGMATITE,,ARCHAEAN-GRANITE-GNEISS-MIGMATITE
2_87_0,121.80204,1736.0,875.0,363.0,465.0,422.0,788.0,1877.0,2313.0,2391.0,2526.0,463409.5000105199,595,0.69996446,5.665876777251185,0.90752688172043,0.726056043496445,1.984,3.5155642,-13.902757851752716,-6.996228470629756,6.9065293811229616,0,21.54757430982552,80.71564948752828,"{""type"":""MultiPoint"",""coordinates"":[]}",PALAEOPROTEROZOIC - MESOPROTEROZOIC,,KHAIRAGARH,SITAGOTA,BASALT,,PALAEOPROTEROZOIC-MESOPROTEROZOIC-BASALT
2_88_0,180.0,2219.0,1347.75,543.3333333333333,724.2,655.0,1093.5,2021.5,2331.0,2615.0,2639.6666666666665,1402.8898745090437,312,0.59938836,3.992366412213741,0.904446285556476,0.848565965583174,1.646447783342608,2.7802885,-14.712437961862532,-7.342253095265302,7.3701848665972305,0,21.64567033885137,79.72229244634892,"{""type"":""MultiPoint"",""coordinates"":[]}",PALAEOPROTEROZOIC,,SAUSAR,MANSAR,SCHIST,,PALAEOPROTEROZOIC-SCHIST
2_89_0,240.95755,2901.0,1998.0,549.0,741.0,964.5,1311.0,1758.5,1948.5,2040.0,2203.5,463409.5000105199,672,0.35796306,2.1150855365474337,1.3016194331983806,1.4220588235294118,1.451951951951952,5.712645,-18.130206607651488,-11.234277551665086,6.895929055986402,0,22.26173496070054,80.76523649121168,"{""type"":""MultiPoint"",""coordinates"":[]}",PALAEOPROTEROZOIC,,SAUSAR,JUNEWANI,GREY & PINK GNEISS/QTZ-BIOTITE-SILLIMANITE GNEISS,,PALAEOPROTEROZOIC-GREY-PINK-GNEISS-QTZ-BIOTITE-SILLIMANITE-GNEISS
2_90_0,343.91782,1817.5,929.5,584.0,746.0,617.5,1088.0,2030.0,2354.5,2515.0,2582.5,463409.5000105199,463,0.6057462,4.0728744939271255,0.8277479892761395,0.7226640159045725,1.9553523399677248,14.182078,-15.9378199655992,-9.33993867849469,6.59788128710451,0,22.336384960810875,80.20307078640968,"{""type"":""MultiPoint"",""coordinates"":[]}",ARCHAEAN,,TIRODI GNEISSIC COMPLEX,,GNEISS/MIGMATITE,,ARCHAEAN-GNEISS-MIGMATITE
2_91_0,90.0,2642.0,1718.5,627.5,899.5,918.0,1456.5,2433.5,2776.5,2800.5,3054.5,463409.5000105199,296,0.5062525,3.0506535947712417,1.0205669816564755,0.943402963756472,1.5373872563281932,1.9937316,-17.213967735065957,-10.82006824237521,6.393899492690746,0,21.560240555331607,79.86781952237628,"{""type"":""MultiPoint"",""coordinates"":[]}",PALAEOPROTEROZOIC,,SAUSAR,MANSAR,MUSCOVITE SCHIST,,PALAEOPROTEROZOIC-MUSCOVITE-SCHIST
2_92_0,151.6871,2001.0,1257.0,523.0,687.0,680.0,1117.0,1856.0,2169.0,2382.0,2321.0,1412.834031300209,350,0.55584586,3.502941176470588,0.9898107714701602,0.8400503778337531,1.5918854415274464,2.1060977,-14.516442848016236,-7.128873169726417,7.387569678289819,0,21.85937954494341,79.94300851165708,"{""type"":""MultiPoint"",""coordinates"":[]}",PALAEOPROTEROZOIC,,SAUSAR,MANSAR,SCHIST,,PALAEOPROTEROZOIC-SCHIST
2_93_0,278.809,2349.5,1381.0,590.0,742.5,774.0,1184.5,1928.0,2274.5,2351.5,2495.5,463409.5000105199,360,0.50471926,3.0381136950904395,1.0424242424242425,0.9991494790559218,1.7013034033309196,6.0340424,-16.503009039784914,-9.501410082846196,7.001598956938716,0,21.59419687307133,79.55574479267315,"{""type"":""MultiPoint"",""coordinates"":[]}",ARCHAEAN,,TIRODI GNEISSIC COMPLEX,,GNEISS/MIGMATITE,,ARCHAEAN-GNEISS-MIGMATITE
2_94_0,150.7006,1752.0,922.0,359.0,623.0,462.0,1034.0,2073.0,2399.0,2464.0,2656.0,463409.5000105199,404,0.68421054,5.333333333333333,0.7415730337078652,0.711038961038961,1.9002169197396963,23.11931,-11.90114899064056,-5.9187555566836005,5.98239343395696,0,21.603898678139817,80.47094840413412,"{""type"":""MultiPoint"",""coordinates"":[]}",ARCHAEAN,,AMGAON GNEISSIC COMPLEX,,GRANITE GNEISS/MIGMATITE,,ARCHAEAN-GRANITE-GNEISS-MIGMATITE
2_95_0,19.788326,3733.0,2789.5,841.0,1154.5,1453.5,1907.0,2341.0,2623.0,2828.5,2990.5,463409.5000105199,505,0.32111162,1.9459924320605435,1.2589865742745778,1.3197808025455189,1.33823265818247,2.9544683,-19.179002284840728,-11.87345446725383,7.305547817586898,0,22.11027900379799,79.80206284357872,"{""type"":""MultiPoint"",""coordinates"":[]}",ARCHAEAN,,TIRODI GNEISSIC COMPLEX,,GNEISS/MIGMATITE,,ARCHAEAN-GNEISS-MIGMATITE
2_96_0,180.0,2859.0,2122.0,743.0,966.0,1155.0,1526.0,2017.0,2258.0,2290.0,2510.0,463409.5000105199,263,0.32946298,1.9826839826839824,1.1956521739130437,1.248471615720524,1.3473138548539114,1.8543341,-18.818253305451623,-10.185941757483343,8.63231154796828,0,21.322276836568346,79.83251573171039,"{""type"":""MultiPoint"",""coordinates"":[]}",ARCHAEAN,,AMGAON GNEISSIC COMPLEX,,GRANITE GNEISS/MIGMATITE,,ARCHAEAN-GRANITE-GNEISS-MIGMATITE
2_97_0,90.0,1773.5,1248.0,598.0,781.5,975.5,1266.0,2222.5,2501.5,2545.5,2745.0,463409.5000105199,469,0.44589606,2.609431060994362,1.2482405630198337,0.6967197014339029,1.4210737179487178,3.0053737,-17.459079616674828,-8.52123423128186,8.937845385392968,0,22.334229004128986,79.93654064161142,"{""type"":""MultiPoint"",""coordinates"":[]}",LATE CRETACEOUS - PALAEOCENE,DECCAN TRAP,AMARKANTAK,DHUMA,BASALT,,LATE-CRETACEOUS-PALAEOCENE-BASALT
2_98_0,90.0,4181.0,3317.0,1092.0,1455.0,1862.0,2239.0,2569.0,2839.0,3084.0,3226.0,1500.7331541616586,318,0.24706833,1.6562835660580022,1.2797250859106528,1.3557068741893643,1.2604763340367802,1.9976988,-22.050319164761632,-12.788439846903827,9.261879317857804,0,21.84671329943732,80.13947006429402,"{""type"":""MultiPoint"",""coordinates"":[]}",PALAEOPROTEROZOIC,,SAUSAR,MANSAR,MUSCOVITE SCHIST,,PALAEOPROTEROZOIC-MUSCOVITE-SCHIST
2_99_0,-0.0,807.0,687.0,673.0,874.0,849.0,989.0,782.0,851.0,739.0,770.0,463409.5000105199,254,-0.06926952,0.8704358068315665,0.971395881006865,1.0920162381596752,1.1746724890829694,0.0,-31.41488276794327,-18.96237975187485,12.452503016068416,0,21.43061365983316,79.88210273539377,"{""type"":""MultiPoint"",""coordinates"":[]}",ARCHAEAN,,AMGAON GNEISSIC COMPLEX,,AMPHIBOLITE,,ARCHAEAN-AMPHIBOLITE
2_100_0,312.7791,1883.0,1113.5,445.5,595.5,578.0,1009.0,1807.0,2031.5,2237.5,2349.0,463409.5000105199,499,0.5894157,3.871107266435986,0.9706129303106632,0.8415642458100558,1.6910642119443198,1.3653582,-15.75585099386274,-8.067768882692272,7.688082111170468,0,22.28140806542276,80.46501952325893,"{""type"":""MultiPoint"",""coordinates"":[]}",ARCHAEAN,,TIRODI GNEISSIC COMPLEX,,GNEISS/MIGMATITE,,ARCHAEAN-GNEISS-MIGMATITE
2_101_0,270.0,2546.5,1653.0,602.5,923.5,878.0,1438.0,2292.0,2554.0,2713.5,2885.5,463409.5000105199,289,0.5110678,3.0905466970387243,0.9507309149972928,0.9384558688041276,1.5405323653962493,2.9894276,-15.514975058531611,-9.642422628066726,5.872552430464886,0,21.576679725031,79.83655815048891,"{""type"":""MultiPoint"",""coordinates"":[]}",PALAEOPROTEROZOIC,,SAUSAR,MANSAR,MUSCOVITE SCHIST,,PALAEOPROTEROZOIC-MUSCOVITE-SCHIST
2_102_0,294.88138,1709.0,1029.0,706.0,916.0,950.0,1360.0,1862.0,2037.0,2153.0,2204.0,463409.5000105199,316,0.38768932,2.2663157894736843,1.037117903930131,0.793776126335346,1.6608357628765793,2.2033355,-17.018878822130105,-10.034499419300246,6.984379402829859,0,21.939419436758456,80.16291609320955,"{""type"":""MultiPoint"",""coordinates"":[]}",PALAEOPROTEROZOIC,,SAUSAR,MANSAR,BIOTITE SCHIST,,PALAEOPROTEROZOIC-BIOTITE-SCHIST
2_103_0,-0.0,227.5,166.0,385.0,459.0,360.5,387.0,336.5,329.0,276.5,270.0,463409.5000105199,271,-0.13186814,0.7669902912621359,0.7854030501089324,0.8227848101265823,1.370481927710843,0.0,-28.09741719597391,-23.233002309207716,4.864414886766198,0,21.32524127700594,79.59940291548136,"{""type"":""MultiPoint"",""coordinates"":[]}",ARCHAEAN,,TIRODI GNEISSIC COMPLEX,,GNEISS/MIGMATITE,,ARCHAEAN-GNEISS-MIGMATITE
2_104_0,90.0,1783.0,1000.0,383.0,578.0,503.0,960.0,1947.0,2320.0,2432.0,2556.0,463409.5000105199,350,0.6572402,4.834990059642147,0.870242214532872,0.733141447368421,1.783,1.993766,-14.45394562652277,-8.039993153622712,6.413952472900059,0,21.56266600659873,80.6736083322315,"{""type"":""MultiPoint"",""coordinates"":[]}",PALAEOPROTEROZOIC,,NANDGAON,BIJLI,RHYOLITE,,PALAEOPROTEROZOIC-RHYOLITE
2_105_0,-0.0,2929.5,2116.0,760.5,1004.5,1230.5,1599.0,2057.5,2262.0,2407.5,2592.5,463409.5000105199,285,0.32352942,1.9565217391304348,1.224987555998009,1.216822429906542,1.38445179584121,2.7802885,-16.762220712827173,-9.348214405304164,7.414006307523008,0,21.349765284262403,79.53499370960999,"{""type"":""MultiPoint"",""coordinates"":[]}",ARCHAEAN,,TIRODI GNEISSIC COMPLEX,,GNEISS/MIGMATITE,,ARCHAEAN-GNEISS-MIGMATITE
2_106_0,47.203514,3449.0,2491.0,749.5,998.0,1227.0,1671.0,2326.0,2618.5,2820.0,2924.0,463409.5000105199,571,0.3936249,2.2982885085574574,1.2294589178356714,1.223049645390071,1.3845845042151743,1.364911,-19.60038166590936,-12.476601627646948,7.123780038262412,0,22.196247776488228,80.30844316923691,"{""type"":""MultiPoint"",""coordinates"":[]}",ARCHAEAN,,TIRODI GNEISSIC COMPLEX,,GNEISS/MIGMATITE,,ARCHAEAN-GNEISS-MIGMATITE
2_107_0,312.90546,2726.5,1913.3333333333333,722.8571428571429,942.375,1099.6666666666663,1458.5,1992.2,2201.5,2270.0,2422.0,463409.5000105199,302,0.34731427,2.0642618975447107,1.1669098465755845,1.201101321585903,1.425,4.0802073,-16.620776913821803,-9.804106991546073,6.8166699222757305,0,21.65294669265274,79.98612764529481,"{""type"":""MultiPoint"",""coordinates"":[]}",ARCHAEAN,,TIRODI GNEISSIC COMPLEX,,GNEISS/MIGMATITE,,ARCHAEAN-GNEISS-MIGMATITE
2_108_0,47.068935,2034.0,1186.0,475.0,668.0,605.0,1153.0,2165.0,2511.0,2527.0,2684.0,463409.5000105199,304,0.6136654,4.176859504132231,0.905688622754491,0.8049070043529878,1.715008431703204,1.3614622,-13.692074471000602,-7.808412318457205,5.883662152543397,0,21.523319797154294,80.13488865634501,"{""type"":""MultiPoint"",""coordinates"":[]}",ARCHAEAN,,AMGAON GNEISSIC COMPLEX,,GRANITE GNEISS/MIGMATITE,,ARCHAEAN-GRANITE-GNEISS-MIGMATITE
2_109_0,72.82834,2835.0,1975.0,700.0,944.0,1172.0,1520.0,1985.0,2168.0,2265.0,2417.0,463409.5000105199,510,0.31800988,1.93259385665529,1.2415254237288136,1.2516556291390728,1.4354430379746836,3.1383862,-18.341944225700757,-10.574381260437317,7.767562965263437,0,22.023501747352043,79.78265923344175,"{""type"":""MultiPoint"",""coordinates"":[]}",ARCHAEAN,,TIRODI GNEISSIC COMPLEX,,GNEISS/MIGMATITE,,ARCHAEAN-GNEISS-MIGMATITE
2_110_0,151.77577,1903.5,1172.5,442.0,616.0,592.5,1120.5,1726.0,2042.5,2076.0,2255.5,463409.5000105199,353,0.5559303,3.5037974683544304,0.9618506493506492,0.916907514450867,1.623454157782516,2.104347,-15.351454568116443,-8.180055217130365,7.17139935098608,0,21.322276836568346,80.55287475804583,"{""type"":""MultiPoint"",""coordinates"":[]}",PALAEOPROTEROZOIC,,NANDGAON,BIJLI,RHYOLITE,,PALAEOPROTEROZOIC-RHYOLITE
2_111_0,90.0,1996.5,1302.5,625.0,800.5,849.0,1208.5,1842.5,2000.5,1989.5,2158.0,463409.5000105199,581,0.40179673,2.343345111896349,1.0605871330418488,1.0035184719778838,1.5328214971209213,2.0037992,-17.293716769099184,-10.7723819777238,6.521334791375384,0,22.27817413039993,79.55170237389461,"{""type"":""MultiPoint"",""coordinates"":[]}",LATE CRETACEOUS - PALAEOCENE,DECCAN TRAP,AMARKANTAK,DHUMA,BASALT,,LATE-CRETACEOUS-PALAEOCENE-BASALT
2_112_0,221.89583,1975.0,956.0,423.0,718.0,493.0,1084.0,2549.0,3008.0,3142.0,3253.0,463409.5000105199,587,0.72874826,6.373225152129818,0.6866295264623955,0.6285805219605347,2.0658995815899583,14.626087,-14.201458752962727,-7.772480063863592,6.428978689099136,0,21.735951024905383,80.48496212256639,"{""type"":""MultiPoint"",""coordinates"":[]}",ARCHAEAN,,AMGAON GNEISSIC COMPLEX,,GRANITE GNEISS/MIGMATITE,,ARCHAEAN-GRANITE-GNEISS-MIGMATITE
2_113_0,180.0,1638.5,843.5,366.0,551.0,401.0,906.5,1883.0,2122.5,2216.5,2390.5,463409.5000105199,569,0.6936008,5.527431421446384,0.7277676950998185,0.7392285134220619,1.942501481920569,2.7802885,-13.73984200097244,-8.207370925223072,5.532471075749367,0,22.171993263817,79.60533179635655,"{""type"":""MultiPoint"",""coordinates"":[]}",LATE CRETACEOUS - PALAEOCENE,DECCAN TRAP,AMARKANTAK,DHUMA,BASALT,,LATE-CRETACEOUS-PALAEOCENE-BASALT
2_114_0,180.0,2417.5,1455.0,538.0,729.6666666666666,748.5,1159.75,2027.5,2408.0,2453.0,2621.75,463409.5000105199,375,0.5324067,3.277221108884436,1.025810872544541,0.9855279249898083,1.661512027491409,4.6273675,-14.944970942653796,-8.106722470020467,6.83824847263333,0,21.625997234129155,79.53957511755901,"{""type"":""MultiPoint"",""coordinates"":[]}",ARCHAEAN,,TIRODI GNEISSIC COMPLEX,,GNEISS/MIGMATITE,,ARCHAEAN-GNEISS-MIGMATITE
2_115_0,144.23161,2256.5,1668.5,610.0,815.0,1050.0,1393.0,1727.5,1881.5,1877.0,2095.5,463409.5000105199,684,0.28254184,1.7876190476190477,1.2883435582822085,1.202184336707512,1.3524123464189393,3.4251955,-15.974337484009492,-8.372009128940217,7.602328355069275,0,22.26631636864955,80.74367692439282,"{""type"":""MultiPoint"",""coordinates"":[]}",LATE CRETACEOUS - PALAEOCENE,DECCAN TRAP,AMARKANTAK,PIPARDAHI,BASALT,,LATE-CRETACEOUS-PALAEOCENE-BASALT
2_116_0,114.87261,2155.0,1359.5,549.0,731.5,734.0,1216.5,2143.0,2457.5,2591.5,2707.5,463409.5000105199,324,0.55856264,3.5306539509536785,1.0034176349965824,0.8315647308508586,1.5851415961750643,2.204062,-13.699750512058609,-7.572856509376899,6.12689400268171,0,21.996282794243225,80.13596663468596,"{""type"":""MultiPoint"",""coordinates"":[]}",ARCHAEAN,,TIRODI GNEISSIC COMPLEX,,GNEISS/MIGMATITE,,ARCHAEAN-GNEISS-MIGMATITE
2_117_0,218.87685,3126.5,2261.5,668.0,831.5,944.5,1298.5,1870.5,2191.0,2346.5,2510.5,463409.5000105199,338,0.42601034,2.4843832715722605,1.1358989777510524,1.332409972299169,1.3824894981207163,4.754604,-16.70704243211484,-10.402348750031004,6.304693682083837,0,21.525475753836183,79.63767114658485,"{""type"":""MultiPoint"",""coordinates"":[]}",PALAEOPROTEROZOIC,,SAUSAR,MANSAR,MUSCOVITE SCHIST,,PALAEOPROTEROZOIC-MUSCOVITE-SCHIST
2_118_0,270.0,2846.0,1926.0,670.0,876.0,1014.0,1493.0,2111.0,2435.0,2504.0,2724.0,463409.5000105199,296,0.4235361,2.4694280078895465,1.1575342465753424,1.1365814696485623,1.4776739356178608,0.9971447,-16.284861230433357,-9.658592374142492,6.626268856290865,0,21.557006620308776,80.27152241105959,"{""type"":""MultiPoint"",""coordinates"":[]}",ARCHAEAN,,AMGAON GNEISSIC COMPLEX,,GRANITE GNEISS/MIGMATITE,,ARCHAEAN-GRANITE-GNEISS-MIGMATITE
2_119_0,180.0,2133.5,1329.75,460.4166666666667,668.1538461538462,671.2857142857143,1115.6666666666667,1877.75,2152.75,2296.833333333333,2458.0,463409.5000105199,338,0.5476693,3.4215435908349288,1.004687345810993,0.9288875988680068,1.6044369242338783,1.8543341,-15.117808925418997,-8.449827915618695,6.667981009800302,0,21.61440896696401,79.81284262698816,"{""type"":""MultiPoint"",""coordinates"":[]}",PALAEOPROTEROZOIC,,SAUSAR,LOHANGI ( INCLUDES UTEKATA),CALC GNEISS,,PALAEOPROTEROZOIC-CALC-GNEISS
2_120_0,132.92516,2637.5,1758.5,529.0,770.5,808.0,1320.0,2162.5,2467.5,2602.5,2706.0,463409.5000105199,342,0.5261692,3.2209158415841586,1.0486696950032446,1.0134486071085496,1.4998578333807222,2.72169,-14.530748252518082,-8.041390813217618,6.4893574393004645,0,21.55323369611548,79.73388071351405,"{""type"":""MultiPoint"",""coordinates"":[]}",PALAEOPROTEROZOIC,,SAUSAR,MANSAR,MUSCOVITE SCHIST,,PALAEOPROTEROZOIC-MUSCOVITE-SCHIST
2_121_0,110.29685,2034.5,1551.5,622.5,829.5,949.0,1280.5,1840.0,2107.0,2207.0,2332.0,463409.5000105199,438,0.39860582,2.3256059009483665,1.1440626883664855,0.9218396012686906,1.311311633902675,5.332109,-15.987378024086352,-7.895422090110996,8.091955933975356,0,22.38866691034663,79.9882836019767,"{""type"":""MultiPoint"",""coordinates"":[]}",LATE CRETACEOUS - PALAEOCENE,DECCAN TRAP,AMARKANTAK,MANDLA,BASALT,,LATE-CRETACEOUS-PALAEOCENE-BASALT
2_122_0,121.65932,1914.5,1382.0,591.5,816.5,908.0,1207.0,1839.0,2130.5,2288.5,2452.0,463409.5000105199,453,0.43187863,2.520374449339207,1.1120636864666258,0.8365741752239458,1.3853111432706222,3.529719,-16.736388542225097,-9.483954102697137,7.25243443952796,0,22.33934940124847,79.86081266316015,"{""type"":""MultiPoint"",""coordinates"":[]}",LATE CRETACEOUS - PALAEOCENE,DECCAN TRAP,AMARKANTAK,DHUMA,BASALT,,LATE-CRETACEOUS-PALAEOCENE-BASALT
2_123_0,270.0,2051.0,1143.5,411.0,646.5,569.5,1119.0,2115.0,2391.5,2540.0,2667.5,463409.5000105199,582,0.6337032,4.460052677787533,0.8808971384377416,0.8074803149606299,1.7936160909488412,3.0022795,-15.167315630903516,-8.002386884004844,7.164928746898672,0,22.189779906442567,80.28068522695762,"{""type"":""MultiPoint"",""coordinates"":[]}",NEOPROTEROZOIC,,,,GRANITE,ACID  INTRUSIVE,NEOPROTEROZOIC-GRANITE
2_124_0,-0.0,2672.0,1850.0,656.0,841.0,949.0,1385.0,1978.0,2216.0,2355.0,2479.0,463409.5000105199,304,0.4255448,2.481559536354057,1.1284185493460166,1.1346072186836518,1.4443243243243242,0.0,-18.511535227948706,-11.27450479280544,7.237030435143264,0,21.376984237371225,80.4219003896212,"{""type"":""MultiPoint"",""coordinates"":[]}",PALAEOPROTEROZOIC,,,,GRANITE,DONGARGARH GRANITE,PALAEOPROTEROZOIC-GRANITE
2_125_0,47.1803,2675.0,2242.0,951.0,1219.0,1396.0,1691.0,2130.0,2332.0,2416.0,2505.0,463409.5000105199,615,0.26757607,1.7306590257879657,1.1452009844134536,1.107201986754967,1.1931311329170384,1.3643143,-16.162320386281593,-6.703455029629465,9.458865356652128,0,22.08171257776299,79.55574479267315,"{""type"":""MultiPoint"",""coordinates"":[]}",LATE CRETACEOUS - PALAEOCENE,DECCAN TRAP,AMARKANTAK,PIPARDAHI,BASALT,,LATE-CRETACEOUS-PALAEOCENE-BASALT
2_126_0,132.97058,2829.5,1963.5,660.5,945.0,1023.5,1462.5,2153.5,2403.0,2483.0,2638.0,463409.5000105199,264,0.416227,2.425989252564729,1.083068783068783,1.13954893274265,1.4410491469315,2.7193763,-17.315812350238364,-11.642929131959132,5.672883218279232,0,21.32146835281264,79.66893251847222,"{""type"":""MultiPoint"",""coordinates"":[]}",ARCHAEAN,,TIRODI GNEISSIC COMPLEX,,GNEISS/MIGMATITE,,ARCHAEAN-GNEISS-MIGMATITE
2_127_0,208.26279,2138.0,1526.5,689.0,912.0,1041.6666666666667,1316.5,1901.5,2179.0,2252.6666666666665,2451.0,463409.5000105199,284,0.36760092,2.16256,1.1421783625730997,0.9490973660846403,1.4005895840157223,2.1051073,-17.271563006010194,-9.68825877590029,7.583304230109904,0,21.557815104064485,80.09365598480393,"{""type"":""MultiPoint"",""coordinates"":[]}",ARCHAEAN,,AMGAON GNEISSIC COMPLEX,,GRANITE GNEISS/MIGMATITE,,ARCHAEAN-GRANITE-GNEISS-MIGMATITE
2_128_0,270.0,2546.6666666666665,1860.6666666666667,724.0,966.6666666666666,1049.0,1516.25,2180.0,2442.875,2639.5,2698.0,2370.189865812441,320,0.4312051,2.5162059103908483,1.0851724137931036,0.9648291974490116,1.3686850591185953,0.99894935,-16.18068674370397,-9.09327189095161,7.087414852752358,0,21.81760788423185,80.10281880070194,"{""type"":""MultiPoint"",""coordinates"":[]}",PALAEOPROTEROZOIC,,SAUSAR,MANSAR,PHYLLITE,,PALAEOPROTEROZOIC-PHYLLITE
2_129_0,114.81636,2116.25,1375.25,540.0,704.0,682.75,1135.5,1854.75,2111.5,2284.75,2431.0,463409.5000105199,446,0.5398483,3.3463932625411936,0.9698153409090908,0.9262501367764524,1.5388111252499546,4.410927,-14.567718405800962,-7.194829995590553,7.372888410210409,0,22.358214022214977,80.02870778976208,"{""type"":""MultiPoint"",""coordinates"":[]}",LATE CRETACEOUS - PALAEOCENE,DECCAN TRAP,AMARKANTAK,MANDLA,BASALT,,LATE-CRETACEOUS-PALAEOCENE-BASALT
2_130_0,90.0,2334.0,1572.0,765.0,957.0,1197.0,1422.0,2031.0,2352.0,2441.0,2634.0,463409.5000105199,322,0.34194613,2.039264828738513,1.250783699059561,0.9561655059401885,1.484732824427481,0.9959838,-17.71311150998579,-10.881096599310656,6.832014910675133,0,21.38722503161019,80.54559840424446,"{""type"":""MultiPoint"",""coordinates"":[]}",ARCHAEAN,,AMGAON GNEISSIC COMPLEX,,BASIC METALAVA,,ARCHAEAN-BASIC-METALAVA
2_131_0,299.19052,3407.0,2321.0,779.5,1012.0,1232.0,1663.0,2140.0,2477.0,2579.0,2849.0,463409.5000105199,310,0.35345054,2.093344155844156,1.2173913043478262,1.3210546723536254,1.4679017664799656,5.6863723,-18.192915027115163,-11.27284230094915,6.920072726166012,0,21.3918064395592,80.2265168153252,"{""type"":""MultiPoint"",""coordinates"":[]}",ARCHAEAN,,AMGAON GNEISSIC COMPLEX,,GRANITE GNEISS/MIGMATITE,,ARCHAEAN-GRANITE-GNEISS-MIGMATITE
2_132_0,144.36435,2124.0,1295.0,418.0,569.0,579.0,944.0,1762.0,1957.0,2068.0,2265.0,463409.5000105199,353,0.5625236,3.5716753022452505,1.0175746924428823,1.0270793036750483,1.64015444015444,3.4195113,-15.060470764485974,-7.612417368419642,7.4480533960663315,0,21.57021185498533,80.63507060654275,"{""type"":""MultiPoint"",""coordinates"":[]}",ARCHAEAN,,AMGAON GNEISSIC COMPLEX,,GRANITE GNEISS/MIGMATITE,,ARCHAEAN-GRANITE-GNEISS-MIGMATITE
2_133_0,132.8998,1761.0,914.0,432.8,617.6,507.0,991.0,1979.0,2296.0,2461.0,2565.6666666666665,463409.5000105199,333,0.6583558,4.854043392504931,0.8209196891191709,0.7155627793579845,1.9266958424507656,1.3622612,-15.33452537053222,-8.335202368195514,6.9993230023367055,0,21.68178261327298,80.4534312560938,"{""type"":""MultiPoint"",""coordinates"":[]}",NEOPROTEROZOIC,,,,GRANITE,ACID  INTRUSIVE,NEOPROTEROZOIC-GRANITE
2_134_0,180.0,2305.0,1531.5,442.0,605.5,633.5,1092.5,1696.5,1900.0,2079.0,2230.0,463409.5000105199,373,0.53290325,3.281767955801105,1.046242774566474,1.1087061087061088,1.505060398302318,0.92740995,-15.208778022640706,-7.2612063230087,7.947571699632006,0,22.125101205985963,79.963490100135,"{""type"":""MultiPoint"",""coordinates"":[]}",ARCHAEAN,,TIRODI GNEISSIC COMPLEX,,GNEISS/MIGMATITE,,ARCHAEAN-GNEISS-MIGMATITE
2_135_0,76.962395,2366.5,1507.0,643.5,879.5,1044.5,1485.5,2124.0,2444.0,2469.5,2677.5,463409.5000105199,614,0.40552077,2.364289133556725,1.1876065946560546,0.958291152055072,1.570338420703384,4.1043572,-16.32310087131128,-10.078107192456912,6.244993678854367,0,22.144235321537707,79.57137547861683,"{""type"":""MultiPoint"",""coordinates"":[]}",LATE CRETACEOUS - PALAEOCENE,DECCAN TRAP,AMARKANTAK,PIPARDAHI,BASALT,,LATE-CRETACEOUS-PALAEOCENE-BASALT
2_136_0,90.0,1496.5,784.0,355.0,490.0,413.5,806.5,1551.0,1832.5,1932.5,2074.5,463409.5000105199,565,0.6474851,4.673518742442563,0.8438775510204082,0.774385510996119,1.9088010204081636,2.9974575,-14.584703156580913,-8.12569306844596,6.459010088134951,0,21.962326476503502,80.32542132810676,"{""type"":""MultiPoint"",""coordinates"":[]}",PALAEOPROTEROZOIC,,SAUSAR,MANSAR,PHYLLITE,,PALAEOPROTEROZOIC-PHYLLITE
2_137_0,19.813591,2773.5,2331.0,802.5,1153.5,1567.0,1817.0,2138.5,2424.5,2449.5,2613.5,463409.5000105199,520,0.21971866,1.563178047223995,1.3584742089293456,1.1322718922229027,1.18983268983269,2.9549365,-19.661920430279427,-12.030456396542926,7.631464033736501,0,22.30431510516781,80.36045562418742,"{""type"":""MultiPoint"",""coordinates"":[]}",ARCHAEAN,,TIRODI GNEISSIC COMPLEX,,GNEISS/MIGMATITE,,ARCHAEAN-GNEISS-MIGMATITE
2_138_0,217.0426,2114.0,1130.0,397.0,689.0,550.0,1193.0,2263.0,2592.0,2668.0,2901.0,4329.214709390145,466,0.6581728,4.850909090909091,0.7982583454281568,0.7923538230884558,1.870796460176991,11.464466,-13.192828276025086,-6.575812632759675,6.617015643265411,0,21.952085682264546,79.90366230221265,"{""type"":""MultiPoint"",""coordinates"":[]}",ARCHAEAN,,TIRODI GNEISSIC COMPLEX,,GNEISS/MIGMATITE,,ARCHAEAN-GNEISS-MIGMATITE
2_139_0,90.0,2859.0,2123.0,690.0,906.0,1097.0,1475.0,1821.0,2007.0,2091.0,2224.0,463409.5000105199,283,0.31179422,1.9061075660893343,1.210816777041943,1.3672883787661405,1.346679227508243,2.9845133,-18.03106612917008,-10.472288838812918,7.55877729035716,0,21.33629055500061,79.90096735636028,"{""type"":""MultiPoint"",""coordinates"":[]}",ARCHAEAN,,AMGAON GNEISSIC COMPLEX,,GRANITE GNEISS/MIGMATITE,,ARCHAEAN-GRANITE-GNEISS-MIGMATITE
2_140_0,304.74408,1912.5,1372.5,590.0,784.0,868.0,1164.0,1536.5,1717.5,1672.0,1829.0,463409.5000105199,448,0.31653544,1.9262672811059909,1.1071428571428572,1.1438397129186604,1.3934426229508197,4.870521,-18.493578498815168,-9.945043108460553,8.548535390354616,0,22.367376838113,79.99933287997138,"{""type"":""MultiPoint"",""coordinates"":[]}",LATE CRETACEOUS - PALAEOCENE,DECCAN TRAP,AMARKANTAK,MANDLA,BASALT,,LATE-CRETACEOUS-PALAEOCENE-BASALT
2_141_0,28.238214,2058.0,1238.0,565.0,835.0,808.0,1367.0,2117.0,2312.0,2322.0,2521.0,1598.780785473731,271,0.48370606,2.873762376237624,0.9676646706586828,0.8863049095607235,1.6623586429725363,2.1046226,-16.720254495937358,-8.953353405674463,7.766901090262895,0,21.40797611467335,79.77619136339608,"{""type"":""MultiPoint"",""coordinates"":[]}",NEOPROTEROZOIC,,,,GRANITE,ACID  INTRUSIVE,NEOPROTEROZOIC-GRANITE
2_142_0,324.22348,1457.0,728.0,363.0,514.0,403.0,789.0,1739.0,2180.0,2282.0,2419.0,463409.5000105199,637,0.6998138,5.662531017369727,0.7840466926070039,0.6384750219106047,2.0013736263736264,3.425546,-15.200271982483944,-8.57123641717486,6.629035565309083,0,22.308357523946345,80.66687096760059,"{""type"":""MultiPoint"",""coordinates"":[]}",PALAEOPROTEROZOIC,,SAUSAR,JUNEWANI,GREY & PINK GNEISS/QTZ-BIOTITE-SILLIMANITE GNEISS,,PALAEOPROTEROZOIC-GREY-PINK-GNEISS-QTZ-BIOTITE-SILLIMANITE-GNEISS
2_143_0,215.72836,2474.0,1660.0,645.5,889.5,1005.5,1416.0,2001.0,2203.0,2294.5,2472.0,463409.5000105199,561,0.39060605,2.2819492789656888,1.1304103428892636,1.07823055131837,1.4903614457831325,3.4234776,-16.750621201876356,-10.839164006256237,5.911457195620121,0,22.05907503260318,80.73505309766526,"{""type"":""MultiPoint"",""coordinates"":[]}",PALAEOPROTEROZOIC,,,,GRANITE,MALANJKHAND GRANITE,PALAEOPROTEROZOIC-GRANITE
2_144_0,211.68498,1689.0,925.0,363.0,531.5,457.0,886.5,1745.0,2085.5,2282.0,2367.5,463409.5000105199,576,0.66630155,4.993435448577681,0.8598306679209784,0.7401402278702892,1.825945945945946,7.585021,-14.158331856136629,-8.357639191056315,5.800692665080312,0,22.216190375795684,80.61890093142861,"{""type"":""MultiPoint"",""coordinates"":[]}",PALAEOPROTEROZOIC,,SAUSAR,JUNEWANI,GREY & PINK GNEISS/QTZ-BIOTITE-SILLIMANITE GNEISS,,PALAEOPROTEROZOIC-GREY-PINK-GNEISS-QTZ-BIOTITE-SILLIMANITE-GNEISS
2_145_0,-0.0,3336.0,2452.0,835.0,1076.0,1315.0,1701.0,2189.0,2480.0,2534.0,2776.0,463409.5000105199,306,0.31670564,1.9269961977186312,1.2221189591078068,1.3164956590370955,1.360522022838499,0.92740995,-17.60183106427875,-10.719092113686834,6.882738950591914,0,21.445705356606368,80.3580301729203,"{""type"":""MultiPoint"",""coordinates"":[]}",ARCHAEAN,,AMGAON GNEISSIC COMPLEX,,GRANITE GNEISS/MIGMATITE,,ARCHAEAN-GRANITE-GNEISS-MIGMATITE
2_146_0,340.21017,1917.5,1226.0,440.0,667.0,625.0,1183.5,2155.0,2498.0,2479.0,2695.5,463409.5000105199,554,0.5972938,3.9664,0.9370314842578712,0.77349737797499,1.5640293637846656,2.9544961,-14.085400562768358,-7.387302760898338,6.69809780187002,0,22.121867270963133,80.69112548027182,"{""type"":""MultiPoint"",""coordinates"":[]}",PALAEOPROTEROZOIC,,SAUSAR,MANSAR,MUSCOVITE SCHIST,,PALAEOPROTEROZOIC-MUSCOVITE-SCHIST
2_147_0,327.10828,2084.0,946.0,586.0,812.0,585.0,1273.0,2761.0,3259.0,3448.0,3562.0,1925.66871501824,490,0.7098934,5.894017094017094,0.7204433497536946,0.6044083526682135,2.202959830866808,21.08472,-16.506201960274673,-9.568213621247706,6.937988339026967,0,21.912739472820107,79.96160363803835,"{""type"":""MultiPoint"",""coordinates"":[]}",ARCHAEAN,,TIRODI GNEISSIC COMPLEX,,GNEISS/MIGMATITE,,ARCHAEAN-GNEISS-MIGMATITE
2_148_0,312.87256,1617.0,923.0,391.0,547.0,485.0,878.0,1589.0,1784.0,1914.0,2021.0,463409.5000105199,515,0.59566486,3.94639175257732,0.886654478976234,0.8448275862068966,1.751895991332611,1.3629586,-14.638859796076124,-7.850467302814624,6.7883924932615,0,21.818685862572792,80.74205995688139,"{""type"":""MultiPoint"",""coordinates"":[]}",PALAEOPROTEROZOIC - MESOPROTEROZOIC,,KHAIRAGARH,SITAGOTA,BASALT,,PALAEOPROTEROZOIC-MESOPROTEROZOIC-BASALT
2_149_0,215.61522,2079.0,1029.0,443.0,648.0,525.0,1001.0,2123.0,2533.0,2734.0,2789.0,463409.5000105199,379,0.67781526,5.207619047619048,0.8101851851851852,0.7604242867593269,2.020408163265306,3.41864,-14.89017075376093,-8.297197394537532,6.592973359223398,0,21.460797053379576,79.63228125488014,"{""type"":""MultiPoint"",""coordinates"":[]}",PALAEOPROTEROZOIC,,SAUSAR,CHORBAOLI,QUARTZ MICA SCHIST,,PALAEOPROTEROZOIC-QUARTZ-MICA-SCHIST
2_150_0,23.265715,2151.0,1282.0,335.0,498.0,526.0,937.0,2042.0,2337.0,2557.0,2657.0,463409.5000105199,754,0.6587739,4.861216730038023,1.0562248995983936,0.8412201798983183,1.6778471138845554,5.034938,-14.367734147047416,-8.393027066983398,5.974707080064016,0,21.514965465011983,80.77008739374592,"{""type"":""MultiPoint"",""coordinates"":[]}",CENOZOIC,,,,LATERITE,,CENOZOIC-LATERITE
2_151_0,65.11738,3816.0,2814.0,693.0,966.0,1293.0,1881.0,2429.0,2740.0,2938.0,3116.0,463409.5000105199,598,0.388797,2.272235112142305,1.3385093167701865,1.2988427501701838,1.3560767590618337,2.203233,-18.21393889868331,-11.059570753826868,7.154368144856441,0,21.93133459920138,79.61745905269217,"{""type"":""MultiPoint"",""coordinates"":[]}",ARCHAEAN,,TIRODI GNEISSIC COMPLEX,,GNEISS/MIGMATITE,,ARCHAEAN-GNEISS-MIGMATITE
2_152_0,47.17082,1957.0,1197.5,420.5,585.0,596.5,982.0,1744.0,1974.0,2142.5,2337.0,463409.5000105199,590,0.5644396,3.591785414920369,1.0196581196581196,0.9134189031505252,1.6342379958246347,2.726597,-14.126582361097524,-6.541844741090149,7.584737620007374,0,22.03482051993195,80.37473883720493,"{""type"":""MultiPoint"",""coordinates"":[]}",PALAEOPROTEROZOIC,,SAUSAR,JUNEWANI,GREY & PINK GNEISS/QTZ-BIOTITE-SILLIMANITE GNEISS,,PALAEOPROTEROZOIC-GREY-PINK-GNEISS-QTZ-BIOTITE-SILLIMANITE-GNEISS
2_153_0,270.0,3536.0,2506.0,647.0,891.0,1144.0,1596.0,2197.0,2457.0,2643.0,2841.0,463409.5000105199,656,0.39582783,2.310314685314685,1.2839506172839503,1.337873628452516,1.4110135674381483,2.0048432,-18.4400619823702,-10.552027311030717,7.888034671339483,0,22.35093766841361,80.76577548038215,"{""type"":""MultiPoint"",""coordinates"":[]}",LATE CRETACEOUS - PALAEOCENE,DECCAN TRAP,AMARKANTAK,PIPARDAHI,BASALT,,LATE-CRETACEOUS-PALAEOCENE-BASALT
2_154_0,270.0,3414.0,2471.5,852.5,1065.0,1211.5,1556.5,2023.0,2228.0,2352.0,2555.5,463409.5000105199,560,0.3200505,1.9413949649195208,1.1375586854460094,1.451530612244898,1.381347359902893,5.9843397,-18.865259509324236,-11.010550744254886,7.854708765069347,0,22.09922972580332,80.69301194236847,"{""type"":""MultiPoint"",""coordinates"":[]}",PALAEOPROTEROZOIC,,SAUSAR,SITASAONGI,SCHISTOSE GRIT,,PALAEOPROTEROZOIC-SCHISTOSE-GRIT
2_155_0,270.0,2542.5,1526.0,538.3333333333334,736.9166666666667,696.875,1188.0,2072.0,2378.0,2607.0,2656.0,1067.3331251301067,321,0.5781469,3.740986547085202,0.9456632364582156,0.9752589182968928,1.6661205766710354,2.9910505,-15.450859173464291,-8.661499293065653,6.789359880398639,0,21.655372143919863,79.71825002757038,"{""type"":""MultiPoint"",""coordinates"":[]}",ARCHAEAN,,TIRODI GNEISSIC COMPLEX,,GNEISS/MIGMATITE,,ARCHAEAN-GNEISS-MIGMATITE
2_156_0,47.1474,3101.0,2185.0,782.0,1065.0,1220.0,1642.0,2430.0,2734.0,2928.0,3003.0,3226.716597409819,310,0.4117647,2.4,1.1455399061032865,1.059084699453552,1.4192219679633866,1.36347,-17.271278712196846,-10.909947033663952,6.361331678532894,0,21.91839885911006,80.1731568874485,"{""type"":""MultiPoint"",""coordinates"":[]}",PALAEOPROTEROZOIC,,SAUSAR,MANSAR,MUSCOVITE SCHIST,,PALAEOPROTEROZOIC-MUSCOVITE-SCHIST
2_157_0,180.0,2120.0,1334.0,434.0,624.0,599.0,923.0,1811.0,1985.0,2105.0,2215.0,463409.5000105199,301,0.55695266,3.5141903171953257,0.9599358974358976,1.007125890736342,1.5892053973013494,5.547545,-14.98819856415891,-8.146876458977356,6.841322105181554,0,21.60470716189552,80.42405634630309,"{""type"":""MultiPoint"",""coordinates"":[]}",ARCHAEAN,,AMGAON GNEISSIC COMPLEX,,GRANITE GNEISS/MIGMATITE,,ARCHAEAN-GRANITE-GNEISS-MIGMATITE
2_158_0,214.67952,1848.0,1039.5,380.5,543.0,505.5,832.0,1655.5,2018.0,2228.0,2233.5,463409.5000105199,667,0.6301445,4.407517309594461,0.930939226519337,0.829443447037702,1.7777777777777777,15.407549,-15.319007265837667,-9.536032311199396,5.782974954638272,0,21.70307268550661,80.55745616599484,"{""type"":""MultiPoint"",""coordinates"":[]}",ARCHAEAN,,AMGAON GNEISSIC COMPLEX,,GRANITE GNEISS/MIGMATITE,,ARCHAEAN-GRANITE-GNEISS-MIGMATITE
2_159_0,283.04648,3297.0,2412.5,872.0,1142.5,1335.0,1662.0,2094.5,2303.0,2533.5,2660.5,463409.5000105199,577,0.30981,1.897752808988764,1.1684901531728664,1.3013617525162815,1.3666321243523316,4.1016226,-18.19067146466171,-11.188095356874117,7.002576107787592,0,22.04479181958568,80.68546609398187,"{""type"":""MultiPoint"",""coordinates"":[]}",PALAEOPROTEROZOIC,,,,GRANITE,MALANJKHAND GRANITE,PALAEOPROTEROZOIC-GRANITE
2_160_0,24.797688,1624.5,903.0,391.0,583.0,493.5,925.0,1774.0,1985.5,2197.5,2279.0,463409.5000105199,535,0.63322186,4.452887537993921,0.8464837049742711,0.7392491467576792,1.7990033222591362,7.115079,-13.594180750200188,-8.082558461740284,5.511622288459904,0,21.93456853422421,80.72373432508536,"{""type"":""MultiPoint"",""coordinates"":[]}",PALAEOPROTEROZOIC,,,,GRANITE,MALANJKHAND GRANITE,PALAEOPROTEROZOIC-GRANITE
2_161_0,28.263561,2727.0,1985.0,649.0,938.0,1087.0,1391.0,1987.0,2279.0,2387.0,2505.0,463409.5000105199,325,0.3742084,2.195952161913524,1.1588486140724947,1.142438206954336,1.3738035264483628,2.1051226,-18.32548820995725,-10.94080097891833,7.384687231038919,0,21.562396512013493,80.6579776462878,"{""type"":""MultiPoint"",""coordinates"":[]}",PALAEOPROTEROZOIC,,NANDGAON,BIJLI,RHYOLITE,,PALAEOPROTEROZOIC-RHYOLITE
2_162_0,15.113664,3069.0,2045.0,736.0,990.5,1231.0,1679.5,2178.5,2443.5,2473.0,2742.0,463409.5000105199,368,0.33531317,2.0089358245329,1.242806663301363,1.2410028305701577,1.5007334963325183,3.8371406,-17.582068130759744,-10.78387789803617,6.798190232723574,0,22.23128207256889,80.01092114713651,"{""type"":""MultiPoint"",""coordinates"":[]}",ARCHAEAN,,TIRODI GNEISSIC COMPLEX,,GNEISS/MIGMATITE,,ARCHAEAN-GNEISS-MIGMATITE
2_163_0,169.78683,2167.0,1364.5,519.5,674.0,753.0,1090.5,1761.5,2020.5,2333.5,2330.5,463409.5000105199,434,0.5120687,3.098937583001328,1.1172106824925816,0.9286479537175916,1.588127519237816,5.636291,-15.69473719496944,-9.314017220581803,6.380719974387638,0,22.32021528569672,80.1941774650969,"{""type"":""MultiPoint"",""coordinates"":[]}",ARCHAEAN,,TIRODI GNEISSIC COMPLEX,,GNEISS/MIGMATITE,,ARCHAEAN-GNEISS-MIGMATITE
2_164_0,162.10936,1684.5,894.0,326.43333333333334,563.2857142857143,415.3636363636364,891.0,1768.0,2127.0,2294.0,2341.0,463409.5000105199,471,0.69338655,5.522871525497921,0.7373942314343024,0.734306887532694,1.8842281879194631,9.653788,-13.849900496260585,-7.805630258858537,6.044270237402047,0,21.668307884011185,80.62914172566757,"{""type"":""MultiPoint"",""coordinates"":[]}",PALAEOPROTEROZOIC,,,,GRANITE,MALANJKHAND GRANITE,PALAEOPROTEROZOIC-GRANITE
2_165_0,-0.0,2251.0,1534.0,740.0,927.0,949.0,1608.0,2190.0,2464.0,2591.0,2746.0,1637.192719260625,268,0.4638418,2.730242360379347,1.0237324703344122,0.8687765341566963,1.467405475880052,0.0,-15.128151724025509,-8.498516315723096,6.629635408302411,0,21.410132071355235,79.74789443194632,"{""type"":""MultiPoint"",""coordinates"":[]}",PALAEOPROTEROZOIC,,SAUSAR,MANSAR,MUSCOVITE SCHIST,,PALAEOPROTEROZOIC-MUSCOVITE-SCHIST
2_166_0,12.199151,3688.5,2932.5,961.5,1189.0,1417.5,1698.5,2200.5,2453.5,2586.0,2786.5,463409.5000105199,484,0.2918696,1.8243386243386244,1.1921783010933558,1.4263341067285382,1.2578005115089514,4.733792,-19.30204336272261,-12.38962953819962,6.912413824522995,0,22.316172866918183,80.48038071461738,"{""type"":""MultiPoint"",""coordinates"":[]}",ARCHAEAN,,TIRODI GNEISSIC COMPLEX,,GNEISS/MIGMATITE,,ARCHAEAN-GNEISS-MIGMATITE
2_167_0,-0.0,1648.0,979.5,418.5,616.5,573.5,934.5,1509.0,1709.5,1627.0,1844.5,463409.5000105199,640,0.47875482,2.836965998256321,0.9302514193025142,1.0129071911493546,1.6824910668708524,2.7802885,-16.99971093378832,-11.56131060438902,5.438400329399302,0,22.2396364047112,80.77601627462111,"{""type"":""MultiPoint"",""coordinates"":[]}",PALAEOPROTEROZOIC,,SAUSAR,JUNEWANI,GREY & PINK GNEISS/QTZ-BIOTITE-SILLIMANITE GNEISS,,PALAEOPROTEROZOIC-GREY-PINK-GNEISS-QTZ-BIOTITE-SILLIMANITE-GNEISS
2_168_0,270.0,2821.0,1996.0,715.0,951.0,1059.0,1514.0,2154.0,2411.0,2484.0,2683.0,463409.5000105199,271,0.40220153,2.3456090651558075,1.113564668769716,1.1356682769726247,1.4133266533066131,0.9955855,-16.17388208418552,-10.13047122286714,6.043410861318382,0,21.328744706614007,79.84760742848358,"{""type"":""MultiPoint"",""coordinates"":[]}",ARCHAEAN,,AMGAON GNEISSIC COMPLEX,,GRANITE GNEISS/MIGMATITE,,ARCHAEAN-GRANITE-GNEISS-MIGMATITE
2_169_0,65.100685,3267.5,2432.5,802.0,1052.5,1330.5,1708.0,2290.5,2567.5,2775.5,2921.0,2136.6328650472456,333,0.351924,2.0860578729800827,1.2641330166270783,1.1772653575932264,1.343268242548818,2.2018514,-16.691391798228942,-9.527692359551867,7.1636994386770745,0,21.82245878676609,79.94139154414567,"{""type"":""MultiPoint"",""coordinates"":[]}",ARCHAEAN,,TIRODI GNEISSIC COMPLEX,,GNEISS/MIGMATITE,,ARCHAEAN-GNEISS-MIGMATITE
2_170_0,333.8549,1655.5,790.0,332.5,484.0,390.5,824.0,1964.0,2374.0,2414.5,2658.0,463409.5000105199,850,0.72156864,6.183098591549296,0.8068181818181818,0.6856492027334852,2.0955696202531646,11.219644,-15.627424297455445,-9.715747849104892,5.911676448350551,0,22.180886585129784,80.74044298936998,"{""type"":""MultiPoint"",""coordinates"":[]}",ARCHAEAN,,TIRODI GNEISSIC COMPLEX,,GNEISS/MIGMATITE,,ARCHAEAN-GNEISS-MIGMATITE
2_171_0,168.87842,2056.0,1591.0,423.0,604.0,775.0,1109.0,1575.0,1733.0,1852.0,1951.0,463409.5000105199,683,0.40997335,2.3896774193548387,1.283112582781457,1.1101511879049677,1.2922690131992458,10.28573,-15.925503305558903,-8.999830585448782,6.925672720110123,0,22.347973227976016,80.75499569697271,"{""type"":""MultiPoint"",""coordinates"":[]}",LATE CRETACEOUS - PALAEOCENE,DECCAN TRAP,AMARKANTAK,PIPARDAHI,BASALT,,LATE-CRETACEOUS-PALAEOCENE-BASALT
2_172_0,331.75833,2331.0,1313.0,558.0,761.0,686.0,1255.0,2266.0,2561.0,2751.0,2852.0,463409.5000105199,363,0.60081464,4.010204081632653,0.9014454664914586,0.8473282442748091,1.7753236862147754,4.2037168,-15.661774099576844,-9.135952111202773,6.525821988374073,0,21.429266186906982,79.52178847493344,"{""type"":""MultiPoint"",""coordinates"":[]}",PALAEOPROTEROZOIC,,SAUSAR,MANSAR,MUSCOVITE SCHIST,,PALAEOPROTEROZOIC-MUSCOVITE-SCHIST
2_173_0,312.93292,163.0,120.0,400.0,426.0,303.0,348.0,256.0,252.0,227.5,222.5,2524.638587996309,296,-0.14231856,0.7508250825082509,0.7112676056338029,0.7164835164835165,1.3583333333333334,1.3614148,-30.24133027829944,-22.579469510734217,7.661860767565223,0,21.51388748667104,79.79020508182835,"{""type"":""MultiPoint"",""coordinates"":[]}",PALAEOPROTEROZOIC,,SAUSAR,MANSAR,MUSCOVITE SCHIST,,PALAEOPROTEROZOIC-MUSCOVITE-SCHIST
2_174_0,8.772476,3581.5,2678.5,649.5,885.5,1142.0,1578.5,2116.0,2402.0,2626.5,2758.0,463409.5000105199,537,0.3939233,2.299912434325744,1.2896668548842465,1.3636017513801637,1.3371289901064027,6.5407243,-17.191596093788576,-9.34418599307243,7.847410100716146,0,22.219424310818518,80.44345995644007,"{""type"":""MultiPoint"",""coordinates"":[]}",PALAEOPROTEROZOIC,,SAUSAR,JUNEWANI,GREY & PINK GNEISS/QTZ-BIOTITE-SILLIMANITE GNEISS,,PALAEOPROTEROZOIC-GREY-PINK-GNEISS-QTZ-BIOTITE-SILLIMANITE-GNEISS
2_175_0,114.822365,1417.0,721.0,360.0,504.5,407.0,770.0,1456.0,1694.5,1813.5,1918.0,463409.5000105199,517,0.6334159,4.455773955773956,0.8067393458870169,0.7813620071684588,1.9653259361997224,2.2082362,-15.061517116371302,-7.6124081984056975,7.449108917965605,0,22.319945791111486,80.38255418017677,"{""type"":""MultiPoint"",""coordinates"":[]}",ARCHAEAN,,TIRODI GNEISSIC COMPLEX,,GNEISS/MIGMATITE,,ARCHAEAN-GNEISS-MIGMATITE
2_176_0,270.0,3155.5,2037.5,612.5,867.0,996.0,1485.5,2057.0,2349.5,2481.5,2706.5,463409.5000105199,374,0.4271747,2.491465863453816,1.1487889273356402,1.2716099133588554,1.5487116564417178,2.993947,-17.16671323532404,-9.57940442130394,7.5873088140200995,0,21.7947008444868,79.74870291570203,"{""type"":""MultiPoint"",""coordinates"":[]}",ARCHAEAN,,TIRODI GNEISSIC COMPLEX,,GNEISS/MIGMATITE,,ARCHAEAN-GNEISS-MIGMATITE
2_177_0,208.27168,3478.5,2648.6666666666665,919.5,1248.7,1505.25,1822.5,2330.5,2626.0,2806.25,2944.5,3281.234523773027,299,0.30175114,1.864308254442784,1.2054536718186917,1.239554565701559,1.313302290460609,2.1052828,-18.000261098392233,-10.758581837131755,7.241679261260476,0,21.611714021111656,79.73603667019594,"{""type"":""MultiPoint"",""coordinates"":[]}",PALAEOPROTEROZOIC,,SAUSAR,MANSAR,SCHIST,,PALAEOPROTEROZOIC-SCHIST
2_178_0,208.4045,2759.0,2214.0,876.0,1093.0,1342.0,1557.0,2098.0,2299.0,2381.0,2450.0,463409.5000105199,696,0.279076,1.7742175856929956,1.2278133577310155,1.1587568248635027,1.2461607949412827,2.1079142,-17.139762565126567,-9.993569769833485,7.146192795293084,0,22.39836871541512,80.68923901817517,"{""type"":""MultiPoint"",""coordinates"":[]}",LATE CRETACEOUS - PALAEOCENE,DECCAN TRAP,AMARKANTAK,PIPARDAHI,BASALT,,LATE-CRETACEOUS-PALAEOCENE-BASALT
2_179_0,72.76113,3190.0,2111.0,701.0,990.0,1032.0,1574.0,2469.0,2794.0,2901.0,3151.0,463409.5000105199,317,0.47520977,2.811046511627907,1.0424242424242425,1.0996208204067563,1.5111321648507816,3.1265435,-17.619560407093843,-11.786382925955506,5.833177481138337,0,21.426571241054624,80.19848937846068,"{""type"":""MultiPoint"",""coordinates"":[]}",ARCHAEAN,,AMGAON GNEISSIC COMPLEX,,GRANITE GNEISS/MIGMATITE,,ARCHAEAN-GRANITE-GNEISS-MIGMATITE
2_180_0,-0.0,4029.0,3785.0,1573.0,2115.0,2723.0,3135.0,3167.0,3289.0,3413.0,3384.0,2227.1281956816047,291,0.11245111,1.2533969886154976,1.2874704491725768,1.1804863756226194,1.06446499339498,0.0,-28.701846042221668,-18.3683502094544,10.333495832767266,0,21.87689669298374,80.1731568874485,"{""type"":""MultiPoint"",""coordinates"":[]}",PALAEOPROTEROZOIC,,SAUSAR,MANSAR,MUSCOVITE SCHIST,,PALAEOPROTEROZOIC-MUSCOVITE-SCHIST
2_181_0,-0.0,2568.0,1880.0,570.0,810.0,1032.0,1373.0,2133.0,2331.0,2350.0,2552.0,463409.5000105199,625,0.38971022,2.2771317829457365,1.274074074074074,1.0927659574468085,1.3659574468085107,2.7802885,-17.83615100917989,-10.59261703502212,7.243533974157771,0,21.947234779730294,79.54361753633754,"{""type"":""MultiPoint"",""coordinates"":[]}",CENOZOIC,,,,LATERITE,,CENOZOIC-LATERITE
2_182_0,31.571108,2891.0,2073.0,648.0,874.0,966.0,1322.0,1938.0,2319.0,2419.0,2582.0,463409.5000105199,295,0.42924666,2.5041407867494825,1.105263157894737,1.195121951219512,1.3945972021225277,7.57585,-15.71243496572723,-8.819519898498449,6.892915067228781,0,21.58180012215048,80.24915436048501,"{""type"":""MultiPoint"",""coordinates"":[]}",ARCHAEAN,,AMGAON GNEISSIC COMPLEX,,GRANITE GNEISS/MIGMATITE,,ARCHAEAN-GRANITE-GNEISS-MIGMATITE
2_183_0,180.0,2025.5,1142.0,509.0,641.5,535.0,977.0,1848.5,2191.0,2268.0,2332.0,463409.5000105199,412,0.61826617,4.239252336448598,0.8339828526890102,0.8930776014109347,1.7736427320490369,4.6273675,-13.749901139764354,-6.511234587833861,7.238666551930494,0,22.34123586334512,80.15860417984577,"{""type"":""MultiPoint"",""coordinates"":[]}",NEOPROTEROZOIC,,,,GRANITE,ACID  INTRUSIVE,NEOPROTEROZOIC-GRANITE
2_184_0,208.37784,2039.5,1291.5,475.0,612.0,606.5,1045.0,1733.5,2004.0,2165.0,2244.0,463409.5000105199,603,0.56233084,3.569661995053586,0.9910130718954248,0.9420323325635104,1.5791715060007745,4.209082,-16.05505960474069,-9.148641000212312,6.90641860452838,0,22.24313983431927,80.38309316934723,"{""type"":""MultiPoint"",""coordinates"":[]}",ARCHAEAN,,TIRODI GNEISSIC COMPLEX,,GNEISS/MIGMATITE,,ARCHAEAN-GNEISS-MIGMATITE
2_185_0,227.21783,1949.3333333333333,1463.6666666666667,663.6666666666666,859.3333333333334,1039.0,1269.0,1660.0,1851.75,1856.5,1960.75,463409.5000105199,356,0.28233466,1.7868142444658326,1.2090768037238169,1.0500044887332791,1.331815076292416,1.3652794,-17.378455636925235,-8.72644903145723,8.652006605468005,0,22.26631636864955,80.11925797040134,"{""type"":""MultiPoint"",""coordinates"":[]}",NEOPROTEROZOIC,,,,GRANITE,ACID  INTRUSIVE,NEOPROTEROZOIC-GRANITE
2_186_0,180.0,3373.5,2442.5,737.5,949.5,1150.0,1543.0,2028.5,2293.0,2346.5,2635.0,463409.5000105199,307,0.34219936,2.0404347826086955,1.2111637704054763,1.437673130193906,1.3811668372569088,0.92740995,-19.51018707365593,-12.01002722352158,7.500159850134352,0,21.302334237260894,80.44642439687766,"{""type"":""MultiPoint"",""coordinates"":[]}",PALAEOPROTEROZOIC,,NANDGAON,BIJLI,RHYOLITE,,PALAEOPROTEROZOIC-RHYOLITE
2_187_0,319.14438,3025.0,2249.0,719.0,1005.0,1268.0,1516.0,1827.0,2024.0,2231.0,2392.0,463409.5000105199,622,0.2752215,1.7594637223974765,1.2616915422885573,1.355894217839534,1.345042240995998,6.108031,-18.5989564719784,-10.99569519487134,7.603261277107057,0,22.33288153120281,80.7819451554963,"{""type"":""MultiPoint"",""coordinates"":[]}",PALAEOPROTEROZOIC,,SAUSAR,LOHANGI ( INCLUDES UTEKATA),MARBLE,,PALAEOPROTEROZOIC-MARBLE
2_188_0,208.30876,2799.0,1949.5,701.5,952.5,1103.0,1493.0,2230.5,2465.0,2689.5,2834.0,463409.5000105199,381,0.41832563,2.4383499546690843,1.158005249343832,1.0407138873396542,1.4357527571172095,2.1060157,-16.25109366405183,-8.96939695907809,7.28169670497374,0,21.834855537686945,79.78858811431694,"{""type"":""MultiPoint"",""coordinates"":[]}",ARCHAEAN,,TIRODI GNEISSIC COMPLEX,,GNEISS/MIGMATITE,,ARCHAEAN-GNEISS-MIGMATITE
2_189_0,18.358442,1808.5,959.5,335.0,490.5,411.5,812.0,2256.5,2705.5,2956.0,3016.0,463409.5000105199,598,0.75560504,7.1834750911300125,0.8389398572884812,0.6118064952638701,1.8848358520062531,12.501701,-14.79325066815483,-9.554572977286515,5.238677690868315,0,21.99736077258417,80.6962458773913,"{""type"":""MultiPoint"",""coordinates"":[]}",PALAEOPROTEROZOIC - MESOPROTEROZOIC,,CHILPI,,PHYLLITE,,PALAEOPROTEROZOIC-MESOPROTEROZOIC-PHYLLITE
2_190_0,107.251945,2236.5,1640.5,553.5,719.0,762.5,1225.5,1740.0,1921.5,1959.5,2109.5,463409.5000105199,522,0.4397502,2.5698360655737704,1.060500695410292,1.141362592498086,1.3633038707711065,6.230031,-14.582887367064531,-8.15340724467586,6.429480122388673,0,21.30853261272132,80.60327024548494,"{""type"":""MultiPoint"",""coordinates"":[]}",PALAEOPROTEROZOIC - MESOPROTEROZOIC,,KHAIRAGARH,KARUTOLA,SANDSTONE,,PALAEOPROTEROZOIC-MESOPROTEROZOIC-SANDSTONE
2_191_0,19.748093,3732.5,3151.5,1096.5,1630.5,2005.5,2345.0,2671.5,2844.5,2894.0,3029.5,1389.7481786280562,313,0.18134503,1.4430316629269508,1.2299908003679854,1.2897373876986868,1.184356655560844,2.9537241,-19.77376705565696,-11.083472268966426,8.690294786690535,0,21.79658730658345,80.13515815093025,"{""type"":""MultiPoint"",""coordinates"":[]}",PALAEOPROTEROZOIC,,SAUSAR,MANSAR,PHYLLITE,,PALAEOPROTEROZOIC-PHYLLITE
2_192_0,205.59845,1522.0,789.0,360.0,480.0,376.0,748.0,1713.0,2022.0,2177.0,2276.0,3499.271352724736,603,0.7054446,5.789893617021277,0.7833333333333333,0.6991272393201654,1.929024081115336,9.176662,-14.771787002558824,-8.616157022760811,6.155629979798013,0,21.92217178330336,80.28742259158851,"{""type"":""MultiPoint"",""coordinates"":[]}",PALAEOPROTEROZOIC,,SAUSAR,MANSAR,PHYLLITE,,PALAEOPROTEROZOIC-PHYLLITE
2_193_0,245.07872,3365.75,2360.0,705.8181818181819,954.65,1171.3,1574.5,2023.8333333333333,2283.0,2395.454545454545,2624.8809523809523,463409.5000105199,368,0.34321246,2.0451246866341206,1.2269418111349708,1.405056925996205,1.4261652542372882,4.393603,-18.78556355291109,-12.513219339650954,6.272344213260132,0,21.678279183664912,79.56275165188929,"{""type"":""MultiPoint"",""coordinates"":[]}",PALAEOPROTEROZOIC,,SAUSAR,BICHUA,MARBLE,,PALAEOPROTEROZOIC-MARBLE
2_194_0,-0.0,2005.0,1146.0,388.0,579.0,462.0,1004.0,1959.0,2216.0,2189.0,2462.0,463409.5000105199,551,0.6514523,4.738095238095238,0.7979274611398963,0.9159433531292828,1.74956369982548,1.8543341,-15.33160782296846,-8.091683191896118,7.239924631072343,0,21.90546311901874,79.82766482917613,"{""type"":""MultiPoint"",""coordinates"":[]}",ARCHAEAN,,TIRODI GNEISSIC COMPLEX,,GNEISS/MIGMATITE,,ARCHAEAN-GNEISS-MIGMATITE
2_195_0,144.25957,3284.5,2364.5,632.0,823.0,997.0,1451.5,2018.5,2260.0,2405.5,2638.0,463409.5000105199,544,0.41396034,2.412738214643932,1.2114216281895505,1.36541259613386,1.3890886022414888,3.4239957,-17.07313996761997,-11.125457163593993,5.947682804025977,0,22.121867270963133,80.55449172555724,"{""type"":""MultiPoint"",""coordinates"":[]}",PALAEOPROTEROZOIC,,SAUSAR,JUNEWANI,GREY & PINK GNEISS/QTZ-BIOTITE-SILLIMANITE GNEISS,,PALAEOPROTEROZOIC-GREY-PINK-GNEISS-QTZ-BIOTITE-SILLIMANITE-GNEISS
2_196_0,144.35207,2544.0,1660.0,730.0,980.5,1016.0,1517.0,2201.0,2625.0,2699.0,2848.0,463409.5000105199,296,0.45302826,2.656496062992126,1.0362060173380927,0.9425713227121156,1.5325301204819275,3.4200363,-17.424006467838005,-10.514477564595694,6.909528903242311,0,21.635968533782883,80.33539262776048,"{""type"":""MultiPoint"",""coordinates"":[]}",CENOZOIC,,,,LATERITE,,CENOZOIC-LATERITE
2_197_0,101.658844,1914.0,1184.0,452.0,617.0,580.0,1029.0,1840.0,2119.0,2280.0,2408.0,463409.5000105199,532,0.5944056,3.931034482758621,0.940032414910859,0.8394736842105263,1.616554054054054,9.101924,-12.95988177920262,-6.135345860864403,6.824535918338217,0,21.792544887804915,80.66228955965158,"{""type"":""MultiPoint"",""coordinates"":[]}",PALAEOPROTEROZOIC - MESOPROTEROZOIC,,KHAIRAGARH,SITAGOTA,BASALT,,PALAEOPROTEROZOIC-MESOPROTEROZOIC-BASALT
2_198_0,248.30162,1848.0,1046.0,466.0,608.0,551.0,932.0,1933.0,2264.0,2511.0,2560.0,463409.5000105199,632,0.64010453,4.557168784029038,0.90625,0.7359617682198327,1.7667304015296368,7.483043,-16.483827216583123,-9.225329891934328,7.258497324648795,0,21.802516187458643,80.65986410838445,"{""type"":""MultiPoint"",""coordinates"":[]}",PALAEOPROTEROZOIC - MESOPROTEROZOIC,,KHAIRAGARH,SITAGOTA,BASALT,,PALAEOPROTEROZOIC-MESOPROTEROZOIC-BASALT
2_199_0,-0.0,1786.5,987.5,432.0,540.5,503.5,898.0,1658.5,1910.0,1969.0,2119.0,463409.5000105199,429,0.5927199,3.910625620655412,0.93154486586494,0.9073133570340274,1.8091139240506329,1.8543341,-14.3099877172528,-8.586307732591823,5.723679984660976,0,21.76155301050279,79.58862313207193,"{""type"":""MultiPoint"",""coordinates"":[]}",ARCHAEAN,,TIRODI GNEISSIC COMPLEX,,GNEISS/MIGMATITE,,ARCHAEAN-GNEISS-MIGMATITE
2_200_0,47.10345,2230.2,1436.5,618.0,782.4,877.5714285714286,1325.888888888889,1967.3333333333333,2257.6666666666665,2352.909090909091,2505.5,463409.5000105199,293,0.45669293,2.681159634765365,1.1216403739409877,0.94784792519898,1.5525234946049424,1.3623444,-16.599892322255524,-8.876516756734755,7.723375565520769,0,21.69795228838713,80.03975706775675,"{""type"":""MultiPoint"",""coordinates"":[]}",ARCHAEAN,,TIRODI GNEISSIC COMPLEX,,GNEISS/MIGMATITE,,ARCHAEAN-GNEISS-MIGMATITE
2_201_0,180.0,2654.0,2149.0,936.0,1195.0,1229.0,1550.0,2206.0,2486.0,2516.0,2659.0,463409.5000105199,310,0.3436582,2.047192839707079,1.0284518828451883,1.0548489666136724,1.2349930200093069,0.92740995,-17.625944471688285,-9.33177839603571,8.294166075652575,0,21.48208712561321,80.49951483016912,"{""type"":""MultiPoint"",""coordinates"":[]}",ARCHAEAN,,AMGAON GNEISSIC COMPLEX,,GRANITE GNEISS/MIGMATITE,,ARCHAEAN-GRANITE-GNEISS-MIGMATITE
2_202_0,180.0,1696.0,895.0,380.0,574.0,508.0,898.0,1901.0,2240.0,2322.0,2493.0,463409.5000105199,455,0.6409894,4.570866141732283,0.8850174216027874,0.7304048234280792,1.894972067039106,22.032898,-14.471525191234528,-8.53917380044992,5.932351390784607,0,21.7556241296276,80.41920544376885,"{""type"":""MultiPoint"",""coordinates"":[]}",ARCHAEAN,,AMGAON GNEISSIC COMPLEX,,GRANITE GNEISS/MIGMATITE,,ARCHAEAN-GRANITE-GNEISS-MIGMATITE
2_203_0,186.84831,3125.0,2147.0,596.0,786.0,939.0,1354.0,1998.0,2290.0,2509.0,2609.0,463409.5000105199,639,0.45533642,2.671991480298189,1.1946564885496185,1.245516141889199,1.455519329296693,8.347829,-15.39036897395566,-8.936936717676785,6.453432256278875,0,22.30620156726446,80.77898071505871,"{""type"":""MultiPoint"",""coordinates"":[]}",PALAEOPROTEROZOIC,,SAUSAR,LOHANGI ( INCLUDES UTEKATA),MARBLE,,PALAEOPROTEROZOIC-MARBLE
2_204_0,180.0,3314.0,2492.0,901.0,1163.0,1503.0,1896.5,2257.0,2519.8,2599.0,2792.0,463409.5000105199,290,0.26718673,1.729208250166334,1.292347377472055,1.275105809926895,1.3298555377207062,2.7802885,-18.040748644590025,-11.17587728009718,6.864871364492844,0,21.631926115004344,80.32488233893629,"{""type"":""MultiPoint"",""coordinates"":[]}",CENOZOIC,,,,LATERITE,,CENOZOIC-LATERITE
2_205_0,100.514824,2836.5,1862.5,518.0,738.0,778.5,1379.0,2003.0,2223.5,2490.5,2598.5,463409.5000105199,548,0.52370757,3.199100834938985,1.054878048780488,1.138927926119253,1.5229530201342285,5.0691557,-15.101844347579153,-7.888244699194072,7.213599648385081,0,21.86962033918237,79.79074407099883,"{""type"":""MultiPoint"",""coordinates"":[]}",ARCHAEAN,,TIRODI GNEISSIC COMPLEX,,GNEISS/MIGMATITE,,ARCHAEAN-GNEISS-MIGMATITE
2_206_0,151.74937,3473.0,2586.0,919.0,1183.0,1446.0,1881.0,2341.0,2593.0,2727.0,2926.0,463409.5000105199,299,0.3069734,1.8858921161825728,1.2223161453930684,1.2735606894022735,1.343000773395205,2.1048675,-18.5021615069421,-10.788288119408222,7.71387338753388,0,21.48397358770986,80.297124396657,"{""type"":""MultiPoint"",""coordinates"":[]}",ARCHAEAN,,AMGAON GNEISSIC COMPLEX,,GRANITE GNEISS/MIGMATITE,,ARCHAEAN-GRANITE-GNEISS-MIGMATITE
2_208_0,312.8308,2806.0,2010.0,540.0,754.0,849.0,1341.0,1923.0,2136.0,2362.0,2552.0,463409.5000105199,528,0.47119278,2.7820965842167253,1.1259946949602122,1.1879762912785774,1.3960199004975125,2.7265139,-16.72307868984999,-9.47236404588982,7.250714643960173,0,22.026735682374877,79.8395225909265,"{""type"":""MultiPoint"",""coordinates"":[]}",ARCHAEAN,,TIRODI GNEISSIC COMPLEX,,GNEISS/MIGMATITE,,ARCHAEAN-GNEISS-MIGMATITE
2_210_0,208.29147,1985.0,1141.5,514.0,713.5,684.5,1082.5,2057.0,2348.5,2572.0,2770.5,463409.5000105199,320,0.57961,3.757487216946677,0.959355290819902,0.7717729393468118,1.738939991239597,4.205675,-14.506221382605696,-7.8974914391619855,6.608729943443709,0,21.73110012237114,80.45855165321328,"{""type"":""MultiPoint"",""coordinates"":[]}",ARCHAEAN,,AMGAON GNEISSIC COMPLEX,,AMPHIBOLITE,,ARCHAEAN-AMPHIBOLITE
2_211_0,180.0,3084.0,2349.5,635.0,789.5,934.0,1281.0,1702.0,1874.5,2014.5,2247.0,463409.5000105199,521,0.36645752,2.156852248394004,1.1830272324255855,1.5309009679821295,1.3126197063204936,3.7047918,-14.907389390944328,-8.039932163093003,6.867457227851325,0,22.357944527629744,79.67108847515411,"{""type"":""MultiPoint"",""coordinates"":[]}",LATE CRETACEOUS - PALAEOCENE,DECCAN TRAP,AMARKANTAK,DHUMA,BASALT,,LATE-CRETACEOUS-PALAEOCENE-BASALT
2_212_0,270.0,5982.0,5726.0,1794.5,2467.5,3223.0,3637.5,3764.5,3977.0,4054.5,4216.0,3415.75760264103,291,0.11425627,1.2579894508222154,1.3061803444782167,1.4753977062523125,1.044708347886832,0.9974238,-27.676676343890364,-14.245214287815225,13.43146205607514,0,21.59743080809416,79.7274128434684,"{""type"":""MultiPoint"",""coordinates"":[]}",ARCHAEAN,,TIRODI GNEISSIC COMPLEX,,GNEISS/MIGMATITE,,ARCHAEAN-GNEISS-MIGMATITE
2_213_0,19.75939,1956.0,1016.0,398.0,596.0,494.0,969.0,2038.0,2459.0,2722.0,2681.0,463409.5000105199,491,0.6927861,5.510121457489879,0.8288590604026845,0.7185892725936811,1.9251968503937007,2.9539328,-15.03589067168513,-8.854475262123945,6.181415409561186,0,21.88525102512605,79.86674154403534,"{""type"":""MultiPoint"",""coordinates"":[]}",ARCHAEAN,,TIRODI GNEISSIC COMPLEX,,GNEISS/MIGMATITE,,ARCHAEAN-GNEISS-MIGMATITE
2_214_0,-0.0,2393.0,1569.0,577.0,776.5,805.5,1367.5,2166.0,2412.5,2645.5,2729.0,463409.5000105199,335,0.5331788,3.2842954686530104,1.037347070186735,0.9045549045549044,1.5251752708731676,1.8543341,-14.554098334715423,-7.672463825668253,6.88163450904717,0,21.797665284924395,79.89827241050793,"{""type"":""MultiPoint"",""coordinates"":[]}",PALAEOPROTEROZOIC,,SAUSAR,LOHANGI ( INCLUDES UTEKATA),CALC GNEISS,,PALAEOPROTEROZOIC-CALC-GNEISS
2_215_0,312.92752,3149.0,2271.0,824.0,1070.0,1285.0,1672.0,2246.0,2524.0,2590.0,2844.0,463409.5000105199,303,0.3367742,2.0155642023346303,1.2009345794392523,1.215830115830116,1.3866138265081462,1.361553,-17.454020612280154,-10.489108050972572,6.964912561307582,0,21.541375934365096,80.26397656267298,"{""type"":""MultiPoint"",""coordinates"":[]}",ARCHAEAN,,AMGAON GNEISSIC COMPLEX,,GRANITE GNEISS/MIGMATITE,,ARCHAEAN-GRANITE-GNEISS-MIGMATITE
2_216_0,304.83737,1639.0,761.0,418.0,591.0,469.0,989.0,2232.0,2523.0,2628.0,2805.0,2623.756848490348,482,0.69712627,5.603411513859276,0.7935702199661591,0.6236681887366818,2.1537450722733245,9.64944,-15.219430539842689,-8.688073786765713,6.531356753076974,0,21.877705176739447,80.31167710425973,"{""type"":""MultiPoint"",""coordinates"":[]}",ARCHAEAN,,TIRODI GNEISSIC COMPLEX,,GNEISS/MIGMATITE,,ARCHAEAN-GNEISS-MIGMATITE
2_217_0,340.19858,2726.5,2245.0,1044.0,1341.5,1607.0,1933.0,2245.5,2417.5,2463.5,2534.5,463409.5000105199,573,0.2104164,1.5329807093963908,1.1979127841967947,1.106758676679521,1.2144766146993318,5.893789,-17.10765054321295,-8.015655612558648,9.091994930654304,0,22.2110699786762,79.51020020776829,"{""type"":""MultiPoint"",""coordinates"":[]}",LATE CRETACEOUS - PALAEOCENE,DECCAN TRAP,AMARKANTAK,DHUMA,BASALT,,LATE-CRETACEOUS-PALAEOCENE-BASALT
2_218_0,126.53599,2280.0,1443.5,542.0,735.5,725.5,1182.5,1953.0,2217.0,2457.5,2491.0,463409.5000105199,367,0.54414076,3.387319090282564,0.9864038069340584,0.9277721261444556,1.5794942847246276,6.207401,-13.689761932750812,-7.48296606329339,6.206795869457422,0,22.155015104947143,80.13192421590742,"{""type"":""MultiPoint"",""coordinates"":[]}",ARCHAEAN,,TIRODI GNEISSIC COMPLEX,,GNEISS/MIGMATITE,,ARCHAEAN-GNEISS-MIGMATITE
2_219_0,90.0,1609.0,851.0,371.0,499.0,431.0,858.0,1737.0,2028.0,2226.0,2326.0,2791.003403795846,542,0.67557395,5.164733178654292,0.8637274549098196,0.7228212039532794,1.890716803760282,2.9962485,-13.977317267337394,-8.175962795413454,5.80135447192394,0,21.904654635263032,79.91713703147444,"{""type"":""MultiPoint"",""coordinates"":[]}",ARCHAEAN,,TIRODI GNEISSIC COMPLEX,,GNEISS/MIGMATITE,,ARCHAEAN-GNEISS-MIGMATITE
2_220_0,324.21002,2418.5,1492.0,591.5,809.0,795.5,1262.5,2074.5,2337.0,2485.0,2589.5,463409.5000105199,530,0.515013,3.123821495914519,0.9833127317676144,0.9732394366197183,1.6209785522788205,3.4261234,-15.59445944956577,-8.65409535046593,6.94036409909984,0,22.377348137766724,79.51046970235353,"{""type"":""MultiPoint"",""coordinates"":[]}",LATE CRETACEOUS - PALAEOCENE,DECCAN TRAP,AMARKANTAK,DHUMA,BASALT,,LATE-CRETACEOUS-PALAEOCENE-BASALT
2_221_0,208.39111,2876.0,1854.0,537.0,743.0,929.0,1244.0,1765.0,1979.0,2208.0,2314.0,463409.5000105199,586,0.40771437,2.3767491926803013,1.250336473755047,1.302536231884058,1.5512405609492987,4.2096076,-17.280232336106625,-11.486634393132595,5.793597942974028,0,22.32048478028196,80.63722656322464,"{""type"":""MultiPoint"",""coordinates"":[]}",PALAEOPROTEROZOIC,,SAUSAR,JUNEWANI,GREY & PINK GNEISS/QTZ-BIOTITE-SILLIMANITE GNEISS,,PALAEOPROTEROZOIC-GREY-PINK-GNEISS-QTZ-BIOTITE-SILLIMANITE-GNEISS
2_222_0,207.4295,2005.0,994.0,542.0,754.0,635.0,1177.0,2251.0,2602.0,2669.0,2945.0,2730.805741901097,477,0.61561745,4.203149606299212,0.8421750663129973,0.7512176845260398,2.017102615694165,26.217,-13.860755060349508,-7.524931617841974,6.335823442507534,0,21.92055481579195,80.2475373929736,"{""type"":""MultiPoint"",""coordinates"":[]}",PALAEOPROTEROZOIC,,SAUSAR,MANSAR,PHYLLITE,,PALAEOPROTEROZOIC-PHYLLITE
2_223_0,280.48914,2895.5,2192.5,631.5,832.0,949.0,1272.5,1947.5,2178.0,2405.5,2503.5,463409.5000105199,576,0.43419287,2.5347734457323496,1.140625,1.203699854500104,1.3206385404789054,5.081365,-17.9302540610415,-10.78323581783332,7.14701824320818,0,22.22373622418229,80.37824226681299,"{""type"":""MultiPoint"",""coordinates"":[]}",ARCHAEAN,,TIRODI GNEISSIC COMPLEX,,GNEISS/MIGMATITE,,ARCHAEAN-GNEISS-MIGMATITE
2_224_0,180.0,1947.0,1359.0,525.0,681.5,874.0,1151.5,1670.5,1857.0,1868.5,2026.0,463409.5000105199,516,0.36262533,2.1378718535469106,1.2824651504035216,1.042012309339042,1.4326710816777042,4.6273675,-16.595022169348656,-8.667735726645628,7.927286442703028,0,22.399985682926538,79.701810857871,"{""type"":""MultiPoint"",""coordinates"":[]}",LATE CRETACEOUS - PALAEOCENE,DECCAN TRAP,AMARKANTAK,DHUMA,BASALT,,LATE-CRETACEOUS-PALAEOCENE-BASALT
2_225_0,90.0,3313.0,2257.0,748.8571428571429,988.5,1081.3333333333333,1577.0,2333.0,2678.0,2806.75,3032.6666666666665,463409.5000105199,286,0.4437705,2.595638101109741,1.093913336705446,1.1803687538968557,1.467877713779353,0.99756557,-17.277680164290274,-9.564658574596011,7.713021589694261,0,21.61818189115732,80.28338017280997,"{""type"":""MultiPoint"",""coordinates"":[]}",CENOZOIC,,,,LATERITE,,CENOZOIC-LATERITE
2_227_0,180.0,2207.5,1165.5,433.0,569.0,610.0,1079.0,1887.0,2213.0,2447.5,2518.5,463409.5000105199,389,0.6009812,4.012295081967213,1.0720562390158173,0.90194075587334,1.894036894036894,3.7047918,-13.4608060261996,-8.728056133580848,4.732749892618752,0,21.774488750594116,79.64656446789763,"{""type"":""MultiPoint"",""coordinates"":[]}",ARCHAEAN,,TIRODI GNEISSIC COMPLEX,,GNEISS/MIGMATITE,,ARCHAEAN-GNEISS-MIGMATITE
2_228_0,-0.0,2530.0,1979.0,739.0,959.0,1313.0,1735.0,2297.0,2441.0,2569.0,2765.0,463409.5000105199,637,0.32354456,1.9565879664889565,1.3691345151199166,0.9848189957181784,1.278423446184942,0.92740995,-18.59547216567865,-11.864785658073098,6.730686507605556,0,21.930526115445677,79.5484684388718,"{""type"":""MultiPoint"",""coordinates"":[]}",CENOZOIC,,,,LATERITE,,CENOZOIC-LATERITE
2_229_0,270.0,2426.0,1472.0,677.0,927.0,974.5,1448.5,2374.5,2696.5,2806.0,2986.0,463409.5000105199,295,0.48445973,2.879425346331452,1.0512405609492987,0.864575908766928,1.6480978260869563,1.9909697,-17.574511923826062,-9.162815741243527,8.411696182582535,0,21.358119616404714,79.53634118253618,"{""type"":""MultiPoint"",""coordinates"":[]}",ARCHAEAN,,TIRODI GNEISSIC COMPLEX,,GNEISS/MIGMATITE,,ARCHAEAN-GNEISS-MIGMATITE
2_230_0,215.75003,1613.0,845.5,478.0,613.5,662.5,1054.0,1807.5,2115.5,2276.5,2399.0,463409.5000105199,388,0.5491664,3.43622641509434,1.0798696006519968,0.7085438172633428,1.907746895328208,3.4244075,-14.508881229194506,-7.972542361645155,6.53633886754935,0,22.171723769231765,80.13246320507788,"{""type"":""MultiPoint"",""coordinates"":[]}",ARCHAEAN,,TIRODI GNEISSIC COMPLEX,,GNEISS/MIGMATITE,,ARCHAEAN-GNEISS-MIGMATITE
2_231_0,121.76635,1471.0,733.0,342.0,467.0,446.0,822.0,1696.0,1996.0,2113.0,2237.0,463409.5000105199,534,0.6514263,4.737668161434978,0.9550321199143468,0.6961665877898722,2.006821282401092,13.819708,-14.266825460257117,-6.531961153240089,7.734864307017026,0,21.74834777582624,80.72966320596055,"{""type"":""MultiPoint"",""coordinates"":[]}",PALAEOPROTEROZOIC - MESOPROTEROZOIC,,KHAIRAGARH,SITAGOTA,BASALT,,PALAEOPROTEROZOIC-MESOPROTEROZOIC-BASALT
2_232_0,124.7749,2654.0,2171.5,902.0,1109.0,1359.5,1578.0,1961.0,2072.0,2109.0,2291.5,463409.5000105199,602,0.21608764,1.5513056270687753,1.2258791704238052,1.25841631104789,1.222196638268478,4.866765,-15.23751016779693,-6.608259228099099,8.629250939697831,0,22.207027559897664,79.58808414290147,"{""type"":""MultiPoint"",""coordinates"":[]}",LATE CRETACEOUS - PALAEOCENE,DECCAN TRAP,AMARKANTAK,PIPARDAHI,BASALT,,LATE-CRETACEOUS-PALAEOCENE-BASALT
2_233_0,65.139786,1938.5,1101.5,418.5,561.0,582.0,1037.5,1792.0,2057.0,2149.5,2296.5,463409.5000105199,512,0.5738605,3.693298969072165,1.0374331550802138,0.9018376366596884,1.7598729005901044,2.20509,-14.834337831816736,-7.4188256457164705,7.4155121861002655,0,22.07659218064351,79.83979208551175,"{""type"":""MultiPoint"",""coordinates"":[]}",ARCHAEAN,,TIRODI GNEISSIC COMPLEX,,GNEISS/MIGMATITE,,ARCHAEAN-GNEISS-MIGMATITE
2_234_0,151.64838,2508.5,1728.5,538.5,752.5,862.5,1259.0,1932.0,2240.5,2304.5,2476.5,463409.5000105199,561,0.4553205,2.6718840579710146,1.1461794019933556,1.0885224560642222,1.4512583164593578,6.2979555,-15.309892381616542,-9.431195875217878,5.878696506398665,0,22.089258426149595,80.7353225922505,"{""type"":""MultiPoint"",""coordinates"":[]}",PALAEOPROTEROZOIC,,,,GRANITE,MALANJKHAND GRANITE,PALAEOPROTEROZOIC-GRANITE
2_235_0,294.97488,2866.0,1991.0,688.0,962.0,1066.0,1581.0,2213.0,2446.0,2530.0,2721.0,463409.5000105199,278,0.40711904,2.373358348968105,1.108108108108108,1.1328063241106718,1.4394776494224009,2.1956198,-17.289201559584335,-10.84321500954469,6.445986550039645,0,21.322546331153585,79.88129425163807,"{""type"":""MultiPoint"",""coordinates"":[]}",ARCHAEAN,,AMGAON GNEISSIC COMPLEX,,GRANITE GNEISS/MIGMATITE,,ARCHAEAN-GRANITE-GNEISS-MIGMATITE
2_236_0,-0.0,1957.0,1194.0,440.5,532.5,519.5,950.5,1748.0,2043.0,2157.0,2360.0,463409.5000105199,588,0.61180645,4.152069297401347,0.975586854460094,0.9072786277236904,1.6390284757118927,0.92740995,-14.42251616527458,-7.562752663930344,6.859763501344237,0,21.887945970978407,79.64413901663052,"{""type"":""MultiPoint"",""coordinates"":[]}",ARCHAEAN,,TIRODI GNEISSIC COMPLEX,,GNEISS/MIGMATITE,,ARCHAEAN-GNEISS-MIGMATITE
2_237_0,180.0,2848.625,1969.25,667.9333333333333,922.4285714285714,1003.7777777777778,1438.0,2094.1666666666665,2361.0,2442.0,2656.75,463409.5000105199,304,0.41738683,2.4328093867611247,1.0881902500301135,1.166513104013104,1.4465532563158563,1.8543341,-15.795630006571852,-9.486969163475294,6.308660843096558,0,21.66210950855076,79.96591555140213,"{""type"":""MultiPoint"",""coordinates"":[]}",ARCHAEAN,,TIRODI GNEISSIC COMPLEX,,GNEISS/MIGMATITE,,ARCHAEAN-GNEISS-MIGMATITE
2_238_0,17.069448,1852.0,938.0,304.0,460.0,387.0,923.0,2026.0,2495.0,2604.0,2773.0,463409.5000105199,655,0.7412237,6.728682170542636,0.841304347826087,0.7112135176651305,1.974413646055437,13.336997,-13.5251975874512,-7.234378580654296,6.290819006796903,0,21.4880160064884,80.69867132865842,"{""type"":""MultiPoint"",""coordinates"":[]}",PALAEOPROTEROZOIC - MESOPROTEROZOIC,,KHAIRAGARH,KARUTOLA,SANDSTONE,,PALAEOPROTEROZOIC-MESOPROTEROZOIC-SANDSTONE
2_239_0,90.0,1909.5,998.0,466.5,695.5,523.6,1104.0,2378.0,2821.5,2794.0,3048.0,463409.5000105199,278,0.68435013,5.336134453781512,0.7528396836808052,0.683428775948461,1.9133266533066131,2.9880857,-14.47999167648113,-8.634769446183075,5.845222230298056,0,21.51146203540392,80.08072024471261,"{""type"":""MultiPoint"",""coordinates"":[]}",ARCHAEAN,,AMGAON GNEISSIC COMPLEX,,GRANITE GNEISS/MIGMATITE,,ARCHAEAN-GRANITE-GNEISS-MIGMATITE
2_240_0,220.80734,1992.0,1120.0,509.0,677.0,613.0,1072.5,1775.5,2081.75,2295.5,2333.0,463409.5000105199,337,0.5784769,3.744698205546493,0.9054652880354506,0.8677847963406665,1.7785714285714285,6.10362,-14.439209767158658,-7.827525673162569,6.6116840939960895,0,22.093839834098603,80.07856428803072,"{""type"":""MultiPoint"",""coordinates"":[]}",ARCHAEAN,,TIRODI GNEISSIC COMPLEX,,GNEISS/MIGMATITE,,ARCHAEAN-GNEISS-MIGMATITE
2_241_0,111.694176,2022.5,1239.0,400.5,556.5,490.0,904.0,1667.5,1878.5,2040.5,2118.0,463409.5000105199,521,0.6127248,4.164285714285715,0.8805031446540881,0.9911786326880666,1.632364810330912,7.484407,-12.201771582664373,-6.48898599188234,5.712785590782031,0,21.83296907559029,79.7034278253824,"{""type"":""MultiPoint"",""coordinates"":[]}",ARCHAEAN,,TIRODI GNEISSIC COMPLEX,,GNEISS/MIGMATITE,,ARCHAEAN-GNEISS-MIGMATITE
2_242_0,321.05814,1852.0,986.5,450.5,626.5,474.5,1078.5,2059.0,2398.0,2557.5,2657.5,463409.5000105199,581,0.6870053,5.389884088514226,0.7573822825219473,0.7241446725317693,1.877344145970603,4.758941,-15.60259883935695,-8.384605272609907,7.217993566747044,0,21.85991853411388,79.55466681433221,"{""type"":""MultiPoint"",""coordinates"":[]}",ARCHAEAN,,TIRODI GNEISSIC COMPLEX,,GNEISS/MIGMATITE,,ARCHAEAN-GNEISS-MIGMATITE
2_243_0,15.040466,2401.0,1470.0,475.0,670.0,630.0,1121.0,1867.0,2166.0,2320.0,2409.0,463409.5000105199,361,0.57288134,3.6825396825396814,0.9402985074626866,1.0349137931034482,1.6333333333333333,3.835824,-15.393760043832946,-6.922937179288267,8.47082286454468,0,21.50526365994349,79.56329064105977,"{""type"":""MultiPoint"",""coordinates"":[]}",ARCHAEAN,,TIRODI GNEISSIC COMPLEX,,GNEISS/MIGMATITE,,ARCHAEAN-GNEISS-MIGMATITE
2_244_0,114.955826,2457.0,1753.0,665.0,975.0,1173.0,1465.0,1980.0,2182.0,2149.0,2426.0,463409.5000105199,305,0.29379892,1.832054560954817,1.2030769230769232,1.1433224755700326,1.401597261836851,2.197188,-17.706479293258276,-10.314538965023168,7.391940328235108,0,21.449747775384907,80.47849425252073,"{""type"":""MultiPoint"",""coordinates"":[]}",ARCHAEAN,,AMGAON GNEISSIC COMPLEX,,GRANITE GNEISS/MIGMATITE,,ARCHAEAN-GRANITE-GNEISS-MIGMATITE
2_245_0,90.0,2217.0,1554.0,712.0,929.0,994.0,1404.0,1959.0,2201.0,2302.0,2390.0,463409.5000105199,284,0.39684466,2.3158953722334004,1.069967707212056,0.9630755864465682,1.4266409266409266,2.9897597,-15.258622517530345,-8.675039859517067,6.5835826580132775,0,21.592849400145145,80.13246320507788,"{""type"":""MultiPoint"",""coordinates"":[]}",ARCHAEAN,,AMGAON GNEISSIC COMPLEX,,GRANITE GNEISS/MIGMATITE,,ARCHAEAN-GRANITE-GNEISS-MIGMATITE
2_246_0,347.81564,1734.5,853.5,339.5,525.5,402.0,848.5,2057.0,2479.0,2599.0,2719.5,463409.5000105199,792,0.7320893,6.465174129353234,0.7649857278782112,0.6673720661792998,2.0322202694786173,9.40331,-13.819847073505985,-7.575117177207958,6.244729896298026,0,22.140731891929644,80.77386031793922,"{""type"":""MultiPoint"",""coordinates"":[]}",LATE CRETACEOUS - PALAEOCENE,DECCAN TRAP,AMARKANTAK,LINGA,BASALT,,LATE-CRETACEOUS-PALAEOCENE-BASALT
2_247_0,208.27861,2788.6666666666665,1982.0,689.0,878.8571428571429,1012.0,1395.5,1949.0,2194.0,2239.0,2462.0,463409.5000105199,286,0.37742233,2.2124505928853755,1.1514954486345903,1.2454965014143218,1.406996300033636,2.1054199,-16.48744386290869,-10.479496322282884,6.007947540625807,0,21.653485681823213,80.22975075034803,"{""type"":""MultiPoint"",""coordinates"":[]}",ARCHAEAN,,TIRODI GNEISSIC COMPLEX,,GNEISS/MIGMATITE,,ARCHAEAN-GNEISS-MIGMATITE
2_248_0,-0.0,3134.0,2260.5,739.5,982.5,1120.0,1566.0,2174.0,2413.0,2448.5,2750.5,463409.5000105199,310,0.37228528,2.1861607142857142,1.1399491094147582,1.2799673269348582,1.3864189338641892,0.92740995,-16.373784347576056,-9.287867410838098,7.0859169367379575,0,21.741071422024863,79.95836970301552,"{""type"":""MultiPoint"",""coordinates"":[]}",ARCHAEAN,,TIRODI GNEISSIC COMPLEX,,GNEISS/MIGMATITE,,ARCHAEAN-GNEISS-MIGMATITE
2_249_0,180.0,2534.5,1770.5,572.5,787.5,871.5,1229.0,2074.0,2428.5,2550.0,2736.5,463409.5000105199,556,0.4905743,2.9259896729776247,1.106666666666667,0.993921568627451,1.4315165207568483,5.547545,-15.530917229702402,-8.653882899393349,6.877034330309053,0,22.24152286680785,80.52349984825511,"{""type"":""MultiPoint"",""coordinates"":[]}",PALAEOPROTEROZOIC,,SAUSAR,JUNEWANI,GREY & PINK GNEISS/QTZ-BIOTITE-SILLIMANITE GNEISS,,PALAEOPROTEROZOIC-GREY-PINK-GNEISS-QTZ-BIOTITE-SILLIMANITE-GNEISS
2_250_0,337.14304,1668.0,803.0,509.0,668.0,558.0,1014.0,2110.0,2523.0,2746.0,2776.0,463409.5000105199,557,0.66222763,4.921146953405018,0.8353293413173652,0.607428987618354,2.0772104607721045,22.000946,-15.356773347391906,-8.435807987728857,6.9209653596630485,0,21.8300046351527,80.49897584099865,"{""type"":""MultiPoint"",""coordinates"":[]}",ARCHAEAN,,AMGAON GNEISSIC COMPLEX,,GRANITE GNEISS/MIGMATITE,,ARCHAEAN-GRANITE-GNEISS-MIGMATITE
2_251_0,238.16441,3735.0,2738.0,898.0,1203.0,1510.0,1972.0,2470.0,2676.0,2804.0,2999.0,463409.5000105199,275,0.29995364,1.856953642384106,1.255195344970906,1.3320256776034236,1.3641344046749453,3.5122569,-18.70172699974461,-11.324081295070014,7.377645704674597,0,21.357041638063773,79.83359371005132,"{""type"":""MultiPoint"",""coordinates"":[]}",ARCHAEAN,,AMGAON GNEISSIC COMPLEX,,GRANITE GNEISS/MIGMATITE,,ARCHAEAN-GRANITE-GNEISS-MIGMATITE
2_252_0,326.089,1860.0,856.0,328.0,504.0,425.0,971.0,1977.0,2349.0,2498.0,2608.0,463409.5000105199,695,0.7092029,5.87764705882353,0.8432539682539683,0.7445956765412329,2.1728971962616823,17.332573,-17.6348486390511,-11.402009915556825,6.232838723494277,0,21.61009705360024,80.56446302521097,"{""type"":""MultiPoint"",""coordinates"":[]}",ARCHAEAN,,AMGAON GNEISSIC COMPLEX,,GRANITE GNEISS/MIGMATITE,,ARCHAEAN-GRANITE-GNEISS-MIGMATITE
2_253_0,287.1668,1838.0,1131.5,408.5,609.0,547.5,996.5,2015.0,2288.5,2463.0,2627.0,463409.5000105199,577,0.636273,4.498630136986302,0.8990147783251231,0.7462444173771823,1.6243923994697305,3.1392453,-15.00854854215012,-7.681248176915229,7.327300365234892,0,22.06608189181931,80.79568937934333,"{""type"":""MultiPoint"",""coordinates"":[]}",PALAEOPROTEROZOIC - MESOPROTEROZOIC,,CHILPI,,SLATY SHALE,,PALAEOPROTEROZOIC-MESOPROTEROZOIC-SLATY-SHALE
2_254_0,270.0,2761.0,1801.0,625.3333333333334,910.3333333333334,883.5,1456.0,2354.0,2682.0,2792.0,2950.5,463409.5000105199,279,0.5192491,3.1601584606677986,0.970523617722446,0.988896848137536,1.5330372015546918,0.99744296,-16.300186287153394,-9.43083133635397,6.8693549507994245,0,21.60039524853175,80.12006645415704,"{""type"":""MultiPoint"",""coordinates"":[]}",ARCHAEAN,,TIRODI GNEISSIC COMPLEX,,GNEISS/MIGMATITE,,ARCHAEAN-GNEISS-MIGMATITE
2_255_0,208.23853,2125.0,1430.0,726.0,924.0,1003.0,1463.0,1982.0,2254.0,2272.0,2423.0,463409.5000105199,310,0.3874809,2.2652043868394816,1.0854978354978355,0.935299295774648,1.486013986013986,2.104629,-17.93927876637754,-10.750127842733155,7.189150923644384,0,21.410132071355235,80.51864894572087,"{""type"":""MultiPoint"",""coordinates"":[]}",ARCHAEAN,,AMGAON GNEISSIC COMPLEX,,GRANITE GNEISS/MIGMATITE,,ARCHAEAN-GRANITE-GNEISS-MIGMATITE
2_256_0,180.0,2442.5,1685.5,594.5,799.0,935.0,1335.0,1924.0,2202.0,2288.0,2419.0,463409.5000105199,512,0.41979522,2.447058823529412,1.1702127659574468,1.0675262237762235,1.4491248887570454,2.7802885,-16.7181011748853,-9.409133023610291,7.308968151275009,0,22.05179867880181,79.81823251869288,"{""type"":""MultiPoint"",""coordinates"":[]}",ARCHAEAN,,TIRODI GNEISSIC COMPLEX,,GNEISS/MIGMATITE,,ARCHAEAN-GNEISS-MIGMATITE
2_257_0,180.0,1478.0,780.0,410.1428571428572,545.75,476.0,809.6666666666666,1912.0,2251.0,2421.0,2475.0,463409.5000105199,366,0.6713842,5.086134453781512,0.8721942281264315,0.610491532424618,1.8948717948717948,0.92740995,-14.929105647682515,-8.387906130947995,6.5411995167345225,0,21.64674831719232,80.66794894594153,"{""type"":""MultiPoint"",""coordinates"":[]}",PALAEOPROTEROZOIC - MESOPROTEROZOIC,,KHAIRAGARH,SITAGOTA,BASALT,,PALAEOPROTEROZOIC-MESOPROTEROZOIC-BASALT
2_258_0,270.0,1861.5,1311.0,653.5,794.0,859.0,1117.5,1852.5,2114.5,2099.5,2232.5,463409.5000105199,489,0.41930032,2.4441210710128054,1.0818639798488665,0.8866396761133604,1.419908466819222,2.0052989,-17.773110544143044,-10.354484690279955,7.418625853863089,0,22.382468534886204,79.7387316160483,"{""type"":""MultiPoint"",""coordinates"":[]}",LATE CRETACEOUS - PALAEOCENE,DECCAN TRAP,AMARKANTAK,DHUMA,BASALT,,LATE-CRETACEOUS-PALAEOCENE-BASALT
2_259_0,312.95303,2172.0,1624.0,874.3333333333334,1114.5,1164.25,1432.0,2002.0,2218.0,2202.0,2395.0,463409.5000105199,360,0.30828074,1.891346360317801,1.044638851502916,0.9863760217983653,1.3374384236453205,8.112302,-16.4349153426331,-10.75972401828984,5.6751913243432615,0,21.411479544281416,80.1114426274295,"{""type"":""MultiPoint"",""coordinates"":[]}",PALAEOPROTEROZOIC,,SAKOLI,GAIKHURI,PHYLLITE,,PALAEOPROTEROZOIC-PHYLLITE
2_260_0,-0.0,2128.0,1278.0,599.0,852.0,863.0,1342.0,2108.0,2411.0,2472.0,2647.0,2812.7744310555727,272,0.48245877,2.864426419466976,1.0129107981220655,0.86084142394822,1.6651017214397497,0.92740995,-17.496108217018776,-10.63271481787867,6.863393399140106,0,21.390458966633016,79.71986699508179,"{""type"":""MultiPoint"",""coordinates"":[]}",ARCHAEAN,,TIRODI GNEISSIC COMPLEX,,GNEISS/MIGMATITE,,ARCHAEAN-GNEISS-MIGMATITE
2_261_0,76.91178,1813.0,1023.0,359.0,547.0,448.0,872.0,1861.0,2266.0,2362.0,2498.0,463409.5000105199,381,0.6811388,5.272321428571429,0.8190127970749543,0.7675698560541914,1.772238514173998,19.668072,-10.75726806120226,-3.7634890616561862,6.993778999546074,0,21.571020338741043,80.63776555239512,"{""type"":""MultiPoint"",""coordinates"":[]}",ARCHAEAN,,AMGAON GNEISSIC COMPLEX,,GRANITE GNEISS/MIGMATITE,,ARCHAEAN-GRANITE-GNEISS-MIGMATITE
2_262_0,90.0,4008.0,3100.0,984.0,1278.0,1649.0,2038.0,2373.0,2597.0,2711.0,2965.0,463409.5000105199,294,0.24357799,1.6440266828380836,1.2902973395931143,1.4784212467724087,1.2929032258064517,2.989565,-21.4477534775806,-12.588865035739108,8.85888844184149,0,21.58341708966189,80.17127042535185,"{""type"":""MultiPoint"",""coordinates"":[]}",ARCHAEAN,,AMGAON GNEISSIC COMPLEX,,GRANITE GNEISS/MIGMATITE,,ARCHAEAN-GRANITE-GNEISS-MIGMATITE
2_263_0,312.92554,2215.0,1412.5,700.5,876.5,780.0,1273.5,1791.5,2031.0,1986.5,2124.0,463409.5000105199,344,0.43611062,2.546794871794872,0.8899030233884769,1.1150264283916436,1.568141592920354,5.4311132,-16.789986727078663,-11.405893112260443,5.384093614818218,0,21.551347234018824,79.52097999117773,"{""type"":""MultiPoint"",""coordinates"":[]}",ARCHAEAN,,TIRODI GNEISSIC COMPLEX,,GNEISS/MIGMATITE,,ARCHAEAN-GNEISS-MIGMATITE
2_264_0,238.28484,1633.0,796.5,352.0,514.5,437.0,835.0,1783.0,2137.5,2347.5,2341.5,1280.8200498118383,457,0.6861196,5.371853546910756,0.8493683187560739,0.6956336528221512,2.0502197112366605,7.021862,-17.250009610876745,-10.517969451554285,6.732040159322462,0,22.0329340578353,80.2437644687803,"{""type"":""MultiPoint"",""coordinates"":[]}",PALAEOPROTEROZOIC,,SAUSAR,JUNEWANI,GREY & PINK GNEISS/QTZ-BIOTITE-SILLIMANITE GNEISS,,PALAEOPROTEROZOIC-GREY-PINK-GNEISS-QTZ-BIOTITE-SILLIMANITE-GNEISS
2_265_0,312.974,2057.5,1304.5,610.0,881.5,947.0,1391.5,2093.5,2269.5,2288.5,2401.0,463409.5000105199,255,0.41461906,2.4165786694825764,1.0743051616562678,0.8990605199912607,1.577232656190111,1.3603677,-18.2612134492994,-10.183903702349316,8.077309746950082,0,21.303951204772307,79.76271663413429,"{""type"":""MultiPoint"",""coordinates"":[]}",ARCHAEAN,,AMGAON GNEISSIC COMPLEX,,GRANITE GNEISS/MIGMATITE,,ARCHAEAN-GRANITE-GNEISS-MIGMATITE
2_266_0,137.72414,1700.0,856.0,330.0,562.0,405.0,925.0,2019.0,2489.0,2570.0,2686.0,463409.5000105199,632,0.7277311,6.345679012345679,0.7206405693950177,0.6614785992217899,1.985981308411215,15.876422,-11.617191417015713,-5.52903265409312,6.088158762922591,0,21.456215645430568,80.66471501091871,"{""type"":""MultiPoint"",""coordinates"":[]}",PALAEOPROTEROZOIC - MESOPROTEROZOIC,,KHAIRAGARH,SITAGOTA,BASALT,,PALAEOPROTEROZOIC-MESOPROTEROZOIC-BASALT
2_267_0,215.6957,1855.5,982.5,380.0,477.5,441.0,888.0,1639.5,1876.5,2073.0,2217.5,463409.5000105199,583,0.6491647,4.700680272108843,0.9235602094240838,0.8950795947901592,1.8885496183206107,3.422078,-15.500467912373743,-8.463318530388937,7.037149381984806,0,21.888215465563643,79.6748613993474,"{""type"":""MultiPoint"",""coordinates"":[]}",ARCHAEAN,,TIRODI GNEISSIC COMPLEX,,GNEISS/MIGMATITE,,ARCHAEAN-GNEISS-MIGMATITE
2_268_0,132.87189,1954.0,1061.0,424.0,555.5,453.0,940.5,1845.0,2096.0,2308.0,2383.5,463409.5000105199,441,0.671858,5.094922737306844,0.8154815481548154,0.8466204506065858,1.8416588124410933,1.3629756,-15.246036196311088,-7.670020255193677,7.5760159411174115,0,21.821919797595623,79.56409912481547,"{""type"":""MultiPoint"",""coordinates"":[]}",ARCHAEAN,,TIRODI GNEISSIC COMPLEX,,GNEISS/MIGMATITE,,ARCHAEAN-GNEISS-MIGMATITE
2_269_0,-0.0,1969.5,1397.5,601.0,782.0,864.0,1201.5,1671.5,1855.5,1895.5,2076.5,463409.5000105199,437,0.3737996,2.193865740740741,1.104859335038363,1.0390398311791085,1.4093023255813957,0.92740995,-16.141419359116824,-8.564910913417537,7.576508445699288,0,22.384624491568093,79.9581002084303,"{""type"":""MultiPoint"",""coordinates"":[]}",LATE CRETACEOUS - PALAEOCENE,DECCAN TRAP,AMARKANTAK,MANDLA,BASALT,,LATE-CRETACEOUS-PALAEOCENE-BASALT
2_270_0,98.784096,1900.5,938.0,463.5,659.5,559.5,1085.5,2151.0,2450.0,2606.5,2707.0,1575.436447464638,624,0.64655715,4.658623771224307,0.8483699772554966,0.7291386917322079,2.026119402985074,6.050887,-14.90493065714827,-8.175834411664905,6.729096245483365,0,22.005984599311716,80.1912130246593,"{""type"":""MultiPoint"",""coordinates"":[]}",ARCHAEAN,,TIRODI GNEISSIC COMPLEX,,GNEISS/MIGMATITE,,ARCHAEAN-GNEISS-MIGMATITE
2_271_0,227.22635,1611.5,790.0,481.5,624.5,624.5,1078.0,1869.5,2194.0,2326.5,2489.5,463409.5000105199,486,0.5767536,3.725380304243395,1.0,0.6926713947990544,2.039873417721519,1.3654985,-14.536189135261235,-8.649469333709858,5.8867198015513775,0,22.30808802936111,80.20603522684728,"{""type"":""MultiPoint"",""coordinates"":[]}",NEOPROTEROZOIC,,,,GRANITE,ACID  INTRUSIVE,NEOPROTEROZOIC-GRANITE
2_272_0,331.7461,2139.0,1149.0,517.5,713.0,665.0,1177.0,2130.0,2455.5,2614.5,2781.5,2536.4542179980303,328,0.59445035,3.931578947368421,0.9326788218793828,0.8181296615031555,1.8616187989556137,2.1049323,-14.382780277736062,-6.765650417275047,7.617129860461016,0,21.503916187017317,79.72471789761603,"{""type"":""MultiPoint"",""coordinates"":[]}",PALAEOPROTEROZOIC,,SAUSAR,MANSAR,MUSCOVITE SCHIST,,PALAEOPROTEROZOIC-MUSCOVITE-SCHIST
2_273_0,58.28458,2013.5,1225.5,427.0,600.0,537.0,979.0,1705.0,1934.5,2138.5,2179.5,463409.5000105199,399,0.5985797,3.982309124767225,0.895,0.9415478138882394,1.643002855977152,3.524139,-14.403450450774177,-7.5344120657022815,6.869038385071895,0,22.03158658490912,79.9446254791685,"{""type"":""MultiPoint"",""coordinates"":[]}",ARCHAEAN,,TIRODI GNEISSIC COMPLEX,,GNEISS/MIGMATITE,,ARCHAEAN-GNEISS-MIGMATITE
2_274_0,58.225273,1584.0,814.0,355.42105263157896,484.84615384615387,478.5,795.0,1814.0,2092.75,2285.0,2357.0,463409.5000105199,455,0.6537,4.7753396029258095,0.9869109947643978,0.6932166301969366,1.945945945945946,3.5182629,-14.827416783931495,-7.646148378021554,7.181268405909943,0,21.701455717995195,80.62240436103667,"{""type"":""MultiPoint"",""coordinates"":[]}",PALAEOPROTEROZOIC,,,,GRANITE,MALANJKHAND GRANITE,PALAEOPROTEROZOIC-GRANITE
2_275_0,13.028817,1760.5,853.0,527.5,714.6666666666666,564.5,1016.0,2174.0,2584.0,2654.75,2748.333333333333,463409.5000105199,488,0.6492972,4.702834366696191,0.7898787313432836,0.6631509558338826,2.0638921453692847,13.095098,-14.489947918484996,-8.903789050842772,5.586158867642224,0,22.173071242157945,80.08853558768445,"{""type"":""MultiPoint"",""coordinates"":[]}",ARCHAEAN,,TIRODI GNEISSIC COMPLEX,,GNEISS/MIGMATITE,,ARCHAEAN-GNEISS-MIGMATITE
2_276_0,211.6736,1695.0,800.5,445.0,607.0,439.5,926.0,1959.0,2289.0,2434.5,2532.0,463409.5000105199,430,0.6941545,5.539249146757679,0.7240527182866557,0.696241528034504,2.117426608369769,14.911382,-15.590553251416598,-8.855535649333582,6.735017602083016,0,22.15366763202096,80.18609262753982,"{""type"":""MultiPoint"",""coordinates"":[]}",NEOPROTEROZOIC,,,,GRANITE,ACID  INTRUSIVE,NEOPROTEROZOIC-GRANITE
2_277_0,331.65646,1795.6666666666667,1050.75,552.6,753.0,722.0,1093.3333333333333,1910.5,2326.5,2462.0,2468.5,463409.5000105199,324,0.5464824,3.409972299168975,0.9588313413014607,0.7293528296777688,1.7089380601157904,6.2974796,-15.86145223653203,-9.528328882582326,6.333123353949704,0,22.041288389977613,80.11440706786709,"{""type"":""MultiPoint"",""coordinates"":[]}",ARCHAEAN,,TIRODI GNEISSIC COMPLEX,,GNEISS/MIGMATITE,,ARCHAEAN-GNEISS-MIGMATITE
2_278_0,283.08755,2518.0,1941.0,826.0,1102.0,1338.0,1714.0,2281.0,2545.0,2711.0,2835.0,463409.5000105199,291,0.33909607,2.0261584454409567,1.2141560798548094,0.9288085577277756,1.297269448737764,4.089014,-18.93602153829881,-11.102033660626788,7.833987877672023,0,21.578566187127645,80.28984804285562,"{""type"":""MultiPoint"",""coordinates"":[]}",ARCHAEAN,,AMGAON GNEISSIC COMPLEX,,GRANITE GNEISS/MIGMATITE,,ARCHAEAN-GRANITE-GNEISS-MIGMATITE
2_279_0,324.3811,2211.0,1382.0,714.0,909.0,1008.0,1446.0,2156.0,2431.0,2585.0,2709.0,463409.5000105199,312,0.438909,2.564484126984127,1.108910891089109,0.8553191489361702,1.5998552821997103,3.4187965,-17.87582425782428,-10.190953457508634,7.684870800315647,0,21.480470158101795,80.24187800668365,"{""type"":""MultiPoint"",""coordinates"":[]}",ARCHAEAN,,AMGAON GNEISSIC COMPLEX,,GRANITE GNEISS/MIGMATITE,,ARCHAEAN-GRANITE-GNEISS-MIGMATITE
2_280_0,312.85995,1750.0,976.5,383.0,578.5,498.5,954.0,1944.0,2201.5,2382.0,2509.0,463409.5000105199,602,0.6538795,4.7783350050150455,0.8617113223854796,0.7346767422334173,1.7921146953405018,1.3632816,-14.94566460280583,-8.541577728725793,6.404086874080038,0,21.881747595517982,80.74691085941564,"{""type"":""MultiPoint"",""coordinates"":[]}",PALAEOPROTEROZOIC,,,,GRANITE,MALANJKHAND GRANITE,PALAEOPROTEROZOIC-GRANITE
2_281_0,132.87549,2213.5,1362.0,495.0,652.0,606.5,1078.0,1920.0,2207.5,2372.0,2466.0,463409.5000105199,421,0.59274805,3.910964550700742,0.9302147239263804,0.9331787521079258,1.6251835535976504,4.082498,-15.269588027004398,-9.427190848673185,5.842397178331215,0,21.80386366038482,79.52663937746769,"{""type"":""MultiPoint"",""coordinates"":[]}",ARCHAEAN,,TIRODI GNEISSIC COMPLEX,,GNEISS/MIGMATITE,,ARCHAEAN-GNEISS-MIGMATITE
2_282_0,72.8559,1795.0,948.5,443.5,610.5,570.0,1013.5,1824.5,2159.5,2224.5,2340.0,463409.5000105199,425,0.5920558,3.902631578947368,0.9336609336609336,0.8069229040233761,1.8924617817606748,12.388949,-13.075930821452651,-5.638336045354948,7.437594776097705,0,22.26389091738243,79.99744641787473,"{""type"":""MultiPoint"",""coordinates"":[]}",ARCHAEAN,,TIRODI GNEISSIC COMPLEX,,GNEISS/MIGMATITE,,ARCHAEAN-GNEISS-MIGMATITE
2_283_0,114.949646,2786.0,1920.0,649.0,909.0,989.0,1397.0,2239.0,2521.0,2817.0,2827.0,463409.5000105199,310,0.48029426,2.848331648129424,1.088008800880088,0.9889953851615192,1.4510416666666666,4.3889465,-17.389546075714865,-10.597177201150595,6.792368874564268,0,21.49071095234076,80.48091970378785,"{""type"":""MultiPoint"",""coordinates"":[]}",ARCHAEAN,,AMGAON GNEISSIC COMPLEX,,GRANITE GNEISS/MIGMATITE,,ARCHAEAN-GRANITE-GNEISS-MIGMATITE
2_284_0,-0.0,3074.0,2169.0,809.0,1044.0,1160.0,1624.0,2168.0,2396.0,2541.0,2721.0,463409.5000105199,301,0.3731424,2.19051724137931,1.1111111111111112,1.2097599370326644,1.417242969110189,0.0,-17.19414224125675,-9.958727790934772,7.2354144503219775,0,21.47534976098231,80.32380436059535,"{""type"":""MultiPoint"",""coordinates"":[]}",ARCHAEAN,,AMGAON GNEISSIC COMPLEX,,GRANITE GNEISS/MIGMATITE,,ARCHAEAN-GRANITE-GNEISS-MIGMATITE
2_285_0,28.253918,2333.0,1607.0,586.0,852.0,959.0,1389.0,2193.0,2489.0,2457.0,2733.0,463409.5000105199,319,0.4385246,2.562043795620438,1.125586854460094,0.9495319495319496,1.4517734909769755,2.1049323,-15.923376500444244,-10.478907463271712,5.444469037172533,0,21.503916187017317,80.53185418039743,"{""type"":""MultiPoint"",""coordinates"":[]}",ARCHAEAN,,AMGAON GNEISSIC COMPLEX,,GRANITE GNEISS/MIGMATITE,,ARCHAEAN-GRANITE-GNEISS-MIGMATITE
2_286_0,132.90509,3385.5,2506.5,673.1428571428571,930.1111111111112,1178.6666666666667,1590.4444444444443,2196.25,2456.6666666666665,2607.0,2750.75,463409.5000105199,373,0.37730035,2.2118212669683257,1.2672321108589175,1.2986191024165707,1.350688210652304,2.7227142,-16.85884310366683,-10.05452070914262,6.80432239452421,0,21.65510264933463,79.52124948576297,"{""type"":""MultiPoint"",""coordinates"":[]}",ARCHAEAN,,TIRODI GNEISSIC COMPLEX,,GNEISS/MIGMATITE,,ARCHAEAN-GNEISS-MIGMATITE
2_287_0,312.90817,2939.75,1980.5,632.5,830.25,959.75,1337.5,1892.5,2166.5,2316.75,2470.5,463409.5000105199,345,0.41416144,2.4139098723625945,1.1559771153267089,1.2689111902449552,1.484347387023479,2.722557,-19.119196933322957,-11.956091601746824,7.16310533157613,0,21.63947196339095,79.82928179668755,"{""type"":""MultiPoint"",""coordinates"":[]}",ARCHAEAN,,TIRODI GNEISSIC COMPLEX,,GNEISS/MIGMATITE,,ARCHAEAN-GNEISS-MIGMATITE
2_288_0,256.96973,3440.0,2489.0,640.5,862.0,1035.0,1524.5,2180.0,2484.0,2767.5,2905.0,463409.5000105199,544,0.4556213,2.6739130434782608,1.2006960556844548,1.2429990966576332,1.3820811570912013,4.106614,-18.49368578052897,-11.729440785271706,6.764244995257265,0,22.22589218086417,80.51918793489135,"{""type"":""MultiPoint"",""coordinates"":[]}",PALAEOPROTEROZOIC,,SAUSAR,JUNEWANI,GREY & PINK GNEISS/QTZ-BIOTITE-SILLIMANITE GNEISS,,PALAEOPROTEROZOIC-GREY-PINK-GNEISS-QTZ-BIOTITE-SILLIMANITE-GNEISS
2_289_0,207.55003,1904.6666666666667,1031.0,575.7272727272727,792.0,663.0,1256.0,2341.0,2739.5,2844.0,2921.8,463409.5000105199,523,0.62189907,4.289592760180995,0.8371212121212122,0.6697140178152836,1.847397348852247,31.0697,-16.543429127667977,-10.390057075717356,6.153372051950623,0,21.658067089772224,80.62698576898569,"{""type"":""MultiPoint"",""coordinates"":[]}",PALAEOPROTEROZOIC,,,,GRANITE,MALANJKHAND GRANITE,PALAEOPROTEROZOIC-GRANITE
2_290_0,180.0,2215.0,1338.0,604.0,860.0,849.0,1298.0,2157.0,2452.0,2550.0,2631.0,1696.1426826773743,315,0.5004413,3.0035335689045937,0.9872093023255814,0.8686274509803922,1.655455904334828,1.8543341,-16.581524055926145,-9.75255268015412,6.828971375772024,0,21.843748858999728,80.12976825922553,"{""type"":""MultiPoint"",""coordinates"":[]}",PALAEOPROTEROZOIC,,SAUSAR,MANSAR,MUSCOVITE SCHIST,,PALAEOPROTEROZOIC-MUSCOVITE-SCHIST
2_291_0,90.0,2473.0,1744.0,634.0,899.0,900.0,1407.0,1820.0,2137.0,2076.0,2336.0,463409.5000105199,547,0.3951613,2.306666666666666,1.0011123470522802,1.191233140655106,1.4180045871559632,1.0001885,-16.128287825234906,-10.02336620030411,6.104921624930796,0,21.994126837561332,79.70288883621194,"{""type"":""MultiPoint"",""coordinates"":[]}",ARCHAEAN,,TIRODI GNEISSIC COMPLEX,,GNEISS/MIGMATITE,,ARCHAEAN-GNEISS-MIGMATITE
2_292_0,160.22511,3767.0,2760.5,924.0,1261.5,1670.5,2121.0,2587.5,2835.0,2972.5,3200.5,463409.5000105199,338,0.28042215,1.7794073630649505,1.3242172017439555,1.267283431455004,1.3646078608947654,2.9542193,-19.720437121884885,-10.859955841011894,8.86048128087299,0,22.005984599311716,80.0235873926426,"{""type"":""MultiPoint"",""coordinates"":[]}",ARCHAEAN,,TIRODI GNEISSIC COMPLEX,,GNEISS/MIGMATITE,,ARCHAEAN-GNEISS-MIGMATITE
2_293_0,28.24212,2064.0,1213.0,590.0,827.0,812.0,1226.0,2248.0,2654.0,2802.0,2915.0,463409.5000105199,290,0.5506364,3.450738916256157,0.9818621523579202,0.7366167023554604,1.7015663643858203,2.1046996,-15.677222199554512,-9.318045189575429,6.359177009979083,0,21.43196113275934,79.66327313218227,"{""type"":""MultiPoint"",""coordinates"":[]}",PALAEOPROTEROZOIC,,SAUSAR,MANSAR,MUSCOVITE SCHIST,,PALAEOPROTEROZOIC-MUSCOVITE-SCHIST
2_294_0,252.8331,3195.5,2240.0,611.0,838.0,970.0,1410.0,2143.0,2372.0,2529.5,2713.5,463409.5000105199,530,0.44563508,2.6077319587628867,1.1575178997613365,1.263293140936944,1.4265625,3.1392283,-17.706206907212398,-10.218281231280477,7.487925675931923,0,22.065273408063604,79.82874280751707,"{""type"":""MultiPoint"",""coordinates"":[]}",ARCHAEAN,,TIRODI GNEISSIC COMPLEX,,GRANITE GNEISS,,ARCHAEAN-GRANITE-GNEISS
2_295_0,23.274632,1608.0,925.0,391.0,551.0,463.0,859.0,1763.0,2080.0,2144.0,2258.0,463409.5000105199,364,0.64480245,4.630669546436285,0.8402903811252269,0.75,1.7383783783783784,5.035273,-14.268753243598413,-7.226751028491011,7.0420022151074,0,21.577218714201468,80.67711176183956,"{""type"":""MultiPoint"",""coordinates"":[]}",PALAEOPROTEROZOIC,,NANDGAON,BIJLI,RHYOLITE,,PALAEOPROTEROZOIC-RHYOLITE
2_296_0,347.83432,2612.0,1756.0,486.5,695.0,791.0,1229.0,1801.5,2031.0,2149.5,2302.5,463409.5000105199,610,0.46199626,2.717446270543616,1.1381294964028776,1.2151663177483136,1.4874715261958995,4.7331977,-16.087321211849826,-9.145018863611922,6.942302348237904,0,21.91705138618388,80.63102818776423,"{""type"":""MultiPoint"",""coordinates"":[]}",PALAEOPROTEROZOIC - MESOPROTEROZOIC,,CHILPI,,PHYLLITE,,PALAEOPROTEROZOIC-MESOPROTEROZOIC-PHYLLITE
2_297_0,347.80206,3605.5,3124.0,1202.5,1611.5,2020.0,2302.5,2723.5,2948.0,3122.5,3126.0,463409.5000105199,469,0.21438989,1.5457920792079207,1.2534905367669873,1.154683746997598,1.1541293213828423,4.7337704,-17.775283955736363,-10.62286499497931,7.152418960757053,0,22.301889653900684,80.47364334998649,"{""type"":""MultiPoint"",""coordinates"":[]}",ARCHAEAN,,TIRODI GNEISSIC COMPLEX,,GNEISS/MIGMATITE,,ARCHAEAN-GNEISS-MIGMATITE
2_298_0,167.79807,2032.0,1229.0,555.5,653.75,680.25,1051.5,1816.0,2007.0,2098.25,2350.5,463409.5000105199,410,0.5103473,3.0845277471517822,1.0405353728489484,0.9684260693435004,1.6533767290480066,4.733841,-15.261450349937729,-8.155145295544514,7.106305054393214,0,22.348781711731725,80.12033594874228,"{""type"":""MultiPoint"",""coordinates"":[]}",ARCHAEAN,,TIRODI GNEISSIC COMPLEX,,GNEISS/MIGMATITE,,ARCHAEAN-GNEISS-MIGMATITE
2_299_0,180.0,3065.5,2146.5,668.0,912.5,1014.5,1519.0,2205.5,2539.5,2667.0,2916.0,463409.5000105199,539,0.44886595,2.628881222276984,1.1117808219178082,1.149418822647169,1.428138830654554,0.92740995,-17.427875738006577,-10.85015860764168,6.577717130364897,0,22.1253707005712,79.67620887227358,"{""type"":""MultiPoint"",""coordinates"":[]}",ARCHAEAN,,TIRODI GNEISSIC COMPLEX,,GNEISS/MIGMATITE,,ARCHAEAN-GNEISS-MIGMATITE
2_300_0,312.76694,2249.5,1442.5,639.0,808.5,903.0,1290.5,1988.5,2304.5,2470.0,2547.0,463409.5000105199,516,0.4645716,2.7353266888150607,1.1168831168831168,0.9107287449392713,1.5594454072790294,4.0908246,-17.603861669281248,-10.16714766248841,7.436714006792837,0,22.340966368759883,79.66381212135273,"{""type"":""MultiPoint"",""coordinates"":[]}",LATE CRETACEOUS - PALAEOCENE,DECCAN TRAP,AMARKANTAK,DHUMA,BASALT,,LATE-CRETACEOUS-PALAEOCENE-BASALT
2_301_0,244.4246,2326.0,1298.0,605.0,937.0,773.0,1453.0,2820.0,3371.0,3491.0,3671.0,463409.5000105199,490,0.63742965,4.516170763260026,0.8249733191035219,0.6662847321684331,1.7919876733436055,34.01784,-19.580090796277776,-13.042968233063837,6.53712256321394,0,21.47211582595948,80.60246176172922,"{""type"":""MultiPoint"",""coordinates"":[]}",ARCHAEAN,,AMGAON GNEISSIC COMPLEX,,PHYLLITE,,ARCHAEAN-PHYLLITE
2_302_0,65.04998,1837.0,1088.0,376.0,533.0,508.0,955.0,1641.0,1973.0,2013.0,2198.0,463409.5000105199,678,0.59698534,3.9625984251968505,0.953095684803002,0.912568306010929,1.6884191176470589,2.1976662,-14.68258614993939,-7.199963801812032,7.482622348127357,0,21.488285501073637,80.75230075112036,"{""type"":""MultiPoint"",""coordinates"":[]}",PALAEOPROTEROZOIC - MESOPROTEROZOIC,,KHAIRAGARH,MANGIKHUTA,BASALT,,PALAEOPROTEROZOIC-MESOPROTEROZOIC-BASALT
2_303_0,335.53067,1947.0,1264.0,403.0,634.0,649.0,1146.0,1968.0,2220.0,2409.0,2484.0,463409.5000105199,673,0.5755396,3.711864406779661,1.023659305993691,0.8082191780821918,1.5403481012658229,18.671057,-16.724820437281743,-10.1020841693676,6.622736267914142,0,22.29730824595168,80.75876862116601,"{""type"":""MultiPoint"",""coordinates"":[]}",PALAEOPROTEROZOIC,,SAUSAR,LOHANGI ( INCLUDES UTEKATA),MARBLE,,PALAEOPROTEROZOIC-MARBLE
2_304_0,103.02337,1708.5,989.0,461.5,564.5,516.5,910.5,1702.5,1981.5,2186.0,2276.0,463409.5000105199,530,0.6177613,4.232333010648596,0.9149689991142604,0.7815645013723697,1.7275025278058644,4.1087503,-15.820979605148215,-8.499569579468421,7.321410025679794,0,22.302698137656392,80.38039822349488,"{""type"":""MultiPoint"",""coordinates"":[]}",ARCHAEAN,,TIRODI GNEISSIC COMPLEX,,GNEISS/MIGMATITE,,ARCHAEAN-GNEISS-MIGMATITE
2_305_0,132.83444,3290.5,2444.5,762.5,1091.0,1318.0,1761.5,2291.0,2539.5,2655.5,2870.0,463409.5000105199,338,0.336605,2.014795144157815,1.2080659945004584,1.2391263415552627,1.3460830435671916,1.3639357,-16.96733451343105,-10.858758910715151,6.1085756027159,0,22.00867954516407,80.02628233849497,"{""type"":""MultiPoint"",""coordinates"":[]}",ARCHAEAN,,TIRODI GNEISSIC COMPLEX,,GNEISS/MIGMATITE,,ARCHAEAN-GNEISS-MIGMATITE
2_306_0,-0.0,184.5,140.5,557.5,724.0,543.0,605.5,462.5,465.0,348.5,344.0,463409.5000105199,514,-0.21817163,0.641804788213628,0.75,0.5294117647058824,1.313167259786477,0.0,-28.874845474512053,-18.56567935294688,10.309166121565177,0,22.33773243373705,79.5853891970491,"{""type"":""MultiPoint"",""coordinates"":[]}",LATE CRETACEOUS - PALAEOCENE,DECCAN TRAP,AMARKANTAK,DHUMA,BASALT,,LATE-CRETACEOUS-PALAEOCENE-BASALT
2_307_0,114.87338,2298.0,1479.0,459.0,641.0,669.0,1081.0,1873.0,2257.0,2406.0,2480.0,463409.5000105199,528,0.56487805,3.596412556053812,1.0436817472698907,0.9551122194513716,1.5537525354969577,2.203998,-14.696286196755723,-8.074185908616393,6.622100288139331,0,21.991431891708977,79.92144894483822,"{""type"":""MultiPoint"",""coordinates"":[]}",ARCHAEAN,,TIRODI GNEISSIC COMPLEX,,GNEISS/MIGMATITE,,ARCHAEAN-GNEISS-MIGMATITE
2_308_0,207.21957,2095.0,1218.5,429.5,631.5,584.5,1082.5,2038.5,2406.0,2492.0,2668.0,463409.5000105199,448,0.6200228,4.263473053892215,0.9255740300870944,0.8406902086677368,1.7193270414443989,20.920677,-15.963263036312656,-9.059632874171085,6.903630162141573,0,22.21241745160238,79.9618731326236,"{""type"":""MultiPoint"",""coordinates"":[]}",ARCHAEAN,,TIRODI GNEISSIC COMPLEX,,GNEISS/MIGMATITE,,ARCHAEAN-GNEISS-MIGMATITE
2_309_0,312.87323,1574.9166666666663,891.0,611.3333333333334,866.25,844.0,1344.0,2013.0,2327.333333333333,2375.0,2540.5,2400.749882849107,316,0.47561353,2.8139810426540284,0.9743145743145744,0.6631228070175438,1.7675832398054618,1.3629415,-15.676414775169944,-9.710948744794948,5.965466030374998,0,21.81518243296473,80.10201031694623,"{""type"":""MultiPoint"",""coordinates"":[]}",PALAEOPROTEROZOIC,,SAUSAR,MANSAR,PHYLLITE,,PALAEOPROTEROZOIC-PHYLLITE
2_310_0,252.78064,2941.5,2248.5,788.0,1016.5,1140.5,1512.0,1935.5,2164.5,2243.0,2444.0,463409.5000105199,306,0.32584602,1.966681280140289,1.1219872110181996,1.311413285777976,1.3082054703135424,3.1299727,-17.74879767507533,-11.151469591262636,6.597328083812695,0,21.601742721457928,79.77969479300415,"{""type"":""MultiPoint"",""coordinates"":[]}",ARCHAEAN,,TIRODI GNEISSIC COMPLEX,,GNEISS/MIGMATITE,,ARCHAEAN-GNEISS-MIGMATITE
2_311_0,227.20837,1710.0,877.0,398.0,551.5,465.5,981.0,1781.0,2104.5,2221.5,2348.5,463409.5000105199,407,0.65351695,4.772287862513426,0.844061650045331,0.7697501688048616,1.9498289623717215,2.7285242,-14.270319441041304,-7.233061160447231,7.037258280594073,0,22.219963299988983,79.95432728423698,"{""type"":""MultiPoint"",""coordinates"":[]}",ARCHAEAN,,TIRODI GNEISSIC COMPLEX,,GNEISS/MIGMATITE,,ARCHAEAN-GNEISS-MIGMATITE
2_312_0,151.76302,2410.0,1718.0,753.0,1037.0,1127.0,1536.0,2409.0,2727.0,2803.0,2898.0,2717.646040234085,263,0.4264631,2.487133984028394,1.0867888138862103,0.8597930788440956,1.4027939464493595,4.203533,-16.477968642042786,-10.198309093367424,6.279659548675362,0,21.400430266286744,79.82065796996001,"{""type"":""MultiPoint"",""coordinates"":[]}",ARCHAEAN,,AMGAON GNEISSIC COMPLEX,,GRANITE GNEISS/MIGMATITE,,ARCHAEAN-GRANITE-GNEISS-MIGMATITE
2_313_0,304.7431,1786.0,883.0,478.0,635.0,550.0,1019.0,2020.0,2314.0,2451.0,2677.0,463409.5000105199,586,0.6334555,4.456363636363636,0.8661417322834646,0.7286821705426356,2.022650056625141,14.340092,-16.855557648756967,-11.179038644772683,5.676519003984282,0,22.37249723523248,80.60731266426347,"{""type"":""MultiPoint"",""coordinates"":[]}",ARCHAEAN,,TIRODI GNEISSIC COMPLEX,,GNEISS/MIGMATITE,,ARCHAEAN-GNEISS-MIGMATITE
2_314_0,215.6716,3179.5,2230.0,655.0,829.5,963.0,1355.0,2037.0,2351.0,2517.0,2622.5,463409.5000105199,398,0.4465517,2.6137071651090342,1.1609403254972874,1.2632101708382997,1.4257847533632286,3.4210474,-16.485058936084215,-9.214898633230128,7.270160302854087,0,21.761283515917555,79.51316464820589,"{""type"":""MultiPoint"",""coordinates"":[]}",ARCHAEAN,,TIRODI GNEISSIC COMPLEX,,GNEISS/MIGMATITE,,ARCHAEAN-GNEISS-MIGMATITE
2_315_0,23.378,1707.0,922.5,366.5,573.0,507.5,870.5,1876.5,2266.0,2363.0,2554.5,463409.5000105199,624,0.6464031,4.65615763546798,0.8856893542757417,0.7223867964451968,1.8504065040650408,5.0391717,-14.419886354182074,-7.69766780567995,6.722218548502124,0,22.28329452751941,80.60892963177488,"{""type"":""MultiPoint"",""coordinates"":[]}",PALAEOPROTEROZOIC,,SAUSAR,JUNEWANI,GREY & PINK GNEISS/QTZ-BIOTITE-SILLIMANITE GNEISS,,PALAEOPROTEROZOIC-GREY-PINK-GNEISS-QTZ-BIOTITE-SILLIMANITE-GNEISS
2_316_0,270.0,1876.75,1059.0,707.1764705882352,863.75,1001.818181818182,1364.3333333333333,1952.25,2197.6666666666665,2325.0,2451.0,3180.251562376788,289,0.39773193,2.3207803992740472,1.159847388501513,0.8072043010752689,1.77219074598678,0.9966246,-17.830218836929127,-9.751558897379514,8.078659939549613,0,21.481009147272264,80.05134533492189,"{""type"":""MultiPoint"",""coordinates"":[]}",ARCHAEAN,,AMGAON GNEISSIC COMPLEX,,GRANITE GNEISS/MIGMATITE,,ARCHAEAN-GRANITE-GNEISS-MIGMATITE
2_317_0,319.2727,1717.0,992.0,415.25,599.0,520.8333333333334,864.0,1690.0,1998.0,2198.5,2323.0,463409.5000105199,463,0.61694044,4.22112,0.8695047301057318,0.7809870366158744,1.7308467741935485,6.0963283,-15.700409200503383,-8.822364181415647,6.878045019087736,0,21.691214923756235,80.6143195234796,"{""type"":""MultiPoint"",""coordinates"":[]}",PALAEOPROTEROZOIC,,,,GRANITE,MALANJKHAND GRANITE,PALAEOPROTEROZOIC-GRANITE
2_318_0,151.663,1740.5,997.0,393.5,555.0,484.0,888.5,1623.5,1889.5,2037.0,2186.0,463409.5000105199,602,0.6160254,4.208677685950414,0.872072072072072,0.8544428080510554,1.7457372116349048,4.2074695,-15.340195852975736,-8.281976863793588,7.058218989182148,0,22.00275066428888,80.35102331370418,"{""type"":""MultiPoint"",""coordinates"":[]}",PALAEOPROTEROZOIC,,SAUSAR,MANSAR,MUSCOVITE SCHIST,,PALAEOPROTEROZOIC-MUSCOVITE-SCHIST
2_319_0,107.14304,1732.0,919.0,388.0,534.0,538.0,997.0,1789.5,2066.5,2145.0,2341.0,463409.5000105199,419,0.5989564,3.986988847583643,1.00749063670412,0.8074592074592074,1.884657236126224,3.143458,-14.309649911318438,-6.611531466907826,7.698118444410611,0,22.27305373328045,79.98774461280624,"{""type"":""MultiPoint"",""coordinates"":[]}",ARCHAEAN,,TIRODI GNEISSIC COMPLEX,,GNEISS/MIGMATITE,,ARCHAEAN-GNEISS-MIGMATITE
2_320_0,304.76443,3078.0,2491.0,848.5,1133.5,1358.5,1721.5,2315.0,2537.5,2658.0,2848.5,463409.5000105199,488,0.3235404,1.95656974604343,1.1985002205558006,1.1580135440180588,1.2356483340024087,4.868041,-16.991272188595417,-10.040632363622578,6.950639824972839,0,22.26173496070054,79.89342150797368,"{""type"":""MultiPoint"",""coordinates"":[]}",LATE CRETACEOUS - PALAEOCENE,DECCAN TRAP,AMARKANTAK,DHUMA,BASALT,,LATE-CRETACEOUS-PALAEOCENE-BASALT
2_321_0,256.97028,3081.5,2219.25,676.75,896.5,1107.0,1597.6666666666667,2174.0,2496.5,2661.5,2823.5,463409.5000105199,363,0.41249835,2.404245709123758,1.2348020078081428,1.157805748637986,1.3885321617663624,4.106791,-15.681049884615412,-8.322004330718556,7.359045553896855,0,22.2320905563246,80.0378706056601,"{""type"":""MultiPoint"",""coordinates"":[]}",ARCHAEAN,,TIRODI GNEISSIC COMPLEX,,GNEISS/MIGMATITE,,ARCHAEAN-GNEISS-MIGMATITE
2_322_0,342.90497,2871.0,2048.0,738.0,993.0,1221.0,1577.0,1957.0,2189.0,2351.0,2437.0,463409.5000105199,584,0.3163494,1.9254709254709252,1.229607250755287,1.2211824755423224,1.40185546875,6.7609844,-17.048490570552804,-9.9968969929124,7.051593577640404,0,21.71816438227982,80.54559840424446,"{""type"":""MultiPoint"",""coordinates"":[]}",PALAEOPROTEROZOIC,,,,GRANITE,MALANJKHAND GRANITE,PALAEOPROTEROZOIC-GRANITE
2_323_0,270.0,1731.5,959.0,371.5,505.0,458.5,913.5,1836.5,2168.5,2248.0,2405.0,463409.5000105199,603,0.66118604,4.902944383860414,0.907920792079208,0.7702402135231317,1.805526590198123,3.9921787,-15.15064055121243,-8.450615099778409,6.700025451434021,0,21.90492412984827,79.5891621212424,"{""type"":""MultiPoint"",""coordinates"":[]}",ARCHAEAN,,TIRODI GNEISSIC COMPLEX,,GNEISS/MIGMATITE,,ARCHAEAN-GNEISS-MIGMATITE
2_324_0,294.94403,2027.0,1342.0,657.0,923.0,1009.0,1355.0,2269.0,2665.0,2783.0,2870.0,463409.5000105199,308,0.467827,2.7581764122893957,1.0931744312026002,0.7283507006827165,1.5104321907600595,2.1981595,-18.5739869189679,-12.037702487648556,6.536284431319345,0,21.52817069968854,80.4580126640428,"{""type"":""MultiPoint"",""coordinates"":[]}",ARCHAEAN,,AMGAON GNEISSIC COMPLEX,,GRANITE GNEISS/MIGMATITE,,ARCHAEAN-GRANITE-GNEISS-MIGMATITE
2_325_0,132.83081,1530.5,773.0,318.0,464.5,412.0,792.5,1639.5,1904.5,2169.0,2154.5,463409.5000105199,560,0.6807439,5.264563106796117,0.8869752421959096,0.7056247118487783,1.979948253557568,2.7265139,-13.80360551754304,-7.199093427848572,6.6045120896944685,0,22.026735682374877,80.56446302521097,"{""type"":""MultiPoint"",""coordinates"":[]}",ARCHAEAN,,TIRODI GNEISSIC COMPLEX,,GNEISS/MIGMATITE,,ARCHAEAN-GNEISS-MIGMATITE
2_326_0,19.748304,2415.5,1477.5,525.5,710.0,689.0,1249.5,2051.0,2286.5,2490.5,2600.0,3395.173044190826,334,0.56659853,3.614658925979681,0.9704225352112676,0.9698855651475607,1.6348561759729272,2.953728,-14.165124689760829,-7.940154728395425,6.224969961365402,0,21.798204274094868,79.9176760206449,"{""type"":""MultiPoint"",""coordinates"":[]}",PALAEOPROTEROZOIC,,SAUSAR,LOHANGI ( INCLUDES UTEKATA),CALC GNEISS,,PALAEOPROTEROZOIC-CALC-GNEISS
2_327_0,-0.0,1793.5,1366.0,626.0,790.5,943.5,1157.0,1745.0,1985.5,2028.0,2268.0,463409.5000105199,518,0.3649672,2.149443561208267,1.1935483870967742,0.8843688362919132,1.3129575402635432,3.7047918,-16.71090673621833,-8.973032808539198,7.737873927679132,0,22.21376492452856,79.67189695890981,"{""type"":""MultiPoint"",""coordinates"":[]}",LATE CRETACEOUS - PALAEOCENE,DECCAN TRAP,AMARKANTAK,DHUMA,BASALT,,LATE-CRETACEOUS-PALAEOCENE-BASALT
2_328_0,-0.0,2582.0,1760.0,605.5,807.0,957.5,1225.0,1877.5,2168.0,2398.0,2488.5,463409.5000105199,568,0.42929518,2.50443864229765,1.1864931846344486,1.0767306088407005,1.4670454545454543,1.8543341,-17.760592489419032,-10.76485669448333,6.995735794935703,0,22.229126115887,80.3362011115162,"{""type"":""MultiPoint"",""coordinates"":[]}",ARCHAEAN,,TIRODI GNEISSIC COMPLEX,,GNEISS/MIGMATITE,,ARCHAEAN-GNEISS-MIGMATITE
2_329_0,180.0,4631.166666666667,3890.0,986.0,1471.0,2136.0,2591.3636363636365,2844.7272727272725,3034.3846153846152,2773.285714285714,3022.25,463409.5000105199,293,0.12981232,1.298354735152488,1.4520734194425562,1.6699205000085855,1.1905312767780636,2.7802885,-27.486826334731425,-16.94701927562974,10.539807059101683,0,21.64917376845944,80.15995165277195,"{""type"":""MultiPoint"",""coordinates"":[]}",ARCHAEAN,,TIRODI GNEISSIC COMPLEX,,GNEISS/MIGMATITE,,ARCHAEAN-GNEISS-MIGMATITE
2_330_0,287.2437,2329.5,1607.5,677.5,894.0,917.0,1395.5,2081.5,2364.0,2425.5,2635.5,463409.5000105199,315,0.4513089,2.645038167938931,1.0257270693512304,0.9604205318491033,1.449144634525661,6.232894,-17.31508118304216,-9.306625145550058,8.008456037492103,0,21.38318261283165,80.23810508249035,"{""type"":""MultiPoint"",""coordinates"":[]}",ARCHAEAN,,AMGAON GNEISSIC COMPLEX,,GRANITE GNEISS/MIGMATITE,,ARCHAEAN-GRANITE-GNEISS-MIGMATITE
2_331_0,78.376625,2789.5,1925.0,614.5,747.0,967.5,1313.0,1804.0,2039.5,2213.5,2312.5,463409.5000105199,537,0.3917007,2.287855297157623,1.2951807228915662,1.260221368872826,1.449090909090909,9.128855,-16.73280724961471,-8.935770592672865,7.7970366569418434,0,22.23640246968837,79.67836482895547,"{""type"":""MultiPoint"",""coordinates"":[]}",LATE CRETACEOUS - PALAEOCENE,DECCAN TRAP,AMARKANTAK,DHUMA,BASALT,,LATE-CRETACEOUS-PALAEOCENE-BASALT
2_332_0,227.07288,3596.0,3090.5,991.5,1402.5,1553.0,2216.5,2248.0,2505.0,2268.5,2526.5,463409.5000105199,275,0.18723014,1.460721184803606,1.1073083778966133,1.5851884505179634,1.1635657660572722,4.078554,-24.466824365644506,-15.816693129964415,8.650131235680089,0,21.54326239646175,79.84572096638693,"{""type"":""MultiPoint"",""coordinates"":[]}",PALAEOPROTEROZOIC,,SAUSAR,MANSAR,MUSCOVITE SCHIST,,PALAEOPROTEROZOIC-MUSCOVITE-SCHIST
2_333_0,144.21535,1953.5,994.0,577.5,781.0,649.0,1254.0,2248.5,2481.0,2515.5,2697.0,463409.5000105199,500,0.5898246,3.8759630200308166,0.8309859154929577,0.7765851719340091,1.965291750503018,3.4258947,-14.990226576125476,-8.753530412395564,6.236696163729912,0,22.350129184657906,79.72552638137175,"{""type"":""MultiPoint"",""coordinates"":[]}",LATE CRETACEOUS - PALAEOCENE,DECCAN TRAP,AMARKANTAK,DHUMA,BASALT,,LATE-CRETACEOUS-PALAEOCENE-BASALT
2_334_0,195.11418,2885.5,1909.5,588.0,770.5,919.5,1410.0,2209.0,2537.5,2679.0,2880.0,463409.5000105199,566,0.48895374,2.9135399673735725,1.1933809214795588,1.0770810003732736,1.5111285676878763,3.8371496,-16.673806622286282,-8.841964155776946,7.831842466509336,0,22.23640246968837,79.67135796973933,"{""type"":""MultiPoint"",""coordinates"":[]}",LATE CRETACEOUS - PALAEOCENE,DECCAN TRAP,AMARKANTAK,DHUMA,BASALT,,LATE-CRETACEOUS-PALAEOCENE-BASALT
2_335_0,270.0,2746.0,2034.0,792.0,1068.0,1214.0,1580.0,2129.0,2450.0,2489.0,2573.0,463409.5000105199,310,0.3443154,2.0502471169686984,1.1367041198501873,1.103254319003616,1.3500491642084562,2.988103,-18.020308878868686,-10.848438289158544,7.171870589710142,0,21.512270519159625,80.15024984770345,"{""type"":""MultiPoint"",""coordinates"":[]}",ARCHAEAN,,AMGAON GNEISSIC COMPLEX,,GRANITE GNEISS/MIGMATITE,,ARCHAEAN-GRANITE-GNEISS-MIGMATITE
2_336_0,287.2393,1558.0,828.0,375.0,531.0,480.0,852.0,1949.0,2295.0,2338.0,2568.0,463409.5000105199,420,0.6593329,4.870833333333334,0.903954802259887,0.6663815226689478,1.8816425120772944,3.1264677,-15.674990317658274,-8.376031468917848,7.298958848740426,0,21.42279831686132,80.66067259214017,"{""type"":""MultiPoint"",""coordinates"":[]}",PALAEOPROTEROZOIC - MESOPROTEROZOIC,,KHAIRAGARH,MANGIKHUTA,BASALT,,PALAEOPROTEROZOIC-MESOPROTEROZOIC-BASALT
2_337_0,203.31291,2014.5,1078.0,403.0,583.5,557.0,1061.0,2031.5,2555.0,2602.0,2727.5,463409.5000105199,500,0.64735675,4.671454219030521,0.9545844044558698,0.7742121445042275,1.8687384044526905,5.0367146,-14.768371456237324,-7.295387901447281,7.472983554790044,0,21.84186239690308,79.65545778921042,"{""type"":""MultiPoint"",""coordinates"":[]}",ARCHAEAN,,TIRODI GNEISSIC COMPLEX,,GNEISS/MIGMATITE,,ARCHAEAN-GNEISS-MIGMATITE
2_338_0,340.29648,3296.0,2541.0,887.0,1194.0,1516.0,1831.0,2209.0,2464.0,2522.0,2728.0,463409.5000105199,303,0.24913323,1.6635883905013191,1.269681742043551,1.3068992862807296,1.2971271153089334,2.9529018,-17.688120782296032,-10.160798468556662,7.52732231373937,0,21.442740916168773,80.46555851242941,"{""type"":""MultiPoint"",""coordinates"":[]}",ARCHAEAN,,AMGAON GNEISSIC COMPLEX,,GRANITE GNEISS/MIGMATITE,,ARCHAEAN-GRANITE-GNEISS-MIGMATITE
2_339_0,283.03354,3733.25,2898.5,973.875,1284.0,1559.0,1964.25,2386.5,2640.0,2895.625,2947.0,463409.5000105199,360,0.30005333,1.857360487491982,1.2141744548286604,1.289272609540255,1.2879937898913232,4.105607,-19.929359763155368,-11.064104775213217,8.865254987942151,0,22.18951041185733,80.07047945047364,"{""type"":""MultiPoint"",""coordinates"":[]}",ARCHAEAN,,TIRODI GNEISSIC COMPLEX,,GNEISS/MIGMATITE,,ARCHAEAN-GNEISS-MIGMATITE
2_340_0,312.93915,2951.0,2173.0,780.0,1137.0,1422.0,1769.0,2277.0,2534.0,2567.0,2773.0,463409.5000105199,315,0.28703937,1.8052039381153304,1.2506596306068605,1.1495909622126996,1.3580303727565577,2.720977,-18.73650083203078,-10.451023336686712,8.285477495344068,0,21.48208712561321,80.54155598546592,"{""type"":""MultiPoint"",""coordinates"":[]}",ARCHAEAN,,AMGAON GNEISSIC COMPLEX,,GRANITE GNEISS/MIGMATITE,,ARCHAEAN-GRANITE-GNEISS-MIGMATITE
2_341_0,65.173164,1650.0,804.0,320.0,529.5,389.0,793.0,2001.0,2417.0,2640.0,2709.5,463409.5000105199,568,0.7431496,6.786632390745501,0.7346553352219075,0.625,2.0522388059701493,2.207864,-15.255687987955184,-8.452903182545535,6.802784805409649,0,22.291379365076487,80.58871753788219,"{""type"":""MultiPoint"",""coordinates"":[]}",PALAEOPROTEROZOIC,,SAUSAR,JUNEWANI,GREY & PINK GNEISS/QTZ-BIOTITE-SILLIMANITE GNEISS,,PALAEOPROTEROZOIC-GREY-PINK-GNEISS-QTZ-BIOTITE-SILLIMANITE-GNEISS
2_342_0,327.20764,1966.0,1112.0,508.0,696.0,640.0,1057.0,1900.0,2232.0,2359.0,2491.0,463409.5000105199,361,0.57319105,3.6859375,0.9195402298850576,0.8334039847392963,1.7679856115107917,10.899748,-16.676989910410196,-10.188540685653276,6.48844922475692,0,21.36297051893896,80.58521410827413,"{""type"":""MultiPoint"",""coordinates"":[]}",PALAEOPROTEROZOIC - MESOPROTEROZOIC,,KHAIRAGARH,SITAGOTA,BASALT,,PALAEOPROTEROZOIC-MESOPROTEROZOIC-BASALT
2_343_0,270.0,2099.0,1192.5,717.75,916.0,992.5,1395.0,2139.5,2533.333333333333,2547.0,2669.0,463409.5000105199,332,0.43918633,2.56624685138539,1.0835152838427948,0.8241067923046722,1.760167714884696,0.99784374,-17.164471263639168,-10.597459377005496,6.567011886633672,0,21.65833658435746,79.82335291581236,"{""type"":""MultiPoint"",""coordinates"":[]}",ARCHAEAN,,TIRODI GNEISSIC COMPLEX,,GNEISS/MIGMATITE,,ARCHAEAN-GNEISS-MIGMATITE
2_344_0,180.0,2015.5,1305.0,603.5,786.5,801.0,1147.5,1775.5,2035.0,2186.0,2309.5,463409.5000105199,509,0.46367592,2.7290886392009988,1.0184361093452003,0.922003659652333,1.5444444444444445,0.92740995,-15.793790664579014,-8.96180375347419,6.831986911104824,0,22.29946420263356,80.28553612949186,"{""type"":""MultiPoint"",""coordinates"":[]}",ARCHAEAN,,TIRODI GNEISSIC COMPLEX,,GNEISS/MIGMATITE,,ARCHAEAN-GNEISS-MIGMATITE
2_345_0,331.59784,2020.0,1346.0,643.5,821.5,870.5,1248.5,1901.5,2153.0,2189.0,2351.5,463409.5000105199,450,0.43095276,2.514646754738656,1.0596469872185028,0.9227957971676564,1.50074294205052,2.1078675,-17.019557245083973,-10.622893602596278,6.396663642487695,0,22.384624491568093,79.8273953345909,"{""type"":""MultiPoint"",""coordinates"":[]}",LATE CRETACEOUS - PALAEOCENE,DECCAN TRAP,AMARKANTAK,DHUMA,BASALT,,LATE-CRETACEOUS-PALAEOCENE-BASALT
2_346_0,151.72516,3596.333333333333,2677.25,797.3636363636364,1082.388888888889,1242.4,1710.25,2272.875,2537.0,2703.4,2902.0,2294.9074055394917,307,0.37026712,2.175949774629749,1.147831442796284,1.3303001159034302,1.3432938027204533,2.1053452,-16.927492033793158,-9.50487524205825,7.422616791734908,0,21.630848136663403,79.76595056915713,"{""type"":""MultiPoint"",""coordinates"":[]}",ARCHAEAN,,TIRODI GNEISSIC COMPLEX,,GNEISS/MIGMATITE,,ARCHAEAN-GNEISS-MIGMATITE
2_347_0,180.0,3160.0,2273.5,584.0,784.0,1029.0,1385.0,1841.5,2068.5,2339.5,2472.5,463409.5000105199,536,0.38904557,2.2735665694849367,1.3125,1.3507159649497755,1.3899274246756104,6.464861,-19.416961628810967,-12.303170863570417,7.11379076524055,0,22.17657467176601,80.57766825988752,"{""type"":""MultiPoint"",""coordinates"":[]}",PALAEOPROTEROZOIC,,SAUSAR,JUNEWANI,GREY & PINK GNEISS/QTZ-BIOTITE-SILLIMANITE GNEISS,,PALAEOPROTEROZOIC-GREY-PINK-GNEISS-QTZ-BIOTITE-SILLIMANITE-GNEISS
2_348_0,107.23825,2526.0,1599.0,604.0,810.0,792.0,1264.0,2176.0,2500.0,2637.0,2774.0,463409.5000105199,295,0.53805774,3.3295454545454546,0.9777777777777776,0.9579067121729238,1.5797373358348967,3.126652,-15.181049296776193,-8.311603333234881,6.869445963541311,0,21.432230627344577,80.41489353040507,"{""type"":""MultiPoint"",""coordinates"":[]}",ARCHAEAN,,AMGAON GNEISSIC COMPLEX,,GRANITE GNEISS/MIGMATITE,,ARCHAEAN-GRANITE-GNEISS-MIGMATITE
2_349_0,28.347103,1845.5,1101.5,430.0,616.0,626.5,1004.0,1966.5,2278.5,2507.0,2629.0,463409.5000105199,599,0.60012764,4.001596169193935,1.0170454545454546,0.7361388113282809,1.675442578302315,4.207868,-14.873627834113886,-8.579375103329866,6.29425273078402,0,22.06257846221125,80.65986410838445,"{""type"":""MultiPoint"",""coordinates"":[]}",ARCHAEAN,,TIRODI GNEISSIC COMPLEX,,GNEISS/MIGMATITE,,ARCHAEAN-GNEISS-MIGMATITE
2_350_0,180.0,3131.5,2264.5,786.0,1079.5,1228.0,1664.0,2282.5,2582.5,2712.0,2907.0,463409.5000105199,296,0.37664974,2.208469055374593,1.1375636868920798,1.1546828908554572,1.3828659748288803,0.92740995,-18.208838292584023,-10.633356828384157,7.57548146419987,0,21.58045264922429,79.83898360175604,"{""type"":""MultiPoint"",""coordinates"":[]}",PALAEOPROTEROZOIC,,SAUSAR,MANSAR,MUSCOVITE SCHIST,,PALAEOPROTEROZOIC-MUSCOVITE-SCHIST
2_351_0,180.0,2503.0,1569.0,444.0,628.0,682.0,1103.0,1892.0,2307.0,2163.0,2427.0,463409.5000105199,336,0.5205624,3.1715542521994133,1.085987261146497,1.1571890892279242,1.5952836201402167,0.92740995,-15.08219329747254,-9.166418015791674,5.915775281680865,0,21.504724670773022,80.58224966783654,"{""type"":""MultiPoint"",""coordinates"":[]}",ARCHAEAN,,AMGAON GNEISSIC COMPLEX,,GRANITE GNEISS/MIGMATITE,,ARCHAEAN-GRANITE-GNEISS-MIGMATITE
2_352_0,180.0,2597.5,1793.5,621.5,840.5,936.0,1344.0,2093.5,2328.5,2590.5,2575.0,463409.5000105199,352,0.46916205,2.7676282051282053,1.113622843545509,1.00270218104613,1.4482854753275718,2.7802885,-15.769049858921614,-9.594225485666604,6.17482437325501,0,22.13992340817393,80.12815129171412,"{""type"":""MultiPoint"",""coordinates"":[]}",NEOPROTEROZOIC,,,,GRANITE,ACID  INTRUSIVE,NEOPROTEROZOIC-GRANITE
2_353_0,199.72276,2667.0,1945.0,880.5,1187.5,1377.5,1709.5,2346.5,2504.5,2621.0,2696.5,2469.757073074192,288,0.31099162,1.9027223230490016,1.16,1.0175505532239604,1.3712082262210796,2.9532564,-16.324222249085135,-8.024153299015525,8.30006895006961,0,21.59635282975321,80.00472277167609,"{""type"":""MultiPoint"",""coordinates"":[]}",ARCHAEAN,,TIRODI GNEISSIC COMPLEX,,GNEISS/MIGMATITE,,ARCHAEAN-GNEISS-MIGMATITE
2_354_0,180.0,2020.0,1148.0,386.0,662.0,563.0,1083.0,1960.0,2295.0,2373.0,2468.0,463409.5000105199,560,0.616485,4.214920071047957,0.850453172205438,0.8512431521281079,1.759581881533101,9.195146,-15.3385278458112,-8.021380165812,7.3171476799992,0,21.430074670662687,80.74691085941564,"{""type"":""MultiPoint"",""coordinates"":[]}",PALAEOPROTEROZOIC - MESOPROTEROZOIC,,KHAIRAGARH,KOTIMA,BASALT,,PALAEOPROTEROZOIC-MESOPROTEROZOIC-BASALT
2_355_0,107.19539,2308.0,1259.0,480.5,685.0,650.0,1164.5,1910.0,2176.5,2288.0,2518.5,463409.5000105199,427,0.5575221,3.52,0.948905109489051,1.0087412587412588,1.8332009531374107,3.1341953,-14.28405974656438,-7.2422119411173185,7.041847805447061,0,21.814643443794257,79.51963251825156,"{""type"":""MultiPoint"",""coordinates"":[]}",ARCHAEAN,,TIRODI GNEISSIC COMPLEX,,GNEISS/MIGMATITE,,ARCHAEAN-GNEISS-MIGMATITE
2_356_0,132.85338,2311.5,1484.0,604.5,831.0,913.5,1343.5,1893.0,2094.5,2293.5,2374.0,463409.5000105199,593,0.4303087,2.5106732348111658,1.0992779783393505,1.0078482668410726,1.5576145552560647,1.3634499,-17.463013616103275,-11.941193644745796,5.5218199713574805,0,21.914356440331524,80.77951970422917,"{""type"":""MultiPoint"",""coordinates"":[]}",PALAEOPROTEROZOIC,,,,GRANITE,MALANJKHAND GRANITE,PALAEOPROTEROZOIC-GRANITE
2_357_0,294.91943,2042.5,1360.0,641.0,850.6666666666666,873.0,1236.0,1874.0,2169.0,2239.0,2457.0,463409.5000105199,295,0.438946,2.564719358533792,1.026253918495298,0.9122376060741404,1.5018382352941178,2.2001889,-16.187865914552447,-9.05478782785349,7.133078086698957,0,21.69067593458576,80.2647850464287,"{""type"":""MultiPoint"",""coordinates"":[]}",ARCHAEAN,,TIRODI GNEISSIC COMPLEX,,GNEISS/MIGMATITE,,ARCHAEAN-GNEISS-MIGMATITE
2_358_0,215.65007,2794.0,1969.0,810.5,1110.0,1162.0,1634.0,2280.6,2602.0,2630.0,2866.0,463409.5000105199,295,0.3871308,2.2633390705679863,1.0468468468468468,1.0623574144486692,1.4189944134078212,3.4201276,-17.3977324431941,-10.428378815826893,6.969353627367209,0,21.647287306362788,80.33135020898195,"{""type"":""MultiPoint"",""coordinates"":[]}",CENOZOIC,,,,LATERITE,,CENOZOIC-LATERITE
2_359_0,294.88583,2489.0,1755.0,600.0,846.0,965.0,1337.0,2109.0,2238.0,2397.0,2622.0,463409.5000105199,579,0.42593694,2.483937823834197,1.1406619385342789,1.0383813099707968,1.4182336182336182,2.202968,-18.12189946736761,-11.442487674139668,6.6794117932279455,0,21.91058351613822,79.63740165199962,"{""type"":""MultiPoint"",""coordinates"":[]}",ARCHAEAN,,TIRODI GNEISSIC COMPLEX,,GNEISS/MIGMATITE,,ARCHAEAN-GNEISS-MIGMATITE
2_360_0,65.07071,3032.333333333333,2010.0,657.125,892.0,932.5,1522.6666666666667,2144.0,2376.25,2445.0,2784.0,2154.5533179756776,316,0.44781643,2.6219839142091157,1.0454035874439462,1.2402181322426722,1.5086235489220563,2.1993747,-16.53174865075274,-9.416419508532393,7.115329142220347,0,21.625458244958686,79.73711464853689,"{""type"":""MultiPoint"",""coordinates"":[]}",PALAEOPROTEROZOIC,,,,FOLIATED GRANITE,ACID  INTRUSIVE,PALAEOPROTEROZOIC-FOLIATED-GRANITE
2_361_0,252.76094,1831.0,1041.0,343.0,505.0,416.0,842.0,2101.0,2481.0,2540.0,2763.0,463409.5000105199,428,0.7185386,6.105769230769231,0.8237623762376237,0.7208661417322835,1.7588856868395772,12.324791,-14.739307082566931,-8.332014871752211,6.407292210814722,0,21.424954273543207,80.65986410838445,"{""type"":""MultiPoint"",""coordinates"":[]}",PALAEOPROTEROZOIC - MESOPROTEROZOIC,,KHAIRAGARH,MANGIKHUTA,BASALT,,PALAEOPROTEROZOIC-MESOPROTEROZOIC-BASALT
2_362_0,90.0,2023.5,1226.0,488.5,636.5,665.5,1108.5,1731.5,2036.0,2153.0,2298.5,463409.5000105199,622,0.527763,3.2351615326821936,1.0455616653574231,0.9398513701811426,1.650489396411093,4.993292,-15.078640708815112,-8.26833171708812,6.810308991726993,0,22.121867270963133,80.39117800690431,"{""type"":""MultiPoint"",""coordinates"":[]}",PALAEOPROTEROZOIC,,SAUSAR,MANSAR,PHYLLITE,,PALAEOPROTEROZOIC-PHYLLITE
2_363_0,227.17323,3324.0,2481.5,739.0,1005.0,1240.5,1520.5,2108.0,2400.5,2494.0,2714.0,463409.5000105199,524,0.33565405,2.010479645304313,1.2343283582089553,1.3327987169206097,1.3395123916985694,4.08623,-18.59109432001603,-9.809083445280883,8.782010874735146,0,22.04667828168233,79.83574966673321,"{""type"":""MultiPoint"",""coordinates"":[]}",ARCHAEAN,,TIRODI GNEISSIC COMPLEX,,GNEISS/MIGMATITE,,ARCHAEAN-GNEISS-MIGMATITE
2_364_0,-0.0,2710.0,1891.0,706.0,939.0,1034.0,1574.0,2192.0,2445.0,2509.0,2715.0,463409.5000105199,272,0.41631386,2.4264990328820115,1.101171458998935,1.0801115982463132,1.4331041776837652,0.0,-15.346494138614506,-8.243022391889651,7.103471746724855,0,21.468073407180945,79.87132295198434,"{""type"":""MultiPoint"",""coordinates"":[]}",ARCHAEAN,,AMGAON GNEISSIC COMPLEX,,GRANITE GNEISS/MIGMATITE,,ARCHAEAN-GRANITE-GNEISS-MIGMATITE
2_365_0,-0.0,2855.0,2066.0,847.5,1091.0,1296.0,1670.0,2173.0,2377.0,2506.0,2657.5,463409.5000105199,292,0.31825355,1.933641975308642,1.1879010082493129,1.13926576217079,1.38189738625363,0.0,-17.9633033505095,-11.13557713560854,6.827726214900958,0,21.65456366016416,80.2122336023077,"{""type"":""MultiPoint"",""coordinates"":[]}",ARCHAEAN,,TIRODI GNEISSIC COMPLEX,,GNEISS/MIGMATITE,,ARCHAEAN-GNEISS-MIGMATITE
2_366_0,79.47253,2853.5,1964.0,725.0,984.1666666666666,1063.0,1474.6,2264.25,2518.75,2683.0,2706.0,463409.5000105199,296,0.4324613,2.523988711194732,1.0801016088060966,1.0635482668654492,1.4529022403258656,5.063163,-17.916327325426096,-11.461716880860726,6.45461044456537,0,21.69337088043812,80.04730291614335,"{""type"":""MultiPoint"",""coordinates"":[]}",ARCHAEAN,,TIRODI GNEISSIC COMPLEX,,GNEISS/MIGMATITE,,ARCHAEAN-GNEISS-MIGMATITE
2_367_0,72.845,1559.5,855.5,404.5,528.5,455.0,888.0,1706.0,1960.0,2031.5,2203.5,463409.5000105199,554,0.6340237,4.464835164835165,0.8609271523178808,0.7676593650012307,1.8229105786090003,3.1413367,-15.642472316671515,-8.143440765520225,7.49903155115129,0,22.169028823379406,80.40707818743323,"{""type"":""MultiPoint"",""coordinates"":[]}",PALAEOPROTEROZOIC,,SAUSAR,JUNEWANI,GREY & PINK GNEISS/QTZ-BIOTITE-SILLIMANITE GNEISS,,PALAEOPROTEROZOIC-GREY-PINK-GNEISS-QTZ-BIOTITE-SILLIMANITE-GNEISS
2_368_0,219.65332,1551.0,859.0,383.0,515.0,436.0,839.0,1671.0,2045.0,2345.0,2357.0,463409.5000105199,620,0.68644375,5.378440366972477,0.8466019417475729,0.661407249466951,1.8055878928987197,15.287179,-14.96405993719902,-8.993126657960216,5.970933279238803,0,21.86261347996624,80.61108558845677,"{""type"":""MultiPoint"",""coordinates"":[]}",PALAEOPROTEROZOIC,,,,GRANITE,MALANJKHAND GRANITE,PALAEOPROTEROZOIC-GRANITE
2_369_0,47.12074,2331.0,1586.5,653.0,868.5,1000.5,1328.0,2192.5,2552.0,2592.5,2759.0,3050.852339920764,354,0.44308376,2.5912043978010995,1.151986183074266,0.899132111861138,1.4692719823510874,1.3627869,-16.597063945860075,-9.156455125676052,7.440608820184023,0,21.784999039418317,79.79559497353307,"{""type"":""MultiPoint"",""coordinates"":[]}",ARCHAEAN,,TIRODI GNEISSIC COMPLEX,,GNEISS/MIGMATITE,,ARCHAEAN-GNEISS-MIGMATITE
2_370_0,19.817047,1315.0,658.0,289.0,460.0,366.0,779.0,1677.0,1903.0,2200.0,2159.0,463409.5000105199,726,0.7147311,6.0109289617486334,0.7956521739130434,0.5977272727272728,1.9984802431610944,5.8943644,-13.511561616401924,-7.580980253384608,5.930581363017316,0,22.330725574520923,80.7277767438639,"{""type"":""MultiPoint"",""coordinates"":[]}",LATE CRETACEOUS - PALAEOCENE,DECCAN TRAP,AMARKANTAK,LINGA,BASALT,,LATE-CRETACEOUS-PALAEOCENE-BASALT
2_371_0,90.0,3373.25,2291.0,801.3333333333334,1059.857142857143,1170.75,1630.1666666666667,2079.6,2355.333333333333,2452.0,2677.0,463409.5000105199,357,0.3536678,2.0943839419175743,1.1046300040436716,1.3757137030995106,1.4723919685726756,0.995578,-18.462492639212225,-10.85153799540148,7.610954643810746,0,21.327397233687822,80.08934407144015,"{""type"":""MultiPoint"",""coordinates"":[]}",ARCHAEAN,,AMGAON GNEISSIC COMPLEX,,GRANITE,,ARCHAEAN-GRANITE
2_372_0,283.03113,2346.5,1508.0,582.0,809.5,939.5,1366.0,1944.0,2168.0,2168.0,2368.0,463409.5000105199,658,0.39533386,2.307610431080362,1.16059295861643,1.0823339483394834,1.5560344827586208,4.106353,-16.649834178521093,-10.408521699407649,6.241312479113445,0,22.21645987038092,80.78464010134866,"{""type"":""MultiPoint"",""coordinates"":[]}",PALAEOPROTEROZOIC,,SAUSAR,JUNEWANI,GREY & PINK GNEISS/QTZ-BIOTITE-SILLIMANITE GNEISS,,PALAEOPROTEROZOIC-GREY-PINK-GNEISS-QTZ-BIOTITE-SILLIMANITE-GNEISS
2_373_0,227.14801,2156.0,1428.0,636.0,839.0,873.0,1310.0,2315.0,2590.0,2651.0,2777.0,463409.5000105199,550,0.5045403,3.036655211912944,1.0405244338498212,0.8132780082987552,1.5098039215686274,2.7254288,-16.05453951900347,-10.087996242874564,5.966543276128906,0,21.921363299547654,79.68052078563736,"{""type"":""MultiPoint"",""coordinates"":[]}",ARCHAEAN,,TIRODI GNEISSIC COMPLEX,,GNEISS/MIGMATITE,,ARCHAEAN-GNEISS-MIGMATITE
2_374_0,-0.0,159.0,110.0,588.5,706.0,466.0,434.5,259.0,266.5,227.5,202.5,463409.5000105199,514,-0.3439077,0.4881974248927038,0.660056657223796,0.6989010989010989,1.4454545454545455,0.0,-29.90933417771512,-20.65150775975576,9.25782641795936,0,22.35066817382837,79.59724695879947,"{""type"":""MultiPoint"",""coordinates"":[]}",LATE CRETACEOUS - PALAEOCENE,DECCAN TRAP,AMARKANTAK,DHUMA,BASALT,,LATE-CRETACEOUS-PALAEOCENE-BASALT
2_375_0,-0.0,1680.0,811.0,384.0,531.0,408.0,925.0,1838.0,2190.0,2402.0,2384.0,463409.5000105199,387,0.70960855,5.887254901960785,0.768361581920904,0.6994171523730225,2.0715166461159065,2.7802885,-13.887422936020936,-7.784236302818915,6.1031866332020215,0,21.98415553790761,79.95459677882222,"{""type"":""MultiPoint"",""coordinates"":[]}",ARCHAEAN,,TIRODI GNEISSIC COMPLEX,,GNEISS/MIGMATITE,,ARCHAEAN-GNEISS-MIGMATITE
2_376_0,331.65097,1792.0,922.0,426.5,619.5,489.5,1033.5,2102.5,2550.5,2705.5,2817.0,463409.5000105199,478,0.6935837,5.527068437180796,0.7901533494753834,0.6623544631306598,1.943600867678959,4.2079444,-14.738918279899847,-7.638568432134509,7.10034984776534,0,22.07389723479115,79.95028486545846,"{""type"":""MultiPoint"",""coordinates"":[]}",ARCHAEAN,,TIRODI GNEISSIC COMPLEX,,GNEISS/MIGMATITE,,ARCHAEAN-GNEISS-MIGMATITE
2_377_0,47.15365,1508.0,738.0,398.0,540.0,422.0,984.0,2002.0,2446.0,2452.0,2646.0,1880.0,598,0.7063326,5.81042654028436,0.7814814814814814,0.6150081566068516,2.043360433604336,1.3636302,-14.185067487821318,-6.92736703117802,7.257700456643298,0,21.949390736412184,80.2332541799561,"{""type"":""MultiPoint"",""coordinates"":[]}",PALAEOPROTEROZOIC,,SAUSAR,MANSAR,MUSCOVITE SCHIST,,PALAEOPROTEROZOIC-MUSCOVITE-SCHIST
2_378_0,227.08476,2075.0,1228.0,465.0,663.0,600.0,1125.0,2087.5,2467.0,2577.5,2780.0,463409.5000105199,313,0.6223446,4.295833333333333,0.9049773755656108,0.8050436469447139,1.6897394136807815,1.3618664,-14.93524964178268,-8.325632455750936,6.609617186031743,0,21.60362918355458,79.86916699530245,"{""type"":""MultiPoint"",""coordinates"":[]}",PALAEOPROTEROZOIC,,SAUSAR,MANSAR,MUSCOVITE SCHIST,,PALAEOPROTEROZOIC-MUSCOVITE-SCHIST
2_379_0,270.0,1657.0,1006.0,423.0,574.0,580.0,934.0,1693.0,2044.0,2247.0,2297.0,463409.5000105199,480,0.589671,3.8741379310344826,1.0104529616724738,0.737427681352915,1.647117296222664,0.9985971,-15.17126462287752,-8.0086299818201,7.162634641057419,0,21.76694290220751,80.73882602185857,"{""type"":""MultiPoint"",""coordinates"":[]}",PALAEOPROTEROZOIC - MESOPROTEROZOIC,,KHAIRAGARH,SITAGOTA,BASALT,,PALAEOPROTEROZOIC-MESOPROTEROZOIC-BASALT
2_380_0,261.19437,1810.0,948.0,372.75,553.5,532.0,946.0,1918.0,2249.0,2495.0,2508.0,463409.5000105199,689,0.64849687,4.68984962406015,0.9611562782294488,0.7254509018036072,1.909282700421941,6.036313,-14.882908725948363,-8.813050487300915,6.06985823864745,0,21.650251746800382,80.49574190597582,"{""type"":""MultiPoint"",""coordinates"":[]}",ARCHAEAN,,AMGAON GNEISSIC COMPLEX,,AMPHIBOLITE,,ARCHAEAN-AMPHIBOLITE
2_381_0,90.0,1682.0,939.0,674.0,881.0,899.0,1271.0,2036.0,2323.0,2417.0,2523.0,463409.5000105199,308,0.45778045,2.688542825361513,1.0204313280363224,0.6959040132395532,1.7912673056443025,0.996933,-17.982496050669617,-11.341179190648187,6.64131686002143,0,21.52601474300665,80.31194659884497,"{""type"":""MultiPoint"",""coordinates"":[]}",ARCHAEAN,,AMGAON GNEISSIC COMPLEX,,GRANITE GNEISS/MIGMATITE,,ARCHAEAN-GRANITE-GNEISS-MIGMATITE
2_382_0,340.22455,1980.0,968.0,410.0,652.0,603.0,1150.0,2097.0,2438.0,2520.0,2637.0,463409.5000105199,604,0.61383283,4.17910447761194,0.9248466257668712,0.7857142857142857,2.0454545454545454,8.800681,-15.274837946295552,-8.979134799765468,6.295703146530084,0,22.010566007260724,79.93276771741812,"{""type"":""MultiPoint"",""coordinates"":[]}",ARCHAEAN,,TIRODI GNEISSIC COMPLEX,,GRANITE GNEISS,,ARCHAEAN-GRANITE-GNEISS
2_383_0,180.0,2402.0,1624.0,689.0,944.0,1141.0,1450.0,2087.0,2312.0,2382.0,2552.0,463409.5000105199,318,0.3522566,2.0876424189307623,1.208686440677966,1.0083963056255247,1.479064039408867,1.8543341,-16.21962099624448,-9.086248398501134,7.133372597743346,0,21.48073965268703,80.54721537175587,"{""type"":""MultiPoint"",""coordinates"":[]}",ARCHAEAN,,AMGAON GNEISSIC COMPLEX,,GRANITE GNEISS/MIGMATITE,,ARCHAEAN-GRANITE-GNEISS-MIGMATITE
2_384_0,-0.0,2000.5,1245.0,655.5,914.5,883.5,1344.5,2121.5,2426.5,2385.5,2609.0,463409.5000105199,267,0.45946774,2.7000565930956424,0.9661016949152542,0.8386082582267869,1.6068273092369478,0.92740995,-17.15401294338082,-10.04250558459313,7.111507358787691,0,21.33494308207443,79.63632367365868,"{""type"":""MultiPoint"",""coordinates"":[]}",ARCHAEAN,,TIRODI GNEISSIC COMPLEX,,GNEISS/MIGMATITE,,ARCHAEAN-GNEISS-MIGMATITE
2_385_0,-0.0,3218.0,2850.0,772.0,994.0,1280.0,1652.0,2157.0,2431.0,2475.0,2617.0,463409.5000105199,310,0.31824234,1.93359375,1.2877263581488934,1.30020202020202,1.129122807017544,3.7047918,-14.142839340961292,-6.988331473728024,7.154507867233267,0,21.53517755890467,80.54398143673305,"{""type"":""MultiPoint"",""coordinates"":[]}",ARCHAEAN,,AMGAON GNEISSIC COMPLEX,,GRANITE GNEISS/MIGMATITE,,ARCHAEAN-GRANITE-GNEISS-MIGMATITE
2_386_0,72.767555,3327.0,2392.0,803.0,1104.0,1237.0,1680.0,2402.0,2694.0,2870.0,2994.0,463409.5000105199,307,0.39761382,2.320129345189976,1.1204710144927537,1.159233449477352,1.390886287625418,3.127672,-17.16895275850024,-10.956904062762243,6.212048695737995,0,21.48451257688033,80.15402277189676,"{""type"":""MultiPoint"",""coordinates"":[]}",ARCHAEAN,,AMGAON GNEISSIC COMPLEX,,GRANITE GNEISS/MIGMATITE,,ARCHAEAN-GRANITE-GNEISS-MIGMATITE
2_387_0,312.79813,2830.0,1853.0,681.0,930.0,1049.0,1478.5,2036.5,2288.5,2499.0,2596.0,463409.5000105199,513,0.40868095,2.382268827454719,1.1279569892473118,1.132452981192477,1.5272531030760927,5.4440656,-16.89995884460523,-10.571759451919716,6.328199392685514,0,22.188162938931157,79.73549768102548,"{""type"":""MultiPoint"",""coordinates"":[]}",ARCHAEAN,,TIRODI GNEISSIC COMPLEX,,GNEISS/MIGMATITE,,ARCHAEAN-GNEISS-MIGMATITE
2_388_0,301.81177,2786.0,2107.0,748.0,1106.0,1282.0,1664.0,2146.0,2415.0,2501.0,2594.0,463409.5000105199,317,0.32223102,1.9508580343213728,1.1591320072332731,1.113954418232707,1.3222591362126246,3.5146058,-17.505543237603998,-11.53441443489193,5.971128802712068,0,21.49259741443741,80.53670508293168,"{""type"":""MultiPoint"",""coordinates"":[]}",ARCHAEAN,,AMGAON GNEISSIC COMPLEX,,GRANITE GNEISS/MIGMATITE,,ARCHAEAN-GRANITE-GNEISS-MIGMATITE
2_389_0,156.63313,2096.5,1177.5,425.5,611.5,571.5,1109.0,1970.5,2281.5,2429.5,2567.5,463409.5000105199,390,0.619127,4.2510936132983375,0.9345870809484872,0.8629347602387323,1.7804670912951168,5.038751,-14.999332625754832,-7.952590461803313,7.046742163951519,0,22.20864452740908,79.96133414345312,"{""type"":""MultiPoint"",""coordinates"":[]}",ARCHAEAN,,TIRODI GNEISSIC COMPLEX,,GNEISS/MIGMATITE,,ARCHAEAN-GNEISS-MIGMATITE
2_390_0,180.0,3241.0,2621.0,758.0,1030.5,1288.5,1634.0,2005.5,2233.5,2311.0,2460.0,2237.8561169118984,594,0.28406724,1.793558401241754,1.250363901018923,1.402423193422761,1.2365509347577262,0.92740995,-18.446817156670534,-10.58729883993334,7.859518316737194,0,21.998977740095583,80.41165959538223,"{""type"":""MultiPoint"",""coordinates"":[]}",PALAEOPROTEROZOIC,,SAUSAR,MANSAR,PHYLLITE,,PALAEOPROTEROZOIC-PHYLLITE
2_391_0,47.060856,1608.0,875.0,741.0,976.0,900.0,1327.0,2211.0,2612.0,2797.0,2916.0,463409.5000105199,298,0.51311874,3.1077777777777778,0.9221311475409836,0.574901680371827,1.8377142857142856,1.361256,-19.20229849735106,-11.246194512096796,7.956103985254263,0,21.48208712561321,80.29658540748653,"{""type"":""MultiPoint"",""coordinates"":[]}",ARCHAEAN,,AMGAON GNEISSIC COMPLEX,,GRANITE GNEISS/MIGMATITE,,ARCHAEAN-GRANITE-GNEISS-MIGMATITE
2_392_0,129.1068,1849.0,991.0,468.0,681.0,544.0,1039.0,2174.0,2582.0,2717.0,2809.0,463409.5000105199,619,0.66636,4.994485294117647,0.7988252569750367,0.68052999631947,1.8657921291624624,10.18428,-12.662612546826452,-6.342587648596107,6.320024898230345,0,21.720589833546946,80.62294335020715,"{""type"":""MultiPoint"",""coordinates"":[]}",PALAEOPROTEROZOIC,,,,GRANITE,MALANJKHAND GRANITE,PALAEOPROTEROZOIC-GRANITE
2_393_0,132.8849,2711.0,1759.0,656.0,842.5,941.0,1431.0,2020.5,2362.0,2372.5,2581.0,463409.5000105199,335,0.43202052,2.52125398512221,1.116913946587537,1.142676501580611,1.541216600341103,1.3626424,-17.08450749461606,-9.263720624774878,7.82078686984118,0,21.756702107968547,79.84922439599501,"{""type"":""MultiPoint"",""coordinates"":[]}",ARCHAEAN,,TIRODI GNEISSIC COMPLEX,,GNEISS/MIGMATITE,,ARCHAEAN-GNEISS-MIGMATITE
2_394_0,28.275396,2340.833333333333,1494.6666666666663,641.4166666666667,920.0,936.75,1344.0,2107.333333333333,2396.5,2627.0,2606.25,463409.5000105199,277,0.47428972,2.8043768348011744,1.0182065217391305,0.8910671234614895,1.5661239964317573,4.2050424,-13.929036922090566,-8.003103212116592,5.9259337099739735,0,21.634082071686237,80.02655183308019,"{""type"":""MultiPoint"",""coordinates"":[]}",ARCHAEAN,,TIRODI GNEISSIC COMPLEX,,GNEISS/MIGMATITE,,ARCHAEAN-GNEISS-MIGMATITE
2_395_0,180.0,2536.5,1906.0,738.5,982.0,1135.5,1475.5,2111.5,2405.0,2378.5,2578.0,2297.1504086585187,348,0.35372794,2.094671950682519,1.156313645621181,1.066428421273912,1.330797481636936,0.92740995,-18.059544622156917,-10.435887277999427,7.623657344157486,0,21.77044633181557,79.78050327675986,"{""type"":""MultiPoint"",""coordinates"":[]}",ARCHAEAN,,TIRODI GNEISSIC COMPLEX,,GNEISS/MIGMATITE,,ARCHAEAN-GNEISS-MIGMATITE
2_396_0,144.24857,2382.0,1578.5,567.0,774.6,795.0,1270.8,2065.666666666667,2303.5,2475.0,2598.0,463409.5000105199,351,0.51376146,3.1132075471698117,1.0263361735089078,0.9624242424242424,1.5090275578080456,10.17725,-14.911644956222714,-7.209927620258823,7.701717335963891,0,22.17900012303313,80.04379948653529,"{""type"":""MultiPoint"",""coordinates"":[]}",ARCHAEAN,,TIRODI GNEISSIC COMPLEX,,GNEISS/MIGMATITE,,ARCHAEAN-GNEISS-MIGMATITE
2_397_0,72.75928,1961.0,1170.0,383.0,571.0,528.0,965.0,1649.0,1998.0,2037.0,2191.0,463409.5000105199,554,0.5883041,3.8579545454545454,0.9246935201401052,0.962690230731468,1.676068376068376,6.2339334,-14.174085414522054,-6.952745904940217,7.221339509581837,0,21.410132071355235,80.73289714098338,"{""type"":""MultiPoint"",""coordinates"":[]}",PALAEOPROTEROZOIC - MESOPROTEROZOIC,,KHAIRAGARH,KOTIMA,BASALT,,PALAEOPROTEROZOIC-MESOPROTEROZOIC-BASALT
2_398_0,180.0,1772.0,915.5,406.0,558.5,451.0,847.5,1807.5,2142.5,2349.0,2438.5,463409.5000105199,585,0.67785716,5.208425720620842,0.8075201432408237,0.7543635589612601,1.9355543418896777,2.7802885,-14.955318483856924,-8.234282817254645,6.72103566660228,0,22.093570339513366,80.297124396657,"{""type"":""MultiPoint"",""coordinates"":[]}",PALAEOPROTEROZOIC,,SAUSAR,JUNEWANI,GREY & PINK GNEISS/QTZ-BIOTITE-SILLIMANITE GNEISS,,PALAEOPROTEROZOIC-GREY-PINK-GNEISS-QTZ-BIOTITE-SILLIMANITE-GNEISS
2_399_0,28.32984,2784.0,2423.0,1302.0,1652.0,1976.0,2212.0,2365.0,2420.0,2436.0,2589.0,463409.5000105199,626,0.10426111,1.2327935222672064,1.1961259079903148,1.1428571428571428,1.1489888567891045,2.106433,-17.00234116531903,-10.035394966684176,6.966946198634854,0,21.96017051982162,79.52556139912674,"{""type"":""MultiPoint"",""coordinates"":[]}",CENOZOIC,,,,LATERITE,,CENOZOIC-LATERITE
2_400_0,245.13437,2112.0,1251.0,433.0,596.0,582.0,991.0,1645.0,1877.0,2020.0,2137.0,463409.5000105199,599,0.5526518,3.470790378006873,0.976510067114094,1.0455445544554456,1.6882494004796162,2.2046413,-15.130720780057194,-7.639750599844037,7.490970180213157,0,22.04155788456285,79.63228125488014,"{""type"":""MultiPoint"",""coordinates"":[]}",LATE CRETACEOUS - PALAEOCENE,DECCAN TRAP,AMARKANTAK,PIPARDAHI,BASALT,,LATE-CRETACEOUS-PALAEOCENE-BASALT
2_401_0,58.31349,1854.5,1258.0,652.5,811.5,951.5,1307.5,2095.0,2377.5,2496.5,2636.5,463409.5000105199,606,0.44808584,2.62375197057278,1.1725200246457177,0.7428399759663529,1.4741653418124006,3.527012,-18.11008721671265,-10.480699869599407,7.629387347113241,0,22.19085788478351,79.56436861940071,"{""type"":""MultiPoint"",""coordinates"":[]}",LATE CRETACEOUS - PALAEOCENE,DECCAN TRAP,AMARKANTAK,PIPARDAHI,BASALT,,LATE-CRETACEOUS-PALAEOCENE-BASALT
2_402_0,90.0,1529.0,1109.6666666666667,925.0,1195.5,1212.5,1441.5,1608.0,1637.0,1567.0,1666.0,463409.5000105199,284,0.12754093,1.2923711340206183,1.014219991635299,0.9757498404594768,1.377891258636227,1.9950519,-27.39871630076408,-17.85491160375033,9.543804697013748,0,21.65618062767557,80.18555363836936,"{""type"":""MultiPoint"",""coordinates"":[]}",ARCHAEAN,,TIRODI GNEISSIC COMPLEX,,GNEISS/MIGMATITE,,ARCHAEAN-GNEISS-MIGMATITE
2_403_0,180.0,2954.0,2153.0,695.0,957.0,964.0,1395.0,1995.0,2268.0,2256.0,2396.0,463409.5000105199,273,0.40124223,2.340248962655602,1.007314524555904,1.3093971631205674,1.37203901532745,0.92740995,-17.461329305484977,-11.998521822918873,5.462807482566104,0,21.30961059106226,79.86216013608633,"{""type"":""MultiPoint"",""coordinates"":[]}",ARCHAEAN,,AMGAON GNEISSIC COMPLEX,,GRANITE GNEISS/MIGMATITE,,ARCHAEAN-GRANITE-GNEISS-MIGMATITE
2_404_0,-0.0,259.0,169.0,415.0,503.0,376.0,442.0,371.0,400.0,309.0,328.0,463409.5000105199,278,-0.097810216,0.8218085106382979,0.7475149105367793,0.8381877022653722,1.532544378698225,0.0,-29.32124448265664,-23.565134070128217,5.756110412528425,0,21.39423189082632,79.62931681444255,"{""type"":""MultiPoint"",""coordinates"":[]}",ARCHAEAN,,TIRODI GNEISSIC COMPLEX,,GNEISS/MIGMATITE,,ARCHAEAN-GNEISS-MIGMATITE
2_405_0,90.0,2984.5,1983.5,611.5,817.0,903.0,1358.0,2110.0,2407.0,2450.5,2745.0,2390.1464390283704,319,0.46145818,2.7137320044296787,1.105263157894737,1.2179147112834114,1.5046634736576758,0.9974583,-15.671509831516786,-9.062833429672535,6.608676401844251,0,21.60255120521364,79.67270544266552,"{""type"":""MultiPoint"",""coordinates"":[]}",ARCHAEAN,,TIRODI GNEISSIC COMPLEX,,GNEISS/MIGMATITE,,ARCHAEAN-GNEISS-MIGMATITE
2_406_0,132.84703,3021.0,1974.0,666.0,955.0,1159.0,1552.0,2367.0,2651.0,2868.0,2933.0,463409.5000105199,569,0.4243854,2.474547023295945,1.2136125654450265,1.053347280334728,1.5303951367781157,4.084677,-16.449507998535474,-10.058965100516042,6.390542898019431,0,21.946156801389357,79.67944280729641,"{""type"":""MultiPoint"",""coordinates"":[]}",ARCHAEAN,,TIRODI GNEISSIC COMPLEX,,GNEISS/MIGMATITE,,ARCHAEAN-GNEISS-MIGMATITE
2_408_0,227.09508,3355.5,2539.0,822.0,1121.7333333333331,1396.142857142857,1720.625,2236.6666666666665,2447.2,2640.4,2698.0,463409.5000105199,360,0.30824822,1.89121047784713,1.2446299094938105,1.270830177245872,1.3215833005120126,1.3621303,-16.30006715922153,-10.216449012685526,6.083618146536004,0,21.65591113309033,79.50481031606358,"{""type"":""MultiPoint"",""coordinates"":[]}",ARCHAEAN,,TIRODI GNEISSIC COMPLEX,,GNEISS/MIGMATITE,,ARCHAEAN-GNEISS-MIGMATITE
2_409_0,305.7428,1428.5,736.5,398.0,538.0,455.5,800.0,1673.5,2010.0,2020.5,2271.0,463409.5000105199,542,0.63206786,4.435784851811197,0.8466542750929368,0.7070032170254887,1.9395790902919208,10.978032,-16.946132652394905,-10.319309105195364,6.626823547199541,0,22.280869076252287,80.57955472198418,"{""type"":""MultiPoint"",""coordinates"":[]}",PALAEOPROTEROZOIC,,SAUSAR,JUNEWANI,GREY & PINK GNEISS/QTZ-BIOTITE-SILLIMANITE GNEISS,,PALAEOPROTEROZOIC-GREY-PINK-GNEISS-QTZ-BIOTITE-SILLIMANITE-GNEISS
2_410_0,83.383575,2073.0,1307.0,377.0,539.0,536.0,976.0,1787.0,2105.0,2256.0,2430.0,463409.5000105199,773,0.61604583,4.208955223880597,0.9944341372912802,0.9188829787234044,1.5860749808722263,7.997264,-14.542731099305332,-7.053613567968093,7.4891175313372385,0,21.881747595517982,80.43726158097964,"{""type"":""MultiPoint"",""coordinates"":[]}",ARCHAEAN,,TIRODI GNEISSIC COMPLEX,,GNEISS/MIGMATITE,,ARCHAEAN-GNEISS-MIGMATITE
2_411_0,199.69942,2705.0,1945.0,729.0,980.0,1131.0,1551.0,2104.0,2322.0,2421.0,2550.0,463409.5000105199,302,0.3631757,2.140583554376658,1.1540816326530612,1.117306897976043,1.3907455012853471,2.952826,-18.325170798060345,-10.6071067027617,7.718064095298645,0,21.409593082184763,80.46097710448039,"{""type"":""MultiPoint"",""coordinates"":[]}",ARCHAEAN,,AMGAON GNEISSIC COMPLEX,,GRANITE GNEISS/MIGMATITE,,ARCHAEAN-GRANITE-GNEISS-MIGMATITE
2_412_0,303.18933,2179.0,1009.5,664.5,915.5,788.5,1435.5,2742.5,3149.0,3313.0,3456.0,463409.5000105199,461,0.61550653,4.201648700063411,0.8612779901693064,0.6577120434651373,2.158494304110946,19.537767,-16.088639634931425,-9.98242298639162,6.106216648539807,0,22.079556621081103,80.2197794506943,"{""type"":""MultiPoint"",""coordinates"":[]}",ARCHAEAN,,TIRODI GNEISSIC COMPLEX,,GNEISS/MIGMATITE,,ARCHAEAN-GNEISS-MIGMATITE
2_413_0,151.62212,2603.0,1814.0,732.0,944.0,992.5,1371.0,2208.5,2468.5,2650.5,2792.5,463409.5000105199,359,0.4551194,2.670528967254408,1.0513771186440677,0.982078853046595,1.4349503858875414,2.1073854,-15.674451275106424,-8.262973068752867,7.411478206353557,0,22.243409328904505,80.15375327731152,"{""type"":""MultiPoint"",""coordinates"":[]}",NEOPROTEROZOIC,,,,GRANITE,ACID  INTRUSIVE,NEOPROTEROZOIC-GRANITE
2_414_0,146.1235,2156.0,1332.0,391.0,611.0,652.0,1067.0,1930.0,2199.0,2237.0,2469.0,463409.5000105199,634,0.54863274,3.4309815950920246,1.067103109656301,0.9637907912382656,1.6186186186186189,17.32598,-11.505360280828826,-5.196921068433796,6.30843921239503,0,21.420911854764668,80.7059476824598,"{""type"":""MultiPoint"",""coordinates"":[]}",PALAEOPROTEROZOIC - MESOPROTEROZOIC,,KHAIRAGARH,GHOGRA,SANDSTONE,,PALAEOPROTEROZOIC-MESOPROTEROZOIC-SANDSTONE
2_415_0,65.05358,2519.0,1635.0,472.0,635.0,662.0,1037.0,1893.0,2343.0,2430.0,2541.0,463409.5000105199,330,0.5717982,3.6706948640483374,1.04251968503937,1.036625514403292,1.5406727828746178,4.389475,-15.140342141054628,-8.158151717497384,6.982190423557244,0,21.512270519159625,79.67836482895547,"{""type"":""MultiPoint"",""coordinates"":[]}",PALAEOPROTEROZOIC,,SAUSAR,MANSAR,MUSCOVITE SCHIST,,PALAEOPROTEROZOIC-MUSCOVITE-SCHIST
2_416_0,105.265656,1651.0,826.0,375.0,544.0,507.0,926.0,1894.0,2177.0,2363.0,2419.0,2827.808338625516,583,0.6466899,4.660749506903353,0.9319852941176472,0.6986881083368599,1.9987893462469732,17.087828,-10.197452214654376,-3.0427391409271536,7.154713073727223,0,21.8833645630294,80.30925165299261,"{""type"":""MultiPoint"",""coordinates"":[]}",ARCHAEAN,,TIRODI GNEISSIC COMPLEX,,GNEISS/MIGMATITE,,ARCHAEAN-GNEISS-MIGMATITE
2_417_0,270.0,1795.5,1491.0,763.0,902.5,1125.0,1380.0,1935.5,2160.0,2020.0,2179.5,463409.5000105199,622,0.2845787,1.7955555555555556,1.2465373961218835,0.8888613861386139,1.204225352112676,3.0018413,-17.747111984100442,-9.74540652206171,8.001705462038732,0,22.169298317964643,79.5732619407135,"{""type"":""MultiPoint"",""coordinates"":[]}",LATE CRETACEOUS - PALAEOCENE,DECCAN TRAP,AMARKANTAK,PIPARDAHI,BASALT,,LATE-CRETACEOUS-PALAEOCENE-BASALT
2_418_0,58.315063,2697.0,2072.0,514.0,685.5,921.5,1179.5,1579.0,1758.0,1868.0,2035.0,463409.5000105199,700,0.3393081,2.0271296798697773,1.3442742523705324,1.4437901498929335,1.3016409266409266,3.5271683,-17.50866895099122,-10.354878635151772,7.153790315839446,0,22.19948171151106,80.79164696056479,"{""type"":""MultiPoint"",""coordinates"":[]}",PALAEOPROTEROZOIC,,SAUSAR,JUNEWANI,GREY & PINK GNEISS/QTZ-BIOTITE-SILLIMANITE GNEISS,,PALAEOPROTEROZOIC-GREY-PINK-GNEISS-QTZ-BIOTITE-SILLIMANITE-GNEISS
2_419_0,132.77927,2325.0,1492.5,449.0,611.5,731.5,1113.5,1802.0,2070.0,2224.0,2394.0,463409.5000105199,478,0.5049907,3.040328092959672,1.196238757154538,1.0454136690647482,1.5577889447236182,4.0898767,-14.381130852831268,-7.752574648850338,6.62855620398093,0,22.28059958166705,79.91713703147444,"{""type"":""MultiPoint"",""coordinates"":[]}",LATE CRETACEOUS - PALAEOCENE,DECCAN TRAP,AMARKANTAK,DHUMA,BASALT,,LATE-CRETACEOUS-PALAEOCENE-BASALT
2_420_0,-0.0,2165.0,1477.0,658.0,920.0,1015.0,1447.0,1992.0,2226.0,2276.0,2409.0,463409.5000105199,305,0.38316622,2.2423645320197045,1.1032608695652173,0.9512302284710018,1.4658090724441435,0.92740995,-17.434354984112716,-10.264472128499897,7.169882855612819,0,21.41956438183849,80.49385544387917,"{""type"":""MultiPoint"",""coordinates"":[]}",ARCHAEAN,,AMGAON GNEISSIC COMPLEX,,GRANITE GNEISS/MIGMATITE,,ARCHAEAN-GRANITE-GNEISS-MIGMATITE
2_421_0,47.08218,2319.0,1442.0,619.5,914.0,857.5,1277.5,2207.5,2459.0,2586.0,2756.5,3856.5917595721744,301,0.5019602,3.015743440233236,0.938183807439825,0.8967517401392111,1.6081830790568654,1.3618006,-15.060827966018666,-9.51616489820161,5.544663067817055,0,21.590423948878023,79.73738414312213,"{""type"":""MultiPoint"",""coordinates"":[]}",ARCHAEAN,,TIRODI GNEISSIC COMPLEX,,GNEISS/MIGMATITE,,ARCHAEAN-GNEISS-MIGMATITE
2_422_0,90.0,1766.0,898.0,441.0,633.0,530.0,1058.0,2066.0,2304.0,2653.0,2626.0,2325.6181973832245,324,0.66698086,5.005660377358491,0.8372827804107424,0.6656615152657369,1.9665924276169264,2.9962835,-13.8668973216432,-6.583642511918857,7.283254809724344,0,21.90627160277445,80.19929786221638,"{""type"":""MultiPoint"",""coordinates"":[]}",PALAEOPROTEROZOIC,,SAUSAR,MANSAR,MUSCOVITE SCHIST,,PALAEOPROTEROZOIC-MUSCOVITE-SCHIST
2_423_0,208.40149,1751.0,976.0,454.0,565.0,534.0,978.0,1774.0,2042.0,2251.0,2331.0,463409.5000105199,487,0.61651707,4.215355805243446,0.9451327433628318,0.7778764993336295,1.7940573770491803,4.210018,-14.664009211485624,-7.996717461700769,6.667291749784855,0,22.38085156737479,80.42378685171785,"{""type"":""MultiPoint"",""coordinates"":[]}",ARCHAEAN,,TIRODI GNEISSIC COMPLEX,,GNEISS/MIGMATITE,,ARCHAEAN-GNEISS-MIGMATITE
2_424_0,160.22697,1620.0,830.5,352.0,561.0,477.5,956.5,1856.0,2129.0,2316.0,2394.5,1355.949851580065,799,0.65813494,4.850261780104712,0.8511586452762924,0.6994818652849741,1.950632149307646,14.468438,-12.3396965712501,-5.587614976116598,6.752081595133504,0,21.991701386294213,80.49870634641341,"{""type"":""MultiPoint"",""coordinates"":[]}",LATE CRETACEOUS - PALAEOCENE,DECCAN TRAP,AMARKANTAK,MANDLA,BASALT,,LATE-CRETACEOUS-PALAEOCENE-BASALT
2_425_0,147.02986,2472.5,1595.0,535.0,709.0,797.5,1201.0,1978.0,2296.0,2475.0,2520.0,463409.5000105199,462,0.5126051,3.103448275862069,1.124823695345557,0.998989898989899,1.5501567398119125,5.510606,-14.522249856119618,-8.379012509195828,6.14323734692379,0,22.335576477055167,80.18905706797742,"{""type"":""MultiPoint"",""coordinates"":[]}",ARCHAEAN,,TIRODI GNEISSIC COMPLEX,,GNEISS/MIGMATITE,,ARCHAEAN-GNEISS-MIGMATITE
2_426_0,121.66513,2141.5,1324.0,498.5,617.5,680.5,1011.5,1661.5,1953.5,2038.5,2251.5,463409.5000105199,522,0.49944833,2.9955914768552536,1.1020242914979756,1.0505273485405937,1.6174471299093656,3.5291402,-15.834724880572018,-9.298106344650057,6.536618535921964,0,22.307818534775876,80.32380436059535,"{""type"":""MultiPoint"",""coordinates"":[]}",ARCHAEAN,,TIRODI GNEISSIC COMPLEX,,GNEISS/MIGMATITE,,ARCHAEAN-GNEISS-MIGMATITE
2_427_0,270.0,1858.0,976.0,394.0,548.0,450.0,886.0,1943.0,2359.0,2470.0,2511.0,463409.5000105199,336,0.6917808,5.488888888888889,0.8211678832116789,0.7522267206477733,1.903688524590164,1.9919826,-15.89754130382844,-8.894902353367357,7.002638950461083,0,21.432500121929813,80.60434822382588,"{""type"":""MultiPoint"",""coordinates"":[]}",PALAEOPROTEROZOIC,,NANDGAON,BIJLI,RHYOLITE,,PALAEOPROTEROZOIC-RHYOLITE
2_428_0,90.0,3646.5,2687.5,793.5,1048.0,1370.0,1682.0,2056.0,2282.0,2500.0,2615.0,463409.5000105199,585,0.29198965,1.8248175182481752,1.3072519083969465,1.4586,1.3568372093023255,2.0014048,-19.32119855850702,-12.20575017019247,7.115448388314551,0,22.110009509212755,80.75499569697271,"{""type"":""MultiPoint"",""coordinates"":[]}",PALAEOPROTEROZOIC,,,,GRANITE,MALANJKHAND GRANITE,PALAEOPROTEROZOIC-GRANITE
2_429_0,331.6271,1079.0,830.0,529.5,658.5,650.5,850.0,999.5,1068.0,1078.5,1099.0,463409.5000105199,531,0.24754193,1.657955418908532,0.987851176917236,1.0004636068613817,1.3,2.1072865,-25.096454448897493,-15.568931087258203,9.52752336163929,0,22.214034419113798,79.64656446789763,"{""type"":""MultiPoint"",""coordinates"":[]}",LATE CRETACEOUS - PALAEOCENE,DECCAN TRAP,AMARKANTAK,DHUMA,BASALT,,LATE-CRETACEOUS-PALAEOCENE-BASALT
2_430_0,270.0,2389.5,1759.5,655.5,889.0,1063.0,1392.0,1914.0,2134.0,2203.0,2317.0,463409.5000105199,475,0.34905082,2.072436500470367,1.1957255343082114,1.0846572855197458,1.358056265984655,1.0029626,-18.23450086704256,-11.07306061416321,7.161440252879345,0,22.383277018641916,80.24133901751317,"{""type"":""MultiPoint"",""coordinates"":[]}",ARCHAEAN,,TIRODI GNEISSIC COMPLEX,,GNEISS/MIGMATITE,,ARCHAEAN-GNEISS-MIGMATITE
2_431_0,-0.0,2043.0,1264.0,484.5,701.5,617.5,1081.5,1976.0,2212.0,2418.0,2559.5,463409.5000105199,561,0.59314775,3.9157894736842103,0.880256593014968,0.8449131513647643,1.6162974683544304,0.92740995,-15.657109202007687,-9.199615912392108,6.457493289615581,0,22.17145427464653,80.39117800690431,"{""type"":""MultiPoint"",""coordinates"":[]}",PALAEOPROTEROZOIC,,SAUSAR,JUNEWANI,GREY & PINK GNEISS/QTZ-BIOTITE-SILLIMANITE GNEISS,,PALAEOPROTEROZOIC-GREY-PINK-GNEISS-QTZ-BIOTITE-SILLIMANITE-GNEISS
2_432_0,124.807335,2879.0,2078.0,654.5,903.0,1016.0,1446.5,2147.0,2415.0,2707.0,2718.0,463409.5000105199,593,0.4542036,2.6643700787401574,1.1251384274640088,1.0635389730328777,1.3854667949951878,4.86282,-16.292622897316903,-8.93858715248128,7.354035744835624,0,22.0367069820286,80.66552349467442,"{""type"":""MultiPoint"",""coordinates"":[]}",PALAEOPROTEROZOIC,,,,GRANITE,MALANJKHAND GRANITE,PALAEOPROTEROZOIC-GRANITE
2_433_0,284.81503,2905.0,2263.5,747.5,910.0,1027.5,1450.5,1992.0,2300.5,2517.0,2618.0,463409.5000105199,590,0.4202285,2.44963503649635,1.129120879120879,1.154151767977751,1.283410647227745,7.216144,-18.26192050134333,-11.053930383900951,7.207990117442375,0,22.22238875125611,80.21573703191576,"{""type"":""MultiPoint"",""coordinates"":[]}",NEOPROTEROZOIC,,,,GRANITE,ACID  INTRUSIVE,NEOPROTEROZOIC-GRANITE
2_434_0,331.60236,2901.0,2020.0,595.0,750.0,920.0,1272.0,1787.0,2050.0,2248.0,2426.0,463409.5000105199,564,0.41919193,2.4434782608695653,1.2266666666666666,1.290480427046263,1.436138613861386,2.107778,-17.06086236029835,-10.465824045552376,6.595038314745974,0,22.358483516800213,80.53185418039743,"{""type"":""MultiPoint"",""coordinates"":[]}",ARCHAEAN,,TIRODI GNEISSIC COMPLEX,,GNEISS/MIGMATITE,,ARCHAEAN-GNEISS-MIGMATITE
2_435_0,245.1626,2656.0,1913.0,678.6666666666666,881.25,948.5,1335.0,2001.5,2251.0,2398.5,2543.5,463409.5000105199,341,0.43322378,2.528729573010016,1.0763120567375886,1.1073587658953512,1.388395190799791,2.2069848,-17.208801618144737,-9.644146007654175,7.56465561049056,0,22.22373622418229,80.05727421579708,"{""type"":""MultiPoint"",""coordinates"":[]}",ARCHAEAN,,TIRODI GNEISSIC COMPLEX,,GNEISS/MIGMATITE,,ARCHAEAN-GNEISS-MIGMATITE
2_436_0,-0.0,2246.5,1288.5,474.0,653.5,622.0,1139.5,2092.0,2424.0,2602.0,2762.0,1366.9308687713508,329,0.6141439,4.183279742765273,0.9517980107115532,0.8633743274404304,1.743500194024059,0.0,-15.256513722143184,-7.950106842593046,7.306406879550137,0,21.828387667641284,79.98801410739146,"{""type"":""MultiPoint"",""coordinates"":[]}",ARCHAEAN,,TIRODI GNEISSIC COMPLEX,,GNEISS/MIGMATITE,,ARCHAEAN-GNEISS-MIGMATITE
2_437_0,132.92314,3064.5,2114.0,675.5,867.0,1077.0,1484.5,2141.0,2436.5,2621.0,2794.5,463409.5000105199,320,0.417523,2.4336118848653667,1.2422145328719725,1.169210225104922,1.4496215704824975,2.7217932,-14.911894617250518,-8.554560646266623,6.357333970983895,0,21.563743984939677,79.61772854727741,"{""type"":""MultiPoint"",""coordinates"":[]}",ARCHAEAN,,TIRODI GNEISSIC COMPLEX,,GNEISS/MIGMATITE,,ARCHAEAN-GNEISS-MIGMATITE
2_438_0,249.61754,3324.0,2253.0,729.0,963.0,1064.0,1528.0,2459.0,2784.5,2967.5,3138.0,463409.5000105199,304,0.47215676,2.789003759398496,1.1048805815160956,1.120134793597304,1.4753661784287615,5.3107824,-17.901375180851105,-11.398405554889392,6.502969625961713,0,21.740532432854398,80.32784677937389,"{""type"":""MultiPoint"",""coordinates"":[]}",ARCHAEAN,,TIRODI GNEISSIC COMPLEX,,GNEISS/MIGMATITE,,ARCHAEAN-GNEISS-MIGMATITE
2_439_0,270.0,2128.5,1252.5,565.0,759.5,669.0,1206.0,2281.5,2602.0,2680.5,2925.5,463409.5000105199,356,0.6005374,4.006726457399103,0.8808426596445029,0.7940682708449917,1.6994011976047905,0.9989435,-14.103251179677663,-8.807261375770768,5.295989803906895,0,21.816529905890903,79.83170724795467,"{""type"":""MultiPoint"",""coordinates"":[]}",ARCHAEAN,,TIRODI GNEISSIC COMPLEX,,GNEISS/MIGMATITE,,ARCHAEAN-GNEISS-MIGMATITE
2_440_0,235.14662,2237.0,1320.0,493.5,681.0,606.0,1153.5,2110.5,2475.5,2682.5,2720.0,463409.5000105199,555,0.6314429,4.426567656765677,0.8898678414096917,0.833923578751165,1.6946969696969696,9.6456375,-16.06100495800611,-9.401999434805273,6.659005523200838,0,21.792544887804915,79.69911591201863,"{""type"":""MultiPoint"",""coordinates"":[]}",ARCHAEAN,,TIRODI GNEISSIC COMPLEX,,GNEISS/MIGMATITE,,ARCHAEAN-GNEISS-MIGMATITE
2_442_0,227.05122,2310.0,1343.0,516.0,725.0,667.0,1152.0,1947.0,2324.0,2563.0,2649.0,463409.5000105199,315,0.5869969,3.842578710644678,0.92,0.9012875536480688,1.720029784065525,2.7204862,-15.589797084222909,-9.06045794242871,6.529339141794198,0,21.43303911110028,79.5673330598383,"{""type"":""MultiPoint"",""coordinates"":[]}",PALAEOPROTEROZOIC,,SAUSAR,MANSAR,MUSCOVITE SCHIST,,PALAEOPROTEROZOIC-MUSCOVITE-SCHIST
2_443_0,208.23486,2756.0,2033.0,746.0,1012.0,1086.0,1585.0,2321.0,2568.0,2700.0,2763.0,463409.5000105199,309,0.42630744,2.4861878453038675,1.0731225296442688,1.0207407407407407,1.355632070831284,2.1045566,-16.347858418728492,-10.007146323663113,6.340712095065381,0,21.38749452619542,80.3483283678518,"{""type"":""MultiPoint"",""coordinates"":[]}",PALAEOPROTEROZOIC,,,,GRANITE,DONGARGARH GRANITE,PALAEOPROTEROZOIC-GRANITE
2_444_0,312.9649,2678.0,1832.5,626.6666666666666,907.25,920.0,1356.0,2018.6666666666667,2222.0,2268.0,2466.0,463409.5000105199,308,0.42283565,2.465217391304348,1.0140534582529623,1.1807760141093475,1.4613915416098229,8.110519,-23.141563264919437,-16.266374916241503,6.875188348677931,0,21.350573768018112,80.0362536381487,"{""type"":""MultiPoint"",""coordinates"":[]}",PALAEOPROTEROZOIC,,SAKOLI,DHABETEKRI,PHYLLITE,,PALAEOPROTEROZOIC-PHYLLITE
2_445_0,90.0,2956.0,2281.0,898.0,1165.0,1473.0,1752.0,2108.0,2378.0,2482.0,2634.0,463409.5000105199,317,0.2551201,1.6849966055668704,1.2643776824034334,1.1909750201450444,1.2959228408592722,4.966078,-17.782016175749984,-10.382737351554065,7.399278824195921,0,21.332248136222077,80.03086374644397,"{""type"":""MultiPoint"",""coordinates"":[]}",PALAEOPROTEROZOIC,,SAKOLI,DHABETEKRI,PHYLLITE,,PALAEOPROTEROZOIC-PHYLLITE
2_446_0,252.82233,2111.0,1545.0,584.0,819.0,914.0,1272.0,2357.0,2640.0,2805.0,2888.0,463409.5000105199,619,0.50847,3.0689277899343543,1.115995115995116,0.752584670231729,1.3663430420711975,3.1373227,-16.63069354818623,-10.268869633407103,6.361823914779127,0,21.970950303231053,79.5463124821899,"{""type"":""MultiPoint"",""coordinates"":[]}",CENOZOIC,,,,LATERITE,,CENOZOIC-LATERITE
2_447_0,90.0,2513.0,1666.0,633.0,934.5,890.0,1436.0,2425.5,2792.0,2947.5,3107.0,463409.5000105199,263,0.53615636,3.311797752808989,0.9523809523809524,0.8525869380831212,1.5084033613445378,0.9955158,-16.935420157488625,-9.650464753448782,7.284955404039843,0,21.318234417789807,79.6597697025742,"{""type"":""MultiPoint"",""coordinates"":[]}",ARCHAEAN,,TIRODI GNEISSIC COMPLEX,,GNEISS/MIGMATITE,,ARCHAEAN-GNEISS-MIGMATITE
2_448_0,174.39677,1419.5,660.5,330.5,444.5,335.0,696.5,1502.0,1764.5,1937.0,1984.0,463409.5000105199,399,0.70510566,5.782089552238806,0.7536557930258717,0.7328342798141456,2.149129447388342,19.68928,-14.73310702070455,-8.089147298502777,6.643959722201773,0,22.085216007371056,80.25346627384879,"{""type"":""MultiPoint"",""coordinates"":[]}",ARCHAEAN,,TIRODI GNEISSIC COMPLEX,,GNEISS/MIGMATITE,,ARCHAEAN-GNEISS-MIGMATITE
2_449_0,-0.0,1532.0,781.0,340.0,487.0,417.0,808.0,1602.0,1896.0,1935.0,2112.0,1903.943276465977,581,0.64540815,4.640287769784172,0.8562628336755647,0.7917312661498708,1.9615877080665811,2.7802885,-14.94577111184437,-8.794832992697847,6.150938119146524,0,21.883095068444163,80.35452674331223,"{""type"":""MultiPoint"",""coordinates"":[]}",ARCHAEAN,,TIRODI GNEISSIC COMPLEX,,GNEISS/MIGMATITE,,ARCHAEAN-GNEISS-MIGMATITE
2_450_0,90.0,2884.5,2066.333333333333,730.7777777777778,1053.857142857143,1246.3333333333337,1698.6999999999998,2295.0,2540.0,2663.0,2811.0,2376.9728648009423,308,0.36238062,2.136667558170634,1.182639736116759,1.0831768681937664,1.3959509598322313,0.99904823,-15.973979895562582,-9.645957753935118,6.328022141627464,0,21.831621602664114,80.03571464897821,"{""type"":""MultiPoint"",""coordinates"":[]}",PALAEOPROTEROZOIC,,SAUSAR,MANSAR,MUSCOVITE SCHIST,,PALAEOPROTEROZOIC-MUSCOVITE-SCHIST
2_451_0,90.0,1808.5,1410.0,596.0,807.0,905.5,1277.0,1733.5,1895.5,1971.0,2169.0,463409.5000105199,564,0.37041545,2.176697956929873,1.1220570012391573,0.917554540842212,1.2826241134751772,2.0028703,-18.30771644819528,-10.59949121308888,7.708225235106395,0,22.212956440772853,79.5072357673307,"{""type"":""MultiPoint"",""coordinates"":[]}",LATE CRETACEOUS - PALAEOCENE,DECCAN TRAP,AMARKANTAK,DHUMA,BASALT,,LATE-CRETACEOUS-PALAEOCENE-BASALT
2_452_0,324.36008,2640.0,1936.0,627.0,864.0,979.0,1316.0,1779.0,2004.0,2008.0,2193.0,463409.5000105199,316,0.3444928,2.0510725229826354,1.133101851851852,1.3147410358565736,1.3636363636363635,3.4196935,-19.03626021302903,-10.993804497231691,8.04245571579734,0,21.59311889473038,80.46582800701465,"{""type"":""MultiPoint"",""coordinates"":[]}",ARCHAEAN,,AMGAON GNEISSIC COMPLEX,,GRANITE GNEISS/MIGMATITE,,ARCHAEAN-GRANITE-GNEISS-MIGMATITE
2_453_0,151.65689,2022.0,1139.0,401.0,539.0,509.0,1017.0,1964.0,2288.0,2409.0,2620.0,463409.5000105199,637,0.6511309,4.7328094302554025,0.9443413729128016,0.8393524283935243,1.775241439859526,2.1066957,-13.735372112702976,-7.736374957434164,5.998997155268811,0,22.038862938710487,79.5786518324182,"{""type"":""MultiPoint"",""coordinates"":[]}",CENOZOIC,,,,LATERITE,,CENOZOIC-LATERITE
2_454_0,270.0,1471.0,773.0,426.5,558.0,496.5,939.5,1762.0,2067.0,2147.5,2270.0,463409.5000105199,361,0.6244327,4.32527693856999,0.8897849462365591,0.6849825378346915,1.9029754204398448,1.0009053,-15.249891086397977,-7.486922855325217,7.76296823107276,0,22.09545680161002,80.15375327731152,"{""type"":""MultiPoint"",""coordinates"":[]}",NEOPROTEROZOIC,,,,GRANITE,ACID  INTRUSIVE,NEOPROTEROZOIC-GRANITE
2_455_0,10.206094,1804.0,935.0,434.0,568.5,497.0,982.0,1915.0,2273.5,2342.5,2559.0,463409.5000105199,484,0.64993834,4.71327967806841,0.8742304309586632,0.7701173959445037,1.9294117647058824,11.165319,-14.810380447602505,-7.651877928805456,7.158502518797047,0,22.221310772915164,79.83332421546609,"{""type"":""MultiPoint"",""coordinates"":[]}",ARCHAEAN,,TIRODI GNEISSIC COMPLEX,,GNEISS/MIGMATITE,,ARCHAEAN-GNEISS-MIGMATITE
2_456_0,132.94398,2085.0,1409.0,544.0,758.0,912.0,1238.0,1679.0,1949.0,2071.0,2201.0,463409.5000105199,316,0.38853502,2.270833333333333,1.2031662269129288,1.006760019314341,1.4797728885734565,2.72073,-16.786311191366188,-10.11405222405064,6.672258967315548,0,21.457563118356745,80.51595399986851,"{""type"":""MultiPoint"",""coordinates"":[]}",ARCHAEAN,,AMGAON GNEISSIC COMPLEX,,GRANITE GNEISS/MIGMATITE,,ARCHAEAN-GRANITE-GNEISS-MIGMATITE
2_457_0,-0.0,1998.5,1045.5,450.5,659.0,519.0,1236.0,2210.0,2484.0,2580.0,2788.0,463409.5000105199,585,0.66505325,4.971098265895954,0.787556904400607,0.7746124031007752,1.9115255858440936,3.7047918,-14.930653671065569,-7.799832797020044,7.130820874045523,0,21.849138750704444,79.54442602009325,"{""type"":""MultiPoint"",""coordinates"":[]}",ARCHAEAN,,TIRODI GNEISSIC COMPLEX,,GNEISS/MIGMATITE,,ARCHAEAN-GNEISS-MIGMATITE
2_458_0,312.94513,3003.5,2196.5,688.5,944.5,1044.5,1525.5,2262.5,2593.5,2673.5,2926.0,463409.5000105199,300,0.43813878,2.559597893729057,1.1058761249338274,1.1234337011408266,1.3674026860915092,1.3611032,-17.83979494609394,-11.066827547137404,6.772967398956535,0,21.45163423748156,80.03382818688156,"{""type"":""MultiPoint"",""coordinates"":[]}",ARCHAEAN,,AMGAON GNEISSIC COMPLEX,,GRANITE GNEISS/MIGMATITE,,ARCHAEAN-GRANITE-GNEISS-MIGMATITE
2_459_0,90.0,2110.0,1253.0,638.25,889.125,874.75,1480.8,2222.166666666667,2570.333333333333,2667.6666666666665,2814.416666666667,463409.5000105199,330,0.50612813,3.049633228541488,0.9838324195135668,0.7909533924778208,1.6839584996009578,1.0004315,-16.963743454727368,-10.251897039280935,6.711846415446432,0,22.028622144471527,80.06805399920651,"{""type"":""MultiPoint"",""coordinates"":[]}",ARCHAEAN,,TIRODI GNEISSIC COMPLEX,,GNEISS/MIGMATITE,,ARCHAEAN-GNEISS-MIGMATITE
2_460_0,90.0,1889.0,1094.0,452.35,629.0,588.0,1057.0,1708.0,2015.25,2029.0,2265.428571428572,463409.5000105199,735,0.5506305,3.450680272108844,0.9348171701112876,0.9310004928536224,1.726691042047532,1.9951247,-14.900365036677965,-8.11645679796561,6.783908238712355,0,21.66130102479505,80.5609595956029,"{""type"":""MultiPoint"",""coordinates"":[]}",CENOZOIC,,,,LATERITE,,CENOZOIC-LATERITE
2_461_0,132.93314,2948.0,2099.5,725.0,965.0,1090.5,1527.5,2446.5,2790.0,2883.5,3086.5,2804.0149785619906,318,0.4511827,2.6441999082989454,1.1300518134715023,1.0223686492110282,1.4041438437723268,1.3614093,-15.575436020146729,-9.18971688519624,6.385719134950488,0,21.512809508330097,79.72471789761603,"{""type"":""MultiPoint"",""coordinates"":[]}",PALAEOPROTEROZOIC,,SAUSAR,MANSAR,MUSCOVITE SCHIST,,PALAEOPROTEROZOIC-MUSCOVITE-SCHIST
2_462_0,-0.0,1568.5,852.0,446.0,588.0,540.5,932.0,1714.0,1995.5,2285.5,2223.0,463409.5000105199,490,0.6174805,4.228492136910268,0.91921768707483,0.6862830890395974,1.840962441314554,1.8543341,-15.507956539379794,-8.409542761275254,7.09841377810454,0,22.317250845259128,80.34239948697662,"{""type"":""MultiPoint"",""coordinates"":[]}",ARCHAEAN,,TIRODI GNEISSIC COMPLEX,,GNEISS/MIGMATITE,,ARCHAEAN-GNEISS-MIGMATITE
2_463_0,344.95685,2606.0,1837.0,672.0,850.0,929.0,1233.0,2050.0,2340.0,2516.0,2682.0,463409.5000105199,353,0.46066764,2.7082884822389666,1.0929411764705883,1.0357710651828298,1.4186173108328797,3.8358724,-15.925762264564774,-9.421852397866097,6.503909866698677,0,21.532482613052316,79.50400183230788,"{""type"":""MultiPoint"",""coordinates"":[]}",NEOPROTEROZOIC,,,,GRANITE,ACID  INTRUSIVE,NEOPROTEROZOIC-GRANITE
2_464_0,151.60602,2106.5,1235.5,462.0,609.5,566.0,1016.5,1882.0,2181.5,2236.5,2432.0,463409.5000105199,415,0.59607494,3.9514134275618376,0.9286300246103364,0.9418734630002236,1.7049777418049372,2.107705,-15.547771339591137,-8.083113238370355,7.464658101220779,0,22.33719344456658,80.02412638181308,"{""type"":""MultiPoint"",""coordinates"":[]}",ARCHAEAN,,TIRODI GNEISSIC COMPLEX,,GNEISS/MIGMATITE,,ARCHAEAN-GNEISS-MIGMATITE
2_465_0,331.76114,2901.0,1879.0,610.0,987.0,1049.0,1532.0,2073.0,2296.0,2259.0,2403.0,463409.5000105199,282,0.36577994,2.1534795042898,1.0628166160081054,1.2841965471447545,1.543906333155934,2.1046352,-18.38390874658835,-10.401717278642897,7.982191467945455,0,21.412018533451885,79.93142024449195,"{""type"":""MultiPoint"",""coordinates"":[]}",ARCHAEAN,,AMGAON GNEISSIC COMPLEX,,GRANITE GNEISS/MIGMATITE,,ARCHAEAN-GRANITE-GNEISS-MIGMATITE
2_466_0,144.23,2201.5,1550.5,591.5,838.0,983.0,1315.5,1854.5,2060.0,2099.5,2203.0,463409.5000105199,629,0.362206,2.1358087487283823,1.1730310262529833,1.048582995951417,1.419864559819413,3.425265,-18.07952685858688,-10.5865884493688,7.492938409218082,0,22.274670700791862,80.79029948763862,"{""type"":""MultiPoint"",""coordinates"":[]}",PALAEOPROTEROZOIC,,SAUSAR,JUNEWANI,BIOTITE SCHIST/GNEISS AND BIOTITE-MUSCOVITE SCHIST,,PALAEOPROTEROZOIC-BIOTITE-SCHIST-GNEISS-AND-BIOTITE-MUSCOVITE-SCHIST
2_467_0,180.0,1313.5,652.0,330.0,512.0,393.5,776.5,1636.0,1927.5,2025.0,2210.5,463409.5000105199,569,0.67459166,5.146124523506988,0.7685546875,0.648641975308642,2.0145705521472395,2.7802885,-15.649532182119268,-8.301888935631554,7.3476432464877135,0,22.216729364966152,80.59329894583121,"{""type"":""MultiPoint"",""coordinates"":[]}",PALAEOPROTEROZOIC,,SAUSAR,JUNEWANI,GREY & PINK GNEISS/QTZ-BIOTITE-SILLIMANITE GNEISS,,PALAEOPROTEROZOIC-GREY-PINK-GNEISS-QTZ-BIOTITE-SILLIMANITE-GNEISS
2_468_0,47.21568,3194.5,2285.5,724.0,948.5,1044.0,1450.5,2070.5,2385.0,2653.5,2744.0,463409.5000105199,593,0.43529412,2.5416666666666665,1.1006852925672117,1.2038816657245148,1.397724786698753,1.365224,-17.6607423468201,-11.670617687950717,5.9901246588693855,0,22.25580607982535,80.26882746520724,"{""type"":""MultiPoint"",""coordinates"":[]}",NEOPROTEROZOIC,,,,GRANITE,ACID  INTRUSIVE,NEOPROTEROZOIC-GRANITE
2_469_0,235.87924,2128.0,1231.0,495.0,750.5,645.0,1139.0,1820.0,2052.5,2207.5,2332.0,463409.5000105199,415,0.54776514,3.4224806201550386,0.8594270486342438,0.9639864099660248,1.7286758732737613,12.999921,-15.096980856425152,-8.750720644462941,6.3462602119622105,0,21.3031427210166,80.5835971407627,"{""type"":""MultiPoint"",""coordinates"":[]}",PALAEOPROTEROZOIC - MESOPROTEROZOIC,,KHAIRAGARH,KARUTOLA,SANDSTONE,,PALAEOPROTEROZOIC-MESOPROTEROZOIC-SANDSTONE
2_470_0,342.86325,1981.5,953.0,612.5,796.5,724.5,1268.0,2113.5,2457.5,2774.0,2711.5,463409.5000105199,380,0.5858225,3.828847481021394,0.9096045197740112,0.714311463590483,2.0792235047219307,19.582321,-17.008338376236242,-10.163962344307196,6.844376031929047,0,22.08683297488247,80.17342638203374,"{""type"":""MultiPoint"",""coordinates"":[]}",ARCHAEAN,,TIRODI GNEISSIC COMPLEX,,GNEISS/MIGMATITE,,ARCHAEAN-GNEISS-MIGMATITE
2_471_0,90.0,2414.0,1532.5,532.5,750.5,759.0,1209.0,1906.5,2204.0,2369.5,2453.0,463409.5000105199,587,0.51478344,3.121870882740448,1.011325782811459,1.0187803334036716,1.5752039151712889,1.0013314,-16.371057596710337,-8.91932500174006,7.451732594970277,0,22.155554094117612,80.3008973208503,"{""type"":""MultiPoint"",""coordinates"":[]}",ARCHAEAN,,TIRODI GNEISSIC COMPLEX,,GNEISS/MIGMATITE,,ARCHAEAN-GNEISS-MIGMATITE
2_472_0,151.67703,1897.0,1042.0,521.0,678.0,592.0,1062.0,1890.0,2140.0,2271.0,2411.0,463409.5000105199,328,0.5864478,3.8361486486486487,0.8731563421828908,0.8353148392778512,1.8205374280230329,2.1062968,-15.093982293375737,-8.17101843869581,6.922963854679926,0,21.919476837451004,80.21304208606341,"{""type"":""MultiPoint"",""coordinates"":[]}",PALAEOPROTEROZOIC,,SAUSAR,MANSAR,MUSCOVITE SCHIST,,PALAEOPROTEROZOIC-MUSCOVITE-SCHIST
2_473_0,19.78822,2394.5,1538.0,504.5,650.0,615.5,1107.5,1620.5,1828.0,1880.0,2087.0,463409.5000105199,372,0.5067121,3.0544272948822098,0.946923076923077,1.2736702127659574,1.556892067620286,2.9544663,-16.033564429279515,-9.621694104211318,6.411870325068197,0,22.109470520042283,79.95836970301552,"{""type"":""MultiPoint"",""coordinates"":[]}",ARCHAEAN,,TIRODI GNEISSIC COMPLEX,,GNEISS/MIGMATITE,,ARCHAEAN-GNEISS-MIGMATITE
2_474_0,195.11464,1759.5,1538.5,691.5,904.5,1102.0,1343.0,1879.0,2083.0,2042.5,2223.0,463409.5000105199,481,0.29909366,1.853448275862069,1.2183526810392482,0.8614443084455324,1.143646408839779,3.837158,-18.00176356881149,-7.906633863231017,10.095129705580474,0,22.240714383052143,79.74412150775302,"{""type"":""MultiPoint"",""coordinates"":[]}",LATE CRETACEOUS - PALAEOCENE,DECCAN TRAP,AMARKANTAK,MANDLA,BASALT,,LATE-CRETACEOUS-PALAEOCENE-BASALT
2_475_0,151.76074,2482.0,1540.0,575.0,786.0,815.0,1312.0,2296.0,2635.0,2682.0,2884.0,2192.0082116634508,262,0.5338862,3.29079754601227,1.0368956743002544,0.9254287844891872,1.6116883116883116,2.1046433,-15.517680918470152,-10.339517410567908,5.178163507902244,0,21.41444398471901,79.8139206053291,"{""type"":""MultiPoint"",""coordinates"":[]}",ARCHAEAN,,AMGAON GNEISSIC COMPLEX,,GRANITE GNEISS/MIGMATITE,,ARCHAEAN-GRANITE-GNEISS-MIGMATITE
2_476_0,208.33424,3212.5,2466.0,623.5,890.5,1149.5,1578.5,2229.5,2508.5,2752.0,2832.0,1160.775602776006,619,0.41073945,2.3940843845150064,1.2908478382930937,1.1673328488372092,1.3027169505271694,2.10652,-16.283184435416295,-8.500309894446737,7.7828745409695586,0,21.986311494589497,80.43780057015012,"{""type"":""MultiPoint"",""coordinates"":[]}",ARCHAEAN,,TIRODI GNEISSIC COMPLEX,,GNEISS/MIGMATITE,,ARCHAEAN-GNEISS-MIGMATITE
2_477_0,312.9488,3284.0,2699.0,916.0,1219.0,1636.0,1968.0,2254.0,2386.0,2446.0,2581.0,1700.9703113223347,275,0.19843215,1.4951100244498778,1.3420836751435603,1.3426001635322975,1.216746943312338,2.7204862,-20.240938846372195,-12.590090032866366,7.65084881350583,0,21.43303911110028,79.8093391973801,"{""type"":""MultiPoint"",""coordinates"":[]}",ARCHAEAN,,TIRODI GNEISSIC COMPLEX,,GNEISS/MIGMATITE,,ARCHAEAN-GNEISS-MIGMATITE
2_478_0,270.0,2224.0,1298.0,588.0,824.0,840.0,1331.0,2072.0,2386.0,2515.0,2619.0,3092.733418838423,313,0.49925485,2.994047619047619,1.019417475728155,0.8842942345924454,1.7134052388289676,3.992916,-16.308866482005644,-9.368769304687577,6.940097177318069,0,21.93133459920138,80.18609262753982,"{""type"":""MultiPoint"",""coordinates"":[]}",PALAEOPROTEROZOIC,,SAUSAR,MANSAR,MUSCOVITE SCHIST,,PALAEOPROTEROZOIC-MUSCOVITE-SCHIST
2_479_0,77.868774,2138.0,1216.0,447.0,678.0,592.0,1125.0,1960.0,2246.0,2325.0,2526.0,463409.5000105199,488,0.5941035,3.927364864864865,0.8731563421828908,0.9195698924731184,1.7582236842105263,13.011913,-14.480108594945737,-7.786694859152872,6.6934137357928645,0,21.33682954417108,80.74205995688139,"{""type"":""MultiPoint"",""coordinates"":[]}",PALAEOPROTEROZOIC - MESOPROTEROZOIC,,KHAIRAGARH,MANGIKHUTA,BASALT,,PALAEOPROTEROZOIC-MESOPROTEROZOIC-BASALT
2_480_0,344.9671,3109.0,2152.0,636.0,882.0,980.0,1482.0,2179.0,2492.0,2533.0,2738.0,463409.5000105199,279,0.4420723,2.5846938775510204,1.1111111111111112,1.2273983418870904,1.4447026022304832,3.8356886,-18.462151948463227,-12.328422028731254,6.133729919731973,0,21.42872719773651,79.91444208562208,"{""type"":""MultiPoint"",""coordinates"":[]}",ARCHAEAN,,AMGAON GNEISSIC COMPLEX,,GRANITE GNEISS/MIGMATITE,,ARCHAEAN-GRANITE-GNEISS-MIGMATITE
2_481_0,41.318504,2282.0,1297.0,500.0,702.0,666.0,1196.0,2222.0,2643.0,2710.0,2918.0,2005.617112013158,349,0.6054502,4.069069069069069,0.9487179487179488,0.8420664206642067,1.7594448727833465,13.3378935,-14.055704179994349,-7.30046337891504,6.755240801079308,0,21.45405968874868,79.71286013586565,"{""type"":""MultiPoint"",""coordinates"":[]}",PALAEOPROTEROZOIC,,SAUSAR,CHORBAOLI,QUARTZITE,,PALAEOPROTEROZOIC-QUARTZITE
2_482_0,132.79332,2022.0,1213.0,396.5,578.5,548.0,1000.0,1671.5,1951.5,2130.0,2247.5,463409.5000105199,391,0.59073937,3.886861313868613,0.947277441659464,0.9492957746478872,1.6669414674361087,8.136368,-14.344716872189858,-7.2671183361599585,7.0775985360299,0,22.211608967846672,79.92010147191203,"{""type"":""MultiPoint"",""coordinates"":[]}",ARCHAEAN,,TIRODI GNEISSIC COMPLEX,,GNEISS/MIGMATITE,,ARCHAEAN-GNEISS-MIGMATITE
2_483_0,301.67947,2832.0,1851.0,639.5,981.5,1121.5,1610.0,2331.5,2590.5,2741.0,2828.0,463409.5000105199,571,0.41928804,2.444048149799376,1.142638818135507,1.0331995622035752,1.5299837925445705,3.527713,-16.463888621881726,-10.46130607196079,6.002582549920936,0,22.22939561047224,79.52313594785961,"{""type"":""MultiPoint"",""coordinates"":[]}",LATE CRETACEOUS - PALAEOCENE,DECCAN TRAP,AMARKANTAK,DHUMA,BASALT,,LATE-CRETACEOUS-PALAEOCENE-BASALT
2_484_0,180.0,1128.0,691.5,519.0,711.0,623.0,963.5,1465.0,1627.0,1574.25,1759.0,463409.5000105199,285,0.43292752,2.5268860353130016,0.8762306610407876,0.7165316817532158,1.6312364425162689,1.8543341,-18.171576033941435,-11.338978932840323,6.832597101101111,0,21.69876077214284,80.25292728467832,"{""type"":""MultiPoint"",""coordinates"":[]}",CENOZOIC,,,,LATERITE,,CENOZOIC-LATERITE
2_485_0,256.90945,2470.5,1749.0,722.0,951.5,1045.5,1437.5,2199.5,2471.5,2512.0,2741.5,463409.5000105199,280,0.4122277,2.4026781444285032,1.0987913820283763,0.9834792993630572,1.4125214408233275,4.088103,-17.852298975507424,-10.242161103111648,7.610137872395777,0,21.54434037480269,79.87832981120047,"{""type"":""MultiPoint"",""coordinates"":[]}",PALAEOPROTEROZOIC,,SAUSAR,MANSAR,MUSCOVITE SCHIST,,PALAEOPROTEROZOIC-MUSCOVITE-SCHIST
2_486_0,195.1119,2919.0,2080.5,629.5,847.0,1075.0,1466.0,2140.0,2390.5,2552.0,2754.0,463409.5000105199,584,0.4072236,2.373953488372093,1.269185360094451,1.1438087774294672,1.4030281182408075,3.8371086,-16.394313962495705,-9.8595723378587,6.534741624637004,0,22.21430391369903,80.34994533536323,"{""type"":""MultiPoint"",""coordinates"":[]}",ARCHAEAN,,TIRODI GNEISSIC COMPLEX,,GNEISS/MIGMATITE,,ARCHAEAN-GNEISS-MIGMATITE
2_487_0,23.343765,2583.0,1755.5,582.0,790.0,902.5,1292.5,1999.5,2241.0,2522.0,2529.0,463409.5000105199,556,0.47291577,2.7944598337950137,1.1424050632911391,1.0241871530531323,1.471375676445457,5.037878,-16.470504077768275,-9.410651551997509,7.0598525257707685,0,22.05260716255752,80.73128017347196,"{""type"":""MultiPoint"",""coordinates"":[]}",PALAEOPROTEROZOIC,,,,GRANITE,MALANJKHAND GRANITE,PALAEOPROTEROZOIC-GRANITE
2_488_0,227.19731,1470.0,825.0,362.5,528.0,468.5,823.5,1629.0,1970.5,2179.0,2225.0,463409.5000105199,544,0.6460812,4.651013874066169,0.8873106060606061,0.6746213859568609,1.7818181818181815,1.3647513,-14.821884929626776,-8.333911892605158,6.487973037021616,0,22.16552539377134,80.6105465992863,"{""type"":""MultiPoint"",""coordinates"":[]}",PALAEOPROTEROZOIC,,SAUSAR,JUNEWANI,GREY & PINK GNEISS/QTZ-BIOTITE-SILLIMANITE GNEISS,,PALAEOPROTEROZOIC-GREY-PINK-GNEISS-QTZ-BIOTITE-SILLIMANITE-GNEISS
2_489_0,132.9357,2115.0,1154.0,463.0,703.0,586.0,1091.0,2157.0,2518.0,2697.0,2822.0,2276.2249449472256,334,0.6430094,4.602389078498294,0.833570412517781,0.7842046718576196,1.8327556325823224,1.3613437,-15.002521187746307,-7.665320580019273,7.337200607727036,0,21.49960427365354,79.73064677849122,"{""type"":""MultiPoint"",""coordinates"":[]}",PALAEOPROTEROZOIC,,SAUSAR,MANSAR,MUSCOVITE SCHIST,,PALAEOPROTEROZOIC-MUSCOVITE-SCHIST
2_490_0,90.0,1917.0,1095.0,430.5,611.0,506.0,940.5,1929.0,2279.5,2405.5,2437.5,463409.5000105199,431,0.65241283,4.753952569169961,0.8281505728314239,0.7969237164830597,1.7506849315068491,0.99895126,-13.879047069437329,-7.346364869748254,6.532682199689073,0,21.817877378817087,79.55978721145169,"{""type"":""MultiPoint"",""coordinates"":[]}",ARCHAEAN,,TIRODI GNEISSIC COMPLEX,,GNEISS/MIGMATITE,,ARCHAEAN-GNEISS-MIGMATITE
2_491_0,294.8879,1546.0,876.5,427.0,679.5,623.0,961.0,1739.5,1991.0,2190.0,2210.0,463409.5000105199,538,0.55705655,3.5152487961476724,0.9168506254598968,0.7059360730593607,1.7638334284084427,2.202795,-14.89799662296641,-7.586849399203196,7.311147223763214,0,21.896839292291197,80.7285852276196,"{""type"":""MultiPoint"",""coordinates"":[]}",PALAEOPROTEROZOIC,,,,GRANITE,MALANJKHAND GRANITE,PALAEOPROTEROZOIC-GRANITE
2_492_0,322.43002,1993.5,1172.5,471.5,620.5,537.0,1001.0,2007.0,2385.5,2598.0,2586.5,463409.5000105199,465,0.6574163,4.837988826815643,0.8654311039484287,0.7673210161662818,1.7002132196162048,8.136087,-15.602278224944776,-8.767416068198413,6.834862156746363,0,21.793892360731096,79.65114587584665,"{""type"":""MultiPoint"",""coordinates"":[]}",ARCHAEAN,,TIRODI GNEISSIC COMPLEX,,GNEISS/MIGMATITE,,ARCHAEAN-GNEISS-MIGMATITE
2_493_0,15.041893,3132.0,2252.0,862.0,1136.0,1313.0,1697.0,2172.0,2411.5,2565.5,2712.0,2813.9118678451887,312,0.32293412,1.953922315308454,1.1558098591549295,1.2208146560124733,1.3907637655417406,3.8358495,-17.046298956417324,-9.371838048724737,7.674460907692589,0,21.51981636754623,79.73711464853689,"{""type"":""MultiPoint"",""coordinates"":[]}",PALAEOPROTEROZOIC,,SAUSAR,MANSAR,MUSCOVITE SCHIST,,PALAEOPROTEROZOIC-MUSCOVITE-SCHIST
2_494_0,208.4046,2307.5,1334.0,567.0,799.0,851.5,1294.0,2596.0,2911.5,2992.0,3178.5,463409.5000105199,451,0.55691427,3.513799177921315,1.065707133917397,0.7712232620320856,1.72976011994003,4.210141,-15.5027973933767,-7.118528370113104,8.384269023263597,0,22.398907704585596,80.14485995599874,"{""type"":""MultiPoint"",""coordinates"":[]}",LATE CRETACEOUS - PALAEOCENE,DECCAN TRAP,AMARKANTAK,MANDLA,BASALT,,LATE-CRETACEOUS-PALAEOCENE-BASALT
2_495_0,301.68695,3129.0,2210.5,692.0,931.0,1176.5,1591.0,2270.0,2596.5,2686.5,2868.5,463409.5000105199,509,0.39088792,2.283467913302168,1.2636949516648766,1.164712451144612,1.415516851391088,3.5269668,-18.69986287514501,-10.644568929575438,8.05529394556957,0,22.18843243351639,79.74169605648589,"{""type"":""MultiPoint"",""coordinates"":[]}",ARCHAEAN,,TIRODI GNEISSIC COMPLEX,,GNEISS/MIGMATITE,,ARCHAEAN-GNEISS-MIGMATITE
2_496_0,119.15458,1743.0,843.0,345.0,558.0,426.0,895.0,2102.0,2603.0,2660.0,2795.0,463409.5000105199,651,0.72391444,6.244131455399061,0.7634408602150538,0.6552631578947369,2.067615658362989,5.692725,-16.462854914945662,-9.14862209292615,7.314232822019512,0,21.60632412940694,80.61378053430913,"{""type"":""MultiPoint"",""coordinates"":[]}",ARCHAEAN,,AMGAON GNEISSIC COMPLEX,,GRANITE GNEISS/MIGMATITE,,ARCHAEAN-GRANITE-GNEISS-MIGMATITE
2_497_0,180.0,1706.0,935.5,419.5,567.5,475.5,846.5,1766.0,2071.0,2208.5,2352.0,463409.5000105199,559,0.6456781,4.644584647739222,0.8378854625550661,0.7724700022639801,1.823623730625334,0.92740995,-15.832133756798807,-9.32771235474471,6.504421402054097,0,22.143426837782,80.57739876530229,"{""type"":""MultiPoint"",""coordinates"":[]}",PALAEOPROTEROZOIC,,SAUSAR,JUNEWANI,GREY & PINK GNEISS/QTZ-BIOTITE-SILLIMANITE GNEISS,,PALAEOPROTEROZOIC-GREY-PINK-GNEISS-QTZ-BIOTITE-SILLIMANITE-GNEISS
2_498_0,240.94151,1742.0,984.5,394.0,591.5,606.0,1016.5,1923.0,2335.0,2448.5,2546.0,463409.5000105199,528,0.60320836,4.04042904290429,1.0245139475908709,0.711455993465387,1.7694261046216353,5.7097864,-15.618232215377969,-8.406697674932305,7.211534540445664,0,22.169298317964643,80.49358594929393,"{""type"":""MultiPoint"",""coordinates"":[]}",PALAEOPROTEROZOIC,,SAUSAR,JUNEWANI,GREY & PINK GNEISS/QTZ-BIOTITE-SILLIMANITE GNEISS,,PALAEOPROTEROZOIC-GREY-PINK-GNEISS-QTZ-BIOTITE-SILLIMANITE-GNEISS
2_499_0,90.0,1601.0,905.0,679.0,853.0,893.0,1374.0,1921.0,2237.0,2272.0,2400.0,463409.5000105199,307,0.435703,2.544232922732363,1.0468933177022277,0.7046654929577465,1.769060773480663,1.9924186,-17.027803269834124,-10.1555003740839,6.872302895750224,0,21.46456997757288,80.28176320529856,"{""type"":""MultiPoint"",""coordinates"":[]}",ARCHAEAN,,AMGAON GNEISSIC COMPLEX,,GRANITE GNEISS/MIGMATITE,,ARCHAEAN-GRANITE-GNEISS-MIGMATITE
2_500_0,312.83994,1299.5,934.5,763.0,1010.5,891.0,916.0,976.5,1074.0,1025.5,1005.5,463409.5000105199,568,0.070180014,1.1509539842873175,0.8817417120237506,1.2671867381764992,1.3905831995719635,9.461419,-20.458673587538986,-13.630714006866054,6.827959580672932,0,21.98146059205525,80.70271374743696,"{""type"":""MultiPoint"",""coordinates"":[]}",PALAEOPROTEROZOIC - MESOPROTEROZOIC,,CHILPI,,PHYLLITE,,PALAEOPROTEROZOIC-MESOPROTEROZOIC-PHYLLITE
2_501_0,173.82903,1746.0,965.0,457.0,589.5,547.5,973.0,1751.0,2071.0,2149.0,2264.0,463409.5000105199,455,0.593918,3.9251141552511415,0.9287531806615776,0.8124709167054444,1.8093264248704664,18.037441,-15.146172403644984,-8.962572135885537,6.183600267759447,0,22.349859690072662,80.18205020876128,"{""type"":""MultiPoint"",""coordinates"":[]}",ARCHAEAN,,TIRODI GNEISSIC COMPLEX,,GNEISS/MIGMATITE,,ARCHAEAN-GNEISS-MIGMATITE
2_502_0,107.23145,1985.0,1101.0,409.0,675.0,560.0,1043.0,1950.0,2312.0,2411.0,2606.0,463409.5000105199,760,0.62302256,4.305357142857143,0.8296296296296296,0.8233098299460805,1.8029064486830155,9.310057,-13.295186284637705,-7.6900807479582225,5.605105536679482,0,21.493405898193117,80.77790273671776,"{""type"":""MultiPoint"",""coordinates"":[]}",CENOZOIC,,,,LATERITE,,CENOZOIC-LATERITE
2_503_0,162.08643,1511.0,752.5,351.0,477.5,449.0,765.5,1650.0,1883.0,2042.5,2123.5,463409.5000105199,557,0.6395745,4.548997772828508,0.9403141361256544,0.7397796817625459,2.00797342192691,9.655012,-13.368166643568903,-6.806049192961671,6.562117450607234,0,21.864769436648125,80.74125147312569,"{""type"":""MultiPoint"",""coordinates"":[]}",PALAEOPROTEROZOIC,,,,GRANITE,MALANJKHAND GRANITE,PALAEOPROTEROZOIC-GRANITE
2_504_0,218.97932,1703.5,957.0,383.0,510.5,496.5,856.0,1612.5,1881.5,1992.5,2135.5,463409.5000105199,527,0.6010446,4.013091641490433,0.9725759059745348,0.8549560853199498,1.7800417972831766,4.7614455,-14.396991240255629,-8.352547676782638,6.04444356347299,0,22.04991221670516,80.33027223064101,"{""type"":""MultiPoint"",""coordinates"":[]}",PALAEOPROTEROZOIC,,SAUSAR,MANSAR,PHYLLITE,,PALAEOPROTEROZOIC-PHYLLITE
2_505_0,-0.0,3175.5,2331.5,774.5,1019.0,1276.5,1679.5,2116.0,2357.0,2475.5,2662.0,463409.5000105199,559,0.3195629,1.9392871132001568,1.2526987242394505,1.2827711573419511,1.3619987132747158,2.7802885,-19.118352971531305,-11.193301381348322,7.925051590182983,0,22.070124310597848,80.70918161748263,"{""type"":""MultiPoint"",""coordinates"":[]}",PALAEOPROTEROZOIC,,,,GRANITE,MALANJKHAND GRANITE,PALAEOPROTEROZOIC-GRANITE
2_506_0,47.13299,1661.0,852.0,363.0,523.0,434.0,932.0,1860.0,2170.0,2306.0,2436.0,463409.5000105199,541,0.6832117,5.313364055299539,0.8298279158699808,0.720294882914137,1.949530516431925,1.3631006,-13.793897642821207,-7.492114896082038,6.301782746739171,0,21.84644380485209,80.74179046229617,"{""type"":""MultiPoint"",""coordinates"":[]}",PALAEOPROTEROZOIC - MESOPROTEROZOIC,,KHAIRAGARH,SITAGOTA,BASALT,,PALAEOPROTEROZOIC-MESOPROTEROZOIC-BASALT
2_507_0,90.0,2923.0,2056.0,639.0,904.0,990.0,1501.0,2121.0,2508.0,2545.0,2784.0,463409.5000105199,295,0.43988684,2.5707070707070705,1.095132743362832,1.1485265225933203,1.421692607003891,0.9973167,-15.260136551121084,-8.622317048484835,6.637819502636249,0,21.582069616735712,80.4256733138145,"{""type"":""MultiPoint"",""coordinates"":[]}",ARCHAEAN,,AMGAON GNEISSIC COMPLEX,,GRANITE GNEISS/MIGMATITE,,ARCHAEAN-GRANITE-GNEISS-MIGMATITE
2_508_0,90.0,1840.0,1364.5,631.5,793.0,897.5,1114.5,1518.0,1749.0,1877.5,1995.5,463409.5000105199,476,0.35315314,2.0919220055710306,1.1317780580075665,0.9800266311584552,1.3484792964455845,2.0046556,-16.911941277586685,-9.533611006467744,7.378330271118941,0,22.33773243373705,79.76514208540142,"{""type"":""MultiPoint"",""coordinates"":[]}",LATE CRETACEOUS - PALAEOCENE,DECCAN TRAP,AMARKANTAK,DHUMA,BASALT,,LATE-CRETACEOUS-PALAEOCENE-BASALT
2_509_0,227.2145,3010.25,2091.5,685.0,916.5,1023.0,1418.0,1973.0,2217.0,2291.875,2504.333333333333,463409.5000105199,362,0.38278216,2.240347018572825,1.11620294599018,1.3134442323425144,1.439278030121922,2.7288384,-16.215573152781676,-9.057421130393344,7.158152022388332,0,22.249877198950163,80.04945887282524,"{""type"":""MultiPoint"",""coordinates"":[]}",NEOPROTEROZOIC,,,,GRANITE,ACID  INTRUSIVE,NEOPROTEROZOIC-GRANITE
2_510_0,-0.0,3315.5,2263.0,653.5,874.5,1088.0,1494.0,2168.0,2505.5,2676.5,2883.5,463409.5000105199,542,0.4219684,2.460018382352941,1.2441395082904516,1.2387446291798991,1.465090587715422,2.7802885,-19.11490268773372,-12.203374806559136,6.911527881174585,0,22.163099942504218,80.45828215862804,"{""type"":""MultiPoint"",""coordinates"":[]}",PALAEOPROTEROZOIC,,SAUSAR,MANSAR,PHYLLITE,,PALAEOPROTEROZOIC-PHYLLITE
2_511_0,208.39178,2403.5,1545.0,565.0,719.5,743.5,1134.0,1779.0,2046.5,2172.0,2273.5,463409.5000105199,485,0.4899674,2.9213180901143243,1.0333564975677554,1.10658379373849,1.555663430420712,2.1076615,-16.630497247029,-9.532792706177354,7.097704540851645,0,22.324527199060498,80.33700959527191,"{""type"":""MultiPoint"",""coordinates"":[]}",ARCHAEAN,,TIRODI GNEISSIC COMPLEX,,GNEISS/MIGMATITE,,ARCHAEAN-GNEISS-MIGMATITE
2_512_0,65.09852,1604.0,827.0,421.0,575.0,502.0,937.0,1939.0,2359.0,2465.0,2580.0,1019.803902718557,709,0.6616111,4.910358565737051,0.8730434782608696,0.6507099391480731,1.939540507859734,8.742538,-14.061883942160616,-7.444045803624223,6.617838138536393,0,21.808445068333832,80.37851176139823,"{""type"":""MultiPoint"",""coordinates"":[]}",ARCHAEAN,,TIRODI GNEISSIC COMPLEX,,GNEISS/MIGMATITE,,ARCHAEAN-GNEISS-MIGMATITE
2_513_0,55.13237,1544.0,795.0,399.0,545.0,460.0,862.0,1792.0,2106.0,2286.0,2409.0,463409.5000105199,656,0.66496724,4.969565217391304,0.8440366972477065,0.6754155730533683,1.9421383647798744,9.642261,-14.471887720175346,-6.3824492041800776,8.089438515995269,0,21.716277920183167,80.578207249058,"{""type"":""MultiPoint"",""coordinates"":[]}",PALAEOPROTEROZOIC,,,,GRANITE,MALANJKHAND GRANITE,PALAEOPROTEROZOIC-GRANITE
2_514_0,324.2298,1781.0,959.0,497.0,677.5,654.5,980.0,1784.0,2068.0,2211.5,2362.5,463409.5000105199,692,0.5432659,3.378915202444614,0.9660516605166052,0.8053357449694777,1.8571428571428568,13.464011,-17.65299605925586,-11.383361708221544,6.269634351034314,0,22.275748679132807,80.59653288085403,"{""type"":""MultiPoint"",""coordinates"":[]}",PALAEOPROTEROZOIC,,SAUSAR,JUNEWANI,GREY & PINK GNEISS/QTZ-BIOTITE-SILLIMANITE GNEISS,,PALAEOPROTEROZOIC-GREY-PINK-GNEISS-QTZ-BIOTITE-SILLIMANITE-GNEISS
2_515_0,58.340885,2468.5,1688.5,609.0,773.5,871.5,1160.0,1713.5,1953.5,2128.5,2188.0,463409.5000105199,474,0.419,2.442340791738382,1.1266968325791855,1.1597369039229504,1.461948474977791,3.5297394,-19.334076434131973,-12.36244751301126,6.971628921120711,0,22.34042737958941,80.43348865678634,"{""type"":""MultiPoint"",""coordinates"":[]}",ARCHAEAN,,TIRODI GNEISSIC COMPLEX,,GNEISS/MIGMATITE,,ARCHAEAN-GNEISS-MIGMATITE
2_516_0,159.12639,1823.5,1052.0,459.0,637.5,621.5,998.5,1798.0,2056.0,2114.5,2326.0,463409.5000105199,629,0.54568714,3.402252614641996,0.9749019607843136,0.8623788129581461,1.733365019011407,16.41086,-14.033607127982243,-7.582976614090615,6.45063051389163,0,22.249877198950163,80.4181274654279,"{""type"":""MultiPoint"",""coordinates"":[]}",ARCHAEAN,,TIRODI GNEISSIC COMPLEX,,GNEISS/MIGMATITE,,ARCHAEAN-GNEISS-MIGMATITE
2_517_0,168.93074,2809.0,1778.0,473.3,656.2857142857143,819.6666666666666,1233.6666666666667,1947.0,2270.0,2450.5,2651.6666666666665,463409.5000105199,630,0.49870038,2.9896299308662058,1.2489479030619648,1.146296674148133,1.579865016872891,10.283928,-16.922088011258897,-9.969409109962331,6.952678901296565,0,21.662379003136,80.59383793500167,"{""type"":""MultiPoint"",""coordinates"":[]}",PALAEOPROTEROZOIC,,,,GRANITE,MALANJKHAND GRANITE,PALAEOPROTEROZOIC-GRANITE
2_518_0,301.7079,2082.5,1130.6666666666663,507.6666666666667,721.5,559.5,1047.5,1974.0,2283.833333333333,2424.5,2526.0,463409.5000105199,334,0.625,4.333333333333333,0.7754677754677755,0.8589399876263147,1.8418337264150944,3.5248885,-15.142298261238308,-7.940063711129585,7.202234550108723,0,22.07335824562068,80.08907457685491,"{""type"":""MultiPoint"",""coordinates"":[]}",ARCHAEAN,,TIRODI GNEISSIC COMPLEX,,GNEISS/MIGMATITE,,ARCHAEAN-GNEISS-MIGMATITE
2_519_0,90.0,1829.5,1018.5,413.0,552.5,493.5,887.0,1741.0,2070.5,2345.0,2366.5,463409.5000105199,587,0.6522811,4.75177304964539,0.893212669683258,0.7801705756929638,1.7962690230731468,2.0025654,-14.64437193765763,-8.149275514552583,6.495096423105046,0,22.19166636853922,80.40546121992182,"{""type"":""MultiPoint"",""coordinates"":[]}",ARCHAEAN,,TIRODI GNEISSIC COMPLEX,,GNEISS/MIGMATITE,,ARCHAEAN-GNEISS-MIGMATITE
2_520_0,238.18105,2251.0,1096.0,481.0,674.0,608.0,1227.0,2339.0,2804.0,2934.0,3142.0,1361.3228860193308,289,0.65669113,4.8256578947368425,0.9020771513353116,0.767211997273347,2.053832116788321,3.5138962,-14.900286535411423,-9.279775320409438,5.6205112150019865,0,21.45163423748156,79.73010778932075,"{""type"":""MultiPoint"",""coordinates"":[]}",PALAEOPROTEROZOIC,,SAUSAR,CHORBAOLI,QUARTZITE,,PALAEOPROTEROZOIC-QUARTZITE
2_521_0,331.6548,2313.0,1484.0,566.0,795.0,792.0,1373.0,2332.0,2647.0,2825.0,2865.0,463409.5000105199,547,0.562068,3.566919191919192,0.9962264150943396,0.8187610619469027,1.5586253369272238,2.1067376,-15.85171995942153,-8.782367015720542,7.069352943700988,0,22.051259689631337,79.67001049681316,"{""type"":""MultiPoint"",""coordinates"":[]}",ARCHAEAN,,TIRODI GNEISSIC COMPLEX,,GNEISS/MIGMATITE,,ARCHAEAN-GNEISS-MIGMATITE
2_522_0,312.9192,2082.8,1398.0,647.3333333333334,837.5,787.0,1270.5,1967.0,2199.333333333333,2278.5,2376.0,3689.078475717208,284,0.4865438,2.8951715374841167,0.9397014925373134,0.9141101601931096,1.489842632331903,1.3617655,-16.63685057555672,-10.246611330075954,6.390239245480768,0,21.583686584247125,80.06913197754746,"{""type"":""MultiPoint"",""coordinates"":[]}",ARCHAEAN,,TIRODI GNEISSIC COMPLEX,,GNEISS/MIGMATITE,,ARCHAEAN-GNEISS-MIGMATITE
2_523_0,245.13673,1758.0,940.5,412.5,529.5,542.5,900.5,1771.0,2176.5,2131.5,2376.0,463409.5000105199,630,0.59424084,3.929032258064516,1.024551463644948,0.824771287825475,1.869218500797448,2.204837,-15.50262709230835,-8.426130227806912,7.076496864501438,0,22.05691907592129,80.3391655519538,"{""type"":""MultiPoint"",""coordinates"":[]}",PALAEOPROTEROZOIC,,SAUSAR,MANSAR,PHYLLITE,,PALAEOPROTEROZOIC-PHYLLITE
2_524_0,47.20996,3066.5,2101.5,577.5,777.5,866.0,1374.0,2045.0,2317.0,2482.5,2637.5,463409.5000105199,376,0.4827535,2.8666281755196303,1.1138263665594856,1.2352467270896277,1.4591958125148703,1.3650768,-15.997115639996276,-8.9359478721212,7.061167767875077,0,22.227778642960825,79.99852439621567,"{""type"":""MultiPoint"",""coordinates"":[]}",ARCHAEAN,,TIRODI GNEISSIC COMPLEX,,GNEISS/MIGMATITE,,ARCHAEAN-GNEISS-MIGMATITE
2_525_0,294.8297,1875.5,885.5,423.5,660.5,508.5,995.0,2129.5,2528.0,2745.0,2813.0,463409.5000105199,804,0.6874136,5.398230088495575,0.7698713096139288,0.6832422586520948,2.1180124223602483,15.101347,-16.98152019766875,-10.70945186638911,6.272068331279641,0,22.27305373328045,80.69058649110134,"{""type"":""MultiPoint"",""coordinates"":[]}",LATE CRETACEOUS - PALAEOCENE,DECCAN TRAP,AMARKANTAK,LINGA,BASALT,,LATE-CRETACEOUS-PALAEOCENE-BASALT
2_526_0,90.0,2362.5,1734.4,701.6086956521739,918.8,1059.9166666666667,1433.8333333333333,1940.4285714285716,2194.833333333333,2260.714285714286,2411.2,463409.5000105199,321,0.3616173,2.132917008300293,1.1535880133507477,1.0450236966824644,1.3621425276752768,0.99964136,-17.700013425560645,-10.774723979901996,6.925289445658649,0,21.91651239701341,80.08072024471261,"{""type"":""MultiPoint"",""coordinates"":[]}",PALAEOPROTEROZOIC,,SAUSAR,MANSAR,BIOTITE SCHIST,,PALAEOPROTEROZOIC-BIOTITE-SCHIST
2_527_0,114.935265,1872.5,955.0,443.0,665.0,532.0,1067.5,2130.5,2584.5,2721.5,2858.0,463409.5000105199,316,0.67296755,5.115601503759399,0.8,0.6880396839977954,1.9607329842931935,2.1988823,-14.999126992444632,-7.123608755962096,7.875518236482535,0,21.58611203551425,79.87105345739911,"{""type"":""MultiPoint"",""coordinates"":[]}",PALAEOPROTEROZOIC,,SAUSAR,MANSAR,MUSCOVITE SCHIST,,PALAEOPROTEROZOIC-MUSCOVITE-SCHIST
2_528_0,146.4005,1889.5,990.5,468.5,712.0,594.0,1114.5,2079.5,2406.0,2463.0,2659.5,463409.5000105199,438,0.61138374,4.146464646464646,0.8342696629213483,0.7671538773853025,1.9076224129227664,14.179203,-11.896793835184614,-5.808874686573276,6.087919148611338,0,22.14315734319677,80.18609262753982,"{""type"":""MultiPoint"",""coordinates"":[]}",NEOPROTEROZOIC,,,,GRANITE,ACID  INTRUSIVE,NEOPROTEROZOIC-GRANITE
2_529_0,180.0,1902.5,1332.0,538.5,753.5,737.5,1165.5,1884.5,2201.0,2302.0,2405.0,463409.5000105199,484,0.5147228,3.12135593220339,0.9787657597876576,0.8264552562988705,1.4283033033033032,0.92740995,-18.06567484602105,-10.79702342935259,7.26865141666846,0,22.38516348073857,80.2979328804127,"{""type"":""MultiPoint"",""coordinates"":[]}",LATE CRETACEOUS - PALAEOCENE,DECCAN TRAP,AMARKANTAK,DHUMA,BASALT,,LATE-CRETACEOUS-PALAEOCENE-BASALT
2_530_0,281.6942,2410.0,1554.0,512.0,687.0,763.0,1154.0,1887.0,2202.0,2141.0,2469.0,463409.5000105199,529,0.4745179,2.8060288335517694,1.1106259097525473,1.1256422232601588,1.550836550836551,9.075218,-15.83262765884414,-8.82801091496042,7.004616743883721,0,21.34087196294962,80.78598757427484,"{""type"":""MultiPoint"",""coordinates"":[]}",PALAEOPROTEROZOIC - MESOPROTEROZOIC,,KHAIRAGARH,KARUTOLA,SANDSTONE,,PALAEOPROTEROZOIC-MESOPROTEROZOIC-SANDSTONE
2_531_0,90.0,2470.5,1727.0,680.0,960.0,1072.0,1504.5,2052.5,2394.5,2443.0,2658.0,463409.5000105199,577,0.39004266,2.278917910447761,1.1166666666666667,1.011256651657798,1.4305153445280834,1.001765,-16.840762139809485,-10.850600573786382,5.990161566023103,0,22.21645987038092,80.25885616555351,"{""type"":""MultiPoint"",""coordinates"":[]}",NEOPROTEROZOIC,,,,GRANITE,ACID  INTRUSIVE,NEOPROTEROZOIC-GRANITE
2_532_0,31.6111,1765.0,949.0,464.0,607.0,516.0,968.0,1988.0,2354.0,2649.0,2670.0,463409.5000105199,584,0.6739336,5.133720930232558,0.8500823723228995,0.6662891657229143,1.8598524762908324,7.579065,-13.045356317558872,-6.91562739627649,6.129728921282382,0,21.80682810082241,80.66255905423682,"{""type"":""MultiPoint"",""coordinates"":[]}",PALAEOPROTEROZOIC - MESOPROTEROZOIC,,KHAIRAGARH,SITAGOTA,BASALT,,PALAEOPROTEROZOIC-MESOPROTEROZOIC-BASALT
2_533_0,307.808,1781.0,925.0,362.0,585.0,482.0,925.0,1842.0,2182.0,2313.0,2391.0,463409.5000105199,496,0.6550984,4.798755186721992,0.8239316239316239,0.7699956766104626,1.9254054054054053,7.5214577,-14.382059991749472,-7.958505018716826,6.423554973032646,0,21.3955793637525,80.68088468603285,"{""type"":""MultiPoint"",""coordinates"":[]}",PALAEOPROTEROZOIC - MESOPROTEROZOIC,,KHAIRAGARH,GHOGRA,SANDSTONE,,PALAEOPROTEROZOIC-MESOPROTEROZOIC-SANDSTONE
2_534_0,353.84024,1910.5,1242.0,498.5,661.5,642.5,1095.0,1879.5,2207.5,2242.5,2459.5,463409.5000105199,645,0.5545927,3.490272373540856,0.9712773998488284,0.8519509476031215,1.538244766505636,9.247621,-14.743658729314388,-8.029150105529943,6.714508623784443,0,22.092492361172425,80.50598270021479,"{""type"":""MultiPoint"",""coordinates"":[]}",PALAEOPROTEROZOIC,,SAUSAR,JUNEWANI,GREY & PINK GNEISS/QTZ-BIOTITE-SILLIMANITE GNEISS,,PALAEOPROTEROZOIC-GREY-PINK-GNEISS-QTZ-BIOTITE-SILLIMANITE-GNEISS
2_535_0,270.0,1918.5,1177.0,629.6666666666666,849.5,862.6666666666667,1278.0,1966.0,2253.5,2214.25,2404.5,463409.5000105199,322,0.4392655,2.5667503863987635,1.0154993133215615,0.8664333295698318,1.6299915038232795,1.0002217,-17.837479263673004,-9.57070383726435,8.266775426408653,0,21.998977740095583,80.08503215807637,"{""type"":""MultiPoint"",""coordinates"":[]}",ARCHAEAN,,TIRODI GNEISSIC COMPLEX,,GNEISS/MIGMATITE,,ARCHAEAN-GNEISS-MIGMATITE
2_536_0,15.121769,2929.5,2259.0,736.0,950.0,1218.5,1506.5,1757.5,1933.5,1992.0,2157.5,463409.5000105199,538,0.2409282,1.6347968814115716,1.2826315789473683,1.470632530120482,1.296812749003984,3.8372867,-15.828926309920895,-8.420129005110459,7.408797304810436,0,22.30997449145776,79.55358883599126,"{""type"":""MultiPoint"",""coordinates"":[]}",LATE CRETACEOUS - PALAEOCENE,DECCAN TRAP,AMARKANTAK,DHUMA,BASALT,,LATE-CRETACEOUS-PALAEOCENE-BASALT
2_537_0,90.0,2027.5,1261.0,538.0,654.5,684.0,1110.0,1833.0,2062.0,2361.5,2375.5,463409.5000105199,556,0.55081266,3.452485380116959,1.0450725744843392,0.8585644717340674,1.6078509119746234,2.003839,-15.59559845815066,-7.954337767564999,7.641260690585661,0,22.280869076252287,80.3008973208503,"{""type"":""MultiPoint"",""coordinates"":[]}",NEOPROTEROZOIC,,,,GRANITE,ACID  INTRUSIVE,NEOPROTEROZOIC-GRANITE
2_538_0,141.14992,2075.0,1189.0,399.0,648.0,687.0,1158.0,1992.0,2247.0,2394.0,2572.0,463409.5000105199,651,0.5540409,3.48471615720524,1.0601851851851851,0.866750208855472,1.7451640033641715,4.752822,-14.240406568646918,-7.742522323287915,6.497884245359003,0,21.386147053269244,80.70783414455644,"{""type"":""MultiPoint"",""coordinates"":[]}",PALAEOPROTEROZOIC - MESOPROTEROZOIC,,KHAIRAGARH,KOTIMA,BASALT,,PALAEOPROTEROZOIC-MESOPROTEROZOIC-BASALT
2_539_0,76.902725,2294.0,1549.0,698.0,914.0,994.0,1376.0,1829.0,2005.0,2100.0,2241.0,463409.5000105199,316,0.35746607,2.112676056338028,1.087527352297593,1.0923809523809525,1.4809554551323434,4.0860434,-16.35576069503025,-9.62969672449166,6.72606397053859,0,21.46699542884,80.14674641809539,"{""type"":""MultiPoint"",""coordinates"":[]}",ARCHAEAN,,AMGAON GNEISSIC COMPLEX,,GRANITE GNEISS/MIGMATITE,,ARCHAEAN-GRANITE-GNEISS-MIGMATITE
2_540_0,-0.0,2126.0,1679.0,617.0,818.0,1031.0,1339.0,2111.0,2373.0,2395.0,2424.0,463409.5000105199,640,0.39813194,2.322987390882638,1.2603911980440097,0.8876826722338205,1.2662298987492555,1.8543341,-19.08986333044676,-10.447189629474076,8.642673700972681,0,21.998708245510347,79.60128937757801,"{""type"":""MultiPoint"",""coordinates"":[]}",CENOZOIC,,,,LATERITE,,CENOZOIC-LATERITE
2_541_0,28.318678,2306.116666666667,1615.75,703.3333333333334,936.0909090909092,993.6,1405.9326923076924,1891.0,2099.0,2080.333333333333,2308.583333333333,463409.5000105199,317,0.35353184,2.093733225979603,1.0614353695251044,1.108532286492549,1.4272731961421423,2.106212,-17.833202230514857,-10.01670372471218,7.816498505802677,0,21.8938748518536,80.09257800646299,"{""type"":""MultiPoint"",""coordinates"":[]}",PALAEOPROTEROZOIC,,SAUSAR,MANSAR,MUSCOVITE SCHIST,,PALAEOPROTEROZOIC-MUSCOVITE-SCHIST
2_542_0,270.0,3276.5,2163.0,688.5,888.0,1129.5,1532.0,2027.5,2297.0,2533.0,2684.5,463409.5000105199,437,0.3832082,2.2425852146967684,1.2719594594594594,1.293525463876826,1.5147942672214516,3.9898028,-17.24457685394784,-10.221090251336667,7.023486602611172,0,21.819763840913737,79.61341663391363,"{""type"":""MultiPoint"",""coordinates"":[]}",ARCHAEAN,,TIRODI GNEISSIC COMPLEX,,GNEISS/MIGMATITE,,ARCHAEAN-GNEISS-MIGMATITE
2_543_0,321.01846,1961.5,1215.0,423.0,684.5,589.0,1192.0,2181.5,2661.0,2718.0,2947.5,463409.5000105199,595,0.6437859,4.614601018675722,0.860482103725347,0.7216703458425313,1.61440329218107,9.458308,-13.710557478075271,-6.916824899392607,6.793732578682665,0,22.061230989285065,80.79272493890574,"{""type"":""MultiPoint"",""coordinates"":[]}",PALAEOPROTEROZOIC,,,,GRANITE,MALANJKHAND GRANITE,PALAEOPROTEROZOIC-GRANITE
2_544_0,199.72545,2615.333333333333,1902.0,846.8,1070.8,1200.0,1540.0,2071.0,2301.0,2382.0,2475.75,463409.5000105199,286,0.32998326,1.985,1.1206574523720585,1.0979568989644557,1.375043813529618,2.9533062,-18.48186840851656,-11.55515254389413,6.9267158646224285,0,21.617642901986844,80.18582313295458,"{""type"":""MultiPoint"",""coordinates"":[]}",ARCHAEAN,,AMGAON GNEISSIC COMPLEX,,GRANITE GNEISS/MIGMATITE,,ARCHAEAN-GRANITE-GNEISS-MIGMATITE
2_545_0,58.277046,1763.5,901.5,421.5,550.5,491.0,932.5,1886.5,2185.5,2311.5,2453.5,2024.1047403728887,574,0.6495986,4.7077393075356415,0.8919164396003633,0.7629245078953061,1.9561841375485305,13.835987,-13.126303744744972,-7.024997759881389,6.101305984863584,0,21.9900844187828,80.28688360241803,"{""type"":""MultiPoint"",""coordinates"":[]}",PALAEOPROTEROZOIC,,SAUSAR,MANSAR,BIOTITE SCHIST,,PALAEOPROTEROZOIC-BIOTITE-SCHIST
2_546_0,90.0,1690.0,867.0,454.0,593.0,617.0,1025.0,1799.0,2038.0,2128.0,2326.0,463409.5000105199,536,0.5504554,3.448946515397082,1.0404721753794266,0.7941729323308271,1.9492502883506344,7.972096,-14.66009751720047,-7.549590318011486,7.110507199188984,0,22.373305718988185,80.44696338604814,"{""type"":""MultiPoint"",""coordinates"":[]}",NEOPROTEROZOIC,,,,GRANITE,ACID  INTRUSIVE,NEOPROTEROZOIC-GRANITE
2_547_0,-0.0,2836.5,1928.0,722.5,976.5,1196.5,1503.0,2061.5,2273.5,2716.0,2587.5,463409.5000105199,492,0.3883706,2.269954032595069,1.225294418842806,1.0443667157584684,1.4712136929460582,0.0,-16.645532057884804,-9.722509547113026,6.923022510771778,0,22.13776745149205,79.81122565947675,"{""type"":""MultiPoint"",""coordinates"":[]}",ARCHAEAN,,TIRODI GNEISSIC COMPLEX,,GNEISS/MIGMATITE,,ARCHAEAN-GNEISS-MIGMATITE
2_548_0,344.96765,1560.0,826.0,347.0,501.0,402.0,855.0,2001.0,2407.0,2588.0,2685.0,463409.5000105199,681,0.73110366,6.437810945273632,0.8023952095808383,0.6027820710973725,1.8886198547215496,7.637281,-16.089047607272832,-8.92891290267545,7.160134704597382,0,21.42279831686132,80.72130887381823,"{""type"":""MultiPoint"",""coordinates"":[]}",PALAEOPROTEROZOIC - MESOPROTEROZOIC,,KHAIRAGARH,KOTIMA,BASALT,,PALAEOPROTEROZOIC-MESOPROTEROZOIC-BASALT
2_549_0,204.7514,2014.5,1140.3333333333337,413.0,612.7142857142857,638.6944444444445,1053.6666666666667,1967.6666666666667,2354.0,2418.25,2567.5,463409.5000105199,388,0.5821354,3.786239290218762,1.0424017512499677,0.8330404217926186,1.7665887167494885,7.1124535,-15.424185332738602,-7.484024312707617,7.940161020030986,0,21.63003965290769,79.88048576788236,"{""type"":""MultiPoint"",""coordinates"":[]}",PALAEOPROTEROZOIC,,SAUSAR,MANSAR,MUSCOVITE SCHIST,,PALAEOPROTEROZOIC-MUSCOVITE-SCHIST
2_550_0,132.89021,1916.5,1082.0,472.5,620.0,671.0,1038.5,1706.0,2011.0,2160.5,2371.0,463409.5000105199,317,0.5260463,3.2198211624441133,1.082258064516129,0.8870631798194862,1.771256931608133,1.3625066,-15.329200185422112,-7.818271254402745,7.510928931019368,0,21.7300221440302,80.4151630249903,"{""type"":""MultiPoint"",""coordinates"":[]}",PALAEOPROTEROZOIC,,SAUSAR,MANSAR,PHYLLITE,,PALAEOPROTEROZOIC-PHYLLITE
2_551_0,-0.0,3052.0,2117.0,794.0,1076.6666666666667,1195.0,1659.0,2338.0,2611.0,2635.0,2896.25,463409.5000105199,294,0.37597913,2.205020920502092,1.109907120743034,1.158254269449715,1.4416627302786962,0.92740995,-17.66061299816482,-10.08008175285492,7.580531245309899,0,21.66965535693737,80.3114076096745,"{""type"":""MultiPoint"",""coordinates"":[]}",PALAEOPROTEROZOIC,,SAUSAR,MANSAR,PHYLLITE,,PALAEOPROTEROZOIC-PHYLLITE
2_552_0,114.893616,2587.0,1797.0,490.0,709.0,913.0,1339.0,1961.0,2189.0,2342.0,2450.0,1198.5407794480752,609,0.4390169,2.565169769989047,1.2877291960507755,1.1046114432109309,1.439621591541458,2.2023227,-17.437496755992743,-10.017138645502955,7.420358110489786,0,21.859649039528644,80.38524912602912,"{""type"":""MultiPoint"",""coordinates"":[]}",ARCHAEAN,,TIRODI GNEISSIC COMPLEX,,GNEISS/MIGMATITE,,ARCHAEAN-GNEISS-MIGMATITE
2_553_0,180.0,1717.5,1342.0,644.0,813.5,1004.5,1247.5,2007.5,2258.5,2302.0,2498.5,463409.5000105199,455,0.39240888,2.2916874066699853,1.2347879532882606,0.7460903562119896,1.279806259314456,0.92740995,-17.200163591344005,-10.00473123072856,7.195432360615445,0,22.400524672097006,79.82523937790901,"{""type"":""MultiPoint"",""coordinates"":[]}",LATE CRETACEOUS - PALAEOCENE,DECCAN TRAP,AMARKANTAK,DHUMA,BASALT,,LATE-CRETACEOUS-PALAEOCENE-BASALT
2_554_0,180.0,1804.0,909.0,430.0,605.0,448.0,966.0,1862.0,2217.0,2277.0,2372.0,1270.9838708654015,359,0.67119265,5.082589285714286,0.740495867768595,0.7922705314009661,1.9845984598459847,5.547545,-12.44414016293286,-6.420628820794381,6.023511342138479,0,21.86584741498907,79.94651194126514,"{""type"":""MultiPoint"",""coordinates"":[]}",PALAEOPROTEROZOIC,,SAUSAR,SITASAONGI,QUARTZ MUSCOVITE SCHIST,,PALAEOPROTEROZOIC-QUARTZ-MUSCOVITE-SCHIST
2_555_0,65.177635,2530.0,1860.5,670.0,855.5,1104.5,1477.0,1985.5,2244.0,2349.0,2424.0,463409.5000105199,507,0.36035904,2.12675418741512,1.2910578609000585,1.0770540655598126,1.359849502821822,2.2082362,-17.836225718857335,-10.026171691825382,7.810054027031953,0,22.319945791111486,79.71501609254754,"{""type"":""MultiPoint"",""coordinates"":[]}",LATE CRETACEOUS - PALAEOCENE,DECCAN TRAP,AMARKANTAK,DHUMA,BASALT,,LATE-CRETACEOUS-PALAEOCENE-BASALT
2_556_0,331.7164,2171.0,1389.0,518.7142857142857,732.5,766.0,1180.0,2008.0,2349.0,2562.0,2629.0,463409.5000105199,310,0.53966343,3.3446475195822454,1.0457337883959044,0.847384855581577,1.5629949604031677,2.105518,-15.2446825541124,-8.290298854821174,6.954383699291228,0,21.68366907536963,80.39279497441572,"{""type"":""MultiPoint"",""coordinates"":[]}",ARCHAEAN,,AMGAON GNEISSIC COMPLEX,,GRANITE GNEISS/MIGMATITE,,ARCHAEAN-GRANITE-GNEISS-MIGMATITE
2_557_0,312.75827,2734.5,1815.0,623.8571428571429,783.6,850.0,1339.75,1977.125,2238.5,2433.0,2577.5,463409.5000105199,419,0.48218092,2.8623529411764705,1.0847371107708017,1.123921085080148,1.506611570247934,1.3658946,-15.0934320776857,-8.03744629175664,7.05598578592906,0,22.38300752405668,80.0618556237461,"{""type"":""MultiPoint"",""coordinates"":[]}",ARCHAEAN,,TIRODI GNEISSIC COMPLEX,,GNEISS/MIGMATITE,,ARCHAEAN-GNEISS-MIGMATITE
2_558_0,270.0,1403.0,705.0,376.5,483.5,389.0,690.0,1546.5,1844.5,1885.0,2106.0,463409.5000105199,567,0.6578716,4.845758354755784,0.8045501551189245,0.7442970822281167,1.990070921985816,2.0034256,-14.869273705286698,-7.883886773385234,6.9853869319014645,0,22.25203315563205,80.54074750171021,"{""type"":""MultiPoint"",""coordinates"":[]}",PALAEOPROTEROZOIC,,SAUSAR,JUNEWANI,GREY & PINK GNEISS/QTZ-BIOTITE-SILLIMANITE GNEISS,,PALAEOPROTEROZOIC-GREY-PINK-GNEISS-QTZ-BIOTITE-SILLIMANITE-GNEISS
2_559_0,275.87354,3054.5,2104.5,669.5,902.5,1041.5,1413.5,2180.0,2484.5,2693.5,2859.0,463409.5000105199,551,0.44230255,2.586173787806049,1.1540166204986149,1.1340263597549656,1.451413637443573,8.988974,-22.202959402600108,-16.119206802923106,6.083752599677002,0,22.20190716277818,80.6008447942178,"{""type"":""MultiPoint"",""coordinates"":[]}",PALAEOPROTEROZOIC,,SAUSAR,JUNEWANI,GREY & PINK GNEISS/QTZ-BIOTITE-SILLIMANITE GNEISS,,PALAEOPROTEROZOIC-GREY-PINK-GNEISS-QTZ-BIOTITE-SILLIMANITE-GNEISS
2_560_0,90.0,2137.5,1442.0,685.0,865.0,895.0,1280.5,2210.5,2455.0,2543.5,2819.5,463409.5000105199,523,0.47942418,2.8418994413407823,1.0346820809248556,0.8403774326715157,1.4823162274618584,1.0027765,-17.937395256240627,-10.707132986203598,7.230262270037029,0,22.357405538459272,79.57622638115109,"{""type"":""MultiPoint"",""coordinates"":[]}",LATE CRETACEOUS - PALAEOCENE,DECCAN TRAP,AMARKANTAK,DHUMA,BASALT,,LATE-CRETACEOUS-PALAEOCENE-BASALT
2_561_0,227.22629,2050.0,1102.0,382.0,543.0,542.5,976.5,1914.5,2218.0,2358.5,2509.5,463409.5000105199,545,0.62599105,4.347465437788019,0.9990791896869244,0.8691965232139072,1.8602540834845736,9.473019,-14.901254650177174,-8.23299708943246,6.668257560744713,0,22.307818534775876,79.50400183230788,"{""type"":""MultiPoint"",""coordinates"":[]}",LATE CRETACEOUS - PALAEOCENE,DECCAN TRAP,AMARKANTAK,DHUMA,BASALT,,LATE-CRETACEOUS-PALAEOCENE-BASALT
2_562_0,180.0,2122.0,1202.0,587.0,865.0,754.0,1336.0,2025.0,2461.0,2543.0,2604.0,463409.5000105199,529,0.5426145,3.372679045092838,0.8716763005780347,0.8344475029492725,1.7653910149750416,2.7802885,-17.32873743730236,-9.689326950705365,7.639410486596997,0,21.98496402166332,79.73765363770735,"{""type"":""MultiPoint"",""coordinates"":[]}",ARCHAEAN,,TIRODI GNEISSIC COMPLEX,,GNEISS/MIGMATITE,,ARCHAEAN-GNEISS-MIGMATITE
2_563_0,312.91925,3933.5,2929.5,918.0,1227.0,1458.0,1902.0,2417.0,2708.5,2822.0,3041.0,463409.5000105199,300,0.31869158,1.935528120713306,1.1882640586797066,1.3938695960311835,1.342720600785117,4.079156,-19.049388031619724,-11.770513720310948,7.278874311308776,0,21.58341708966189,79.76379461247524,"{""type"":""MultiPoint"",""coordinates"":[]}",ARCHAEAN,,TIRODI GNEISSIC COMPLEX,,GNEISS/MIGMATITE,,ARCHAEAN-GNEISS-MIGMATITE
2_564_0,227.12473,2611.5,1895.0,807.5,1101.0,1310.0,1592.5,2212.0,2471.5,2492.0,2622.0,2788.207309365643,304,0.310889,1.9022900763358777,1.189827429609446,1.0479534510433386,1.3781002638522428,1.3628889,-17.313436749842847,-10.316442280650882,6.996994469191964,0,21.804941638725765,80.02655183308019,"{""type"":""MultiPoint"",""coordinates"":[]}",CENOZOIC,,,,LATERITE,,CENOZOIC-LATERITE
2_565_0,270.0,1775.5,1069.0,544.0,733.5,673.0,1181.5,1895.5,2121.5,2257.5,2405.0,463409.5000105199,362,0.5406927,3.3543833580980684,0.9175187457396048,0.7864894795127353,1.6608980355472405,2.0004103,-15.901163737628236,-7.729890168276453,8.171273569351783,0,22.0396714224662,79.97507836730014,"{""type"":""MultiPoint"",""coordinates"":[]}",ARCHAEAN,,TIRODI GNEISSIC COMPLEX,,GNEISS/MIGMATITE,,ARCHAEAN-GNEISS-MIGMATITE
2_566_0,124.767136,3301.5,2376.5,702.0,957.0,1208.5,1660.5,2226.0,2488.5,2626.0,2813.5,463409.5000105199,566,0.3696701,2.1729416632188663,1.2628004179728318,1.2572353389185071,1.38922785609089,4.8677106,-16.57758558966857,-9.813730140987856,6.763855448680712,0,22.24745174768304,80.36368955921026,"{""type"":""MultiPoint"",""coordinates"":[]}",ARCHAEAN,,TIRODI GNEISSIC COMPLEX,,GNEISS/MIGMATITE,,ARCHAEAN-GNEISS-MIGMATITE
2_567_0,347.82794,1482.0,741.0,421.0,554.0,445.0,903.0,1871.0,2244.0,2309.0,2392.0,463409.5000105199,375,0.6768337,5.18876404494382,0.8032490974729242,0.6418362927674318,2.0,4.73331,-15.800104185387823,-8.785349985811822,7.014754199576002,0,21.993587848390863,79.97561735647062,"{""type"":""MultiPoint"",""coordinates"":[]}",ARCHAEAN,,TIRODI GNEISSIC COMPLEX,,GNEISS/MIGMATITE,,ARCHAEAN-GNEISS-MIGMATITE
2_568_0,65.039375,3733.0,2715.0,718.0,1011.0,1291.0,1686.0,2383.0,2655.0,2810.0,2984.0,463409.5000105199,303,0.37039748,2.176607281177382,1.2769535113748764,1.3284697508896797,1.3749539594843465,2.196793,-17.176326854109234,-10.48685533183786,6.689471522271374,0,21.41767791974184,79.55116338472415,"{""type"":""MultiPoint"",""coordinates"":[]}",PALAEOPROTEROZOIC,,SAUSAR,MANSAR,MUSCOVITE SCHIST,,PALAEOPROTEROZOIC-MUSCOVITE-SCHIST
2_569_0,132.9031,2695.0,1887.0,819.75,1093.0,1244.0,1594.0,2155.0,2389.5,2530.25,2647.5,463409.5000105199,290,0.34079617,2.0339630225080385,1.1381518755718207,1.0651121430688668,1.428192898781134,1.3621768,-18.136268615180214,-11.713771133243151,6.422497481937061,0,21.665073948988358,80.20549623767681,"{""type"":""MultiPoint"",""coordinates"":[]}",ARCHAEAN,,TIRODI GNEISSIC COMPLEX,,GNEISS/MIGMATITE,,ARCHAEAN-GNEISS-MIGMATITE
2_570_0,312.91086,2148.0,1388.0,598.0,781.5555555555555,820.5,1241.0,1968.0,2204.0,2330.0,2466.0,463409.5000105199,286,0.4791303,2.839731870810481,1.0498294000568666,0.9218884120171674,1.5475504322766571,2.7224197,-16.531305096087106,-9.458682887231028,7.072622208856078,0,21.62572773954392,80.19471645426736,"{""type"":""MultiPoint"",""coordinates"":[]}",ARCHAEAN,,AMGAON GNEISSIC COMPLEX,,GRANITE GNEISS/MIGMATITE,,ARCHAEAN-GRANITE-GNEISS-MIGMATITE
2_571_0,144.34726,3605.0,2773.0,814.5,1138.25,1363.4,1736.0,2217.75,2434.0,2601.0,2705.0,463409.5000105199,305,0.31217837,1.907730673316708,1.1978036459477268,1.386005382545175,1.300036062026686,3.4202414,-17.773182406038423,-10.73567079680138,7.037511609237043,0,21.66130102479505,80.34401645448804,"{""type"":""MultiPoint"",""coordinates"":[]}",ARCHAEAN,,AMGAON GNEISSIC COMPLEX,,GRANITE GNEISS/MIGMATITE,,ARCHAEAN-GRANITE-GNEISS-MIGMATITE
2_572_0,315.56973,1607.5,811.0,436.5,610.0,530.0,963.0,1991.0,2305.5,2561.5,2641.5,463409.5000105199,665,0.6571244,4.833018867924529,0.8688524590163934,0.6275619754050361,1.9821208384710236,14.001481,-15.727247191563574,-9.49529285131054,6.231954340253035,0,21.974184238253883,80.61162457762724,"{""type"":""MultiPoint"",""coordinates"":[]}",PALAEOPROTEROZOIC,,,,GRANITE,MALANJKHAND GRANITE,PALAEOPROTEROZOIC-GRANITE
2_573_0,19.693064,2175.0,1254.0,436.0,642.0,668.0,1127.0,1855.0,2161.0,2245.0,2423.0,463409.5000105199,528,0.5413663,3.3607784431137726,1.0404984423676011,0.9688195991091314,1.7344497607655502,8.796213,-13.987849650615193,-6.3909602643108485,7.596889386304344,0,21.358658605575187,80.75364822404654,"{""type"":""MultiPoint"",""coordinates"":[]}",PALAEOPROTEROZOIC - MESOPROTEROZOIC,,KHAIRAGARH,MANGIKHUTA,BASALT,,PALAEOPROTEROZOIC-MESOPROTEROZOIC-BASALT
2_574_0,270.0,3477.0,2808.0,793.5,993.0,1241.5,1624.0,2034.5,2276.5,2497.0,2615.5,463409.5000105199,576,0.33582988,2.011276681433749,1.2502517623363545,1.39247096515819,1.2382478632478633,1.002041,-20.83795468919703,-13.80101557034355,7.03693911885348,0,22.254997596069646,80.28553612949186,"{""type"":""MultiPoint"",""coordinates"":[]}",NEOPROTEROZOIC,,,,GRANITE,ACID  INTRUSIVE,NEOPROTEROZOIC-GRANITE
2_575_0,227.21608,3236.0,2485.0,634.5,787.0,886.0,1205.0,1758.5,2019.0,2163.0,2386.0,463409.5000105199,560,0.41882583,2.4413092550790068,1.1257941550190598,1.4960702727693018,1.3022132796780683,8.13779,-18.242845293728564,-12.41048682175614,5.832358471972423,0,22.257692541922005,80.59329894583121,"{""type"":""MultiPoint"",""coordinates"":[]}",PALAEOPROTEROZOIC,,SAUSAR,JUNEWANI,GREY & PINK GNEISS/QTZ-BIOTITE-SILLIMANITE GNEISS,,PALAEOPROTEROZOIC-GREY-PINK-GNEISS-QTZ-BIOTITE-SILLIMANITE-GNEISS
2_576_0,180.0,1989.0,1345.0,377.1666666666667,543.0,508.0,931.3333333333334,1677.0,1950.0,2146.0,2199.5,463409.5000105199,387,0.6171816,4.224409448818897,0.9355432780847146,0.9268406337371856,1.4788104089219332,8.2891,-14.142206057649371,-8.312270848281532,5.829935209367839,0,21.674236764886373,80.67468631057243,"{""type"":""MultiPoint"",""coordinates"":[]}",PALAEOPROTEROZOIC - MESOPROTEROZOIC,,KHAIRAGARH,SITAGOTA,BASALT,,PALAEOPROTEROZOIC-MESOPROTEROZOIC-BASALT
2_577_0,47.204872,2987.0,2045.0,824.5,1049.0,1174.6666666666667,1528.0,2271.75,2520.0,2596.0,2743.6666666666665,463409.5000105199,348,0.37694484,2.209988649262202,1.1197966317127424,1.1506163328197228,1.460635696821516,2.7283442,-19.55858151753961,-11.629900866204563,7.928680651335052,0,22.20271564653389,80.06913197754746,"{""type"":""MultiPoint"",""coordinates"":[]}",ARCHAEAN,,TIRODI GNEISSIC COMPLEX,,GNEISS/MIGMATITE,,ARCHAEAN-GNEISS-MIGMATITE
2_578_0,245.09428,2135.5,1496.5,805.5,1013.5,1127.0,1424.5,2065.5,2284.0,2449.0,2509.0,1846.212338816963,303,0.3696868,2.173025732031943,1.1119881598421313,0.8719885667619437,1.4269963247577682,2.2013216,-16.70635940135545,-10.126691509044196,6.579667892311253,0,21.780687126054534,80.2009148297278,"{""type"":""MultiPoint"",""coordinates"":[]}",ARCHAEAN,,TIRODI GNEISSIC COMPLEX,,GNEISS/MIGMATITE,,ARCHAEAN-GNEISS-MIGMATITE
2_579_0,208.31555,1446.0,714.0,340.0,448.0,364.0,749.0,1663.0,2015.0,2154.0,2254.0,2050.0,585,0.71088165,5.917582417582418,0.8125,0.6713091922005571,2.0252100840336134,6.2958355,-14.47414590973202,-7.38493619676292,7.089209712969101,0,21.875279725472325,80.33081121981148,"{""type"":""MultiPoint"",""coordinates"":[]}",ARCHAEAN,,TIRODI GNEISSIC COMPLEX,,GNEISS/MIGMATITE,,ARCHAEAN-GNEISS-MIGMATITE
2_580_0,217.03651,2136.0,1288.5,433.5,576.0,611.5,1023.0,1817.0,2158.5,2281.5,2397.0,463409.5000105199,710,0.5772554,3.7309893704006543,1.0616319444444444,0.9362261669953976,1.6577415599534342,11.4635725,-14.604172684730386,-8.510212630286901,6.093960054443485,0,21.920824310377185,80.61566699640578,"{""type"":""MultiPoint"",""coordinates"":[]}",PALAEOPROTEROZOIC - MESOPROTEROZOIC,,CHILPI,,PHYLLITE,,PALAEOPROTEROZOIC-MESOPROTEROZOIC-PHYLLITE
2_581_0,90.0,1932.0,1294.0,648.0,830.0,771.0,1154.5,1871.0,2086.5,2182.0,2287.0,463409.5000105199,574,0.47781917,2.830090791180285,0.9289156626506024,0.8854262144821264,1.4930448222565689,1.0010649,-16.355385948792946,-9.458691324620457,6.896694624172492,0,22.11809434676983,79.63821013575533,"{""type"":""MultiPoint"",""coordinates"":[]}",ARCHAEAN,,TIRODI GNEISSIC COMPLEX,,GNEISS/MIGMATITE,,ARCHAEAN-GNEISS-MIGMATITE
2_582_0,19.694546,2128.5,1315.5,639.0,857.0,972.5,1316.0,2083.5,2387.5,2485.5,2639.5,463409.5000105199,343,0.43753615,2.555784061696658,1.1347724620770128,0.856366928183464,1.6180159635119726,2.9527364,-17.20583507909365,-9.85998043017032,7.345854648923328,0,21.370516367325564,80.14485995599874,"{""type"":""MultiPoint"",""coordinates"":[]}",ARCHAEAN,,AMGAON GNEISSIC COMPLEX,,GRANITE GNEISS/MIGMATITE,,ARCHAEAN-GRANITE-GNEISS-MIGMATITE
2_583_0,227.1152,3791.0,2675.5,1006.0,1300.5,1660.0,2092.0,2617.0,2889.5,3006.0,3241.5,2341.836885865452,344,0.2884698,1.810843373493976,1.2764321414840445,1.2611443779108449,1.4169314146888432,2.7237508,-19.85723832725386,-13.059072359687471,6.798165967566387,0,21.75724109713902,79.79828991938543,"{""type"":""MultiPoint"",""coordinates"":[]}",ARCHAEAN,,TIRODI GNEISSIC COMPLEX,,GNEISS/MIGMATITE,,ARCHAEAN-GNEISS-MIGMATITE
2_584_0,35.771347,1645.0,947.5,400.5,530.5,470.5,832.5,1589.0,1863.5,1944.0,2067.5,463409.5000105199,532,0.6102713,4.131774707757705,0.8868991517436381,0.8461934156378601,1.7361477572559367,3.425323,-15.6045584579434,-9.33375890321233,6.270799554731072,0,22.281677560008,80.42809876508163,"{""type"":""MultiPoint"",""coordinates"":[]}",NEOPROTEROZOIC,,,,GRANITE,ACID  INTRUSIVE,NEOPROTEROZOIC-GRANITE
2_585_0,208.2459,2023.0,1122.0,636.0,845.0,803.0,1289.0,2086.0,2356.0,2471.0,2668.0,463409.5000105199,278,0.50946856,3.0772104607721045,0.9502958579881656,0.8186968838526912,1.803030303030303,2.1047742,-17.44995579006855,-10.5825048421625,6.86745094790605,0,21.455137667089623,79.958908692186,"{""type"":""MultiPoint"",""coordinates"":[]}",ARCHAEAN,,AMGAON GNEISSIC COMPLEX,,GRANITE GNEISS/MIGMATITE,,ARCHAEAN-GRANITE-GNEISS-MIGMATITE
2_586_0,47.23921,1785.5,1330.0,589.5,810.5,873.5,1170.5,2325.0,2649.0,2683.5,2997.0,463409.5000105199,534,0.50885576,3.072123640526617,1.0777297964219616,0.6653623998509409,1.3424812030075188,4.091298,-17.670915850596277,-9.627259161715516,8.04365668888076,0,22.370880267721063,79.53149028000193,"{""type"":""MultiPoint"",""coordinates"":[]}",LATE CRETACEOUS - PALAEOCENE,DECCAN TRAP,AMARKANTAK,DHUMA,BASALT,,LATE-CRETACEOUS-PALAEOCENE-BASALT
2_587_0,234.74559,1842.0,883.0,451.0,697.0,535.0,1109.0,2369.0,2814.0,2857.0,3025.0,2675.6868277135877,472,0.6845519,5.34018691588785,0.7675753228120517,0.6447322366118305,2.086070215175538,24.166687,-15.06570059080823,-9.001546934690595,6.064153656117636,0,21.915434418672465,80.25696970345686,"{""type"":""MultiPoint"",""coordinates"":[]}",PALAEOPROTEROZOIC,,SAUSAR,MANSAR,PHYLLITE,,PALAEOPROTEROZOIC-PHYLLITE
2_588_0,270.0,2070.5,1130.5,468.3333333333333,654.0,588.4,1104.6,2152.166666666667,2421.5,2543.0,2725.0,463409.5000105199,370,0.62419367,4.321889870836166,0.8996941896024464,0.8141958316948485,1.8314904909332157,1.9950057,-15.129529885814865,-8.079633010583741,7.049896875231122,0,21.652677198067508,79.53688017170664,"{""type"":""MultiPoint"",""coordinates"":[]}",ARCHAEAN,,TIRODI GNEISSIC COMPLEX,,GNEISS/MIGMATITE,,ARCHAEAN-GNEISS-MIGMATITE
2_589_0,252.7495,1674.5,1040.0,555.5,772.5,684.5,1173.5,2025.5,2315.5,2410.0,2447.0,463409.5000105199,264,0.5576022,3.52081811541271,0.886084142394822,0.6948132780082987,1.6100961538461538,3.124503,-19.61809020874064,-13.17510511585616,6.442985092884477,0,21.321737847397877,79.70154136328576,"{""type"":""MultiPoint"",""coordinates"":[]}",ARCHAEAN,,TIRODI GNEISSIC COMPLEX,,GNEISS/MIGMATITE,,ARCHAEAN-GNEISS-MIGMATITE
2_590_0,312.82306,2962.0,2061.0,657.5,922.0,1019.0,1538.5,2144.5,2409.0,2552.0,2703.0,463409.5000105199,572,0.42929152,2.50441609421001,1.1052060737527114,1.1606583072100314,1.4371664240659874,4.0865135,-17.692285043477497,-11.40600716602452,6.286277877452978,0,22.065003913478368,80.67199136472007,"{""type"":""MultiPoint"",""coordinates"":[]}",PALAEOPROTEROZOIC,,,,GRANITE,MALANJKHAND GRANITE,PALAEOPROTEROZOIC-GRANITE
2_591_0,12.173817,566.0,367.0,532.0,779.0,650.0,796.0,677.0,738.0,606.0,630.0,463409.5000105199,517,-0.035031848,0.9323076923076924,0.834403080872914,0.933993399339934,1.542234332425068,4.7333417,-22.438030655662192,-16.99537773081949,5.442652924842701,0,22.01460842603926,79.76999298793567,"{""type"":""MultiPoint"",""coordinates"":[]}",ARCHAEAN,,TIRODI GNEISSIC COMPLEX,,GNEISS/MIGMATITE,,ARCHAEAN-GNEISS-MIGMATITE
2_592_0,270.0,1983.5,1384.0,638.5,822.0,893.0,1359.5,2234.0,2479.0,2615.5,2754.0,463409.5000105199,462,0.49095055,2.9288913773796192,1.086374695863747,0.7583636016058115,1.433164739884393,1.0027626,-15.557119323016462,-10.302042012209398,5.255077310807064,0,22.35551907636262,79.84949389058023,"{""type"":""MultiPoint"",""coordinates"":[]}",LATE CRETACEOUS - PALAEOCENE,DECCAN TRAP,AMARKANTAK,DHUMA,BASALT,,LATE-CRETACEOUS-PALAEOCENE-BASALT
2_593_0,331.7479,1959.0,1107.0,438.0,604.0,564.0,923.0,1699.0,2026.0,2140.0,2340.0,463409.5000105199,366,0.58284026,3.794326241134752,0.933774834437086,0.9154205607476636,1.7696476964769647,2.1048963,-14.853432357358274,-7.261553197106171,7.591879160252104,0,21.492866909022645,80.6391130253213,"{""type"":""MultiPoint"",""coordinates"":[]}",PALAEOPROTEROZOIC - MESOPROTEROZOIC,,KHAIRAGARH,BORTALAO,SANDSTONE,,PALAEOPROTEROZOIC-MESOPROTEROZOIC-SANDSTONE
2_594_0,58.29833,1484.5,791.5,375.5,504.0,486.0,847.0,1730.5,2019.5,2189.0,2281.5,463409.5000105199,627,0.63663554,4.504115226337449,0.9642857142857144,0.6781635449977158,1.8755527479469365,7.0245132,-13.239513988975062,-6.258594860602386,6.980919128372676,0,22.107584057945637,80.41273757372318,"{""type"":""MultiPoint"",""coordinates"":[]}",PALAEOPROTEROZOIC,,SAUSAR,MANSAR,PHYLLITE,,PALAEOPROTEROZOIC-PHYLLITE
2_595_0,144.23691,2106.0,1383.0,535.5,762.0,742.5,1147.5,1931.5,2319.0,2387.0,2556.0,463409.5000105199,506,0.5254833,3.214814814814815,0.9744094488188976,0.8822790113112694,1.5227765726681128,3.4249685,-14.814053840652331,-8.781229936630513,6.03282390402182,0,22.23909741554073,80.47472132832743,"{""type"":""MultiPoint"",""coordinates"":[]}",PALAEOPROTEROZOIC,,SAUSAR,JUNEWANI,GREY & PINK GNEISS/QTZ-BIOTITE-SILLIMANITE GNEISS,,PALAEOPROTEROZOIC-GREY-PINK-GNEISS-QTZ-BIOTITE-SILLIMANITE-GNEISS
2_596_0,348.55865,1860.5,920.5,548.0,746.5,588.0,1138.5,2356.0,2685.5,2673.5,2947.5,463409.5000105199,532,0.6394297,4.546768707482993,0.7876758204956463,0.6959042453712362,2.0211841390548613,14.802364,-16.207333608830467,-10.00195491651515,6.205378692315318,0,22.112704455065117,80.18205020876128,"{""type"":""MultiPoint"",""coordinates"":[]}",ARCHAEAN,,TIRODI GNEISSIC COMPLEX,,GNEISS/MIGMATITE,,ARCHAEAN-GNEISS-MIGMATITE
2_597_0,3.4219797,1781.0,925.0,489.0,655.0,550.0,997.0,1980.0,2249.0,2389.0,2593.0,463409.5000105199,517,0.62572306,4.343636363636364,0.8396946564885496,0.7455002092925911,1.9254054054054053,16.272543,-16.071179977758288,-9.004304425841033,7.066875551917255,0,21.707115104285148,80.72669876552295,"{""type"":""MultiPoint"",""coordinates"":[]}",PALAEOPROTEROZOIC - MESOPROTEROZOIC,,KHAIRAGARH,BORTALAO,SANDSTONE,,PALAEOPROTEROZOIC-MESOPROTEROZOIC-SANDSTONE
2_598_0,47.234024,2710.0,1896.0,657.5,873.5,1066.0,1475.5,1797.0,2059.0,2061.0,2326.5,463409.5000105199,473,0.31819636,1.933395872420263,1.2203777904979969,1.3148956817079087,1.429324894514768,4.090899,-17.4873416350596,-10.25627722854426,7.23106440651534,0,22.34554777670889,80.44480742936625,"{""type"":""MultiPoint"",""coordinates"":[]}",ARCHAEAN,,TIRODI GNEISSIC COMPLEX,,GNEISS/MIGMATITE,,ARCHAEAN-GNEISS-MIGMATITE
2_599_0,151.70418,2848.5,1989.5,649.0,840.5,978.0,1468.5,2085.5,2387.0,2509.0,2723.0,463409.5000105199,308,0.43905938,2.565439672801636,1.1635930993456276,1.1353128736548426,1.4317667755717518,2.1057599,-15.50882630566161,-7.933822706569742,7.575003599091868,0,21.75724109713902,79.96483757306119,"{""type"":""MultiPoint"",""coordinates"":[]}",CENOZOIC,,,,LATERITE,,CENOZOIC-LATERITE
2_600_0,331.77344,2902.0,1993.0,765.5,1073.0,1150.0,1553.5,2421.5,2749.5,2908.0,3043.0,463409.5000105199,268,0.43321833,2.528695652173913,1.0717614165890028,0.997936726272352,1.4560963371801303,2.1043932,-17.75225249578693,-11.009962355906664,6.742290139880266,0,21.336560049585845,79.62096248230023,"{""type"":""MultiPoint"",""coordinates"":[]}",ARCHAEAN,,TIRODI GNEISSIC COMPLEX,,GNEISS/MIGMATITE,,ARCHAEAN-GNEISS-MIGMATITE
2_601_0,208.37323,1936.5,1122.5,546.0,779.5,728.0,1197.5,2061.5,2411.0,2489.5,2615.0,463409.5000105199,568,0.54747474,3.419642857142857,0.9339320076972418,0.7778670415746134,1.7251670378619153,6.2992277,-15.796030702683533,-10.033720042862958,5.762310659820573,0,22.216190375795684,80.16668901740285,"{""type"":""MultiPoint"",""coordinates"":[]}",ARCHAEAN,,TIRODI GNEISSIC COMPLEX,,GNEISS/MIGMATITE,,ARCHAEAN-GNEISS-MIGMATITE
2_603_0,261.23123,1586.5,753.5,323.5,519.5,400.5,817.0,1701.0,1999.5,2193.5,2216.5,463409.5000105199,668,0.6912105,5.476903870162297,0.7709335899903753,0.7232733074994301,2.1055076310550764,6.0613055,-15.222051907772888,-9.273894891137177,5.948157016635712,0,22.256075574410588,80.6865440723228,"{""type"":""MultiPoint"",""coordinates"":[]}",LATE CRETACEOUS - PALAEOCENE,DECCAN TRAP,AMARKANTAK,PIPARDAHI,BASALT,,LATE-CRETACEOUS-PALAEOCENE-BASALT
2_604_0,319.19144,1397.5,748.0,394.5,591.5,496.5,859.5,1633.0,1925.5,2155.5,2164.0,463409.5000105199,591,0.6255656,4.341389728096677,0.8393913778529163,0.648341452099281,1.8683155080213905,6.103732,-15.220683101007856,-9.125428569626129,6.09525453138173,0,22.100038209559028,80.62752475815616,"{""type"":""MultiPoint"",""coordinates"":[]}",PALAEOPROTEROZOIC,,SAUSAR,JUNEWANI,GREY & PINK GNEISS/QTZ-BIOTITE-SILLIMANITE GNEISS,,PALAEOPROTEROZOIC-GREY-PINK-GNEISS-QTZ-BIOTITE-SILLIMANITE-GNEISS
2_606_0,-0.0,3081.0,2080.0,663.0,939.0,1032.0,1489.0,2157.0,2427.0,2544.0,2677.0,463409.5000105199,307,0.42281878,2.4651162790697674,1.099041533546326,1.2110849056603774,1.48125,0.92740995,-17.671500239819988,-10.135072504783665,7.536427735036323,0,21.4279187139808,79.98208522651628,"{""type"":""MultiPoint"",""coordinates"":[]}",ARCHAEAN,,AMGAON GNEISSIC COMPLEX,,GRANITE GNEISS/MIGMATITE,,ARCHAEAN-GRANITE-GNEISS-MIGMATITE
2_607_0,312.82278,3989.5,2921.0,918.0,1234.5,1575.5,2028.0,2471.5,2701.5,2841.5,3025.0,463409.5000105199,569,0.28661987,1.8035544271659791,1.2762251923855812,1.4040119655111736,1.3657993837726805,6.7904916,-19.316969506748585,-11.728684664300372,7.588284842448212,0,22.066351386404545,80.5361660937612,"{""type"":""MultiPoint"",""coordinates"":[]}",PALAEOPROTEROZOIC,,SAUSAR,JUNEWANI,GREY & PINK GNEISS/QTZ-BIOTITE-SILLIMANITE GNEISS,,PALAEOPROTEROZOIC-GREY-PINK-GNEISS-QTZ-BIOTITE-SILLIMANITE-GNEISS
2_608_0,118.521805,1860.0,890.0,388.0,545.0,505.0,925.0,1783.0,2223.0,2361.0,2511.0,463409.5000105199,389,0.6475925,4.675247524752475,0.926605504587156,0.7878017789072427,2.0898876404494384,13.349969,-12.337211307942487,-6.017901615780588,6.3193096921619,0,21.31014958023273,79.99151753699954,"{""type"":""MultiPoint"",""coordinates"":[]}",PALAEOPROTEROZOIC,,SAKOLI,DHABETEKRI,PHYLLITE,,PALAEOPROTEROZOIC-PHYLLITE
2_609_0,103.02412,1698.5,987.0,444.0,522.5,485.5,840.0,1766.5,2037.5,2208.0,2301.0,463409.5000105199,552,0.6395025,4.54788877445932,0.9291866028708134,0.7692481884057971,1.720871327254306,4.1085186,-14.524953983274122,-7.912462146275929,6.612491836998193,0,22.29434380551408,80.38713558812577,"{""type"":""MultiPoint"",""coordinates"":[]}",ARCHAEAN,,TIRODI GNEISSIC COMPLEX,,GNEISS/MIGMATITE,,ARCHAEAN-GNEISS-MIGMATITE
2_610_0,-0.0,1642.0,865.0,430.0,593.0,492.0,925.0,1998.0,2352.0,2502.0,2512.0,463409.5000105199,324,0.6713427,5.085365853658536,0.8296795952782462,0.6562749800159872,1.8982658959537573,0.0,-14.75330062595908,-8.393916240198406,6.359384385760675,0,21.51388748667104,80.56284605769955,"{""type"":""MultiPoint"",""coordinates"":[]}",ARCHAEAN,,AMGAON GNEISSIC COMPLEX,,GRANITE GNEISS/MIGMATITE,,ARCHAEAN-GRANITE-GNEISS-MIGMATITE
2_611_0,227.2313,1867.0,1114.0,483.5,611.0,633.0,988.5,1734.0,1957.0,2123.5,2239.5,463409.5000105199,524,0.54072195,3.354660347551343,1.0360065466448445,0.8792088533082175,1.6759425493716338,2.729702,-15.247650659690589,-8.33421675497736,6.913433904713228,0,22.332342542032336,80.30413125587313,"{""type"":""MultiPoint"",""coordinates"":[]}",ARCHAEAN,,TIRODI GNEISSIC COMPLEX,,GNEISS/MIGMATITE,,ARCHAEAN-GNEISS-MIGMATITE
2_612_0,47.22487,3129.5,2182.0,795.3076923076923,1108.5,1378.9166666666663,1675.0,2086.5,2280.6666666666665,2543.333333333333,2593.416666666667,463409.5000105199,380,0.29687467,1.844443101468544,1.2439482784543676,1.2304718217562256,1.4342346471127403,2.7293718,-18.406389535079235,-10.709955571381329,7.696433963697908,0,22.300811675559743,80.11629352996374,"{""type"":""MultiPoint"",""coordinates"":[]}",NEOPROTEROZOIC,,,,GRANITE,ACID  INTRUSIVE,NEOPROTEROZOIC-GRANITE
2_613_0,324.4136,1971.0,1252.5,538.0,736.9166666666666,736.7142857142857,1139.25,1849.0,2096.5,2097.0,2353.5,463409.5000105199,375,0.4800363,2.846422338568936,0.9997253679262048,0.9399141630901288,1.5736526946107785,3.4174113,-15.037447563910357,-9.372851114717784,5.664596449192572,0,21.305298677698488,80.10335778987242,"{""type"":""MultiPoint"",""coordinates"":[]}",ARCHAEAN,,AMGAON GNEISSIC COMPLEX,,GRANITE GNEISS/MIGMATITE,,ARCHAEAN-GRANITE-GNEISS-MIGMATITE
2_614_0,208.23898,2148.0,1364.0,456.0,691.0,693.0,1098.0,1790.0,2034.0,2198.0,2377.0,463409.5000105199,339,0.5205811,3.171717171717172,1.0028943560057888,0.9772520473157416,1.5747800586510263,2.1046379,-16.15118617549107,-9.004052299430873,7.147133876060197,0,21.412827017207597,80.58305815159224,"{""type"":""MultiPoint"",""coordinates"":[]}",ARCHAEAN,,AMGAON GNEISSIC COMPLEX,,PHYLLITE,,ARCHAEAN-PHYLLITE
2_615_0,180.0,2642.0,1805.0,545.0,712.0,795.0,1191.0,1724.0,1963.0,2027.0,2258.0,463409.5000105199,303,0.4365698,2.549685534591195,1.1165730337078652,1.3034040453872715,1.4637119113573407,0.92740995,-16.27475895317388,-9.739659210623778,6.535099742550102,0,21.526553732177124,80.30197529919124,"{""type"":""MultiPoint"",""coordinates"":[]}",ARCHAEAN,,AMGAON GNEISSIC COMPLEX,,GRANITE GNEISS/MIGMATITE,,ARCHAEAN-GRANITE-GNEISS-MIGMATITE
2_616_0,132.95013,3095.0,2222.0,758.0,1021.0,1205.0,1683.0,2347.0,2544.0,2682.0,2892.0,463409.5000105199,285,0.37998456,2.2257261410788383,1.1802154750244858,1.1539895600298284,1.3928892889288929,1.3609755,-17.01204006096785,-10.6834825407393,6.328557520228548,0,21.426032251884152,79.68267674231925,"{""type"":""MultiPoint"",""coordinates"":[]}",PALAEOPROTEROZOIC,,SAUSAR,MANSAR,MUSCOVITE SCHIST,,PALAEOPROTEROZOIC-MUSCOVITE-SCHIST
2_617_0,245.04922,2641.0,1723.0,516.0,780.0,797.0,1280.0,2121.0,2459.0,2730.0,2833.0,463409.5000105199,330,0.54805785,3.42534504391468,1.0217948717948715,0.9673992673992674,1.5327916424840395,2.1976042,-15.80287584579578,-9.61799404898691,6.1848817968088685,0,21.48343459853939,80.56581049813714,"{""type"":""MultiPoint"",""coordinates"":[]}",ARCHAEAN,,AMGAON GNEISSIC COMPLEX,,GRANITE GNEISS/MIGMATITE,,ARCHAEAN-GRANITE-GNEISS-MIGMATITE
2_618_0,47.12074,2643.5,2031.0,735.5,995.5,1063.0,1503.5,2217.0,2488.0,2548.0,2651.5,3314.8906467634797,346,0.4112434,2.396989651928504,1.0678051230537418,1.037480376766091,1.3015755785327423,1.3627869,-18.00242741480438,-10.442844381537189,7.559583033267192,0,21.784999039418317,79.80745273528345,"{""type"":""MultiPoint"",""coordinates"":[]}",ARCHAEAN,,TIRODI GNEISSIC COMPLEX,,GNEISS/MIGMATITE,,ARCHAEAN-GNEISS-MIGMATITE
2_619_0,307.18515,1757.5,858.0,441.0,608.5,536.5,1006.0,1855.0,2222.5,2464.5,2543.0,463409.5000105199,632,0.64245254,4.5936626281453865,0.8816762530813476,0.7131263948062487,2.0483682983682985,13.552698,-17.339208727239143,-10.835537216086626,6.5036715111525165,0,21.994665826731808,80.61458901806483,"{""type"":""MultiPoint"",""coordinates"":[]}",PALAEOPROTEROZOIC - MESOPROTEROZOIC,,CHILPI,,PHYLLITE,,PALAEOPROTEROZOIC-MESOPROTEROZOIC-PHYLLITE
2_620_0,180.0,2031.0,1571.0,657.0,787.0,879.0,1182.0,1580.0,1683.0,1727.0,1837.0,463409.5000105199,321,0.32540292,1.964732650739477,1.1168996188055909,1.1760277938621888,1.292807129217059,1.8543341,-15.531438606568994,-9.068062182301851,6.463376424267141,0,21.393962396241083,80.31545002845303,"{""type"":""MultiPoint"",""coordinates"":[]}",PALAEOPROTEROZOIC,,,,GRANITE,DONGARGARH GRANITE,PALAEOPROTEROZOIC-GRANITE
2_621_0,270.0,1886.0,1452.0,623.5,853.5,960.5,1284.5,1980.0,2400.0,2430.0,2619.0,463409.5000105199,516,0.4334169,2.529932326913066,1.1253661394258934,0.7761316872427984,1.2988980716253444,2.005427,-18.112610210016832,-9.269367408530089,8.843242801486745,0,22.391361856198987,79.62257944981165,"{""type"":""MultiPoint"",""coordinates"":[]}",LATE CRETACEOUS - PALAEOCENE,DECCAN TRAP,AMARKANTAK,DHUMA,BASALT,,LATE-CRETACEOUS-PALAEOCENE-BASALT
2_622_0,259.5219,1895.5,1315.5,582.0,752.5,813.5,1183.0,2090.0,2331.0,2467.5,2693.0,463409.5000105199,435,0.5041146,3.0331899200983403,1.081063122923588,0.7681864235055724,1.4408969973394146,5.0866346,-17.468490447760686,-9.548242524395617,7.920247923365071,0,22.374114202743893,79.96591555140213,"{""type"":""MultiPoint"",""coordinates"":[]}",LATE CRETACEOUS - PALAEOCENE,DECCAN TRAP,AMARKANTAK,MANDLA,BASALT,,LATE-CRETACEOUS-PALAEOCENE-BASALT
2_623_0,90.0,2762.0,2095.0,678.0,938.0,1026.0,1520.0,2337.0,2689.0,2720.0,2843.0,463409.5000105199,302,0.4522157,2.651072124756335,1.093816631130064,1.0154411764705882,1.3183770883054893,1.9903406,-16.33999032578976,-8.178492665097124,8.161497660692635,0,21.31176654774415,79.95136284379939,"{""type"":""MultiPoint"",""coordinates"":[]}",ARCHAEAN,,AMGAON GNEISSIC COMPLEX,,GRANITE GNEISS/MIGMATITE,,ARCHAEAN-GRANITE-GNEISS-MIGMATITE
2_624_0,328.3373,2143.5,1042.5,600.0,840.5,665.0,1248.0,2558.0,3142.0,3150.0,3392.0,463409.5000105199,401,0.6513761,4.7368421052631575,0.7911957168352172,0.6804761904761905,2.056115107913669,21.771341,-17.776117310214975,-11.312179420459284,6.463937889755691,0,22.093570339513366,80.1866316167103,"{""type"":""MultiPoint"",""coordinates"":[]}",ARCHAEAN,,TIRODI GNEISSIC COMPLEX,,GNEISS/MIGMATITE,,ARCHAEAN-GNEISS-MIGMATITE
2_625_0,-0.0,2045.0,1249.0,645.0,925.0,864.0,1350.0,2525.0,2939.0,3039.0,3100.0,463409.5000105199,302,0.5572637,3.517361111111111,0.934054054054054,0.6729187232642316,1.6373098478783026,0.0,-16.081078268906328,-9.165038934639083,6.916039334267243,0,21.474541277226606,80.20387927016539,"{""type"":""MultiPoint"",""coordinates"":[]}",ARCHAEAN,,AMGAON GNEISSIC COMPLEX,,GRANITE GNEISS/MIGMATITE,,ARCHAEAN-GRANITE-GNEISS-MIGMATITE
2_626_0,312.77853,3290.5,2727.5,925.6153846153846,1162.375,1519.0,1885.9583333333333,2281.75,2514.833333333333,2659.75,2775.75,463409.5000105199,364,0.27298832,1.7509874917709018,1.3068071835681256,1.2371463483410094,1.206416131989001,2.7291968,-18.308473137497906,-10.028321701384716,8.28015143611319,0,22.28410301127512,80.05161482950713,"{""type"":""MultiPoint"",""coordinates"":[]}",NEOPROTEROZOIC,,,,GRANITE,ACID  INTRUSIVE,NEOPROTEROZOIC-GRANITE
2_627_0,312.94125,3756.0,2845.0,859.0,1182.0,1489.0,1885.0,2242.0,2474.0,2534.0,2666.0,463409.5000105199,306,0.2597564,1.7018132975151108,1.2597292724196278,1.4822415153906867,1.3202108963093149,1.3612018,-20.821361122696405,-13.764649662013404,7.056711460683001,0,21.471307342203776,80.26882746520724,"{""type"":""MultiPoint"",""coordinates"":[]}",ARCHAEAN,,AMGAON GNEISSIC COMPLEX,,GRANITE GNEISS/MIGMATITE,,ARCHAEAN-GRANITE-GNEISS-MIGMATITE
2_628_0,109.23135,2066.0,1241.0,368.0,569.0,523.0,995.0,2023.0,2318.0,2446.0,2608.0,463409.5000105199,640,0.6476928,4.676864244741874,0.9191564147627416,0.8446443172526574,1.6647864625302176,8.387095,-14.252458903716487,-6.073784424467767,8.17867447924872,0,21.523319797154294,80.79407241183192,"{""type"":""MultiPoint"",""coordinates"":[]}",PALAEOPROTEROZOIC - MESOPROTEROZOIC,,KHAIRAGARH,SITAGOTA,BASALT,,PALAEOPROTEROZOIC-MESOPROTEROZOIC-BASALT
2_629_0,121.69208,2287.5,1495.5,565.0,756.0,845.0,1278.5,2075.5,2399.5,2527.0,2700.5,463409.5000105199,526,0.49881375,2.990532544378698,1.1177248677248677,0.9052235852789868,1.5295887662988967,3.5264585,-15.973471255116396,-8.954581236183362,7.018890018933035,0,22.16040499665186,79.70315833079717,"{""type"":""MultiPoint"",""coordinates"":[]}",ARCHAEAN,,TIRODI GNEISSIC COMPLEX,,GNEISS/MIGMATITE,,ARCHAEAN-GNEISS-MIGMATITE
2_630_0,132.7992,1559.3333333333337,1070.0,616.0,797.0,768.5,1134.0,1797.5,2043.5,2055.0,2146.75,463409.5000105199,332,0.45564017,2.6740403383214053,0.964240903387704,0.7587996755879969,1.4573208722741435,1.3648412,-18.866639522132903,-12.16454701823668,6.702092503896225,0,22.18277304722644,80.03140273561445,"{""type"":""MultiPoint"",""coordinates"":[]}",ARCHAEAN,,TIRODI GNEISSIC COMPLEX,,GNEISS/MIGMATITE,,ARCHAEAN-GNEISS-MIGMATITE
2_631_0,90.0,3134.0,2135.5,809.5,1081.0,1331.0,1704.5,2356.0,2615.5,2819.0,2927.5,2547.8618486880328,287,0.3585542,2.117956423741548,1.2312673450508789,1.1117417523944662,1.4675719971903536,0.9965125,-17.23266890383265,-10.673536530302403,6.559132373530247,0,21.464839472158115,79.98882259114718,"{""type"":""MultiPoint"",""coordinates"":[]}",ARCHAEAN,,AMGAON GNEISSIC COMPLEX,,GRANITE GNEISS/MIGMATITE,,ARCHAEAN-GRANITE-GNEISS-MIGMATITE
2_632_0,301.77026,2507.5,1726.5,643.0,934.0,935.0,1439.0,2163.5,2404.5,2500.0,2653.5,463409.5000105199,309,0.45560408,2.6737967914438503,1.0010706638115632,1.003,1.4523602664349842,3.5187037,-17.273271039359017,-11.54760706820378,5.725663971155235,0,21.72651871442213,80.39980183363186,"{""type"":""MultiPoint"",""coordinates"":[]}",PALAEOPROTEROZOIC,,SAUSAR,MANSAR,PHYLLITE,,PALAEOPROTEROZOIC-PHYLLITE
2_633_0,180.0,2433.0,1563.5,441.5,664.0,717.0,1137.0,1912.0,2152.0,2239.0,2394.5,463409.5000105199,438,0.514885,3.122733612273361,1.0798192771084338,1.086645824028584,1.556124080588423,3.7047918,-13.158688299660117,-5.606847583695811,7.551840715964306,0,22.127526657253085,79.89261302421798,"{""type"":""MultiPoint"",""coordinates"":[]}",ARCHAEAN,,TIRODI GNEISSIC COMPLEX,,GNEISS/MIGMATITE,,ARCHAEAN-GNEISS-MIGMATITE
2_634_0,342.02744,1595.0,809.0,450.0,627.0,486.0,957.0,1996.0,2388.0,2640.0,2653.0,463409.5000105199,647,0.6890595,5.432098765432099,0.7751196172248804,0.6041666666666666,1.9715698393077876,9.658171,-15.671799819305797,-9.828150748075332,5.843649071230464,0,22.36010048431163,80.51514551611281,"{""type"":""MultiPoint"",""coordinates"":[]}",LATE CRETACEOUS - PALAEOCENE,DECCAN TRAP,AMARKANTAK,MANDLA,BASALT,,LATE-CRETACEOUS-PALAEOCENE-BASALT
2_635_0,40.72932,1748.0,986.0,415.1,610.0,549.4,1031.6666666666667,1985.0,2324.0,2502.0,2593.0,463409.5000105199,336,0.639903,4.554058973425556,0.900655737704918,0.6986410871302957,1.7728194726166329,6.096512,-13.9274124328985,-7.010007432931168,6.917404999967332,0,21.701455717995195,80.4294462380078,"{""type"":""MultiPoint"",""coordinates"":[]}",NEOPROTEROZOIC,,,,GRANITE,ACID  INTRUSIVE,NEOPROTEROZOIC-GRANITE
2_636_0,132.76108,1950.0,1660.5,683.0,884.0,1131.5,1367.0,1925.0,2091.0,2120.5,2305.5,463409.5000105199,445,0.30412054,1.8740609809986744,1.2799773755656108,0.9195944352746994,1.1743450767841013,2.7300944,-17.887024356932923,-9.503998229381846,8.383026127551076,0,22.369532794794885,79.85380580394401,"{""type"":""MultiPoint"",""coordinates"":[]}",LATE CRETACEOUS - PALAEOCENE,DECCAN TRAP,AMARKANTAK,DHUMA,BASALT,,LATE-CRETACEOUS-PALAEOCENE-BASALT
2_637_0,252.84488,1537.5,816.5,361.5,547.5,462.0,872.0,1710.0,1957.5,2169.0,2277.0,463409.5000105199,556,0.64880276,4.694805194805195,0.8438356164383561,0.7088520055325035,1.8830373545621557,3.141314,-16.203756814341894,-8.83745956317956,7.366297251162333,0,22.167950845038465,80.39683739319426,"{""type"":""MultiPoint"",""coordinates"":[]}",PALAEOPROTEROZOIC,,SAUSAR,JUNEWANI,GREY & PINK GNEISS/QTZ-BIOTITE-SILLIMANITE GNEISS,,PALAEOPROTEROZOIC-GREY-PINK-GNEISS-QTZ-BIOTITE-SILLIMANITE-GNEISS
2_638_0,294.91678,2622.5,1796.5,739.6666666666666,1012.1666666666666,1081.6666666666667,1580.0833333333337,2261.5,2524.666666666667,2655.0,2824.5,463409.5000105199,307,0.42105263,2.4545454545454546,1.068664580931994,0.987758945386064,1.459782911216254,2.2004087,-17.988551189570252,-10.6630609421485,7.325490247421751,0,21.707923588040856,80.12545634586175,"{""type"":""MultiPoint"",""coordinates"":[]}",ARCHAEAN,,TIRODI GNEISSIC COMPLEX,,GNEISS/MIGMATITE,,ARCHAEAN-GNEISS-MIGMATITE
2_639_0,215.64873,1909.0,1069.0,480.07142857142856,606.0714285714286,602.3333333333334,986.2857142857144,1783.0,2047.0,2187.0,2333.1666666666665,463409.5000105199,366,0.5681166,3.630879911455451,0.9938322529954824,0.8728852309099223,1.7857811038353602,10.164422,-15.194041259968278,-8.976885431023444,6.2171558289448345,0,21.640010952561425,80.66902692428248,"{""type"":""MultiPoint"",""coordinates"":[]}",PALAEOPROTEROZOIC - MESOPROTEROZOIC,,KHAIRAGARH,SITAGOTA,BASALT,,PALAEOPROTEROZOIC-MESOPROTEROZOIC-BASALT
2_642_0,312.90036,3408.75,2375.6666666666665,872.6666666666666,1136.909090909091,1388.0,1773.111111111111,2131.0,2349.0,2479.75,2641.4,463409.5000105199,373,0.28227004,1.7865634005763689,1.2208539900847593,1.3746345397721544,1.4348603900659465,1.3622471,-18.84261032189668,-10.710301187949312,8.132309133947366,0,21.678818172835385,79.50966121859783,"{""type"":""MultiPoint"",""coordinates"":[]}",ARCHAEAN,,TIRODI GNEISSIC COMPLEX,,GNEISS/MIGMATITE,,ARCHAEAN-GNEISS-MIGMATITE
2_643_0,270.0,3209.0,2329.0,768.0,1040.0,1285.0,1652.0,2217.0,2501.0,2639.0,2766.0,463409.5000105199,521,0.34505606,2.0536964980544745,1.2355769230769231,1.215990905646078,1.377844568484328,2.0004103,-17.682350080405133,-11.370806050888158,6.311544029516975,0,22.0396714224662,79.83359371005132,"{""type"":""MultiPoint"",""coordinates"":[]}",ARCHAEAN,,TIRODI GNEISSIC COMPLEX,,GNEISS/MIGMATITE,,ARCHAEAN-GNEISS-MIGMATITE
2_644_0,324.37018,1836.5,1087.5,481.0,627.0,576.0,1030.5,1793.5,2062.0,2062.5,2298.5,463409.5000105199,334,0.5633883,3.5807291666666665,0.9186602870813396,0.8904242424242425,1.688735632183908,3.419263,-14.98635794408431,-8.093974153522614,6.892383790561695,0,21.53921997768321,79.55655327642886,"{""type"":""MultiPoint"",""coordinates"":[]}",NEOPROTEROZOIC,,,,GRANITE,ACID  INTRUSIVE,NEOPROTEROZOIC-GRANITE
2_645_0,270.0,2536.0,1711.0,693.75,915.1428571428572,1050.5,1519.0,2196.7,2560.0,2662.0,2842.8,463409.5000105199,283,0.43407407,2.534031413612565,1.1479082110521386,0.9526671675432006,1.4821741671537112,0.99706453,-16.568377339498454,-9.792078150576248,6.776299188922206,0,21.5451488585584,80.06158612916086,"{""type"":""MultiPoint"",""coordinates"":[]}",ARCHAEAN,,AMGAON GNEISSIC COMPLEX,,GRANITE GNEISS/MIGMATITE,,ARCHAEAN-GRANITE-GNEISS-MIGMATITE
2_646_0,47.102623,2284.75,1581.75,699.5,941.0,1033.0,1415.3333333333333,2034.0,2294.958333333333,2433.75,2481.0,463409.5000105199,294,0.4040528,2.356001936108422,1.0977683315621678,0.9387776065742168,1.4444444444444444,1.3623233,-17.071298137785536,-10.394695288755338,6.676602849030198,0,21.693909869608596,79.982893710272,"{""type"":""MultiPoint"",""coordinates"":[]}",PALAEOPROTEROZOIC,,SAUSAR,MANSAR,MUSCOVITE SCHIST,,PALAEOPROTEROZOIC-MUSCOVITE-SCHIST
2_647_0,58.282417,4031.0,2862.0,980.0,1298.0,1696.0,2040.0,2344.0,2652.0,2886.0,2988.0,463409.5000105199,513,0.25971192,1.7016509433962264,1.3066255778120184,1.3967428967428968,1.4084556254367575,3.5239244,-20.03996326031656,-13.14834259601321,6.891620664303348,0,22.019728823158744,79.7769998471518,"{""type"":""MultiPoint"",""coordinates"":[]}",ARCHAEAN,,TIRODI GNEISSIC COMPLEX,,GNEISS/MIGMATITE,,ARCHAEAN-GNEISS-MIGMATITE
2_648_0,193.44287,1827.0,938.0,409.0,572.0,531.0,1018.0,1932.0,2287.0,2360.0,2567.0,463409.5000105199,324,0.63265306,4.444444444444445,0.9283216783216784,0.7741525423728813,1.9477611940298507,8.519219,-13.755450663971146,-7.58131346088653,6.174137203084616,0,21.611175031941183,80.40034082280233,"{""type"":""MultiPoint"",""coordinates"":[]}",NEOPROTEROZOIC,,,,GRANITE,ACID  INTRUSIVE,NEOPROTEROZOIC-GRANITE
2_649_0,270.0,2299.5,1555.0,700.0,915.0,1103.5,1385.0,2085.5,2351.0,2475.5,2657.0,463409.5000105199,447,0.3833473,2.243316719528772,1.2060109289617489,0.9289032518683096,1.4787781350482314,3.0066726,-17.342113424400534,-9.855033098834353,7.487080325566183,0,22.39432629663658,80.13354118341883,"{""type"":""MultiPoint"",""coordinates"":[]}",LATE CRETACEOUS - PALAEOCENE,DECCAN TRAP,AMARKANTAK,MANDLA,BASALT,,LATE-CRETACEOUS-PALAEOCENE-BASALT
2_650_0,270.0,2349.0,1622.0,436.0,630.0,682.0,1115.0,1743.0,1953.0,2135.0,2227.0,463409.5000105199,542,0.51579696,3.13049853372434,1.0825396825396825,1.1002341920374707,1.4482120838471024,2.9975452,-15.10282623886528,-8.327005396166323,6.775820842698957,0,21.96636889528204,79.86781952237628,"{""type"":""MultiPoint"",""coordinates"":[]}",ARCHAEAN,,TIRODI GNEISSIC COMPLEX,,GNEISS/MIGMATITE,,ARCHAEAN-GNEISS-MIGMATITE
2_651_0,208.31119,3231.5,2262.5,641.5,917.0,1070.5,1458.0,2199.0,2433.5,2630.0,2727.5,463409.5000105199,660,0.42142954,2.456795889771135,1.1673936750272629,1.228707224334601,1.4282872928176795,2.1060636,-16.316072143240635,-9.94561889607,6.370453247170635,0,21.849138750704444,80.76577548038215,"{""type"":""MultiPoint"",""coordinates"":[]}",PALAEOPROTEROZOIC,,,,GRANITE,MALANJKHAND GRANITE,PALAEOPROTEROZOIC-GRANITE
2_652_0,114.819496,1881.0,1066.0,552.0,708.0,628.0,1082.0,1875.5,2169.5,2317.5,2359.0,463409.5000105199,388,0.5735868,3.6902866242038215,0.8870056497175142,0.8116504854368932,1.764540337711069,2.208475,-15.11735423196927,-7.915293074845859,7.20206115712341,0,22.338271422907525,80.12895977546982,"{""type"":""MultiPoint"",""coordinates"":[]}",ARCHAEAN,,TIRODI GNEISSIC COMPLEX,,GNEISS/MIGMATITE,,ARCHAEAN-GNEISS-MIGMATITE
2_653_0,144.2959,1906.0,1008.0,348.0,567.0,437.0,1013.0,2100.0,2550.0,2703.0,2810.0,3730.0,518,0.721656,6.185354691075515,0.7707231040564374,0.7051424343322235,1.890873015873016,6.820627,-12.361543065301476,-5.434503850999793,6.927039214301685,0,21.93241257754233,79.90662674265025,"{""type"":""MultiPoint"",""coordinates"":[]}",ARCHAEAN,,TIRODI GNEISSIC COMPLEX,,GNEISS/MIGMATITE,,ARCHAEAN-GNEISS-MIGMATITE
2_654_0,270.0,2326.0,1526.0,492.0,673.0,763.5,1142.0,1697.0,1950.5,2086.0,2252.5,463409.5000105199,585,0.4641165,2.732154551407989,1.1344725111441307,1.115052732502397,1.5242463958060288,0.9999146,-15.798016686344493,-9.304408480376647,6.493608205967844,0,21.955319617287373,80.76254154535933,"{""type"":""MultiPoint"",""coordinates"":[]}",PALAEOPROTEROZOIC,,,,GRANITE,MALANJKHAND GRANITE,PALAEOPROTEROZOIC-GRANITE
2_655_0,270.0,1896.5,1418.5,659.5,838.0,997.0,1269.5,1973.0,2208.0,2279.0,2420.5,463409.5000105199,461,0.3913309,2.2858575727181543,1.1897374701670644,0.8321632294866169,1.3369756785336624,2.004209,-18.10000726362384,-9.581663324769403,8.518343938854434,0,22.30674055643493,79.8341326992218,"{""type"":""MultiPoint"",""coordinates"":[]}",LATE CRETACEOUS - PALAEOCENE,DECCAN TRAP,AMARKANTAK,DHUMA,BASALT,,LATE-CRETACEOUS-PALAEOCENE-BASALT
2_656_0,90.0,2315.0,1780.0,651.0,892.0,1011.0,1403.0,2282.0,2396.0,2608.0,2741.0,463409.5000105199,636,0.44128212,2.579624134520277,1.133408071748879,0.8876533742331288,1.300561797752809,1.999799,-17.83753236297031,-10.46878126484981,7.368751098120501,0,21.996282794243225,79.57649587573631,"{""type"":""MultiPoint"",""coordinates"":[]}",CENOZOIC,,,,LATERITE,,CENOZOIC-LATERITE
2_657_0,144.27788,2342.0,1408.0,472.0,651.0,620.0,1081.0,2099.0,2414.0,2554.0,2760.0,463409.5000105199,527,0.60932577,4.119354838709677,0.9523809523809524,0.9169929522317932,1.6633522727272727,3.4232101,-13.765944647369253,-7.40985363155038,6.356091015818873,0,22.026735682374877,79.89692493758174,"{""type"":""MultiPoint"",""coordinates"":[]}",ARCHAEAN,,TIRODI GNEISSIC COMPLEX,,GRANITE GNEISS,,ARCHAEAN-GRANITE-GNEISS
2_658_0,79.5197,1859.5,1101.0,463.5,576.5,590.5,955.0,1638.5,1925.0,2033.0,2162.0,463409.5000105199,518,0.549838,3.442845046570703,1.0242844752818734,0.9146581406787998,1.6889191643960035,10.092269,-14.1409865444782,-7.020899057649992,7.120087486828207,0,22.344200303782717,80.37851176139823,"{""type"":""MultiPoint"",""coordinates"":[]}",ARCHAEAN,,TIRODI GNEISSIC COMPLEX,,GNEISS/MIGMATITE,,ARCHAEAN-GNEISS-MIGMATITE
2_659_0,312.9207,3529.0,2771.0,880.0,1211.0,1527.0,1911.0,2273.0,2471.0,2559.0,2763.0,463409.5000105199,652,0.25256976,1.6758349705304518,1.2609413707679604,1.379054318093005,1.273547455792133,5.431607,-18.823540657610103,-11.558135455639189,7.265405201970914,0,21.576140735860523,80.79757584143998,"{""type"":""MultiPoint"",""coordinates"":[]}",CENOZOIC,,,,LATERITE,,CENOZOIC-LATERITE
2_660_0,252.84976,2449.5,1772.0,688.0,951.0,1006.0,1431.0,2398.5,2685.5,2790.0,2895.0,463409.5000105199,369,0.46996838,2.7733598409542743,1.0578338590956888,0.8779569892473118,1.382336343115124,3.1421802,-15.77937246471657,-9.464176814421062,6.315195650295507,0,22.210530989505727,80.13866158053831,"{""type"":""MultiPoint"",""coordinates"":[]}",ARCHAEAN,,TIRODI GNEISSIC COMPLEX,,GNEISS/MIGMATITE,,ARCHAEAN-GNEISS-MIGMATITE
2_661_0,47.0285,1576.0,776.0,426.0,577.0,490.0,900.0,1720.0,2044.0,2125.0,2263.0,463409.5000105199,333,0.625239,4.336734693877551,0.8492201039861352,0.7416470588235294,2.0309278350515463,1.360431,-14.307502412763997,-8.069165769181701,6.238336643582294,0,21.316617450278397,80.01577204967076,"{""type"":""MultiPoint"",""coordinates"":[]}",PALAEOPROTEROZOIC,,SAKOLI,DHABETEKRI,PHYLLITE,,PALAEOPROTEROZOIC-PHYLLITE
2_662_0,349.85718,1963.0,1183.5,439.5,621.0,568.5,994.5,1711.5,1909.0,1959.5,2151.5,463409.5000105199,424,0.55023736,3.4467897977132806,0.9154589371980676,1.0017861699413115,1.6586396282213771,5.635057,-14.786934435648778,-8.155775024076378,6.6311594115724,0,21.309880085647496,80.61943992059908,"{""type"":""MultiPoint"",""coordinates"":[]}",PALAEOPROTEROZOIC - MESOPROTEROZOIC,,KHAIRAGARH,MANGIKHUTA,BASALT,,PALAEOPROTEROZOIC-MESOPROTEROZOIC-BASALT
2_663_0,312.94623,2728.0,2173.0,940.0,1174.0,1340.0,1587.0,2043.0,2248.0,2221.0,2406.0,463409.5000105199,309,0.24740241,1.6574626865671642,1.141396933560477,1.2282755515533543,1.2554072710538426,2.7206163,-15.163597413449168,-1.898372994650349,13.26522441879882,0,21.44624434577684,80.19471645426736,"{""type"":""MultiPoint"",""coordinates"":[]}",ARCHAEAN,,AMGAON GNEISSIC COMPLEX,,GRANITE GNEISS/MIGMATITE,,ARCHAEAN-GRANITE-GNEISS-MIGMATITE
2_664_0,294.91782,2491.0,1888.0,708.0,972.0,1117.0,1538.0,2099.0,2355.6666666666665,2395.0,2566.0,463409.5000105199,306,0.3638952,2.144136078782453,1.1491769547325104,1.0400835073068893,1.3193855932203389,2.2003214,-17.31095353947859,-10.293813483351077,7.017140056127513,0,21.70118622340996,80.15267529897058,"{""type"":""MultiPoint"",""coordinates"":[]}",ARCHAEAN,,TIRODI GNEISSIC COMPLEX,,GNEISS/MIGMATITE,,ARCHAEAN-GNEISS-MIGMATITE
2_665_0,294.93365,2964.0,2069.0,705.0,960.0,1112.0,1501.0,2198.0,2517.0,2589.0,2820.0,463409.5000105199,291,0.39908132,2.3282374100719423,1.1583333333333334,1.1448435689455387,1.432576123731271,2.199014,-16.761353323894603,-10.184176192293751,6.577177131600852,0,21.596622324338448,80.26262908974681,"{""type"":""MultiPoint"",""coordinates"":[]}",ARCHAEAN,,AMGAON GNEISSIC COMPLEX,,GRANITE GNEISS/MIGMATITE,,ARCHAEAN-GRANITE-GNEISS-MIGMATITE
2_666_0,85.913994,2190.0,1412.0,543.0,777.0,609.0,1127.0,1984.0,2252.0,2370.0,2503.0,463409.5000105199,477,0.59113795,3.8916256157635463,0.7837837837837838,0.9240506329113924,1.5509915014164306,12.799461,-12.635277567603536,-6.294929595322008,6.340347972281528,0,21.773141277667936,80.65689966794686,"{""type"":""MultiPoint"",""coordinates"":[]}",PALAEOPROTEROZOIC - MESOPROTEROZOIC,,KHAIRAGARH,SITAGOTA,BASALT,,PALAEOPROTEROZOIC-MESOPROTEROZOIC-BASALT
2_667_0,180.0,1832.4,1173.5,629.5,837.5,755.5,1239.5,1879.8333333333333,2057.0,2091.8,2191.0,463409.5000105199,322,0.46932182,2.768762409000662,0.902089552238806,0.8759919686394493,1.5614827439284191,0.92740995,-17.887954404114073,-10.625783407934048,7.262170996180025,0,21.99951672926605,80.09096103895156,"{""type"":""MultiPoint"",""coordinates"":[]}",ARCHAEAN,,TIRODI GNEISSIC COMPLEX,,GNEISS/MIGMATITE,,ARCHAEAN-GNEISS-MIGMATITE
2_668_0,28.296104,3826.5,2665.5,739.0,979.0,1198.5,1675.0,2301.5,2537.5,2739.0,2930.0,463409.5000105199,421,0.3912381,2.285356695869837,1.2242083758937692,1.397042716319825,1.4355655599324704,2.1057653,-19.68015639207468,-12.36817893649957,7.311977455575109,0,21.758858064650436,79.56436861940071,"{""type"":""MultiPoint"",""coordinates"":[]}",ARCHAEAN,,TIRODI GNEISSIC COMPLEX,,GNEISS/MIGMATITE,,ARCHAEAN-GNEISS-MIGMATITE
2_669_0,151.68658,1965.0,1072.0,393.0,553.0,513.0,927.0,1988.0,2284.0,2591.0,2590.0,463409.5000105199,526,0.66945875,5.050682261208577,0.9276672694394212,0.7583944423002702,1.8330223880597012,2.1061077,-13.385899400926512,-6.907523346896591,6.478376054029921,0,21.86261347996624,79.84679894472788,"{""type"":""MultiPoint"",""coordinates"":[]}",ARCHAEAN,,TIRODI GNEISSIC COMPLEX,,GNEISS/MIGMATITE,,ARCHAEAN-GNEISS-MIGMATITE
2_670_0,208.35266,2240.0,1501.0,539.0,732.5,775.5,1189.0,1784.0,2031.0,2121.5,2249.5,463409.5000105199,630,0.46461856,2.73565441650548,1.058703071672355,1.0558567051614425,1.492338441039307,16.399647,-16.495493133806832,-9.506878240814007,6.988614892992825,0,22.095187307024784,80.22813378283662,"{""type"":""MultiPoint"",""coordinates"":[]}",ARCHAEAN,,TIRODI GNEISSIC COMPLEX,,GNEISS/MIGMATITE,,ARCHAEAN-GNEISS-MIGMATITE
2_671_0,180.0,2272.5,1442.0,582.0,743.6666666666666,772.5,1176.5,1818.6,2014.9166666666667,2189.0,2296.5,463409.5000105199,342,0.47830492,2.8336569579288025,1.038771851187808,1.0381452718136135,1.5759361997226076,1.8543341,-14.69156682149366,-6.9784409231678834,7.713125898325777,0,22.247182253097805,80.09473396314488,"{""type"":""MultiPoint"",""coordinates"":[]}",NEOPROTEROZOIC,,,,GRANITE,ACID  INTRUSIVE,NEOPROTEROZOIC-GRANITE
2_672_0,320.9806,1902.5,1053.5,557.5,685.5,664.5,1197.0,2071.5,2337.5,2402.5,2653.5,463409.5000105199,642,0.5666775,3.615500376222724,0.9693654266958424,0.7918834547346514,1.8058851447555768,4.764132,-15.46780489188322,-8.807921354312745,6.659883537570474,0,22.25149416646158,80.41489353040507,"{""type"":""MultiPoint"",""coordinates"":[]}",ARCHAEAN,,TIRODI GNEISSIC COMPLEX,,GNEISS/MIGMATITE,,ARCHAEAN-GNEISS-MIGMATITE
2_673_0,270.0,3107.0,2507.0,732.5,974.5,1152.0,1563.0,2149.5,2370.5,2492.0,2547.5,463409.5000105199,397,0.3677278,2.1631944444444446,1.1821446895844023,1.2467897271268058,1.2393298763462306,0.9983789,-16.287012368004994,-7.41326933953276,8.873743028472234,0,21.73568153032015,79.53337674209858,"{""type"":""MultiPoint"",""coordinates"":[]}",ARCHAEAN,,TIRODI GNEISSIC COMPLEX,,GNEISS/MIGMATITE,,ARCHAEAN-GNEISS-MIGMATITE
2_674_0,90.0,2543.0,1785.111111111111,693.1818181818181,905.875,1018.0,1459.0,2116.0,2394.3,2437.0,2621.25,463409.5000105199,301,0.4107091,2.393909626719057,1.1237753553194425,1.0434961017644646,1.4245611851114155,2.9912114,-16.81498392340245,-10.31918482998529,6.495799093417162,0,21.66291799230647,80.11198161659996,"{""type"":""MultiPoint"",""coordinates"":[]}",ARCHAEAN,,TIRODI GNEISSIC COMPLEX,,GNEISS/MIGMATITE,,ARCHAEAN-GNEISS-MIGMATITE
2_675_0,28.276915,1819.0,970.0,351.2631578947368,541.5,480.6363636363636,981.6,1948.0,2284.714285714286,2444.0,2613.0,463409.5000105199,581,0.6713189,5.084925288443352,0.8876017795685386,0.7442716857610474,1.8752577319587629,8.365384,-13.62422108726863,-6.841039376178248,6.783181711090382,0,21.64324488758425,80.74125147312569,"{""type"":""MultiPoint"",""coordinates"":[]}",PALAEOPROTEROZOIC - MESOPROTEROZOIC,,KHAIRAGARH,BORTALAO,SANDSTONE,,PALAEOPROTEROZOIC-MESOPROTEROZOIC-SANDSTONE
2_676_0,72.86389,1578.5,800.0,438.5,650.5,512.5,1063.0,2267.5,2605.5,2985.5,2952.5,463409.5000105199,380,0.7069754,5.825365853658536,0.7878554957724827,0.5287221570926143,1.973125,3.1446886,-12.385668001227128,-5.746810480854739,6.6388575203723885,0,22.333151025788045,80.1265343242027,"{""type"":""MultiPoint"",""coordinates"":[]}",ARCHAEAN,,TIRODI GNEISSIC COMPLEX,,GNEISS/MIGMATITE,,ARCHAEAN-GNEISS-MIGMATITE
2_677_0,304.94397,1701.0,1132.5,620.5,851.5,755.0,1249.0,2065.5,2406.0,2431.0,2518.0,463409.5000105199,323,0.52605146,3.2198675496688742,0.8866705813270699,0.6997120526532291,1.5019867549668875,4.846289,-17.468476447875446,-10.266965026685394,7.201511421190052,0,21.30368171018707,80.48523161715163,"{""type"":""MultiPoint"",""coordinates"":[]}",PALAEOPROTEROZOIC,,NANDGAON,BIJLI,RHYOLITE,,PALAEOPROTEROZOIC-RHYOLITE
2_678_0,132.97307,2508.5,1593.5,549.5,732.0,711.5,1189.5,2069.0,2428.0,2497.5,2727.0,463409.5000105199,332,0.5565597,3.510189739985945,0.9719945355191256,1.0044044044044045,1.57420771885786,1.360391,-13.948553668661962,-8.217106637705676,5.731447030956286,0,21.30853261272132,80.1453989451692,"{""type"":""MultiPoint"",""coordinates"":[]}",ARCHAEAN,,AMGAON GNEISSIC COMPLEX,,GRANITE GNEISS/MIGMATITE,,ARCHAEAN-GRANITE-GNEISS-MIGMATITE
2_679_0,-0.0,1329.0,655.0,387.0,509.0,427.0,742.0,1660.0,1946.0,2153.0,2176.0,2091.530540059121,646,0.6689922,5.04215456674473,0.8388998035363457,0.6172782164421737,2.0290076335877862,13.648223,-15.747544792722884,-9.369557916978025,6.37798687574486,0,21.910314021552985,80.46879244745224,"{""type"":""MultiPoint"",""coordinates"":[]}",ARCHAEAN,,TIRODI GNEISSIC COMPLEX,,GNEISS/MIGMATITE,,ARCHAEAN-GNEISS-MIGMATITE
2_680_0,90.0,3403.0,2516.0,847.0,1106.0,1401.0,1830.0,2385.0,2639.0,2793.0,2949.0,463409.5000105199,297,0.3319027,1.993576017130621,1.2667269439421338,1.218403150733978,1.352543720190779,0.9965942,-16.82639992589116,-10.017830899809638,6.808569026081521,0,21.47669723390849,80.33054172522624,"{""type"":""MultiPoint"",""coordinates"":[]}",ARCHAEAN,,AMGAON GNEISSIC COMPLEX,,GRANITE GNEISS/MIGMATITE,,ARCHAEAN-GRANITE-GNEISS-MIGMATITE
2_681_0,90.0,2577.0,1895.5,693.5,931.5,1081.0,1476.5,2028.0,2217.5,2254.0,2454.5,463409.5000105199,298,0.35172415,2.0851063829787235,1.160493827160494,1.1433007985803016,1.3595357425481402,0.9982015,-16.721905363546448,-9.95155280323138,6.770352560315068,0,21.710079544722745,79.98963107490289,"{""type"":""MultiPoint"",""coordinates"":[]}",PALAEOPROTEROZOIC,,SAUSAR,MANSAR,MUSCOVITE SCHIST,,PALAEOPROTEROZOIC-MUSCOVITE-SCHIST
2_682_0,28.268602,1871.0,1021.0,343.0,480.0,489.0,970.0,2024.0,2369.0,2500.0,2745.0,463409.5000105199,691,0.67280024,5.112474437627812,1.01875,0.7484,1.8325171400587656,2.105222,-15.84962150728544,-8.973278031540428,6.8763434757450135,0,21.59311889473038,80.70190526368125,"{""type"":""MultiPoint"",""coordinates"":[]}",PALAEOPROTEROZOIC - MESOPROTEROZOIC,,KHAIRAGARH,SITAGOTA,BASALT,,PALAEOPROTEROZOIC-MESOPROTEROZOIC-BASALT
2_683_0,72.81566,1454.0,676.0,368.0,503.0,354.0,743.0,1735.0,2127.0,2343.0,2307.0,1814.63494951464,543,0.7374861,6.61864406779661,0.7037773359840954,0.6205719163465643,2.1508875739644973,3.136145,-14.221992123332356,-7.016748151540084,7.205243971792272,0,21.912200483649634,79.96995797018067,"{""type"":""MultiPoint"",""coordinates"":[]}",ARCHAEAN,,TIRODI GNEISSIC COMPLEX,,GNEISS/MIGMATITE,,ARCHAEAN-GNEISS-MIGMATITE
2_684_0,160.29408,2331.0,1572.5,592.0,819.25,785.8333333333334,1300.5,1894.0,2071.6,2162.0,2386.5,3811.836827567518,303,0.46684006,2.7512195121951217,0.9592106601566474,1.078168362627197,1.4823529411764709,2.952946,-14.955596711631689,-8.44210603440489,6.513490677226798,0,21.46187503172052,80.05727421579708,"{""type"":""MultiPoint"",""coordinates"":[]}",ARCHAEAN,,AMGAON GNEISSIC COMPLEX,,GRANITE GNEISS/MIGMATITE,,ARCHAEAN-GRANITE-GNEISS-MIGMATITE
2_685_0,156.64166,2892.5,2009.0,686.0,923.0,1080.0,1584.0,2138.5,2390.5,2485.5,2669.0,463409.5000105199,487,0.39419436,2.301388888888889,1.170097508125677,1.163749748541541,1.4397710303633648,5.0384283,-17.20747585753481,-9.5697334267992,7.63774243073561,0,22.150972686168604,79.80071537065255,"{""type"":""MultiPoint"",""coordinates"":[]}",ARCHAEAN,,TIRODI GNEISSIC COMPLEX,,GNEISS/MIGMATITE,,ARCHAEAN-GNEISS-MIGMATITE
2_686_0,-0.0,2618.0,1933.0,771.0,983.0,1046.0,1432.0,2124.0,2395.0,2477.0,2676.0,1786.3930138690084,313,0.40618792,2.3680688336520075,1.064089521871821,1.0569236980218006,1.3543714433523022,0.92740995,-17.500839803663233,-10.685265323583756,6.815574480079478,0,21.86153550162529,80.14890237477728,"{""type"":""MultiPoint"",""coordinates"":[]}",PALAEOPROTEROZOIC,,SAUSAR,MANSAR,MUSCOVITE SCHIST,,PALAEOPROTEROZOIC-MUSCOVITE-SCHIST
2_687_0,252.86797,2788.5,1899.0,657.0,867.0,972.5,1337.5,2005.5,2336.0,2673.5,2572.0,463409.5000105199,460,0.46653867,2.7491002570694087,1.121683967704729,1.043014774639985,1.4684044233807267,6.2719827,-16.900284537250144,-9.19683346113193,7.703451076118213,0,22.36845481645394,80.22867277200709,"{""type"":""MultiPoint"",""coordinates"":[]}",ARCHAEAN,,TIRODI GNEISSIC COMPLEX,,GNEISS/MIGMATITE,,ARCHAEAN-GNEISS-MIGMATITE
2_688_0,270.0,3554.0,2657.0,879.8571428571429,1135.5,1357.8,1851.0,2253.0,2522.4,2631.6666666666665,2827.25,463409.5000105199,293,0.3193075,1.93818431776894,1.195772787318362,1.3504749841671946,1.337598795634174,0.99677867,-18.035459925130414,-11.10718703248445,6.928272892645968,0,21.50364669243208,80.0799117609569,"{""type"":""MultiPoint"",""coordinates"":[]}",ARCHAEAN,,AMGAON GNEISSIC COMPLEX,,GRANITE GNEISS/MIGMATITE,,ARCHAEAN-GRANITE-GNEISS-MIGMATITE
2_689_0,180.0,3418.0,2508.5,864.0,1112.0,1403.5,1745.5,2220.5,2453.0,2570.5,2783.0,463409.5000105199,305,0.2936588,1.8314926968293552,1.2621402877697845,1.3297023925306362,1.362567271277656,0.92740995,-16.991010006184585,-11.126334837640314,5.86467516854427,0,21.790658425708266,79.98963107490289,"{""type"":""MultiPoint"",""coordinates"":[]}",PALAEOPROTEROZOIC,,SAUSAR,MANSAR,SCHIST,,PALAEOPROTEROZOIC-SCHIST
2_690_0,90.0,3513.5,2649.2,872.5,1194.75,1547.2,1848.3333333333333,2242.4,2484.875,2598.333333333333,2770.5,463409.5000105199,346,0.25355804,1.6793778007583593,1.294998953756016,1.3522129570237331,1.3262494337913333,0.997579,-18.76340029842314,-10.651560862420624,8.111839436002514,0,21.620068353253966,79.83089876419896,"{""type"":""MultiPoint"",""coordinates"":[]}",ARCHAEAN,,TIRODI GNEISSIC COMPLEX,,GNEISS/MIGMATITE,,ARCHAEAN-GNEISS-MIGMATITE
2_691_0,278.81726,2839.0,2143.0,630.0,919.0,1044.0,1503.0,2049.0,2257.0,2331.0,2451.0,463409.5000105199,305,0.38133332,2.2327586206896552,1.1360174102285092,1.2179322179322178,1.324778348110126,6.0284753,-17.03599145113188,-9.88171928363341,7.154272167498471,0,21.45594615084533,80.47094840413412,"{""type"":""MultiPoint"",""coordinates"":[]}",ARCHAEAN,,AMGAON GNEISSIC COMPLEX,,GRANITE GNEISS/MIGMATITE,,ARCHAEAN-GRANITE-GNEISS-MIGMATITE
2_692_0,-0.0,3150.0,2919.5,970.5,1157.5,1428.5,1756.5,1989.0,2247.5,2266.5,2397.5,463409.5000105199,361,0.22679296,1.5866293314665734,1.2341252699784018,1.3898080741230974,1.0789518753211167,0.92740995,-13.846874714765418,-1.488139688426836,12.358735026338582,0,21.80655860623718,79.80206284357872,"{""type"":""MultiPoint"",""coordinates"":[]}",ARCHAEAN,,TIRODI GNEISSIC COMPLEX,,GNEISS/MIGMATITE,,ARCHAEAN-GNEISS-MIGMATITE
2_693_0,132.76694,1927.0,1149.5,476.5,622.5,728.0,1087.5,1660.5,1925.5,2155.5,2190.0,463409.5000105199,522,0.4950581,2.9608516483516483,1.1694779116465863,0.8939921131987938,1.67638103523271,5.4472485,-15.416004959806646,-8.631147092243143,6.784857867563503,0,22.340696874174647,80.25346627384879,"{""type"":""MultiPoint"",""coordinates"":[]}",ARCHAEAN,,TIRODI GNEISSIC COMPLEX,,GNEISS/MIGMATITE,,ARCHAEAN-GNEISS-MIGMATITE
2_694_0,15.029066,1977.0,1158.0,398.0,614.0,508.0,998.0,1923.0,2242.0,2224.0,2518.0,463409.5000105199,450,0.6281113,4.377952755905512,0.8273615635179153,0.8889388489208633,1.7072538860103628,3.8356197,-15.13261085494527,-8.350018993672485,6.782591861272785,0,21.389380988292075,80.65609118419115,"{""type"":""MultiPoint"",""coordinates"":[]}",PALAEOPROTEROZOIC - MESOPROTEROZOIC,,KHAIRAGARH,MANGIKHUTA,BASALT,,PALAEOPROTEROZOIC-MESOPROTEROZOIC-BASALT
2_695_0,-0.0,2345.0,1620.857142857143,689.2307692307693,877.4,999.818181818182,1391.6,2040.571428571429,2287.5714285714284,2394.714285714286,2547.083333333333,463409.5000105199,294,0.41092438,2.395149767490193,1.1395237996560086,0.9792399928413767,1.4467653798695574,0.0,-15.803434980094446,-9.11652903605536,6.686905944039085,0,21.658067089772224,80.1084781869919,"{""type"":""MultiPoint"",""coordinates"":[]}",ARCHAEAN,,TIRODI GNEISSIC COMPLEX,,GNEISS/MIGMATITE,,ARCHAEAN-GNEISS-MIGMATITE
2_696_0,331.7617,470.0,294.0,567.0,785.0,653.0,753.0,598.0,605.0,507.0,522.0,463409.5000105199,303,-0.12586206,0.776416539050536,0.8318471337579618,0.9270216962524654,1.598639455782313,2.1046245,-26.2671945400644,-18.66791864602361,7.599275894040787,0,21.408515103843826,79.52960381790528,"{""type"":""MultiPoint"",""coordinates"":[]}",PALAEOPROTEROZOIC,,SAUSAR,MANSAR,MUSCOVITE SCHIST,,PALAEOPROTEROZOIC-MUSCOVITE-SCHIST
2_697_0,28.304539,1566.0,776.0,392.0,596.0,454.0,913.0,2125.0,2486.0,2606.0,2719.0,2868.327038536575,711,0.703268,5.740088105726873,0.761744966442953,0.6009209516500383,2.018041237113402,8.367525,-14.801968376173452,-7.4898185635942305,7.312149812579221,0,21.809523046674773,80.44022602141723,"{""type"":""MultiPoint"",""coordinates"":[]}",ARCHAEAN,,AMGAON GNEISSIC COMPLEX,,GRANITE GNEISS/MIGMATITE,,ARCHAEAN-GRANITE-GNEISS-MIGMATITE
2_699_0,63.394093,1782.0,944.0,313.0,463.0,359.0,829.0,2018.0,2445.0,2502.0,2601.0,463409.5000105199,544,0.7490388,6.969359331476323,0.775377969762419,0.7122302158273381,1.88771186440678,14.198871,-13.867287148534531,-6.842467960515057,7.024819188019476,0,21.529787667199955,80.6895085127604,"{""type"":""MultiPoint"",""coordinates"":[]}",PALAEOPROTEROZOIC - MESOPROTEROZOIC,,KHAIRAGARH,BORTALAO,SANDSTONE,,PALAEOPROTEROZOIC-MESOPROTEROZOIC-SANDSTONE
2_700_0,-0.0,2463.5,1674.5,601.0,843.5,982.5,1371.0,1953.5,2163.5,2266.0,2418.0,463409.5000105199,579,0.39510542,2.306361323155216,1.164789567279194,1.0871579876434243,1.4711854284861152,0.92740995,-18.07989626376356,-10.786222481482236,7.293673782281322,0,22.166333877527048,80.33404515483431,"{""type"":""MultiPoint"",""coordinates"":[]}",ARCHAEAN,,TIRODI GNEISSIC COMPLEX,,GNEISS/MIGMATITE,,ARCHAEAN-GNEISS-MIGMATITE
2_701_0,187.69395,2108.5,1139.5,458.5,712.0,629.0,1143.0,1914.0,2273.0,2423.0,2490.0,463409.5000105199,711,0.5878113,3.85214626391097,0.8834269662921348,0.8702022286421791,1.850372970601141,7.4451447,-14.815634821487054,-8.276813317676352,6.538821503810702,0,22.2929963325879,80.68357963188521,"{""type"":""MultiPoint"",""coordinates"":[]}",LATE CRETACEOUS - PALAEOCENE,DECCAN TRAP,AMARKANTAK,PIPARDAHI,BASALT,,LATE-CRETACEOUS-PALAEOCENE-BASALT
2_702_0,-0.0,1962.0,1393.0,588.5,786.0,849.0,1155.0,2039.5,2305.0,2392.5,2568.0,463409.5000105199,461,0.47616845,2.818021201413428,1.0801526717557253,0.8200626959247649,1.4084709260588657,0.92740995,-14.281392755601772,-9.561804179150116,4.719588576451656,0,22.27224524952474,79.86701103862057,"{""type"":""MultiPoint"",""coordinates"":[]}",LATE CRETACEOUS - PALAEOCENE,DECCAN TRAP,AMARKANTAK,DHUMA,BASALT,,LATE-CRETACEOUS-PALAEOCENE-BASALT
2_703_0,171.27205,2721.0,1761.0,625.0,842.0,899.0,1503.0,1869.0,2089.0,2119.0,2308.0,463409.5000105199,474,0.40424123,2.35706340378198,1.0676959619952493,1.2840962718263331,1.545144804088586,24.634665,-11.996841659406543,-5.409640137504402,6.587201521902143,0,21.48073965268703,80.63453161737229,"{""type"":""MultiPoint"",""coordinates"":[]}",PALAEOPROTEROZOIC - MESOPROTEROZOIC,,KHAIRAGARH,BORTALAO,SANDSTONE,,PALAEOPROTEROZOIC-MESOPROTEROZOIC-SANDSTONE
2_704_0,160.22815,2969.0,2064.0,664.0,965.0,1195.0,1591.0,2150.0,2458.0,2626.0,2743.0,463409.5000105199,553,0.3745093,2.197489539748954,1.238341968911917,1.1306169078446306,1.438468992248062,2.9541633,-16.87814330131472,-9.994555000883423,6.883588300431295,0,21.982538570396198,79.69669046075151,"{""type"":""MultiPoint"",""coordinates"":[]}",ARCHAEAN,,TIRODI GNEISSIC COMPLEX,,GNEISS/MIGMATITE,,ARCHAEAN-GNEISS-MIGMATITE
2_705_0,90.0,2402.5,1507.5,451.0,581.0,626.5,1065.5,1680.5,1995.0,2171.0,2276.0,463409.5000105199,408,0.55210006,3.4652833200319235,1.0783132530120485,1.1066328880700138,1.593698175787728,2.9935591,-15.915277597315018,-8.794635289746806,7.120642307568213,0,21.77610571810553,79.6064097746975,"{""type"":""MultiPoint"",""coordinates"":[]}",ARCHAEAN,,TIRODI GNEISSIC COMPLEX,,GNEISS/MIGMATITE,,ARCHAEAN-GNEISS-MIGMATITE
2_706_0,299.0275,1695.0,862.0,353.0,499.0,422.0,859.0,1774.0,2086.0,2164.0,2377.0,463409.5000105199,580,0.6736272,5.127962085308057,0.845691382765531,0.783271719038817,1.9663573085846868,5.7153115,-14.384973934831605,-8.223771364578376,6.161202570253227,0,22.347434238805544,80.55071880136394,"{""type"":""MultiPoint"",""coordinates"":[]}",ARCHAEAN,,TIRODI GNEISSIC COMPLEX,,GNEISS/MIGMATITE,,ARCHAEAN-GNEISS-MIGMATITE
2_707_0,312.93512,2167.0,1415.0,610.0,828.0,922.0,1307.0,2075.0,2301.0,2431.0,2485.0,463409.5000105199,308,0.45004472,2.6366594360086766,1.1135265700483092,0.8914027149321267,1.5314487632508833,1.3613591,-17.28121021962463,-11.03238349987866,6.248826719745971,0,21.50283820867637,80.44130399975818,"{""type"":""MultiPoint"",""coordinates"":[]}",ARCHAEAN,,AMGAON GNEISSIC COMPLEX,,GRANITE GNEISS/MIGMATITE,,ARCHAEAN-GRANITE-GNEISS-MIGMATITE
2_708_0,180.0,2062.5,1254.5,466.0,622.0,605.0,1028.0,1987.0,2294.5,2366.5,2525.0,463409.5000105199,343,0.59279823,3.911570247933884,0.9726688102893892,0.871540249313332,1.6440813072937426,1.8543341,-14.61398617144008,-8.631674653351043,5.982311518089038,0,21.564552468695386,79.56652457608259,"{""type"":""MultiPoint"",""coordinates"":[]}",ARCHAEAN,,TIRODI GNEISSIC COMPLEX,,GNEISS/MIGMATITE,,ARCHAEAN-GNEISS-MIGMATITE
2_709_0,199.75446,1465.5,744.5,326.5,474.5,441.5,775.0,1636.0,1936.0,1995.5,2210.0,463409.5000105199,565,0.63766927,4.519818799546999,0.9304531085353004,0.7344024054121774,1.9684351914036269,2.9538417,-13.861058756198137,-8.67792331705071,5.183135439147424,0,21.84671329943732,80.7517617619499,"{""type"":""MultiPoint"",""coordinates"":[]}",PALAEOPROTEROZOIC,,,,GRANITE,MALANJKHAND GRANITE,PALAEOPROTEROZOIC-GRANITE
2_710_0,212.89732,1787.0,856.0,390.0,514.0,380.0,861.0,1745.0,2138.0,2210.0,2397.0,3508.532456740282,395,0.7065637,5.815789473684211,0.7392996108949417,0.8085972850678733,2.0876168224299065,5.506099,-13.81520766059256,-7.609319487725695,6.205888172866864,0,21.943461855536995,79.92872529863958,"{""type"":""MultiPoint"",""coordinates"":[]}",ARCHAEAN,,TIRODI GNEISSIC COMPLEX,,GNEISS/MIGMATITE,,ARCHAEAN-GNEISS-MIGMATITE
2_711_0,347.81168,2020.0,956.0,634.0,823.5,671.0,1176.0,2187.5,2465.5,2543.0,2681.0,463409.5000105199,440,0.58245176,3.789865871833085,0.8148148148148148,0.794337396775462,2.1129707112970717,22.49087,-16.028933089225745,-9.10261088912953,6.926322200096216,0,22.188162938931157,80.1370446130269,"{""type"":""MultiPoint"",""coordinates"":[]}",ARCHAEAN,,TIRODI GNEISSIC COMPLEX,,GNEISS/MIGMATITE,,ARCHAEAN-GNEISS-MIGMATITE
2_712_0,250.34897,1905.0,909.0,436.0,648.0,490.0,1052.0,2331.0,2786.0,2883.0,3065.0,2257.1885167172013,696,0.70945746,5.883673469387755,0.7561728395061729,0.6607700312174818,2.095709570957096,13.532644,-15.59234907980144,-8.755145915036358,6.837203164765082,0,21.808984057504304,80.42243937879167,"{""type"":""MultiPoint"",""coordinates"":[]}",ARCHAEAN,,AMGAON GNEISSIC COMPLEX,,GRANITE GNEISS/MIGMATITE,,ARCHAEAN-GRANITE-GNEISS-MIGMATITE
2_713_0,90.0,3740.0,2746.0,926.0,1215.0,1519.0,1874.0,2451.0,2728.0,2952.0,3128.0,463409.5000105199,373,0.32050994,1.9433838051349568,1.2502057613168724,1.2669376693766938,1.3619810633648943,0.99658847,-17.53457988624453,-10.23305017801054,7.301529708233989,0,21.475888750152784,79.54334804175231,"{""type"":""MultiPoint"",""coordinates"":[]}",ARCHAEAN,,TIRODI GNEISSIC COMPLEX,,GNEISS/MIGMATITE,,ARCHAEAN-GNEISS-MIGMATITE
2_714_0,208.32881,1498.5,991.5,627.5,937.0,892.5,1227.5,1325.0,1437.5,1204.0,1445.0,463409.5000105199,626,0.14858097,1.3490196078431371,0.9525080042689434,1.2446013289036544,1.5113464447806355,2.1064124,-22.385652323323438,-15.055246924702905,7.330405398620531,0,21.954241638946428,80.39495093109761,"{""type"":""MultiPoint"",""coordinates"":[]}",PALAEOPROTEROZOIC,,SAUSAR,MANSAR,PHYLLITE,,PALAEOPROTEROZOIC-PHYLLITE
2_715_0,-0.0,2074.5,1458.0,700.5,952.5,1206.5,1441.0,1996.0,2209.5,2132.0,2288.0,463409.5000105199,561,0.2772203,1.7670949026108578,1.2666666666666666,0.973030018761726,1.4228395061728396,0.92740995,-17.39247976587084,-8.497224517894269,8.89525524797657,0,22.13237755978733,79.64279154370433,"{""type"":""MultiPoint"",""coordinates"":[]}",ARCHAEAN,,TIRODI GNEISSIC COMPLEX,,GNEISS/MIGMATITE,,ARCHAEAN-GNEISS-MIGMATITE
2_716_0,40.68644,2919.0,2080.0,828.0,1085.0,1141.0,1725.0,2460.0,2866.0,2927.0,3049.0,463409.5000105199,301,0.43903637,2.565293602103418,1.0516129032258064,0.9972668261018108,1.4033653846153846,6.092617,-17.03280693865478,-9.93688313222539,7.09592380642939,0,21.48208712561321,80.28877006451468,"{""type"":""MultiPoint"",""coordinates"":[]}",ARCHAEAN,,AMGAON GNEISSIC COMPLEX,,GRANITE GNEISS/MIGMATITE,,ARCHAEAN-GRANITE-GNEISS-MIGMATITE
2_717_0,72.816414,1573.0,777.0,385.0,530.0,445.0,824.0,1725.0,2005.0,2192.0,2206.0,2932.319900692965,575,0.66249526,4.925842696629213,0.839622641509434,0.7176094890510949,2.0244530244530243,3.1362789,-14.246580328433232,-7.455810522225067,6.790769806208165,0,21.91893784828053,80.26532403559916,"{""type"":""MultiPoint"",""coordinates"":[]}",PALAEOPROTEROZOIC,,SAUSAR,MANSAR,PHYLLITE,,PALAEOPROTEROZOIC-PHYLLITE
2_718_0,65.17846,2336.5,1489.5,450.5,638.0,625.0,1073.0,1910.5,2159.5,2298.0,2430.5,463409.5000105199,446,0.5723572,3.6768,0.9796238244514106,1.0167536988685817,1.5686471970459883,4.4100685,-14.657744775246345,-7.826417997829287,6.831326777417056,0,22.325335682816203,79.99448197743713,"{""type"":""MultiPoint"",""coordinates"":[]}",ARCHAEAN,,TIRODI GNEISSIC COMPLEX,,GNEISS/MIGMATITE,,ARCHAEAN-GNEISS-MIGMATITE
2_719_0,90.0,2410.0,1559.5,642.5,853.0,843.5,1290.5,2018.0,2260.0,2373.5,2558.5,463409.5000105199,306,0.4755984,2.8138707765263784,0.988862837045721,1.0153781335580367,1.5453671048412954,0.99713326,-14.703138365372714,-8.06477992644912,6.638358438923595,0,21.555389652797363,79.78185074968604,"{""type"":""MultiPoint"",""coordinates"":[]}",PALAEOPROTEROZOIC,,SAUSAR,MANSAR,MUSCOVITE SCHIST,,PALAEOPROTEROZOIC-MUSCOVITE-SCHIST
2_720_0,28.386015,1296.0,592.5,359.0,489.5,390.0,765.0,1695.5,2058.0,2160.0,2327.0,463409.5000105199,512,0.69411767,5.538461538461538,0.7967313585291114,0.6,2.187341772151899,4.209406,-15.804685255700708,-8.670199879279586,7.134485376421122,0,22.29084037590601,80.51757096737992,"{""type"":""MultiPoint"",""coordinates"":[]}",ARCHAEAN,,TIRODI GNEISSIC COMPLEX,,GNEISS/MIGMATITE,,ARCHAEAN-GNEISS-MIGMATITE
2_721_0,216.61092,2038.5,1108.5,462.0,708.5,689.5,1178.5,1930.5,2183.0,2330.0,2508.0,463409.5000105199,450,0.5433019,3.379260333575054,0.97318278052223,0.8748927038626609,1.8389715832205684,17.883066,-14.750314945003728,-9.364521651613329,5.3857932933904,0,22.2787131195704,80.02843829517685,"{""type"":""MultiPoint"",""coordinates"":[]}",NEOPROTEROZOIC,,,,GRANITE,ACID  INTRUSIVE,NEOPROTEROZOIC-GRANITE
2_722_0,180.0,1467.5,716.5,339.0,482.5,371.0,785.5,1732.5,2105.5,2261.0,2373.5,1836.1372497719228,753,0.7180851,6.09433962264151,0.7689119170984456,0.6490490933215392,2.048150732728541,0.92740995,-15.020707610424612,-8.525974273096743,6.494733337327869,0,22.023501747352043,80.4706789095489,"{""type"":""MultiPoint"",""coordinates"":[]}",LATE CRETACEOUS - PALAEOCENE,DECCAN TRAP,AMARKANTAK,MANDLA,BASALT,,LATE-CRETACEOUS-PALAEOCENE-BASALT
2_723_0,58.31729,2134.5,1468.0,507.5,688.5,722.0,1111.5,1835.0,2171.0,2308.0,2390.0,463409.5000105199,508,0.5234323,3.1966759002770084,1.048656499636892,0.9248266897746968,1.4540190735694822,3.5273902,-14.326917585220304,-7.901360134620903,6.425557450599401,0,22.211608967846672,80.47768576876503,"{""type"":""MultiPoint"",""coordinates"":[]}",PALAEOPROTEROZOIC,,SAUSAR,JUNEWANI,GREY & PINK GNEISS/QTZ-BIOTITE-SILLIMANITE GNEISS,,PALAEOPROTEROZOIC-GREY-PINK-GNEISS-QTZ-BIOTITE-SILLIMANITE-GNEISS
2_724_0,-0.0,3284.5,2446.5,710.5,949.5,1180.5,1566.0,2087.0,2359.5,2503.5,2623.5,463409.5000105199,543,0.35912052,2.1207115628970774,1.2432859399684044,1.3119632514479729,1.3425301451052525,0.0,-16.483311013612315,-11.166830944828178,5.316480068784138,0,22.150972686168604,79.68321573148971,"{""type"":""MultiPoint"",""coordinates"":[]}",ARCHAEAN,,TIRODI GNEISSIC COMPLEX,,GNEISS/MIGMATITE,,ARCHAEAN-GNEISS-MIGMATITE
2_725_0,270.0,2459.0,1739.5,756.0,1009.0,1101.5,1458.5,2170.5,2378.5,2476.0,2525.0,463409.5000105199,570,0.38420686,2.247843849296414,1.0916749256689793,0.9931340872374798,1.413624604771486,2.999387,-16.921765464910425,-8.055232570878173,8.866532894032252,0,22.05368514089846,80.7029832420222,"{""type"":""MultiPoint"",""coordinates"":[]}",PALAEOPROTEROZOIC,,,,GRANITE,MALANJKHAND GRANITE,PALAEOPROTEROZOIC-GRANITE
2_726_0,235.26144,1952.5,1320.5,638.5,828.0,954.5,1156.0,2006.0,2242.0,2364.5,2491.5,463409.5000105199,456,0.42482674,2.477213200628601,1.1527777777777777,0.8257559737788116,1.4786065884134798,4.8711944,-18.23674572744977,-10.132142427038303,8.104603300411469,0,22.396212758733235,79.80799172445391,"{""type"":""MultiPoint"",""coordinates"":[]}",LATE CRETACEOUS - PALAEOCENE,DECCAN TRAP,AMARKANTAK,DHUMA,BASALT,,LATE-CRETACEOUS-PALAEOCENE-BASALT
2_727_0,151.60277,1854.0,925.0,463.0,642.0,544.0,957.0,1737.0,2039.0,2236.0,2238.0,463409.5000105199,663,0.6086331,4.110294117647059,0.8473520249221184,0.8291592128801432,2.0043243243243243,2.1077695,-13.56058231553532,-7.893504409116425,5.667077906418895,0,22.35605806553309,80.64315544409983,"{""type"":""MultiPoint"",""coordinates"":[]}",LATE CRETACEOUS - PALAEOCENE,DECCAN TRAP,AMARKANTAK,PIPARDAHI,BASALT,,LATE-CRETACEOUS-PALAEOCENE-BASALT
2_728_0,270.0,2082.5,1361.5,436.0,568.0,602.0,914.0,1469.0,1598.5,1754.0,1935.0,463409.5000105199,485,0.48896435,2.913621262458472,1.0598591549295775,1.1872862029646525,1.5295629820051413,2.0047913,-14.066542851186073,-7.5173525476041405,6.5491903035819306,0,22.347164744220308,80.40222728489898,"{""type"":""MultiPoint"",""coordinates"":[]}",ARCHAEAN,,TIRODI GNEISSIC COMPLEX,,GNEISS/MIGMATITE,,ARCHAEAN-GNEISS-MIGMATITE
2_729_0,331.74835,2590.0,1489.0,628.0,861.0,828.0,1500.0,2493.0,2846.0,2933.0,3153.0,1549.83870128475,448,0.55969155,3.542270531400966,0.9616724738675958,0.883054892601432,1.7394224311618536,14.427941,-14.541952466938728,-7.704679476730352,6.837272990208376,0,21.48990246858505,79.77915580383367,"{""type"":""MultiPoint"",""coordinates"":[]}",PALAEOPROTEROZOIC,,SAUSAR,CHORBAOLI,QUARTZITE,,PALAEOPROTEROZOIC-QUARTZITE
2_730_0,312.94556,2143.0,1255.0,445.0,619.0,536.0,1084.0,2090.0,2424.0,2394.0,2656.0,463409.5000105199,335,0.6341297,4.4664179104477615,0.8659127625201939,0.8951545530492899,1.7075697211155378,1.361092,-15.716580541923069,-9.243934568936412,6.472645972986657,0,21.44947828079967,80.54775436092635,"{""type"":""MultiPoint"",""coordinates"":[]}",ARCHAEAN,,AMGAON GNEISSIC COMPLEX,,PHYLLITE,,ARCHAEAN-PHYLLITE
2_731_0,324.26572,2535.0,1580.0,481.0,693.5,726.0,1182.5,2082.0,2377.5,2490.0,2614.0,463409.5000105199,520,0.54850745,3.4297520661157024,1.0468637346791636,1.0180722891566265,1.6044303797468351,3.4237318,-16.430225191842258,-9.355884419707484,7.074340772134775,0,22.0900669099053,79.84087006385269,"{""type"":""MultiPoint"",""coordinates"":[]}",ARCHAEAN,,TIRODI GNEISSIC COMPLEX,,GNEISS/MIGMATITE,,ARCHAEAN-GNEISS-MIGMATITE
2_732_0,114.93703,2395.0,1483.5,526.0,651.0,715.5,1112.5,1861.5,2156.5,2348.5,2517.0,463409.5000105199,326,0.53296345,3.282320055904961,1.099078341013825,1.0197998722588886,1.6144253454668014,2.1987367,-14.415262859844187,-7.939645700574704,6.4756171592694844,0,21.574523768349103,79.63174226570966,"{""type"":""MultiPoint"",""coordinates"":[]}",ARCHAEAN,,TIRODI GNEISSIC COMPLEX,,GNEISS/MIGMATITE,,ARCHAEAN-GNEISS-MIGMATITE
2_733_0,90.0,1738.0,897.0,333.0,508.0,439.0,868.0,1829.0,2129.0,2185.0,2421.0,463409.5000105199,595,0.66539633,4.977220956719818,0.8641732283464567,0.7954233409610983,1.9375696767001116,22.65724,-11.52650731478683,-5.636124467792665,5.890382846994165,0,21.454868172504387,80.66525400008918,"{""type"":""MultiPoint"",""coordinates"":[]}",PALAEOPROTEROZOIC - MESOPROTEROZOIC,,KHAIRAGARH,SITAGOTA,BASALT,,PALAEOPROTEROZOIC-MESOPROTEROZOIC-BASALT
2_734_0,227.11803,2298.0,1494.0,637.0,855.0,877.0,1299.0,2046.0,2227.0,2416.0,2486.0,463409.5000105199,310,0.46735498,2.754846066134549,1.0257309941520467,0.9511589403973508,1.538152610441767,1.3627174,-17.95338526810196,-10.512824011167964,7.4405612569339965,0,21.77125481557128,80.28823107534421,"{""type"":""MultiPoint"",""coordinates"":[]}",ARCHAEAN,,TIRODI GNEISSIC COMPLEX,,GNEISS/MIGMATITE,,ARCHAEAN-GNEISS-MIGMATITE
2_735_0,-0.0,169.5,124.0,590.0,724.5,495.5,584.5,413.5,421.5,358.0,355.5,463409.5000105199,514,-0.16110134,0.722502522704339,0.68391994478951,0.473463687150838,1.3669354838709675,0.0,-26.260449092957167,-19.567843858903377,6.69260523405379,0,22.349859690072662,79.6034453342599,"{""type"":""MultiPoint"",""coordinates"":[]}",LATE CRETACEOUS - PALAEOCENE,DECCAN TRAP,AMARKANTAK,DHUMA,BASALT,,LATE-CRETACEOUS-PALAEOCENE-BASALT
2_736_0,270.0,1666.0,870.0,449.0,584.0,559.0,920.0,1785.0,2035.0,2115.0,2225.0,463409.5000105199,331,0.58189976,3.783542039355993,0.9571917808219178,0.7877068557919622,1.914942528735632,0.99666643,-14.391415251612614,-8.045487462235448,6.345927789377166,0,21.48720752273269,79.61961500937406,"{""type"":""MultiPoint"",""coordinates"":[]}",ARCHAEAN,,TIRODI GNEISSIC COMPLEX,,GNEISS/MIGMATITE,,ARCHAEAN-GNEISS-MIGMATITE
2_737_0,90.0,2048.0,1241.0,623.0,874.0,943.0,1392.0,2209.0,2481.0,2645.0,2795.0,463409.5000105199,311,0.47435898,2.804878048780488,1.0789473684210529,0.7742911153119093,1.6502820306204673,4.9691453,-17.225937623108727,-10.489656353491398,6.736281269617329,0,21.42306781144656,80.5294287291303,"{""type"":""MultiPoint"",""coordinates"":[]}",ARCHAEAN,,AMGAON GNEISSIC COMPLEX,,BASIC METALAVA,,ARCHAEAN-BASIC-METALAVA
2_738_0,208.31598,3212.0,2467.0,642.0,856.0,1123.0,1411.0,1940.0,2153.0,2268.0,2445.0,463409.5000105199,611,0.3376585,2.0195903829029387,1.3119158878504673,1.4162257495590829,1.301986218078638,4.2066402,-18.51858042151576,-11.560448005824073,6.958132415691688,0,21.877705176739447,80.58521410827413,"{""type"":""MultiPoint"",""coordinates"":[]}",PALAEOPROTEROZOIC,,,,GRANITE,MALANJKHAND GRANITE,PALAEOPROTEROZOIC-GRANITE
2_739_0,287.16714,2557.0,1825.0,522.0,669.0,800.0,1219.0,1824.0,2126.0,2234.0,2385.0,463409.5000105199,655,0.47264338,2.7925,1.195814648729447,1.1445837063563116,1.401095890410959,3.1391835,-17.00555792220782,-10.763086751655306,6.242471170552514,0,22.063117451381714,79.57730435949202,"{""type"":""MultiPoint"",""coordinates"":[]}",CENOZOIC,,,,LATERITE,,CENOZOIC-LATERITE
2_740_0,90.0,2776.0,2139.5,771.5833333333333,984.5,1171.75,1595.6666666666667,2230.166666666667,2445.5,2505.8,2671.5,463409.5000105199,369,0.3627551,2.1385107744826115,1.1901980700863382,1.1078298347833029,1.2974994157513438,2.00403,-17.02153860235015,-10.254469188068365,6.767069414281789,0,22.29407431092885,80.05107584033667,"{""type"":""MultiPoint"",""coordinates"":[]}",NEOPROTEROZOIC,,,,GRANITE,ACID  INTRUSIVE,NEOPROTEROZOIC-GRANITE
2_741_0,328.37567,3378.0,2396.0,788.0,1102.0,1296.0,1771.0,2328.0,2552.0,2655.0,2846.0,463409.5000105199,536,0.34396356,2.048611111111111,1.176043557168784,1.272316384180791,1.4098497495826376,7.5801296,-19.542251354484904,-12.670164355072108,6.872086999412797,0,21.88093911176228,79.78400670636793,"{""type"":""MultiPoint"",""coordinates"":[]}",ARCHAEAN,,TIRODI GNEISSIC COMPLEX,,GNEISS/MIGMATITE,,ARCHAEAN-GNEISS-MIGMATITE
2_742_0,90.0,2048.75,1338.5,737.6666666666666,950.6,876.2,1362.0,2115.875,2396.5,2444.125,2602.5,3551.0561809129404,329,0.47222033,2.7894601689112077,0.9217336419103724,0.8382345420140132,1.5306313036981696,0.9997389,-16.29295913265543,-9.715733604632788,6.577225528022641,0,21.93025662086044,80.05026735658095,"{""type"":""MultiPoint"",""coordinates"":[]}",PALAEOPROTEROZOIC,,SAUSAR,MANSAR,BIOTITE SCHIST,,PALAEOPROTEROZOIC-BIOTITE-SCHIST
2_743_0,270.0,3003.0,2117.5,644.5,888.0,982.0,1439.5,2019.5,2287.0,2236.0,2627.0,2308.527669316528,353,0.38968304,2.276985743380856,1.1058558558558558,1.3430232558139534,1.4181818181818182,1.9960439,-16.86326213001284,-8.696138702239276,8.167123427773562,0,21.72786618734831,79.67809533437024,"{""type"":""MultiPoint"",""coordinates"":[]}",ARCHAEAN,,TIRODI GNEISSIC COMPLEX,,GNEISS/MIGMATITE,,ARCHAEAN-GNEISS-MIGMATITE
2_744_0,287.154,1520.0,713.5,341.0,500.0,367.0,778.5,1958.0,2390.5,2622.5,2582.5,463409.5000105199,643,0.754474,7.145776566757493,0.734,0.5795996186844614,2.130343377715487,9.350114,-17.1703779365131,-10.12920765788708,7.041170278626019,0,22.178191639277426,80.71241555250545,"{""type"":""MultiPoint"",""coordinates"":[]}",PALAEOPROTEROZOIC,,SAUSAR,JUNEWANI,GREY & PINK GNEISS/QTZ-BIOTITE-SILLIMANITE GNEISS,,PALAEOPROTEROZOIC-GREY-PINK-GNEISS-QTZ-BIOTITE-SILLIMANITE-GNEISS
2_745_0,47.159286,2487.0,1408.0,468.0,720.0,664.0,1257.0,2591.0,2899.0,3226.0,3320.0,463409.5000105199,549,0.65861183,4.858433734939759,0.9222222222222224,0.7709237445753255,1.7663352272727273,1.3637749,-15.320821083032994,-8.752144965248348,6.568676117784646,0,21.977418173276718,79.88668414334279,"{""type"":""MultiPoint"",""coordinates"":[]}",ARCHAEAN,,TIRODI GNEISSIC COMPLEX,,GNEISS/MIGMATITE,,ARCHAEAN-GNEISS-MIGMATITE
2_746_0,146.05211,1527.0,776.0,344.0,483.0,414.0,849.0,1999.0,2353.0,2513.0,2694.0,463409.5000105199,641,0.7171165,6.070048309178744,0.8571428571428571,0.6076402705929168,1.967783505154639,17.33963,-11.818056584718558,-4.851832156322111,6.966224428396448,0,21.810062035845245,80.47714677959455,"{""type"":""MultiPoint"",""coordinates"":[]}",ARCHAEAN,,AMGAON GNEISSIC COMPLEX,,GRANITE GNEISS/MIGMATITE,,ARCHAEAN-GRANITE-GNEISS-MIGMATITE
2_747_0,180.0,1987.0,1200.0,516.0,644.5,595.75,1075.25,1843.0,2079.833333333333,2270.833333333333,2381.5,463409.5000105199,421,0.5843484,3.811721919149531,0.9243599689681924,0.8750091743119267,1.6558333333333333,0.92740995,-14.645522394257128,-7.90309690062873,6.742425493628398,0,22.345278282123655,80.03005526268826,"{""type"":""MultiPoint"",""coordinates"":[]}",ARCHAEAN,,TIRODI GNEISSIC COMPLEX,,GNEISS/MIGMATITE,,ARCHAEAN-GNEISS-MIGMATITE
2_748_0,180.0,2862.0,2411.0,1056.0,1315.5,1496.5,1854.75,2346.5,2534.833333333333,2581.333333333333,2805.0,463409.5000105199,344,0.2660318,1.7249136874930393,1.137590269859369,1.108729338842975,1.187059311489009,1.8543341,-16.30460838416413,-6.555549896090726,9.749058488073404,0,22.16040499665186,80.03436717605204,"{""type"":""MultiPoint"",""coordinates"":[]}",ARCHAEAN,,TIRODI GNEISSIC COMPLEX,,GNEISS/MIGMATITE,,ARCHAEAN-GNEISS-MIGMATITE
2_749_0,280.4986,2500.5,1894.5,769.5,962.5,1189.5,1477.5,1817.5,1984.5,1977.0,2107.5,463409.5000105199,589,0.2486973,1.6620428751576293,1.2358441558441555,1.264795144157815,1.3198733174980206,5.076861,-20.585277915323545,-13.022816952309014,7.56246096301453,0,22.093839834098603,79.62257944981165,"{""type"":""MultiPoint"",""coordinates"":[]}",LATE CRETACEOUS - PALAEOCENE,DECCAN TRAP,AMARKANTAK,PIPARDAHI,BASALT,,LATE-CRETACEOUS-PALAEOCENE-BASALT
2_750_0,304.75754,1942.5,1115.5,549.0,676.5,672.5,1136.0,1854.5,2132.0,2390.0,2401.5,463409.5000105199,512,0.56081635,3.553903345724907,0.9940872135994088,0.8127615062761506,1.741371582250112,4.868879,-16.238638401706595,-9.215127826741758,7.0235105749648366,0,22.297577740536912,80.26990544354818,"{""type"":""MultiPoint"",""coordinates"":[]}",ARCHAEAN,,TIRODI GNEISSIC COMPLEX,,GNEISS/MIGMATITE,,ARCHAEAN-GNEISS-MIGMATITE
2_751_0,312.9114,2807.0,1883.5,576.5833333333334,810.0,860.0833333333334,1335.85,2016.888888888889,2307.833333333333,2363.125,2568.333333333333,3160.775221365797,331,0.4663185,2.7475535316345314,1.061831275720165,1.1878339063739751,1.4903105919830104,1.3619646,-16.2395698721734,-9.095539495674595,7.1440303764988045,0,21.62303279369156,79.79343901685118,"{""type"":""MultiPoint"",""coordinates"":[]}",ARCHAEAN,,TIRODI GNEISSIC COMPLEX,,GNEISS/MIGMATITE,,ARCHAEAN-GNEISS-MIGMATITE
2_752_0,12.133677,3078.0,2351.0,862.0,1135.0,1354.0,1740.0,2276.0,2536.0,2673.0,2797.0,463409.5000105199,311,0.32753912,1.9741506646971936,1.1929515418502203,1.1515151515151516,1.309230114844747,4.7326307,-19.028958900352556,-11.616086517019848,7.412872383332704,0,21.526284237591888,80.23379316912657,"{""type"":""MultiPoint"",""coordinates"":[]}",ARCHAEAN,,AMGAON GNEISSIC COMPLEX,,GRANITE GNEISS/MIGMATITE,,ARCHAEAN-GRANITE-GNEISS-MIGMATITE
2_753_0,90.0,2641.5,1917.5,588.0,789.0,996.0,1424.5,1856.5,2091.5,2143.0,2288.0,463409.5000105199,569,0.365403,2.151606425702812,1.2623574144486691,1.2326178254783011,1.3775749674054758,4.003549,-16.50822592523766,-7.397954067534036,9.110271857703625,0,22.30754904019064,79.63955760868151,"{""type"":""MultiPoint"",""coordinates"":[]}",LATE CRETACEOUS - PALAEOCENE,DECCAN TRAP,AMARKANTAK,DHUMA,BASALT,,LATE-CRETACEOUS-PALAEOCENE-BASALT
2_754_0,180.0,2329.0,1543.0,562.0,697.0,736.0,1135.0,1823.0,2044.0,2155.0,2369.0,463409.5000105199,352,0.4908336,2.9279891304347827,1.0559540889526542,1.0807424593967518,1.5093972780298122,0.92740995,-16.340917513954466,-9.665201805626346,6.67571570832812,0,21.488824490244102,79.6072182584532,"{""type"":""MultiPoint"",""coordinates"":[]}",PALAEOPROTEROZOIC,,SAUSAR,CHORBAOLI,QUARTZ MICA SCHIST,,PALAEOPROTEROZOIC-QUARTZ-MICA-SCHIST
2_755_0,180.0,2426.0,1462.0,780.0,970.0,995.0,1449.0,2407.0,2778.0,2878.0,3054.0,463409.5000105199,265,0.48618641,2.892462311557789,1.0257731958762886,0.842946490618485,1.6593707250341998,6.464861,-18.424637249880654,-10.124129435590932,8.300507814289722,0,21.455137667089623,79.88479768124614,"{""type"":""MultiPoint"",""coordinates"":[]}",ARCHAEAN,,AMGAON GNEISSIC COMPLEX,,GRANITE GNEISS/MIGMATITE,,ARCHAEAN-GRANITE-GNEISS-MIGMATITE
2_756_0,132.9026,2394.5,1545.75,569.9333333333333,697.3809523809524,713.8,1173.2857142857142,1865.5,2173.875,2262.0,2471.0,1565.439235486322,331,0.52026343,3.168954889324741,1.023543871628542,1.058576480990274,1.5490862041080382,1.3621894,-15.800327784691298,-8.425009803829214,7.375317980862084,0,21.66749940025548,79.77241843920278,"{""type"":""MultiPoint"",""coordinates"":[]}",ARCHAEAN,,TIRODI GNEISSIC COMPLEX,,GNEISS/MIGMATITE,,ARCHAEAN-GNEISS-MIGMATITE
2_757_0,180.0,2210.5,1292.0,460.0,640.0,609.5,1096.0,2017.0,2330.0,2520.0,2623.5,463409.5000105199,475,0.6104809,4.13453650533224,0.95234375,0.8771825396825397,1.7109133126934986,5.547545,-13.979898517283766,-6.744410514361066,7.2354880029227004,0,22.19355283063587,79.8295512912728,"{""type"":""MultiPoint"",""coordinates"":[]}",NEOPROTEROZOIC,,,,GRANITE,ACID  INTRUSIVE,NEOPROTEROZOIC-GRANITE
2_758_0,220.37508,1561.0,763.0,362.0,575.0,421.0,876.0,1933.0,2305.0,2463.0,2532.0,1783.5358140502813,612,0.7080444,5.850356294536817,0.7321739130434782,0.6337799431587495,2.0458715596330275,21.98528,-17.566139369467262,-11.385731052172437,6.180408317294827,0,21.80601961706671,80.32703829561818,"{""type"":""MultiPoint"",""coordinates"":[]}",ARCHAEAN,,TIRODI GNEISSIC COMPLEX,,GNEISS/MIGMATITE,,ARCHAEAN-GNEISS-MIGMATITE
2_759_0,-0.0,3131.0,2304.5,852.0,1147.0,1294.5,1714.0,2248.5,2473.0,2621.0,2746.5,463409.5000105199,585,0.33878177,2.0247199691000386,1.1285963382737576,1.1945822205265166,1.3586461271425472,0.92740995,-19.569711063906723,-12.165857578698876,7.403853485207847,0,22.145582794463888,80.35560472165318,"{""type"":""MultiPoint"",""coordinates"":[]}",PALAEOPROTEROZOIC,,SAUSAR,JUNEWANI,GREY & PINK GNEISS/QTZ-BIOTITE-SILLIMANITE GNEISS,,PALAEOPROTEROZOIC-GREY-PINK-GNEISS-QTZ-BIOTITE-SILLIMANITE-GNEISS
2_760_0,144.23119,2741.5,2028.0,617.0,803.5,1115.5,1376.5,1751.0,1969.0,2096.0,2254.5,463409.5000105199,695,0.30530906,1.8789780367548183,1.388301182327318,1.3079675572519085,1.3518244575936884,3.425214,-17.59017901418469,-9.297467285428358,8.292711728756334,0,22.26847232533144,80.72023089547729,"{""type"":""MultiPoint"",""coordinates"":[]}",LATE CRETACEOUS - PALAEOCENE,DECCAN TRAP,AMARKANTAK,PIPARDAHI,BASALT,,LATE-CRETACEOUS-PALAEOCENE-BASALT
2_761_0,312.9721,2408.0,1534.0,588.0,809.0,863.0,1275.0,1877.0,2142.0,2225.0,2431.0,463409.5000105199,272,0.44106218,2.578215527230591,1.0667490729295426,1.082247191011236,1.5697522816166884,2.7192993,-16.4905383968399,-9.7496905159116,6.7408478809283,0,21.3136530098408,79.85946519023396,"{""type"":""MultiPoint"",""coordinates"":[]}",ARCHAEAN,,AMGAON GNEISSIC COMPLEX,,GRANITE GNEISS/MIGMATITE,,ARCHAEAN-GRANITE-GNEISS-MIGMATITE
2_762_0,270.0,1768.5,881.5,487.0,609.5,524.5,922.0,1774.0,2051.0,2272.0,2295.5,463409.5000105199,466,0.62488824,4.331744518589132,0.8605414273995078,0.7783890845070423,2.0062393647192285,1.0027685,-15.221762938803302,-8.89037794340529,6.331384995398011,0,22.356327560118327,80.23675760956417,"{""type"":""MultiPoint"",""coordinates"":[]}",ARCHAEAN,,TIRODI GNEISSIC COMPLEX,,GNEISS/MIGMATITE,,ARCHAEAN-GNEISS-MIGMATITE
2_763_0,132.87787,2656.0,1894.5,600.0,810.0,833.5,1348.0,2210.0,2462.5,2563.0,2771.0,463409.5000105199,305,0.50920063,3.0749850029994,1.0290123456790123,1.036285602809208,1.401953021905516,1.3628223,-15.10397079298283,-9.13596537110454,5.9680054218782885,0,21.792005898634443,79.99313450451095,"{""type"":""MultiPoint"",""coordinates"":[]}",PALAEOPROTEROZOIC,,SAUSAR,MANSAR,SCHIST,,PALAEOPROTEROZOIC-SCHIST
2_764_0,270.0,2883.0,1995.5,743.0,947.5,1110.5,1481.0,1995.5,2305.0,2296.5,2512.0,463409.5000105199,307,0.34810683,2.0679873930661863,1.1720316622691294,1.255388634879164,1.4447506890503634,0.99568355,-16.965322623836066,-10.139597803155477,6.825724820680591,0,21.343027919631503,80.4046527361661,"{""type"":""MultiPoint"",""coordinates"":[]}",PALAEOPROTEROZOIC,,NANDGAON,BIJLI,RHYOLITE,,PALAEOPROTEROZOIC-RHYOLITE
2_765_0,180.0,2984.5,2303.5,972.5,1249.0,1416.5,1763.0,2222.5,2463.0,2487.5,2645.5,463409.5000105199,322,0.274334,1.7560889516413696,1.134107285828663,1.1997989949748744,1.295637074017799,0.92740995,-16.9544718480711,-9.562302075906066,7.392169772165035,0,21.57883568171288,79.74762493736108,"{""type"":""MultiPoint"",""coordinates"":[]}",ARCHAEAN,,TIRODI GNEISSIC COMPLEX,,GNEISS/MIGMATITE,,ARCHAEAN-GNEISS-MIGMATITE
2_766_0,252.8537,1882.0,1148.0,389.5,584.0,506.0,999.5,2032.0,2374.0,2473.0,2614.0,463409.5000105199,649,0.6602887,4.887351778656127,0.8664383561643836,0.7610190052567731,1.6393728222996515,6.266956,-15.99716520203926,-9.395451820728288,6.601713381310972,0,22.24475680183068,80.66848793511201,"{""type"":""MultiPoint"",""coordinates"":[]}",LATE CRETACEOUS - PALAEOCENE,DECCAN TRAP,AMARKANTAK,PIPARDAHI,BASALT,,LATE-CRETACEOUS-PALAEOCENE-BASALT
2_767_0,180.0,2994.5,2121.0,704.0714285714286,959.8125,1123.9,1621.7142857142858,2028.4545454545453,2333.1666666666665,2340.8,2594.0,463409.5000105199,329,0.3512281,2.082747575407065,1.1709578693755291,1.2792634996582364,1.411834040546912,0.92740995,-18.62557608638121,-11.43157419976328,7.194001886617929,0,21.412827017207597,80.05969966706421,"{""type"":""MultiPoint"",""coordinates"":[]}",PALAEOPROTEROZOIC,,SAKOLI,GAIKHURI,PHYLLITE,,PALAEOPROTEROZOIC-PHYLLITE
2_768_0,58.292984,1408.0,735.5,393.0,516.0,426.0,779.5,1638.5,1956.5,2114.5,2230.5,463409.5000105199,568,0.664633,4.963615023474178,0.8255813953488372,0.6658784582643651,1.9143439836845684,3.5249736,-14.31347040376736,-7.387837876639155,6.925632527128206,0,22.07793965356969,80.33485363859002,"{""type"":""MultiPoint"",""coordinates"":[]}",PALAEOPROTEROZOIC,,SAUSAR,MANSAR,PHYLLITE,,PALAEOPROTEROZOIC-PHYLLITE
2_769_0,245.1856,1724.0,945.0,414.0,542.0,490.0,913.0,1636.0,1893.0,2062.0,2215.0,463409.5000105199,528,0.6159875,4.208163265306123,0.904059040590406,0.8360814742967992,1.8243386243386244,4.4112515,-15.407120503971804,-8.401387965182089,7.005732538789715,0,22.370880267721063,80.468522952867,"{""type"":""MultiPoint"",""coordinates"":[]}",ARCHAEAN,,TIRODI GNEISSIC COMPLEX,,GNEISS/MIGMATITE,,ARCHAEAN-GNEISS-MIGMATITE
2_770_0,90.0,2563.0,1838.0,751.0,938.0,1107.0,1456.0,2106.0,2308.0,2419.0,2592.0,463409.5000105199,299,0.37209302,2.185185185185185,1.1801705756929637,1.0595287308805292,1.3944504896626768,0.99642706,-17.485537427692616,-11.396344266618735,6.089193161073879,0,21.45217322665203,80.38983053397813,"{""type"":""MultiPoint"",""coordinates"":[]}",ARCHAEAN,,AMGAON GNEISSIC COMPLEX,,GRANITE GNEISS/MIGMATITE,,ARCHAEAN-GRANITE-GNEISS-MIGMATITE
2_771_0,252.82878,1603.5,781.0,421.5,583.0,517.5,973.5,1990.5,2346.0,2610.0,2612.0,2488.634163552369,355,0.66906476,5.043478260869565,0.8876500857632933,0.614367816091954,2.053137003841229,3.138465,-14.537957818847184,-8.090987268095674,6.446970550751511,0,22.027544166130586,80.17207890910755,"{""type"":""MultiPoint"",""coordinates"":[]}",PALAEOPROTEROZOIC,,SAUSAR,JUNEWANI,GREY & PINK GNEISS/QTZ-BIOTITE-SILLIMANITE GNEISS,,PALAEOPROTEROZOIC-GREY-PINK-GNEISS-QTZ-BIOTITE-SILLIMANITE-GNEISS
2_772_0,180.0,2142.5,1347.5,711.5,932.5,903.0,1334.5,1942.5,2321.5,2314.0,2553.5,463409.5000105199,339,0.4386074,2.5625692137320044,0.9683646112600536,0.925885911840968,1.5899814471243043,4.6273675,-17.106333960733856,-9.91703265486974,7.189301305864117,0,21.30583766686896,80.28149371071332,"{""type"":""MultiPoint"",""coordinates"":[]}",ARCHAEAN,,AMGAON GNEISSIC COMPLEX,,GRANITE GNEISS/MIGMATITE,,ARCHAEAN-GRANITE-GNEISS-MIGMATITE
2_773_0,114.83871,2651.5,1817.0,648.0,893.0,906.5,1465.5,2383.0,2728.0,2939.5,3019.0,463409.5000105199,492,0.52860117,3.2426916712631,1.01511758118701,0.9020241537676476,1.4592735277930655,4.4072247,-14.721767111757616,-9.77669042713126,4.945076684626356,0,22.21538189203997,79.74978089404297,"{""type"":""MultiPoint"",""coordinates"":[]}",ARCHAEAN,,TIRODI GNEISSIC COMPLEX,,GNEISS/MIGMATITE,,ARCHAEAN-GNEISS-MIGMATITE
2_774_0,180.0,1426.5,1140.5,563.5,684.5,829.0,986.0,1418.5,1579.5,1502.5,1678.0,463409.5000105199,483,0.28886983,1.8124246079613997,1.2111029948867786,0.9494176372712146,1.2507672073651908,0.92740995,-17.07003387780276,-9.937440735860829,7.132593141941934,0,22.356327560118327,79.739540099804,"{""type"":""MultiPoint"",""coordinates"":[]}",LATE CRETACEOUS - PALAEOCENE,DECCAN TRAP,AMARKANTAK,DHUMA,BASALT,,LATE-CRETACEOUS-PALAEOCENE-BASALT
2_775_0,90.0,2488.5,1894.5,674.6666666666666,885.0,940.0,1317.0,2085.0,2429.5,2649.0,2719.0,463409.5000105199,338,0.47617722,2.818085106382979,1.0621468926553672,0.9394110985277464,1.3135391923990498,1.0010709,-17.0164668455913,-10.685408020963848,6.331058824627451,0,22.11890283052554,80.04245201360911,"{""type"":""MultiPoint"",""coordinates"":[]}",PALAEOPROTEROZOIC,,SAUSAR,LOHANGI ( INCLUDES UTEKATA),CALC GNEISS,,PALAEOPROTEROZOIC-CALC-GNEISS
2_776_0,90.0,3131.0,2171.0,596.0,747.0,966.5,1267.5,1749.0,1952.5,2127.5,2312.5,463409.5000105199,545,0.3752424,2.201241593378169,1.2938420348058903,1.471680376028202,1.4421925380009213,1.0014975,-19.04036658324397,-11.903211788873126,7.137154794370844,0,22.17900012303313,80.6218653718662,"{""type"":""MultiPoint"",""coordinates"":[]}",PALAEOPROTEROZOIC,,SAUSAR,JUNEWANI,GREY & PINK GNEISS/QTZ-BIOTITE-SILLIMANITE GNEISS,,PALAEOPROTEROZOIC-GREY-PINK-GNEISS-QTZ-BIOTITE-SILLIMANITE-GNEISS
2_777_0,117.27191,1899.0,1067.0,377.5,517.5,390.5,865.5,1840.0,2095.5,2217.5,2387.0,463409.5000105199,560,0.7005368,5.678617157490397,0.7545893719806763,0.8563697857948139,1.7797563261480789,10.017387,-13.19536471995923,-5.990150077731075,7.205214642228155,0,21.88525102512605,79.59994190465184,"{""type"":""MultiPoint"",""coordinates"":[]}",ARCHAEAN,,TIRODI GNEISSIC COMPLEX,,GNEISS/MIGMATITE,,ARCHAEAN-GNEISS-MIGMATITE
2_778_0,349.20218,1821.5,907.5,563.0,746.0,566.5,1090.5,2078.5,2409.5,2562.5,2668.0,463409.5000105199,407,0.6379035,4.523389232127096,0.7593833780160858,0.7108292682926829,2.007162534435261,15.650342,-16.118526353334268,-9.166842842177664,6.951683511156602,0,22.2892234083946,80.24053053375746,"{""type"":""MultiPoint"",""coordinates"":[]}",NEOPROTEROZOIC,,,,GRANITE,ACID  INTRUSIVE,NEOPROTEROZOIC-GRANITE
2_779_0,340.20477,1692.5,931.5,498.0,656.5,573.5,1059.0,1919.0,2260.0,2340.5,2489.0,463409.5000105199,504,0.60638297,4.081081081081081,0.8735719725818736,0.7231360820337535,1.8169618894256576,2.9545963,-15.019234004432649,-9.06643955132014,5.952794453112508,0,22.16363893167469,79.73334172434359,"{""type"":""MultiPoint"",""coordinates"":[]}",ARCHAEAN,,TIRODI GNEISSIC COMPLEX,,GNEISS/MIGMATITE,,ARCHAEAN-GNEISS-MIGMATITE
2_780_0,-0.0,2343.0,1534.0,701.0,907.0,970.0,1278.0,2069.0,2389.0,2646.0,2647.0,1635.726138447387,309,0.46349558,2.727835051546392,1.069459757442117,0.8854875283446711,1.527379400260756,0.0,-15.577829263584675,-9.398550263546296,6.179279000038379,0,21.840784418562134,80.26990544354818,"{""type"":""MultiPoint"",""coordinates"":[]}",ARCHAEAN,,TIRODI GNEISSIC COMPLEX,,GNEISS/MIGMATITE,,ARCHAEAN-GNEISS-MIGMATITE
2_781_0,180.0,2402.0,1491.0,433.0,593.0,646.5,1113.0,1916.0,2175.5,2230.0,2478.0,463409.5000105199,443,0.5504954,3.449342614075793,1.0902192242833053,1.0771300448430494,1.6109993293091884,2.7802885,-14.173291493045864,-7.657002622153216,6.516288870892646,0,22.317250845259128,79.99259551534048,"{""type"":""MultiPoint"",""coordinates"":[]}",ARCHAEAN,,TIRODI GNEISSIC COMPLEX,,GNEISS/MIGMATITE,,ARCHAEAN-GNEISS-MIGMATITE
2_782_0,66.63131,1630.5,767.5,297.0,498.0,322.5,805.0,2214.0,2689.5,2807.5,2894.0,463409.5000105199,851,0.7939297,8.705426356589147,0.6475903614457831,0.5807658058771149,2.12442996742671,15.943643,-12.551335261646654,-5.8928023425863305,6.658532919060324,0,22.19436131439158,80.70325273660744,"{""type"":""MultiPoint"",""coordinates"":[]}",CENOZOIC,,,,LATERITE,,CENOZOIC-LATERITE
2_784_0,312.79062,2183.0,1595.5,659.0,815.0,1012.0,1223.0,1857.0,2045.5,1982.0,2272.5,463409.5000105199,599,0.32398129,1.958498023715415,1.2417177914110429,1.1014127144298689,1.3682231275462238,2.7285767,-18.509917989929782,-11.061777466140349,7.448140523789434,0,22.225083697108467,79.59940291548136,"{""type"":""MultiPoint"",""coordinates"":[]}",LATE CRETACEOUS - PALAEOCENE,DECCAN TRAP,AMARKANTAK,PIPARDAHI,BASALT,,LATE-CRETACEOUS-PALAEOCENE-BASALT
2_785_0,301.7928,1977.0,1099.5,491.0,656.0,637.5,1036.5,1937.0,2319.5,2468.5,2547.5,463409.5000105199,353,0.5895042,3.872156862745098,0.9717987804878048,0.8008912294915941,1.7980900409276943,3.516477,-15.179444176979269,-7.91468685619262,7.264757320786649,0,21.59985625936128,79.51370363737637,"{""type"":""MultiPoint"",""coordinates"":[]}",ARCHAEAN,,TIRODI GNEISSIC COMPLEX,,GNEISS/MIGMATITE,,ARCHAEAN-GNEISS-MIGMATITE
2_786_0,331.629,2519.0,1797.0,746.0,950.5,1140.2,1431.6666666666663,1798.0,1968.1666666666663,2035.0,2182.2,463409.5000105199,345,0.28180903,1.784774600947202,1.1995791688584956,1.237837837837838,1.4017807456872566,2.1072488,-18.423934049233107,-10.949673045802568,7.47426100343054,0,22.202985141119125,80.06455056959845,"{""type"":""MultiPoint"",""coordinates"":[]}",ARCHAEAN,,TIRODI GNEISSIC COMPLEX,,GNEISS/MIGMATITE,,ARCHAEAN-GNEISS-MIGMATITE
2_787_0,187.68341,3560.0,2665.0,887.0,1124.5,1277.5,1734.5,2243.0,2462.5,2581.0,2827.5,463409.5000105199,544,0.33782557,2.020352250489237,1.1360604713205869,1.3793103448275863,1.3358348968105065,7.444962,-17.090353939164476,-11.792730043980855,5.297623895183619,0,22.09842124204761,80.58871753788219,"{""type"":""MultiPoint"",""coordinates"":[]}",PALAEOPROTEROZOIC,,SAUSAR,JUNEWANI,GREY & PINK GNEISS/QTZ-BIOTITE-SILLIMANITE GNEISS,,PALAEOPROTEROZOIC-GREY-PINK-GNEISS-QTZ-BIOTITE-SILLIMANITE-GNEISS
2_788_0,19.751308,1633.0,985.0,428.0,613.0,538.0,979.0,1745.0,2034.0,2365.0,2297.0,463409.5000105199,456,0.62934893,4.395910780669145,0.8776508972267537,0.6904862579281184,1.6578680203045686,2.9537835,-14.71813939103682,-8.554029469077753,6.164109921959069,0,21.821919797595623,80.67306934306102,"{""type"":""MultiPoint"",""coordinates"":[]}",PALAEOPROTEROZOIC - MESOPROTEROZOIC,,KHAIRAGARH,SITAGOTA,BASALT,,PALAEOPROTEROZOIC-MESOPROTEROZOIC-BASALT
2_789_0,299.03564,2102.0,1379.0,476.0,655.0,728.0,1074.0,1522.0,1721.0,1730.0,1894.0,463409.5000105199,640,0.4076485,2.3763736263736264,1.1114503816793893,1.215028901734104,1.5242929659173314,5.7138605,-18.59433485900482,-11.133000126563488,7.461334732441333,0,22.300811675559743,80.75472620238749,"{""type"":""MultiPoint"",""coordinates"":[]}",PALAEOPROTEROZOIC,,SAUSAR,LOHANGI ( INCLUDES UTEKATA),MARBLE,,PALAEOPROTEROZOIC-MARBLE
2_790_0,151.61084,2352.5,1738.5,722.0,931.5,1028.6666666666667,1390.5,2009.15,2199.25,2215.0,2382.0,463409.5000105199,376,0.36573836,2.1532728451069345,1.1043120415101093,1.062076749435666,1.3531780270348002,2.1076093,-16.655644015839616,-8.672512131998422,7.983131883841194,0,22.309166007702053,80.02978576810303,"{""type"":""MultiPoint"",""coordinates"":[]}",ARCHAEAN,,TIRODI GNEISSIC COMPLEX,,GNEISS/MIGMATITE,,ARCHAEAN-GNEISS-MIGMATITE
2_791_0,164.94806,2187.0,1379.0,406.8181818181818,613.7,606.4615384615385,1066.0,1764.75,2076.0,2204.0,2286.333333333333,463409.5000105199,629,0.56842566,3.634195839675292,0.9882052117672128,0.9922867513611616,1.585931834662799,3.83603,-15.252902984419856,-8.684094969032172,6.568808015387685,0,21.62114633159491,80.57766825988752,"{""type"":""MultiPoint"",""coordinates"":[]}",ARCHAEAN,,AMGAON GNEISSIC COMPLEX,,GRANITE GNEISS/MIGMATITE,,ARCHAEAN-GRANITE-GNEISS-MIGMATITE
2_792_0,28.353367,2333.5,1645.0,575.5,750.3333333333334,771.5,1228.0,1839.5,2071.5,2138.5,2367.75,463409.5000105199,342,0.46975946,2.7718729747245625,1.028209684584629,1.0911854103343466,1.4185410334346504,2.106899,-15.319962681614056,-8.391841338935706,6.928121342678351,0,22.099499220388555,80.04299100277959,"{""type"":""MultiPoint"",""coordinates"":[]}",ARCHAEAN,,TIRODI GNEISSIC COMPLEX,,GNEISS/MIGMATITE,,ARCHAEAN-GNEISS-MIGMATITE
2_793_0,38.85454,2971.0,2256.0,798.0,1099.0,1323.0,1727.0,2359.0,2609.0,2706.0,2874.0,463409.5000105199,322,0.34326136,2.0453514739229024,1.2038216560509554,1.097930524759793,1.3169326241134751,4.753119,-18.237778305274308,-10.778000338907887,7.459777966366419,0,21.409323587599527,80.56715797106332,"{""type"":""MultiPoint"",""coordinates"":[]}",ARCHAEAN,,AMGAON GNEISSIC COMPLEX,,PHYLLITE,,ARCHAEAN-PHYLLITE
2_794_0,47.228165,1892.0,1082.5,408.0,561.0,516.5,972.5,1685.0,1962.5,2079.0,2207.5,463409.5000105199,444,0.60200346,4.025169409486932,0.9206773618538324,0.91005291005291,1.7478060046189376,1.3655454,-13.893202723806526,-7.2625374783224945,6.630665245484032,0,22.31698135067389,80.00068035289756,"{""type"":""MultiPoint"",""coordinates"":[]}",ARCHAEAN,,TIRODI GNEISSIC COMPLEX,,GNEISS/MIGMATITE,,ARCHAEAN-GNEISS-MIGMATITE
2_795_0,180.0,2279.0,1505.0,712.0,954.0,957.0,1433.0,2013.0,2200.0,2391.0,2602.0,2892.5421345245777,306,0.4283154,2.498432601880878,1.0031446540880504,0.9531576746131326,1.5142857142857142,0.92740995,-16.123955840010478,-10.575585752085075,5.5483700879254005,0,21.788502469026376,80.27475634608243,"{""type"":""MultiPoint"",""coordinates"":[]}",ARCHAEAN,,TIRODI GNEISSIC COMPLEX,,GNEISS/MIGMATITE,,ARCHAEAN-GNEISS-MIGMATITE
2_796_0,121.73768,3221.5,2313.0,724.0,958.0,1158.0,1483.0,1958.5,2208.0,2453.0,2539.0,463409.5000105199,607,0.35862643,2.118307426597582,1.2087682672233822,1.3132898491642886,1.3927799394725464,3.5219312,-17.02941389617784,-10.535050265276787,6.494363630901052,0,21.90842755945633,80.79434190641716,"{""type"":""MultiPoint"",""coordinates"":[]}",PALAEOPROTEROZOIC,,,,GRANITE,MALANJKHAND GRANITE,PALAEOPROTEROZOIC-GRANITE
2_797_0,-0.0,3096.0,2116.25,718.625,971.75,1224.6666666666667,1575.6666666666667,2105.2,2378.333333333333,2547.6666666666665,2666.0,463409.5000105199,295,0.35071132,2.080293957539466,1.2602692736472,1.2152296218762266,1.4629651506202008,1.8543341,-16.114279604142368,-8.237057819839055,7.877221784303312,0,21.62842268539628,80.00283630957944,"{""type"":""MultiPoint"",""coordinates"":[]}",ARCHAEAN,,TIRODI GNEISSIC COMPLEX,,GNEISS/MIGMATITE,,ARCHAEAN-GNEISS-MIGMATITE
2_798_0,144.34956,1935.0,1141.5,397.75,593.75,564.0,947.3333333333334,1813.0,2106.0,2298.0,2392.0,463409.5000105199,689,0.60587,4.074468085106383,0.9498947368421052,0.8420365535248042,1.695137976346912,3.4201431,-14.703057137864782,-7.786730624589026,6.916326513275756,0,21.64917376845944,80.4962808951463,"{""type"":""MultiPoint"",""coordinates"":[]}",ARCHAEAN,,AMGAON GNEISSIC COMPLEX,,AMPHIBOLITE,,ARCHAEAN-AMPHIBOLITE
2_799_0,-0.0,1925.5,1030.0,659.0,870.5,971.0,1372.5,2168.0,2477.5,2443.0,2686.0,463409.5000105199,269,0.43116578,2.515962924819773,1.1154508902929352,0.7881702824396234,1.8694174757281556,1.8543341,-18.324662272243824,-10.67539220717039,7.649270065073434,0,21.318234417789807,79.72013648966703,"{""type"":""MultiPoint"",""coordinates"":[]}",ARCHAEAN,,TIRODI GNEISSIC COMPLEX,,GNEISS/MIGMATITE,,ARCHAEAN-GNEISS-MIGMATITE
2_800_0,101.61715,1590.5,847.0,350.0,476.0,413.0,810.0,1827.5,2134.5,2212.5,2458.5,463409.5000105199,643,0.6853933,5.357142857142857,0.8676470588235294,0.7188700564971752,1.8778040141676504,9.133593,-14.580641275245284,-7.931139193083919,6.649502082161366,0,22.31320842648059,80.59868883753592,"{""type"":""MultiPoint"",""coordinates"":[]}",ARCHAEAN,,TIRODI GNEISSIC COMPLEX,,GNEISS/MIGMATITE,,ARCHAEAN-GNEISS-MIGMATITE
2_801_0,144.2717,1982.0,1258.0,550.0,766.0,761.0,1143.0,1987.0,2220.0,2352.0,2436.0,463409.5000105199,586,0.51108253,3.090670170827858,0.9934725848563968,0.842687074829932,1.575516693163752,3.4234753,-14.913291580087307,-7.500870620280659,7.412420959806648,0,22.058805538017943,79.62284894439688,"{""type"":""MultiPoint"",""coordinates"":[]}",LATE CRETACEOUS - PALAEOCENE,DECCAN TRAP,AMARKANTAK,PIPARDAHI,BASALT,,LATE-CRETACEOUS-PALAEOCENE-BASALT
2_802_0,90.0,2950.5,2444.0,858.0,1117.0,1354.5,1733.0,2210.0,2437.5,2619.5,2726.5,463409.5000105199,315,0.31831908,1.933923957179771,1.2126230975828112,1.1263599923649552,1.2072422258592472,1.9959207,-18.175852827569862,-10.800175981280535,7.375676846289329,0,21.71897286603553,79.90959118308784,"{""type"":""MultiPoint"",""coordinates"":[]}",ARCHAEAN,,TIRODI GNEISSIC COMPLEX,,GNEISS/MIGMATITE,,ARCHAEAN-GNEISS-MIGMATITE
2_803_0,180.0,2016.5,1130.5,473.5,652.0,645.5,1117.0,2116.0,2395.0,2517.0,2742.0,463409.5000105199,372,0.59177864,3.899302865995352,0.9900306748466258,0.8011521652761223,1.7837240159221583,10.992985,-13.398718762650876,-8.22496698674374,5.173751775907135,0,21.54838279358123,79.70639226582,"{""type"":""MultiPoint"",""coordinates"":[]}",PALAEOPROTEROZOIC,,SAUSAR,SITASAONGI,QUARTZITE,,PALAEOPROTEROZOIC-QUARTZITE
2_805_0,227.09305,2801.0,1862.0,669.9,850.2857142857143,1042.6666666666667,1404.5,1805.375,2031.7142857142856,2134.166666666667,2302.1,1843.176605754316,328,0.34358114,2.0468350383631715,1.2262544802867383,1.3124560718469347,1.504296455424275,2.7226188,-17.34081519160097,-10.10115770443069,7.23965748717028,0,21.64567033885137,79.62177096605595,"{""type"":""MultiPoint"",""coordinates"":[]}",ARCHAEAN,,TIRODI GNEISSIC COMPLEX,,GNEISS/MIGMATITE,,ARCHAEAN-GNEISS-MIGMATITE
2_806_0,245.03021,2322.0,1482.0,731.5,962.0,1018.5,1552.5,2412.0,2692.0,2876.0,3045.0,463409.5000105199,293,0.47695467,2.823760432007855,1.0587318087318087,0.8073713490959666,1.5668016194331984,4.3856463,-18.786625734300834,-12.112205608834842,6.674420125465993,0,21.356772143478537,79.51316464820589,"{""type"":""MultiPoint"",""coordinates"":[]}",ARCHAEAN,,TIRODI GNEISSIC COMPLEX,,GNEISS/MIGMATITE,,ARCHAEAN-GNEISS-MIGMATITE
2_807_0,36.695107,1575.5,754.0,405.5,524.0,475.0,884.0,1823.0,2153.0,2307.0,2392.5,463409.5000105199,545,0.658519,4.856842105263158,0.9064885496183206,0.6829215431296055,2.089522546419098,14.705731,-11.190880831658385,-4.658837090257136,6.532043741401249,0,21.725440736081183,80.50301825977719,"{""type"":""MultiPoint"",""coordinates"":[]}",ARCHAEAN,,AMGAON GNEISSIC COMPLEX,,AMPHIBOLITE,,ARCHAEAN-AMPHIBOLITE
2_808_0,-0.0,3790.0,2983.0,811.0,1072.0,1305.0,1666.0,2308.0,2598.0,2762.0,2968.0,463409.5000105199,297,0.35824934,2.116475095785441,1.2173507462686568,1.3721940622737148,1.2705330204492122,0.0,-19.094643931328047,-11.90313486336668,7.191509067961366,0,21.602012216043164,80.22948125576279,"{""type"":""MultiPoint"",""coordinates"":[]}",ARCHAEAN,,AMGAON GNEISSIC COMPLEX,,GRANITE GNEISS/MIGMATITE,,ARCHAEAN-GRANITE-GNEISS-MIGMATITE
2_809_0,56.520645,1824.5,1047.5,382.5,565.5,475.0,904.5,1978.0,2254.5,2383.0,2531.0,463409.5000105199,716,0.66759974,5.016842105263158,0.8399646330680813,0.7656315568610994,1.7417661097852029,8.347162,-14.74245202640785,-8.430496615100777,6.311955411307073,0,22.193283336050637,80.76361952370027,"{""type"":""MultiPoint"",""coordinates"":[]}",PALAEOPROTEROZOIC,,SAUSAR,JUNEWANI,GREY & PINK GNEISS/QTZ-BIOTITE-SILLIMANITE GNEISS,,PALAEOPROTEROZOIC-GREY-PINK-GNEISS-QTZ-BIOTITE-SILLIMANITE-GNEISS
2_810_0,229.83698,3026.0,2088.0,588.0,786.0,1004.0,1351.0,2001.0,2225.0,2471.0,2581.0,463409.5000105199,641,0.42215827,2.461155378486056,1.27735368956743,1.2246054229057062,1.4492337164750957,14.089451,-19.050629537215176,-12.019419202787937,7.031210334427241,0,21.820033335498973,80.63507060654275,"{""type"":""MultiPoint"",""coordinates"":[]}",PALAEOPROTEROZOIC - MESOPROTEROZOIC,,KHAIRAGARH,SITAGOTA,BASALT,,PALAEOPROTEROZOIC-MESOPROTEROZOIC-BASALT
2_811_0,347.84146,2906.0,1889.0,503.0,716.0,786.0,1172.0,1895.0,2165.0,2388.0,2502.0,463409.5000105199,670,0.5047259,3.0381679389312977,1.0977653631284916,1.2169179229480738,1.5383800952885125,4.733071,-17.13362934797583,-10.322070812852395,6.811558535123435,0,21.830543624323173,80.63587909029847,"{""type"":""MultiPoint"",""coordinates"":[]}",PALAEOPROTEROZOIC,,NANDGAON,PITEPANI,GABBRO,BASIC INTRUSIVE,PALAEOPROTEROZOIC-GABBRO
2_812_0,221.8318,2148.0,1351.0,392.0,566.0,572.0,1055.0,1813.0,1993.0,2194.0,2277.0,463409.5000105199,489,0.58640635,3.835664335664336,1.010600706713781,0.9790337283500457,1.5899333826794966,7.426788,-13.997521308471336,-7.867566759934706,6.12995454853663,0,21.40986257677,80.74071248395522,"{""type"":""MultiPoint"",""coordinates"":[]}",PALAEOPROTEROZOIC - MESOPROTEROZOIC,,KHAIRAGARH,KOTIMA,BASALT,,PALAEOPROTEROZOIC-MESOPROTEROZOIC-BASALT
2_813_0,206.99873,1800.0,957.0,347.0,623.0,527.0,1059.0,1946.0,2290.0,2295.0,2558.0,463409.5000105199,574,0.62650603,4.354838709677419,0.8459069020866774,0.7843137254901961,1.8808777429467085,19.044025,-15.651265669767715,-10.012654589468966,5.63861108029875,0,21.61063604277071,80.69462890987988,"{""type"":""MultiPoint"",""coordinates"":[]}",PALAEOPROTEROZOIC - MESOPROTEROZOIC,,KHAIRAGARH,SITAGOTA,BASALT,,PALAEOPROTEROZOIC-MESOPROTEROZOIC-BASALT
2_814_0,107.15251,1814.0,1119.5,450.5,551.0,543.0,896.0,1698.5,1917.5,2064.5,2209.0,463409.5000105199,573,0.5835091,3.8020257826887662,0.985480943738657,0.8786631145555824,1.6203662349263064,3.141778,-14.01516958376866,-7.138498909554868,6.876670674213792,0,22.19085788478351,80.4016882957285,"{""type"":""MultiPoint"",""coordinates"":[]}",ARCHAEAN,,TIRODI GNEISSIC COMPLEX,,GNEISS/MIGMATITE,,ARCHAEAN-GNEISS-MIGMATITE
2_815_0,215.65071,2242.0,1489.0,695.3333333333334,887.0,980.0,1355.4,1928.0,2130.0,2154.0,2354.0,463409.5000105199,294,0.37460116,2.1979591836734693,1.104847801578354,1.0408542246982355,1.5057085292142378,3.4201543,-17.085957159801197,-9.856023062609172,7.229934097192025,0,21.65052124138562,80.25616121970114,"{""type"":""MultiPoint"",""coordinates"":[]}",PALAEOPROTEROZOIC,,SAUSAR,MANSAR,PHYLLITE,,PALAEOPROTEROZOIC-PHYLLITE
2_816_0,270.0,1914.0,1533.0,771.0,1036.0,1178.0,1472.0,1449.0,1599.0,1559.0,1527.0,463409.5000105199,284,0.1392035,1.3234295415959254,1.1370656370656371,1.22771007055805,1.24853228962818,2.989714,-24.33547739622064,-15.70214973897392,8.633327657246719,0,21.59069344346326,80.33081121981148,"{""type"":""MultiPoint"",""coordinates"":[]}",ARCHAEAN,,AMGAON GNEISSIC COMPLEX,,GRANITE GNEISS/MIGMATITE,,ARCHAEAN-GRANITE-GNEISS-MIGMATITE
2_817_0,252.86163,1778.0,914.5,535.0,680.5,627.0,1064.5,1954.0,2272.5,2500.0,2500.5,463409.5000105199,389,0.5989767,3.9872408293460926,0.9213813372520204,0.7112,1.9442318206670317,3.1442893,-15.394107363593116,-8.38855445788975,7.005552905703366,0,22.313477921065825,80.14998035311822,"{""type"":""MultiPoint"",""coordinates"":[]}",NEOPROTEROZOIC,,,,GRANITE,ACID  INTRUSIVE,NEOPROTEROZOIC-GRANITE
2_818_0,180.0,2099.0,1098.0,450.0,670.0,545.0,1096.0,2272.0,2614.0,2628.0,2868.0,463409.5000105199,293,0.6564765,4.822018348623853,0.8134328358208955,0.7987062404870624,1.9116575591985427,0.92740995,-13.145410940134983,-6.627920919898768,6.517490020236215,0,21.52089434588717,80.33566212234572,"{""type"":""MultiPoint"",""coordinates"":[]}",ARCHAEAN,,AMGAON GNEISSIC COMPLEX,,GRANITE GNEISS/MIGMATITE,,ARCHAEAN-GRANITE-GNEISS-MIGMATITE
2_819_0,227.04524,2801.0,1816.0,626.0,839.0,932.0,1369.0,2038.0,2303.0,2349.0,2622.0,2467.8938388836746,261,0.43188053,2.5203862660944205,1.1108462455303934,1.192422307364836,1.5424008810572687,2.7201817,-17.43854649989035,-11.438571633374568,5.999974866515782,0,21.40258622296863,79.81338161615864,"{""type"":""MultiPoint"",""coordinates"":[]}",ARCHAEAN,,AMGAON GNEISSIC COMPLEX,,GRANITE GNEISS/MIGMATITE,,ARCHAEAN-GRANITE-GNEISS-MIGMATITE
2_820_0,167.79993,1904.0,1062.0,400.5,564.5,490.5,957.0,1909.0,2180.5,2331.0,2450.5,463409.5000105199,520,0.6523126,4.752293577981652,0.8689105403011514,0.8168168168168168,1.792843691148776,4.733808,-13.600131816939598,-6.608971160807221,6.991160656132377,0,22.32695265032762,79.701810857871,"{""type"":""MultiPoint"",""coordinates"":[]}",LATE CRETACEOUS - PALAEOCENE,DECCAN TRAP,AMARKANTAK,DHUMA,BASALT,,LATE-CRETACEOUS-PALAEOCENE-BASALT
2_821_0,250.7611,1698.0,1046.0,380.0,534.0,505.0,865.0,1730.0,2044.0,2104.0,2295.0,463409.5000105199,376,0.6128785,4.166336633663367,0.9456928838951312,0.8070342205323194,1.6233269598470363,8.383973,-15.177456868045606,-8.428289251805325,6.749167616240282,0,21.461605537135284,80.6218653718662,"{""type"":""MultiPoint"",""coordinates"":[]}",PALAEOPROTEROZOIC - MESOPROTEROZOIC,,KHAIRAGARH,SITAGOTA,BASALT,,PALAEOPROTEROZOIC-MESOPROTEROZOIC-BASALT
2_822_0,270.0,1940.0,1031.0,427.0,668.0,549.0,1114.0,2104.0,2432.0,2581.0,2746.0,463409.5000105199,319,0.6492013,4.701275045537341,0.8218562874251497,0.7516466485858194,1.8816682832201743,1.9917517,-15.11225977749797,-8.874970196468134,6.237289581029836,0,21.415521963059952,80.02466537098354,"{""type"":""MultiPoint"",""coordinates"":[]}",ARCHAEAN,,AMGAON GNEISSIC COMPLEX,,GRANITE GNEISS/MIGMATITE,,ARCHAEAN-GRANITE-GNEISS-MIGMATITE
2_823_0,186.16388,1711.5,889.0,437.0,637.5,582.5,969.0,1779.0,2035.0,2218.5,2248.0,463409.5000105199,513,0.5840771,3.808583690987125,0.9137254901960784,0.7714672075726843,1.9251968503937007,9.247692,-15.54964088807013,-9.524857399638837,6.024783488431295,0,22.18789344434592,80.17558233871563,"{""type"":""MultiPoint"",""coordinates"":[]}",NEOPROTEROZOIC,,,,GRANITE,ACID  INTRUSIVE,NEOPROTEROZOIC-GRANITE
2_824_0,227.03749,2931.0,1953.0,792.0,1042.0,1164.0,1567.0,2169.0,2428.0,2478.0,2603.0,463409.5000105199,266,0.3607908,2.1288659793814437,1.1170825335892514,1.1828087167070218,1.5007680491551458,2.719787,-17.480475536337728,-10.172158297051388,7.308317239286341,0,21.36270102435373,79.84679894472788,"{""type"":""MultiPoint"",""coordinates"":[]}",ARCHAEAN,,AMGAON GNEISSIC COMPLEX,,GRANITE GNEISS/MIGMATITE,,ARCHAEAN-GRANITE-GNEISS-MIGMATITE
2_825_0,208.27783,2536.6666666666665,1751.6,657.1333333333333,879.1333333333333,1034.8461538461538,1393.7222222222222,1875.8125,2131.9166666666665,2190.0,2388.7,463409.5000105199,286,0.35820433,2.116256597041552,1.1771208241216582,1.1582952815829528,1.4481997411890082,2.1054044,-17.445526738876396,-10.650897871649844,6.794628867226553,0,21.648904273874205,80.05754371038232,"{""type"":""MultiPoint"",""coordinates"":[]}",ARCHAEAN,,TIRODI GNEISSIC COMPLEX,,GNEISS/MIGMATITE,,ARCHAEAN-GNEISS-MIGMATITE
2_826_0,227.1013,2564.0,1948.0,701.5,936.0,1103.0,1502.0,2052.0,2306.0,2390.5,2522.0,463409.5000105199,293,0.36854157,2.1672710788757934,1.1784188034188037,1.0725789583769083,1.3162217659137576,1.3622894,-17.435511504289956,-10.668926975694074,6.766584528595882,0,21.687172504977696,80.2235523748876,"{""type"":""MultiPoint"",""coordinates"":[]}",CENOZOIC,,,,LATERITE,,CENOZOIC-LATERITE
2_827_0,270.0,2685.0,1675.0,540.0,722.0,790.0,1268.0,2154.0,2478.0,2673.0,2710.0,463409.5000105199,638,0.5437482,3.383544303797468,1.0941828254847643,1.0044893378226711,1.6029850746268657,3.9927607,-17.864793442598888,-10.503945894334738,7.36084754826415,0,21.925944707496665,79.54388703092278,"{""type"":""MultiPoint"",""coordinates"":[]}",CENOZOIC,,,,LATERITE,,CENOZOIC-LATERITE
2_828_0,90.0,3414.0,2304.0,649.0,868.0,1012.0,1468.0,2369.0,2672.0,2928.0,3065.0,463409.5000105199,353,0.48629442,2.893280632411068,1.165898617511521,1.165983606557377,1.4817708333333333,0.9975675,-18.174572908903283,-11.594364090590735,6.580208818312546,0,21.618451385742556,80.66444551633347,"{""type"":""MultiPoint"",""coordinates"":[]}",ARCHAEAN,,AMGAON GNEISSIC COMPLEX,,GRANITE GNEISS/MIGMATITE,,ARCHAEAN-GRANITE-GNEISS-MIGMATITE
2_829_0,164.89734,1976.5,1017.0,462.5,692.0,577.5,1134.5,2202.5,2582.0,2737.0,2812.5,463409.5000105199,581,0.65153116,4.739393939393939,0.8345375722543352,0.7221410303251735,1.94346116027532,3.8369422,-13.966659416508124,-8.288617823936402,5.678041592571722,0,22.12429272223025,80.19444695968214,"{""type"":""MultiPoint"",""coordinates"":[]}",ARCHAEAN,,TIRODI GNEISSIC COMPLEX,,GNEISS/MIGMATITE,,ARCHAEAN-GNEISS-MIGMATITE
2_830_0,137.97581,1759.0,955.0,421.0,594.0,554.0,965.0,1766.0,2039.0,2228.0,2276.0,463409.5000105199,559,0.6017254,4.021660649819495,0.9326599326599326,0.7894973070017953,1.8418848167539268,7.448967,-13.067810729627464,-6.201700765998098,6.866109963629366,0,22.373036224402952,80.46798396369653,"{""type"":""MultiPoint"",""coordinates"":[]}",ARCHAEAN,,TIRODI GNEISSIC COMPLEX,,GNEISS/MIGMATITE,,ARCHAEAN-GNEISS-MIGMATITE
2_831_0,346.51077,1690.0,927.5,433.5,649.0,601.0,1074.0,1994.5,2318.5,2464.5,2593.0,463409.5000105199,586,0.6078943,4.100665557404327,0.926040061633282,0.685737472103875,1.8221024258760108,16.680632,-16.84752745054562,-9.89412345202466,6.95340399852096,0,22.121058787207424,80.65905562462875,"{""type"":""MultiPoint"",""coordinates"":[]}",PALAEOPROTEROZOIC,,SAUSAR,JUNEWANI,GREY & PINK GNEISS/QTZ-BIOTITE-SILLIMANITE GNEISS,,PALAEOPROTEROZOIC-GREY-PINK-GNEISS-QTZ-BIOTITE-SILLIMANITE-GNEISS
2_832_0,259.51706,1712.0,1098.5,515.0,676.0,648.0,1012.0,1825.5,2009.0,2107.5,2306.0,463409.5000105199,467,0.5296679,3.252314814814815,0.9585798816568049,0.8123368920521945,1.5584888484296768,5.084315,-16.197849794927496,-9.905627123286433,6.292222671641063,0,22.30808802936111,79.94489497375373,"{""type"":""MultiPoint"",""coordinates"":[]}",ARCHAEAN,,TIRODI GNEISSIC COMPLEX,,GNEISS/MIGMATITE,,ARCHAEAN-GNEISS-MIGMATITE
2_833_0,144.33899,1727.0,1071.5,722.5,956.0,980.5,1424.5,2054.0,2337.0,2514.5,2617.5,463409.5000105199,295,0.43891272,2.564507904130546,1.0256276150627617,0.686816464505866,1.6117592160522631,3.4205945,-18.460910450664898,-11.79073093938483,6.670179511280068,0,21.705228642188494,80.21950995610906,"{""type"":""MultiPoint"",""coordinates"":[]}",CENOZOIC,,,,LATERITE,,CENOZOIC-LATERITE
2_834_0,195.10355,1239.0,562.0,269.0,447.0,312.0,715.0,1719.0,2049.0,2103.0,2261.5,463409.5000105199,608,0.7416149,6.740384615384615,0.697986577181208,0.5891583452211127,2.204626334519573,3.8369582,-15.37777338160256,-7.742716661297942,7.635056720304616,0,22.1329165489578,80.7307411843015,"{""type"":""MultiPoint"",""coordinates"":[]}",PALAEOPROTEROZOIC,,SAUSAR,MANSAR,MUSCOVITE SCHIST,,PALAEOPROTEROZOIC-MUSCOVITE-SCHIST
2_835_0,270.0,3170.0,2626.5,1033.0,1291.5,1520.5,1841.5,2098.5,2369.5,2341.5,2530.5,463409.5000105199,585,0.21258415,1.5399539625123315,1.1773132017034456,1.353833013025838,1.206929373691224,1.0013907,-17.636853371391684,-10.19327533117987,7.443578040211815,0,22.16390842625993,80.34725038951086,"{""type"":""MultiPoint"",""coordinates"":[]}",ARCHAEAN,,TIRODI GNEISSIC COMPLEX,,GNEISS/MIGMATITE,,ARCHAEAN-GNEISS-MIGMATITE
2_836_0,23.374685,2897.5,1961.0,740.5,919.0,1125.5,1426.0,1944.5,2193.5,2285.5,2463.5,463409.5000105199,364,0.34007624,2.030653043091959,1.2247007616974972,1.267775103915992,1.4775624681285058,5.0390463,-17.073742813015755,-10.065350005010082,7.008392808005674,0,22.26119597153007,80.1513278260444,"{""type"":""MultiPoint"",""coordinates"":[]}",NEOPROTEROZOIC,,,,GRANITE,ACID  INTRUSIVE,NEOPROTEROZOIC-GRANITE
2_837_0,227.12468,1703.0,826.0,369.0,514.0,407.0,870.0,2022.0,2412.0,2626.0,2708.0,2780.017985553331,789,0.7316189,6.452088452088452,0.791828793774319,0.6485148514851485,2.0617433414043584,5.4362073,-15.32270109790226,-8.958619060177337,6.364082037724923,0,21.80467214414053,80.43591410805347,"{""type"":""MultiPoint"",""coordinates"":[]}",CENOZOIC,,,,LATERITE,,CENOZOIC-LATERITE
2_838_0,180.0,1950.0,1169.0,444.0,626.0,633.5,995.0,1785.0,2144.5,2363.5,2450.5,463409.5000105199,636,0.5772439,3.7308602999210736,1.0119808306709266,0.8250475988999365,1.6680923866552608,2.7802885,-15.567904267494804,-8.694825186167407,6.873079081327399,0,21.959092541480675,80.39575941485332,"{""type"":""MultiPoint"",""coordinates"":[]}",PALAEOPROTEROZOIC,,SAUSAR,MANSAR,PHYLLITE,,PALAEOPROTEROZOIC-PHYLLITE
2_839_0,277.53098,2655.5,2063.0,662.0,821.0,982.0,1220.5,1583.0,1751.5,1974.0,2044.0,463409.5000105199,576,0.33558863,2.010183299389002,1.1961023142509135,1.3452380952380951,1.2872031022782355,7.0410533,-20.31694186445272,-13.644016277286427,6.672925587166287,0,22.2682028307462,80.37797277222775,"{""type"":""MultiPoint"",""coordinates"":[]}",ARCHAEAN,,TIRODI GNEISSIC COMPLEX,,GNEISS/MIGMATITE,,ARCHAEAN-GNEISS-MIGMATITE
2_840_0,324.2456,1951.5,1366.5,687.0,848.5,902.5,1216.0,1903.5,2122.0,2243.0,2410.5,463409.5000105199,573,0.42616436,2.4853185595567866,1.063641720683559,0.8700401248328132,1.4281009879253568,3.4245942,-19.87055380152435,-11.344924493193174,8.525629308331174,0,22.194091819806346,79.52259695868915,"{""type"":""MultiPoint"",""coordinates"":[]}",LATE CRETACEOUS - PALAEOCENE,DECCAN TRAP,AMARKANTAK,DHUMA,BASALT,,LATE-CRETACEOUS-PALAEOCENE-BASALT
2_841_0,-0.0,2447.0,1686.5,592.5,789.0,764.5,1259.0,1937.0,2212.0,2340.5,2533.0,463409.5000105199,358,0.5075684,3.0614780902550685,0.9689480354879596,1.045503097628712,1.4509338867477024,2.7802885,-16.887028834555537,-9.136746450745584,7.750282383809953,0,21.598778281020333,79.53229876375764,"{""type"":""MultiPoint"",""coordinates"":[]}",ARCHAEAN,,TIRODI GNEISSIC COMPLEX,,GNEISS/MIGMATITE,,ARCHAEAN-GNEISS-MIGMATITE
2_842_0,199.7721,1866.0,1109.0,401.0,525.0,512.5,857.0,1584.5,1823.5,2066.5,2166.0,2627.6224995230955,610,0.60255915,4.03219512195122,0.9761904761904762,0.9029760464553592,1.6825969341749325,2.9541678,-15.078943638950392,-8.761509822820475,6.317433816129917,0,21.984425032492844,80.53670508293168,"{""type"":""MultiPoint"",""coordinates"":[]}",ARCHAEAN,,AMGAON GNEISSIC COMPLEX,,GRANITE GNEISS/MIGMATITE,,ARCHAEAN-GRANITE-GNEISS-MIGMATITE
2_843_0,270.0,1805.0,1084.0,656.5,888.5,930.5,1374.5,1746.5,1906.5,2065.5,2125.0,463409.5000105199,313,0.37883845,2.21977431488447,1.0472706809229038,0.8738804163640765,1.665129151291513,0.9985179,-18.098304396283773,-10.876476768048828,7.221827628234944,0,21.7556241296276,79.99933287997138,"{""type"":""MultiPoint"",""coordinates"":[]}",PALAEOPROTEROZOIC,,SAUSAR,MANSAR,SCHIST,,PALAEOPROTEROZOIC-SCHIST
2_844_0,164.9038,2715.0,1806.5,650.0,915.5,1033.5,1533.5,2017.5,2267.0,2360.5,2621.0,463409.5000105199,528,0.3909841,2.2839864537977745,1.1288913162206444,1.1501800466002965,1.502906172156103,3.8368256,-18.037339209615347,-11.54804665530014,6.489292554315208,0,22.06096149469983,79.75786573160005,"{""type"":""MultiPoint"",""coordinates"":[]}",ARCHAEAN,,TIRODI GNEISSIC COMPLEX,,GNEISS/MIGMATITE,,ARCHAEAN-GNEISS-MIGMATITE
2_845_0,304.92072,2320.0,1557.0,611.0,829.0,811.0,1235.0,2029.0,2240.0,2315.0,2582.0,463409.5000105199,321,0.48112604,2.8545006165228117,0.9782870928829916,1.0021598272138228,1.4900449582530508,4.849094,-15.838641032077138,-9.65730261621966,6.181338415857479,0,21.430344165247924,80.15995165277195,"{""type"":""MultiPoint"",""coordinates"":[]}",ARCHAEAN,,AMGAON GNEISSIC COMPLEX,,GRANITE GNEISS/MIGMATITE,,ARCHAEAN-GRANITE-GNEISS-MIGMATITE
2_846_0,283.05087,1467.5,726.5,330.5,485.5,402.5,822.0,1803.5,2069.5,2268.0,2344.0,1183.4272263219232,696,0.69855833,5.6347826086956525,0.8290422245108136,0.6470458553791887,2.019958706125258,4.100269,-13.959952991364624,-7.479180435920324,6.480772555444299,0,21.99520481590228,80.49062150885634,"{""type"":""MultiPoint"",""coordinates"":[]}",ARCHAEAN,,TIRODI GNEISSIC COMPLEX,,GNEISS/MIGMATITE,,ARCHAEAN-GNEISS-MIGMATITE
2_847_0,180.0,2009.0,1472.0,629.0,854.0,952.0,1382.0,2250.0,2433.0,2490.0,2691.0,463409.5000105199,629,0.44683322,2.615546218487395,1.1147540983606556,0.8068273092369478,1.3648097826086956,0.92740995,-17.57837175587858,-10.25060759377802,7.327764162100561,0,21.92756167500808,79.55870923311075,"{""type"":""MultiPoint"",""coordinates"":[]}",CENOZOIC,,,,LATERITE,,CENOZOIC-LATERITE
2_848_0,270.0,2945.0,2054.0,595.0,810.0,867.0,1253.0,2084.0,2327.0,2511.0,2637.0,463409.5000105199,296,0.4866785,2.8961937716262978,1.0703703703703704,1.1728395061728396,1.4337877312560856,3.9802723,-15.483667866408778,-9.785080562727307,5.698587303681469,0,21.47346329888566,80.3895610393929,"{""type"":""MultiPoint"",""coordinates"":[]}",ARCHAEAN,,AMGAON GNEISSIC COMPLEX,,GRANITE GNEISS/MIGMATITE,,ARCHAEAN-GRANITE-GNEISS-MIGMATITE
2_849_0,-0.0,2069.5,1377.5,500.5,702.5,758.5,1132.5,1686.5,1922.0,1987.0,2112.5,463409.5000105199,511,0.4474595,2.619644034278181,1.0797153024911033,1.0415198792148967,1.5023593466424685,0.92740995,-17.006140090420644,-9.501519995048008,7.504620095372637,0,22.34393080919748,79.68698865568302,"{""type"":""MultiPoint"",""coordinates"":[]}",LATE CRETACEOUS - PALAEOCENE,DECCAN TRAP,AMARKANTAK,DHUMA,BASALT,,LATE-CRETACEOUS-PALAEOCENE-BASALT
2_850_0,121.73177,1715.0,842.0,413.0,625.0,467.0,920.0,1954.0,2341.0,2513.0,2524.0,2318.124241709232,604,0.6865772,5.381156316916488,0.7472,0.6824512534818942,2.0368171021377672,3.5225163,-15.164277501269892,-8.865733413982593,6.298544087287301,0,21.941036404269877,80.25373576843403,"{""type"":""MultiPoint"",""coordinates"":[]}",PALAEOPROTEROZOIC,,SAUSAR,MANSAR,MUSCOVITE SCHIST,,PALAEOPROTEROZOIC-MUSCOVITE-SCHIST
2_851_0,23.37241,1833.5,942.0,454.0,571.5,545.5,972.0,1813.5,2155.0,2228.0,2388.5,463409.5000105199,523,0.6066342,4.084326306141155,0.9545056867891514,0.822935368043088,1.9463906581740975,5.0389605,-13.28502617848706,-5.864257077575118,7.420769100911942,0,22.245834780171627,80.21735399942719,"{""type"":""MultiPoint"",""coordinates"":[]}",NEOPROTEROZOIC,,,,GRANITE,ACID  INTRUSIVE,NEOPROTEROZOIC-GRANITE
2_852_0,227.1618,2811.5,1950.5,525.5,701.5,798.0,1162.0,1618.5,1847.5,2009.0,2127.0,463409.5000105199,587,0.43142146,2.517543859649123,1.1375623663578047,1.3994524639123942,1.4414252755703665,2.726135,-15.275982135574548,-7.443627824792047,7.832354310782501,0,21.9900844187828,80.73262764639814,"{""type"":""MultiPoint"",""coordinates"":[]}",CENOZOIC,,,,LATERITE,,CENOZOIC-LATERITE
2_853_0,90.0,1716.5,1021.0,387.0,524.5,490.0,862.5,1602.5,1826.5,2066.5,2096.0,2560.351538363433,610,0.6166634,4.21734693877551,0.9342230695900858,0.8306315025405274,1.681194906953967,1.0000906,-14.13822915100208,-7.597474011745115,6.540755139256964,0,21.98038261371431,80.53535761000549,"{""type"":""MultiPoint"",""coordinates"":[]}",ARCHAEAN,,AMGAON GNEISSIC COMPLEX,,GRANITE GNEISS/MIGMATITE,,ARCHAEAN-GRANITE-GNEISS-MIGMATITE
2_854_0,227.0903,3249.5,2404.25,754.0,1007.1428571428572,1204.0,1680.5,2221.5,2527.5,2543.5,2764.75,463409.5000105199,294,0.3574383,2.112541528239203,1.1954609929078015,1.2775702771771182,1.351564937090569,2.7224786,-17.769223813866116,-10.993961515445864,6.775262298420252,0,21.631656620419108,79.94489497375373,"{""type"":""MultiPoint"",""coordinates"":[]}",ARCHAEAN,,TIRODI GNEISSIC COMPLEX,,GNEISS/MIGMATITE,,ARCHAEAN-GNEISS-MIGMATITE
2_855_0,119.19303,1856.0,1084.0,388.0,511.0,536.0,928.0,1581.0,1846.0,1961.0,2093.0,463409.5000105199,433,0.57068485,3.658582089552239,1.0489236790606653,0.9464558898521164,1.7121771217712176,11.262025,-13.412796737700443,-6.031724146948202,7.381072590752241,0,21.376984237371225,80.78517909051914,"{""type"":""MultiPoint"",""coordinates"":[]}",PALAEOPROTEROZOIC - MESOPROTEROZOIC,,KHAIRAGARH,MANGIKHUTA,BASALT,,PALAEOPROTEROZOIC-MESOPROTEROZOIC-BASALT
2_856_0,-0.0,2164.0,1508.0,682.0,910.5,1018.0,1390.5,1874.5,2105.0,2126.0,2295.0,463409.5000105199,304,0.3524173,2.088408644400786,1.1180669961559582,1.0178739416745062,1.4350132625994696,1.8543341,-18.012659761671195,-10.170138317904671,7.842521443766524,0,21.74403586246246,80.31491103928256,"{""type"":""MultiPoint"",""coordinates"":[]}",ARCHAEAN,,TIRODI GNEISSIC COMPLEX,,GNEISS/MIGMATITE,,ARCHAEAN-GNEISS-MIGMATITE
2_857_0,-0.0,1595.0,759.0,403.0,570.5,456.5,821.5,1693.0,1960.0,2098.0,2185.5,1240.3628501370074,531,0.6425915,4.595837897042716,0.8001752848378615,0.7602478551000953,2.101449275362319,3.7047918,-14.52419426308354,-7.775877610680822,6.748316652402719,0,22.019459328573507,80.26047313306492,"{""type"":""MultiPoint"",""coordinates"":[]}",PALAEOPROTEROZOIC,,SAUSAR,JUNEWANI,GREY & PINK GNEISS/QTZ-BIOTITE-SILLIMANITE GNEISS,,PALAEOPROTEROZOIC-GREY-PINK-GNEISS-QTZ-BIOTITE-SILLIMANITE-GNEISS
2_858_0,227.1734,1795.5,1181.0,640.5,903.0,892.0,1332.5,1807.5,1970.5,2010.0,2247.5,463409.5000105199,357,0.38525155,2.2533632286995515,0.9878183831672204,0.8932835820895523,1.5203217612193056,2.7267294,-18.122791158645903,-10.050533251515532,8.072257907130371,0,22.04748676543804,79.987475118221,"{""type"":""MultiPoint"",""coordinates"":[]}",ARCHAEAN,,TIRODI GNEISSIC COMPLEX,,GNEISS/MIGMATITE,,ARCHAEAN-GNEISS-MIGMATITE
2_859_0,19.744562,2976.5,2077.5,766.5,984.0,1079.5,1604.5,2285.0,2552.5,2643.5,2871.0,463409.5000105199,320,0.42009133,2.448818897637796,1.0970528455284554,1.1259693588046151,1.4327316486161252,2.9536588,-16.48393377657967,-9.800715872763329,6.683217903816342,0,21.76882936430416,79.90581825889453,"{""type"":""MultiPoint"",""coordinates"":[]}",ARCHAEAN,,TIRODI GNEISSIC COMPLEX,,GNEISS/MIGMATITE,,ARCHAEAN-GNEISS-MIGMATITE
2_860_0,132.92746,3324.0,2255.0,578.0,797.0,935.0,1421.0,2229.0,2539.0,2735.0,2850.0,463409.5000105199,337,0.49046323,2.9251336898395723,1.1731493099121706,1.2153564899451554,1.4740576496674058,1.3615544,-20.44021679394774,-12.636828951080693,7.80338784286705,0,21.54164542895033,80.60731266426347,"{""type"":""MultiPoint"",""coordinates"":[]}",ARCHAEAN,,AMGAON GNEISSIC COMPLEX,,GRANITE GNEISS/MIGMATITE,,ARCHAEAN-GRANITE-GNEISS-MIGMATITE
2_861_0,47.201706,2221.5,1331.0,532.5,728.0,701.5,1178.5,2017.5,2330.0,2525.0,2665.0,463409.5000105199,511,0.5651635,3.599429793300071,0.9635989010989012,0.8798019801980198,1.669045830202855,1.3648645,-14.539230487166645,-7.313854586972155,7.225375900194487,0,22.187354455175445,79.70827872791665,"{""type"":""MultiPoint"",""coordinates"":[]}",ARCHAEAN,,TIRODI GNEISSIC COMPLEX,,GNEISS/MIGMATITE,,ARCHAEAN-GNEISS-MIGMATITE
2_862_0,199.77774,2090.0,1313.0,676.0,970.5,940.6666666666666,1589.75,2317.5,2607.0,2660.0,2855.625,463409.5000105199,335,0.47750416,2.8277817150956768,0.9692598317018718,0.7857142857142857,1.5917745620715915,2.9542723,-15.44486536471075,-8.95116716030152,6.493698204409231,0,22.02835264988629,80.03221121937015,"{""type"":""MultiPoint"",""coordinates"":[]}",ARCHAEAN,,TIRODI GNEISSIC COMPLEX,,GNEISS/MIGMATITE,,ARCHAEAN-GNEISS-MIGMATITE
2_863_0,35.66824,2925.5,1985.0,591.0,727.5,799.0,1249.0,2068.0,2359.0,2619.5,2683.0,2876.5604460883487,361,0.53254354,3.278473091364205,1.0982817869415809,1.1168161862950945,1.4738035264483629,3.4209037,-15.708392637941891,-9.24761077515801,6.460781862783881,0,21.74349687329199,79.65626627296614,"{""type"":""MultiPoint"",""coordinates"":[]}",ARCHAEAN,,TIRODI GNEISSIC COMPLEX,,GNEISS/MIGMATITE,,ARCHAEAN-GNEISS-MIGMATITE
2_864_0,208.38548,1819.0,1456.5,569.0,705.0,852.0,1046.5,1840.5,2066.5,2204.0,2334.5,463409.5000105199,487,0.44240838,2.5868544600938965,1.2085106382978723,0.8253176043557169,1.2488843117061448,2.1075363,-17.26614043037997,-9.336199261234142,7.9299411691458275,0,22.28787593546842,79.92791681488387,"{""type"":""MultiPoint"",""coordinates"":[]}",LATE CRETACEOUS - PALAEOCENE,DECCAN TRAP,AMARKANTAK,DHUMA,BASALT,,LATE-CRETACEOUS-PALAEOCENE-BASALT
2_865_0,-0.0,1850.0,1273.5,608.0,741.5,864.5,1125.5,1608.5,1775.5,1789.0,1937.5,463409.5000105199,488,0.34840778,2.069404279930596,1.1658799730276466,1.034097261039687,1.452689438555163,0.92740995,-17.53169757527104,-11.639878326369669,5.8918192489013705,0,22.238019437199785,79.75570977491816,"{""type"":""MultiPoint"",""coordinates"":[]}",ARCHAEAN,,TIRODI GNEISSIC COMPLEX,,GNEISS/MIGMATITE,,ARCHAEAN-GNEISS-MIGMATITE
2_866_0,65.12764,3534.5,2913.0,861.5,1134.0,1280.5,1705.5,2384.5,2586.0,2747.5,2815.5,2151.139233057684,574,0.3642006,2.145646231940648,1.129188712522046,1.286442220200182,1.2133539306556815,2.2040832,-17.57549177242131,-10.207492430088775,7.367999342332531,0,21.998169256339875,80.29119551578181,"{""type"":""MultiPoint"",""coordinates"":[]}",PALAEOPROTEROZOIC,,SAUSAR,MANSAR,BIOTITE SCHIST,,PALAEOPROTEROZOIC-BIOTITE-SCHIST
2_867_0,270.0,2278.0,1740.0,590.0,848.0,1019.0,1333.0,1744.0,1901.0,2012.0,2058.0,463409.5000105199,625,0.32761464,1.974484789008832,1.2016509433962264,1.13220675944334,1.3091954022988506,3.9943008,-17.072332731179266,-9.83540224063658,7.236930490542685,0,21.98092160288478,79.55143287930939,"{""type"":""MultiPoint"",""coordinates"":[]}",CENOZOIC,,,,LATERITE,,CENOZOIC-LATERITE
2_868_0,208.37479,2693.5,1794.5,512.5,702.0,775.0,1286.0,2035.5,2299.5,2512.5,2632.0,463409.5000105199,371,0.5285171,3.2419354838709675,1.103988603988604,1.072039800995025,1.5009752020061298,2.1073241,-15.6377998737379,-9.03378918716844,6.60401068656946,0,22.225353191693703,80.00121934206803,"{""type"":""MultiPoint"",""coordinates"":[]}",ARCHAEAN,,TIRODI GNEISSIC COMPLEX,,GNEISS/MIGMATITE,,ARCHAEAN-GNEISS-MIGMATITE
2_869_0,114.89659,3146.0,2147.0,825.0,1153.0,1244.0,1803.0,2483.0,2747.0,2851.0,2991.0,1597.6232346833217,310,0.3924298,2.2918006430868165,1.0789245446660884,1.1034724658014732,1.4653004191895669,2.2020764,-18.092757868247556,-10.21701703343629,7.875740834811262,0,21.84024542939166,80.01631103884124,"{""type"":""MultiPoint"",""coordinates"":[]}",PALAEOPROTEROZOIC,,SAUSAR,MANSAR,MUSCOVITE SCHIST,,PALAEOPROTEROZOIC-MUSCOVITE-SCHIST
2_870_0,270.0,3565.0,2472.0,722.0,978.7142857142856,1139.0,1592.0,2327.0,2615.5,2863.0,3020.0,463409.5000105199,337,0.4307846,2.5136084284460054,1.163771712158809,1.245197345441844,1.4421521035598706,3.9857135,-17.405516671455217,-11.268258103257594,6.137258568197623,0,21.672080808204488,80.45909064238374,"{""type"":""MultiPoint"",""coordinates"":[]}",ARCHAEAN,,AMGAON GNEISSIC COMPLEX,,AMPHIBOLITE,,ARCHAEAN-AMPHIBOLITE
2_871_0,346.50897,3750.0,2743.0,782.5,976.5,1119.0,1596.0,2167.0,2438.0,2673.5,2873.0,463409.5000105199,555,0.40988794,2.3891867739052723,1.1459293394777266,1.4026556947821207,1.3671162960262486,8.520909,-19.446984083370957,-11.867545572625028,7.579438510745925,0,22.140462397344407,80.46609750159988,"{""type"":""MultiPoint"",""coordinates"":[]}",PALAEOPROTEROZOIC,,SAUSAR,MANSAR,PHYLLITE,,PALAEOPROTEROZOIC-PHYLLITE
2_872_0,245.02715,2155.5,1374.5,640.5,830.5,912.0,1335.0,1947.5,2261.5,2312.0,2452.5,463409.5000105199,323,0.43424317,2.5350877192982457,1.098133654425045,0.9323096885813148,1.5682066205893053,2.195787,-17.195406122091885,-10.351125672892286,6.8442804491996,0,21.336021060415376,80.51918793489135,"{""type"":""MultiPoint"",""coordinates"":[]}",PALAEOPROTEROZOIC,,NANDGAON,BIJLI,RHYOLITE,,PALAEOPROTEROZOIC-RHYOLITE
2_873_0,60.97923,1810.5,1415.0,701.5,851.5,905.0,1238.5,2098.0,2415.0,2413.5,2725.5,463409.5000105199,470,0.45457286,2.666850828729282,1.0628302994715209,0.7501553760099441,1.279505300353357,5.7165155,-14.919334380526475,-8.794020488486536,6.125313892039941,0,22.386241459079507,79.72714334888316,"{""type"":""MultiPoint"",""coordinates"":[]}",LATE CRETACEOUS - PALAEOCENE,DECCAN TRAP,AMARKANTAK,DHUMA,BASALT,,LATE-CRETACEOUS-PALAEOCENE-BASALT
2_874_0,90.0,2185.0,1071.0,485.0,744.0,582.0,1191.0,2198.0,2531.0,2547.0,2823.0,463409.5000105199,480,0.62799615,4.376288659793815,0.782258064516129,0.8578720062819003,2.0401493930905694,1.9981765,-14.428782990581418,-8.22392385355925,6.204859137022169,0,21.88093911176228,79.8920740350475,"{""type"":""MultiPoint"",""coordinates"":[]}",PALAEOPROTEROZOIC,,SAUSAR,LOHANGI ( INCLUDES UTEKATA),CALC GNEISS,,PALAEOPROTEROZOIC-CALC-GNEISS
2_875_0,47.13499,3305.0,2329.0,715.0,976.0,1010.0,1512.0,2254.0,2546.0,2816.0,2869.0,2004.4201156444224,311,0.47203344,2.788118811881188,1.0348360655737705,1.173650568181818,1.4190639759553456,1.3631519,-17.647820865346688,-12.15728456115825,5.490536304188439,0,21.85641510450581,80.28041573237238,"{""type"":""MultiPoint"",""coordinates"":[]}",ARCHAEAN,,TIRODI GNEISSIC COMPLEX,,GNEISS/MIGMATITE,,ARCHAEAN-GNEISS-MIGMATITE
2_876_0,270.0,2351.0,1535.0,709.0,961.0,1145.0,1459.0,2072.0,2401.0,2502.0,2631.0,463409.5000105199,309,0.37208664,2.1851528384279475,1.1914672216441209,0.9396482813749,1.5315960912052118,4.9720774,-19.14836397434368,-12.337301983680636,6.81106199066304,0,21.509575573307263,80.4580126640428,"{""type"":""MultiPoint"",""coordinates"":[]}",ARCHAEAN,,AMGAON GNEISSIC COMPLEX,,GRANITE GNEISS/MIGMATITE,,ARCHAEAN-GRANITE-GNEISS-MIGMATITE
2_877_0,301.6612,1893.0,1123.0,469.0,585.5,612.5,921.5,1546.5,1836.0,2003.5,2142.0,463409.5000105199,488,0.53172785,3.271020408163265,1.0461144321093083,0.9448465185924632,1.6856634016028496,3.529531,-15.7072024967945,-8.889005513910508,6.818196982883992,0,22.329108607009506,80.42216988420644,"{""type"":""MultiPoint"",""coordinates"":[]}",ARCHAEAN,,TIRODI GNEISSIC COMPLEX,,GNEISS/MIGMATITE,,ARCHAEAN-GNEISS-MIGMATITE
2_878_0,312.77756,3580.5,2721.0,1016.5,1336.0,1668.5,1971.5,2421.0,2637.0,2871.5,2957.5,463409.5000105199,532,0.26497796,1.72100689241834,1.248877245508982,1.2469092808636602,1.3158765159867696,1.3653977,-18.40842837270569,-9.942481409130608,8.465946963575082,0,22.28895391380936,80.35991663501696,"{""type"":""MultiPoint"",""coordinates"":[]}",ARCHAEAN,,TIRODI GNEISSIC COMPLEX,,GNEISS/MIGMATITE,,ARCHAEAN-GNEISS-MIGMATITE
2_879_0,-0.0,1842.0,1567.5,624.0,782.0,921.5,1199.0,1755.5,1934.0,1956.0,2184.5,463409.5000105199,524,0.35951346,2.1226261530113946,1.1783887468030692,0.941717791411043,1.1751196172248803,1.8543341,-17.658682095306954,-11.250039137383911,6.408642957923043,0,22.327761134083328,79.58215526202628,"{""type"":""MultiPoint"",""coordinates"":[]}",LATE CRETACEOUS - PALAEOCENE,DECCAN TRAP,AMARKANTAK,DHUMA,BASALT,,LATE-CRETACEOUS-PALAEOCENE-BASALT
2_880_0,331.72565,2239.5,1396.25,580.9285714285714,734.0,810.9090909090909,1217.9583333333337,1888.2,2072.0,2067.0,2308.5,463409.5000105199,291,0.43645954,2.5489910313901345,1.104780777805301,1.083454281567489,1.6039391226499553,2.1053355,-16.222315554820614,-10.228176859620476,5.994138695200139,0,21.62788369622581,80.00687872835798,"{""type"":""MultiPoint"",""coordinates"":[]}",ARCHAEAN,,TIRODI GNEISSIC COMPLEX,,GNEISS/MIGMATITE,,ARCHAEAN-GNEISS-MIGMATITE
2_881_0,-0.0,1788.5,973.5,499.0,677.5,613.5,1068.0,1860.5,2131.5,2366.5,2400.0,463409.5000105199,326,0.58825505,3.8573757131214346,0.9055350553505536,0.755757447707585,1.8371854134566,4.6273675,-14.449958481157822,-6.7394344822961845,7.710523998861637,0,22.02592719861917,80.13434966717453,"{""type"":""MultiPoint"",""coordinates"":[]}",ARCHAEAN,,TIRODI GNEISSIC COMPLEX,,GNEISS/MIGMATITE,,ARCHAEAN-GNEISS-MIGMATITE
2_882_0,340.20987,1804.5,963.5,550.5,749.5,620.0,1236.0,2117.5,2461.5,2482.0,2633.5,463409.5000105199,503,0.6002579,4.003225806451613,0.8272181454302868,0.7270346494762289,1.8728593668915408,2.9545016,-17.438960940000154,-10.673320023334476,6.765640916665678,0,22.12429272223025,79.7559792695034,"{""type"":""MultiPoint"",""coordinates"":[]}",ARCHAEAN,,TIRODI GNEISSIC COMPLEX,,GNEISS/MIGMATITE,,ARCHAEAN-GNEISS-MIGMATITE
2_883_0,121.833984,2010.0,1189.0,452.0,676.0,741.0,1090.0,1811.0,2084.0,2186.0,2380.0,463409.5000105199,613,0.49367952,2.950067476383266,1.0961538461538465,0.919487648673376,1.690496215306981,28.917185,-9.10030166466807,-2.1843197233892133,6.915981941278856,0,21.366204453961792,80.67414732140196,"{""type"":""MultiPoint"",""coordinates"":[]}",PALAEOPROTEROZOIC - MESOPROTEROZOIC,,KHAIRAGARH,KOTIMA,BASALT,,PALAEOPROTEROZOIC-MESOPROTEROZOIC-BASALT
2_884_0,220.68633,1795.0,962.0,350.0,513.0,433.0,866.0,1707.0,2019.0,2117.0,2306.0,463409.5000105199,691,0.66039217,4.8891454965357966,0.8440545808966862,0.8478979688238073,1.865904365904366,6.092607,-13.464489980633417,-7.117687159873602,6.346802820759815,0,21.481548136442736,80.76065508326268,"{""type"":""MultiPoint"",""coordinates"":[]}",PALAEOPROTEROZOIC - MESOPROTEROZOIC,,KHAIRAGARH,MANGIKHUTA,BASALT,,PALAEOPROTEROZOIC-MESOPROTEROZOIC-BASALT
2_885_0,238.23499,1952.0,1208.0,461.0,639.0,578.0,1043.0,1870.0,2066.0,2230.0,2320.0,463409.5000105199,467,0.58831906,3.858131487889273,0.9045383411580594,0.8753363228699551,1.6158940397350994,13.8202095,-16.71886873836245,-10.93738466305771,5.781484075304739,0,21.75589362421284,80.71322403626115,"{""type"":""MultiPoint"",""coordinates"":[]}",PALAEOPROTEROZOIC - MESOPROTEROZOIC,,KHAIRAGARH,SITAGOTA,BASALT,,PALAEOPROTEROZOIC-MESOPROTEROZOIC-BASALT
2_886_0,180.0,2027.0,1050.0,433.0,624.0,575.5,1163.5,2006.0,2328.5,2417.0,2635.0,463409.5000105199,585,0.61537176,4.199826238053866,0.9222756410256412,0.8386429458005792,1.9304761904761905,1.8543341,-14.869540408227008,-8.536269931506977,6.333270476720029,0,21.86503893123336,79.5290648287348,"{""type"":""MultiPoint"",""coordinates"":[]}",ARCHAEAN,,TIRODI GNEISSIC COMPLEX,,GNEISS/MIGMATITE,,ARCHAEAN-GNEISS-MIGMATITE
2_887_0,167.84492,1450.5,852.1666666666666,475.8888888888889,603.7857142857143,540.5714285714286,985.3333333333334,1882.0,2183.777777777778,2364.964285714286,2524.553571428572,2660.3007348794235,311,0.6279024,4.374933932346723,0.8953034425647698,0.6133285008834323,1.7021318208488168,4.7330093,-14.68581348425867,-8.939015055738526,5.746798428520144,0,21.788232974441144,80.10093233860529,"{""type"":""MultiPoint"",""coordinates"":[]}",PALAEOPROTEROZOIC,,SAUSAR,MANSAR,PHYLLITE,,PALAEOPROTEROZOIC-PHYLLITE
2_888_0,114.84057,1924.0,1364.0,485.0,715.5,801.5,1126.5,1820.0,2112.5,2209.0,2318.0,463409.5000105199,568,0.4675303,2.756082345601996,1.1201956673654787,0.8709823449524672,1.4105571847507332,2.2067223,-16.252761827085617,-9.438702060789744,6.814059766295873,0,22.20325463570436,80.29496843997511,"{""type"":""MultiPoint"",""coordinates"":[]}",NEOPROTEROZOIC,,,,GRANITE,ACID  INTRUSIVE,NEOPROTEROZOIC-GRANITE
2_889_0,-0.0,2580.5,1661.0,506.5,728.5,778.0,1195.5,1832.0,2144.5,2216.5,2403.5,3250.415358073488,580,0.48038068,2.8489717223650386,1.0679478380233356,1.164222873900293,1.553582179409994,0.92740995,-14.97764141528565,-8.594448985962595,6.383192429323055,0,21.981191097470017,80.55395273638676,"{""type"":""MultiPoint"",""coordinates"":[]}",PALAEOPROTEROZOIC,,,,GRANITE,MALANJKHAND GRANITE,PALAEOPROTEROZOIC-GRANITE
2_890_0,47.084538,1879.0,1280.0,687.75,911.4,1007.0,1333.0,1977.0,2262.0,2258.0,2379.0,3448.8983748437704,280,0.38315466,2.242303872889772,1.1048935703313585,0.8321523472099203,1.46796875,1.3618608,-18.28084911475559,-10.689074440568303,7.5917746741872865,0,21.60255120521364,80.0454164540467,"{""type"":""MultiPoint"",""coordinates"":[]}",ARCHAEAN,,TIRODI GNEISSIC COMPLEX,,GNEISS/MIGMATITE,,ARCHAEAN-GNEISS-MIGMATITE
2_891_0,7.641521,3877.5,2990.5,863.0,1161.0,1527.0,1943.0,2514.5,2815.5,2921.0,3105.5,463409.5000105199,346,0.31339929,1.9129011132940408,1.3152454780361758,1.327456350564875,1.2966059187426853,7.4442377,-17.31352055932273,-10.521489903555311,6.792030655767416,0,21.30179524809042,80.29847186958318,"{""type"":""MultiPoint"",""coordinates"":[]}",PALAEOPROTEROZOIC,,,,GRANITE,DONGARGARH GRANITE,PALAEOPROTEROZOIC-GRANITE
2_892_0,208.29509,2558.0,1784.0,663.5,912.5,1013.5,1483.0,2197.5,2410.5,2480.0,2741.5,463409.5000105199,314,0.4197796,2.4469659595461275,1.1106849315068492,1.0314516129032258,1.4338565022421526,2.1057453,-16.735491448824284,-10.093065937174494,6.64242551164979,0,21.752659689190008,80.36153360252837,"{""type"":""MultiPoint"",""coordinates"":[]}",ARCHAEAN,,AMGAON GNEISSIC COMPLEX,,GRANITE GNEISS/MIGMATITE,,ARCHAEAN-GRANITE-GNEISS-MIGMATITE
2_893_0,-0.0,1286.0,856.0,526.0,712.0,713.0,1119.0,1611.0,1788.0,1888.0,1956.0,463409.5000105199,281,0.45174932,2.64796633941094,1.0014044943820224,0.6811440677966102,1.5023364485981308,0.92740995,-16.380547894824346,-9.209504245524606,7.17104364929974,0,21.40150824462769,79.6312032765392,"{""type"":""MultiPoint"",""coordinates"":[]}",PALAEOPROTEROZOIC,,SAUSAR,MANSAR,MUSCOVITE SCHIST,,PALAEOPROTEROZOIC-MUSCOVITE-SCHIST
2_894_0,47.037323,3490.0,2524.0,824.0,1123.0,1403.0,1854.0,2368.0,2682.0,2830.0,3022.0,463409.5000105199,294,0.33711317,2.017106200997861,1.2493321460373998,1.2332155477031803,1.3827258320126783,1.3606558,-18.191485108757,-11.314474375768784,6.877010732988213,0,21.361892540598017,79.97373089437397,"{""type"":""MultiPoint"",""coordinates"":[]}",ARCHAEAN,,AMGAON GNEISSIC COMPLEX,,GRANITE GNEISS/MIGMATITE,,ARCHAEAN-GRANITE-GNEISS-MIGMATITE
2_895_0,137.9761,1333.0,630.0,296.0,437.0,326.0,716.0,1666.0,2017.0,2080.0,2247.0,463409.5000105199,568,0.7290108,6.380368098159509,0.7459954233409611,0.6408653846153847,2.115873015873016,7.448934,-14.064575621487016,-6.986870331068767,7.077705290418249,0,22.37168875147677,80.58117168949559,"{""type"":""MultiPoint"",""coordinates"":[]}",ARCHAEAN,,TIRODI GNEISSIC COMPLEX,,GNEISS/MIGMATITE,,ARCHAEAN-GNEISS-MIGMATITE
2_896_0,312.82297,3086.0,2348.5,725.0,1076.5,1291.0,1681.5,2120.5,2307.0,2487.0,2577.0,463409.5000105199,569,0.31656963,1.9264136328427572,1.1992568509057129,1.240852432649779,1.314030232063019,2.7269163,-18.514983844388823,-11.669825880192016,6.845157964196808,0,22.06554290264884,80.78221465008154,"{""type"":""MultiPoint"",""coordinates"":[]}",PALAEOPROTEROZOIC,,,,GRANITE,MALANJKHAND GRANITE,PALAEOPROTEROZOIC-GRANITE
2_897_0,-0.0,2957.0,1980.0,582.0,806.0,873.0,1428.0,2270.0,2646.0,2733.0,2945.0,463409.5000105199,539,0.515807,3.1305841924398625,1.0831265508684864,1.0819612147822906,1.4934343434343431,0.92740995,-16.108159326557935,-9.55120626757479,6.5569530589831455,0,21.975801205765297,79.80206284357872,"{""type"":""MultiPoint"",""coordinates"":[]}",ARCHAEAN,,TIRODI GNEISSIC COMPLEX,,GNEISS/MIGMATITE,,ARCHAEAN-GNEISS-MIGMATITE
2_898_0,347.88297,2424.0,1678.5,680.5,873.0,1033.0,1433.5,1935.0,2138.5,2129.5,2314.5,463409.5000105199,332,0.34671935,2.0614714424007743,1.1832760595647194,1.138295374501057,1.4441465594280607,4.7323365,-18.177578352609093,-11.48385909635082,6.693719256258271,0,21.319851385301224,80.21304208606341,"{""type"":""MultiPoint"",""coordinates"":[]}",ARCHAEAN,,AMGAON GNEISSIC COMPLEX,,GRANITE GNEISS/MIGMATITE,,ARCHAEAN-GRANITE-GNEISS-MIGMATITE
2_899_0,90.0,2380.5,1582.5,583.5,807.5,820.8,1332.0,2160.0,2475.0,2539.0,2662.25,463409.5000105199,332,0.5113995,3.09332358674464,1.016470588235294,0.9375738479716424,1.504265402843602,1.9953437,-15.06816916262835,-7.951662824760536,7.116506337867813,0,21.677201205323968,79.87940778954142,"{""type"":""MultiPoint"",""coordinates"":[]}",ARCHAEAN,,TIRODI GNEISSIC COMPLEX,,GNEISS/MIGMATITE,,ARCHAEAN-GNEISS-MIGMATITE
2_900_0,47.20323,3245.5,2240.5,773.0,999.5,1089.5,1591.0,2149.5,2417.0,2541.5,2661.0,463409.5000105199,589,0.39988983,2.3327214318494724,1.0900450225112557,1.2770017706079086,1.4485605891542066,1.3649037,-18.233823210720537,-11.947271779837656,6.286551430882881,0,22.19463080897681,80.25939515472398,"{""type"":""MultiPoint"",""coordinates"":[]}",NEOPROTEROZOIC,,,,GRANITE,ACID  INTRUSIVE,NEOPROTEROZOIC-GRANITE
2_901_0,119.14952,2804.0,2070.0,658.6153846153846,887.5714285714286,918.3333333333334,1348.0,2236.0,2510.0,2598.0,2732.5,463409.5000105199,282,0.47767562,2.829038112522686,1.034658511722732,1.0792917628945342,1.3545893719806763,5.69362,-15.4687104360568,-8.428012939084201,7.040697496972598,0,21.636507522953355,80.27745129193478,"{""type"":""MultiPoint"",""coordinates"":[]}",ARCHAEAN,,AMGAON GNEISSIC COMPLEX,,GRANITE GNEISS/MIGMATITE,,ARCHAEAN-GRANITE-GNEISS-MIGMATITE
2_902_0,47.152363,1741.0,1138.0,603.9166666666666,796.4375,793.4285714285714,1250.5555555555557,1787.5,1996.2,2048.5,2112.828571428571,463409.5000105199,319,0.44162667,2.5818329132157003,0.9962220154482572,0.8498901635342934,1.5298769771528995,2.7256515,-16.628054936002485,-9.027722753135206,7.6003321828672785,0,21.94319236095176,80.09662042524153,"{""type"":""MultiPoint"",""coordinates"":[]}",PALAEOPROTEROZOIC,,SAUSAR,MANSAR,BIOTITE SCHIST,,PALAEOPROTEROZOIC-BIOTITE-SCHIST
2_903_0,208.30923,1437.0,709.0,348.0,466.0,379.0,737.0,1570.0,1833.0,2047.0,2116.0,463409.5000105199,529,0.6875515,5.401055408970977,0.8133047210300429,0.7020029311187103,2.026798307475317,2.106025,-14.21928517102668,-7.399504537788109,6.819780633238572,0,21.837550483539303,80.51864894572087,"{""type"":""MultiPoint"",""coordinates"":[]}",ARCHAEAN,,AMGAON GNEISSIC COMPLEX,,GRANITE GNEISS/MIGMATITE,,ARCHAEAN-GRANITE-GNEISS-MIGMATITE
2_904_0,144.95139,2024.0,1204.0,432.0,657.0,598.0,1177.0,2006.0,2303.0,2430.0,2551.0,463409.5000105199,582,0.6050198,4.063545150501672,0.9101978691019786,0.8329218106995885,1.681063122923588,24.45545,-7.114435168883704,0.2801729155902053,7.394608084473909,0,21.608480086088825,80.5550307147277,"{""type"":""MultiPoint"",""coordinates"":[]}",ARCHAEAN,,AMGAON GNEISSIC COMPLEX,,GRANITE GNEISS/MIGMATITE,,ARCHAEAN-GRANITE-GNEISS-MIGMATITE
2_905_0,270.0,2860.0,1916.5,670.0,912.0,1055.0,1515.5,2253.0,2556.5,2685.0,2828.5,463409.5000105199,343,0.43582886,2.5450236966824646,1.156798245614035,1.0651769087523275,1.4923036785807462,0.9986377,-17.08226375303561,-9.835980186904171,7.246283566131435,0,21.7728717830827,79.83898360175604,"{""type"":""MultiPoint"",""coordinates"":[]}",ARCHAEAN,,TIRODI GNEISSIC COMPLEX,,GNEISS/MIGMATITE,,ARCHAEAN-GNEISS-MIGMATITE
2_906_0,230.1211,1878.0,973.0,468.0,704.0,582.0,1112.0,2225.0,2547.0,2686.0,2725.0,1753.909917869216,469,0.64381886,4.615120274914089,0.8267045454545454,0.699180938198064,1.9301130524152104,12.801729,-16.193308677133587,-9.591372065361858,6.601936611771729,0,21.82272828135133,80.32057042557251,"{""type"":""MultiPoint"",""coordinates"":[]}",ARCHAEAN,,TIRODI GNEISSIC COMPLEX,,GNEISS/MIGMATITE,,ARCHAEAN-GNEISS-MIGMATITE
2_907_0,132.84055,3409.0,2393.0,749.0,1032.0,1330.0,1786.0,2290.0,2570.0,2684.0,2871.0,463409.5000105199,533,0.33731937,2.0180451127819548,1.2887596899224807,1.2701192250372575,1.4245716673631426,1.3637792,-17.976065092413492,-10.76494173625526,7.211123356158232,0,21.978226657032423,79.79586446811831,"{""type"":""MultiPoint"",""coordinates"":[]}",ARCHAEAN,,TIRODI GNEISSIC COMPLEX,,GNEISS/MIGMATITE,,ARCHAEAN-GNEISS-MIGMATITE
2_909_0,331.75424,1984.0,1160.0,419.0,591.0,555.0,981.0,1858.0,2089.0,2289.0,2328.0,463409.5000105199,343,0.6097046,4.124324324324324,0.9390862944162436,0.8667540410659677,1.710344827586207,2.1047714,-14.916808540216143,-7.2778042793889135,7.639004260827232,0,21.45405968874868,80.55395273638676,"{""type"":""MultiPoint"",""coordinates"":[]}",ARCHAEAN,,AMGAON GNEISSIC COMPLEX,,GRANITE GNEISS/MIGMATITE,,ARCHAEAN-GRANITE-GNEISS-MIGMATITE
2_910_0,60.98093,1999.5,1577.0,738.0,910.0,1095.0,1342.0,1899.5,2143.5,2257.5,2387.5,463409.5000105199,522,0.34675616,2.0616438356164384,1.2032967032967032,0.8857142857142857,1.2679137603043753,5.7168193,-15.862021549393056,-9.28728466737368,6.574736882019376,0,22.395943264148,79.60775724762368,"{""type"":""MultiPoint"",""coordinates"":[]}",LATE CRETACEOUS - PALAEOCENE,DECCAN TRAP,AMARKANTAK,DHUMA,BASALT,,LATE-CRETACEOUS-PALAEOCENE-BASALT
2_911_0,353.845,1532.5,730.5,390.5,533.5,441.5,840.0,1542.5,1882.0,1951.5,2129.0,1934.9935400408965,651,0.6310071,4.420158550396376,0.8275538894095595,0.7852933640789137,2.0978781656399725,9.2475395,-16.896744423591414,-10.32872789228693,6.568016531304485,0,21.982538570396198,80.5181099565504,"{""type"":""MultiPoint"",""coordinates"":[]}",ARCHAEAN,,TIRODI GNEISSIC COMPLEX,,GNEISS/MIGMATITE,,ARCHAEAN-GNEISS-MIGMATITE
2_912_0,208.27719,1887.0,1133.0,395.3333333333333,549.0,567.75,947.3333333333334,1683.0,1993.0,2188.0,2280.5,463409.5000105199,534,0.58795244,3.8538088947600175,1.034153005464481,0.8624314442413162,1.6654898499558697,6.2935843,-15.148470490250531,-8.837628630434432,6.310841859816099,0,21.645131349680906,80.72023089547729,"{""type"":""MultiPoint"",""coordinates"":[]}",PALAEOPROTEROZOIC - MESOPROTEROZOIC,,KHAIRAGARH,BORTALAO,SANDSTONE,,PALAEOPROTEROZOIC-MESOPROTEROZOIC-SANDSTONE
2_913_0,58.319016,2295.0,1440.0,407.5,661.5,658.5,1157.5,2042.0,2377.0,2457.0,2617.0,463409.5000105199,663,0.5772749,3.7312072892938497,0.9954648526077098,0.934065934065934,1.59375,3.5275617,-14.87807576968442,-9.03998913691346,5.83808663277096,0,22.221041278329928,80.79083847680909,"{""type"":""MultiPoint"",""coordinates"":[]}",PALAEOPROTEROZOIC,,SAUSAR,JUNEWANI,GREY & PINK GNEISS/QTZ-BIOTITE-SILLIMANITE GNEISS,,PALAEOPROTEROZOIC-GREY-PINK-GNEISS-QTZ-BIOTITE-SILLIMANITE-GNEISS
2_914_0,132.84674,1865.0,1099.0,425.0,613.0,540.0,1037.0,1956.0,2269.0,2477.0,2502.0,463409.5000105199,432,0.6420285,4.587037037037037,0.8809135399673735,0.7529269277351635,1.696997270245678,2.7256973,-16.775017946463716,-9.07017666145445,7.704841285009266,0,21.94750427431553,79.93519316868525,"{""type"":""MultiPoint"",""coordinates"":[]}",ARCHAEAN,,TIRODI GNEISSIC COMPLEX,,GNEISS/MIGMATITE,,ARCHAEAN-GNEISS-MIGMATITE
2_915_0,270.0,1979.0,1267.0,580.0,753.0,785.0,1253.0,2065.0,2412.0,2425.0,2565.0,463409.5000105199,316,0.5109034,3.089171974522293,1.0424966799468791,0.8160824742268041,1.5619573796369377,1.9926845,-17.029584520382357,-10.406651161826408,6.622933358555949,0,21.48397358770986,80.51864894572087,"{""type"":""MultiPoint"",""coordinates"":[]}",ARCHAEAN,,AMGAON GNEISSIC COMPLEX,,GRANITE GNEISS/MIGMATITE,,ARCHAEAN-GRANITE-GNEISS-MIGMATITE
2_916_0,325.38687,1696.0,799.0,417.0,553.0,507.0,905.0,1855.0,2190.0,2274.0,2427.0,463409.5000105199,360,0.63538295,4.485207100591716,0.9168173598553344,0.7458223394898856,2.1226533166458075,15.3958,-14.954461411677393,-9.814486006954512,5.139975404722881,0,21.343027919631503,80.59572439709832,"{""type"":""MultiPoint"",""coordinates"":[]}",PALAEOPROTEROZOIC - MESOPROTEROZOIC,,KHAIRAGARH,MANGIKHUTA,BASALT,,PALAEOPROTEROZOIC-MESOPROTEROZOIC-BASALT
2_917_0,180.0,2413.0,1518.0,521.0,758.0,733.0,1219.0,2073.0,2373.0,2466.0,2638.0,463409.5000105199,285,0.5417318,3.364256480218281,0.967018469656992,0.9785077047850772,1.5895915678524375,1.8543341,-15.30473439669244,-8.09916666031351,7.20556773637893,0,21.36997737815509,79.96914948642495,"{""type"":""MultiPoint"",""coordinates"":[]}",ARCHAEAN,,AMGAON GNEISSIC COMPLEX,,GRANITE GNEISS/MIGMATITE,,ARCHAEAN-GRANITE-GNEISS-MIGMATITE
2_918_0,227.20284,1562.0,794.0,378.5,518.5,408.0,859.0,1723.5,2023.5,2248.0,2281.0,463409.5000105199,581,0.6927711,5.509803921568627,0.7868852459016393,0.6948398576512456,1.9672544080604533,1.3648936,-14.01691109553714,-7.290379263997671,6.72653183153947,0,22.19274434688016,80.211425118552,"{""type"":""MultiPoint"",""coordinates"":[]}",NEOPROTEROZOIC,,,,GRANITE,ACID  INTRUSIVE,NEOPROTEROZOIC-GRANITE
2_919_0,227.10957,2114.0,1237.5,507.5,666.0,588.0,1055.5,1884.0,2233.0,2363.0,2473.5,2132.1585306913744,348,0.60149103,4.0187074829931975,0.8828828828828829,0.8946254760897164,1.7082828282828282,2.7234628,-15.633935506221142,-8.288072080165943,7.3458634260552,0,21.728944165689253,79.68968360153538,"{""type"":""MultiPoint"",""coordinates"":[]}",ARCHAEAN,,TIRODI GNEISSIC COMPLEX,,GNEISS/MIGMATITE,,ARCHAEAN-GNEISS-MIGMATITE
2_920_0,287.17145,3155.5,2251.5,767.5,1048.0,1264.5,1668.5,2139.5,2355.0,2712.0,2691.0,463409.5000105199,568,0.36401358,2.1447212336892054,1.2065839694656488,1.163532448377581,1.4015101043748612,3.1384256,-16.94874447508928,-11.061674995669382,5.8870694794199,0,22.02565770403393,80.77278233959828,"{""type"":""MultiPoint"",""coordinates"":[]}",PALAEOPROTEROZOIC,,,,GRANITE,MALANJKHAND GRANITE,PALAEOPROTEROZOIC-GRANITE
2_921_0,180.0,2050.625,1495.0,700.25,912.5,1017.0,1328.3333333333333,2231.0,2573.25,2643.6666666666665,2855.5,3206.24390837628,295,0.4443635,2.5994755817764665,1.1145205479452054,0.7756745681502963,1.3716555183946488,3.7047918,-17.86374418533153,-9.62851222360478,8.23523196172675,0,21.61063604277071,79.73253324058788,"{""type"":""MultiPoint"",""coordinates"":[]}",PALAEOPROTEROZOIC,,SAUSAR,MANSAR,SCHIST,,PALAEOPROTEROZOIC-SCHIST
2_922_0,270.0,2328.5,1320.5,573.6315789473684,841.3333333333334,723.0,1370.25,2480.6666666666665,2883.125,2966.5,3083.4,463409.5000105199,309,0.608077,4.103042876901798,0.8593502377179081,0.7849317377380751,1.7633472169632716,3.9842615,-15.528500446927374,-8.589135139680353,6.939365307247021,0,21.61925986949826,79.8912655512918,"{""type"":""MultiPoint"",""coordinates"":[]}",PALAEOPROTEROZOIC,,SAUSAR,MANSAR,MUSCOVITE SCHIST,,PALAEOPROTEROZOIC-MUSCOVITE-SCHIST
2_923_0,90.0,2757.5,1984.0,810.0,1039.0,1175.5,1564.0,2356.0,2587.0,2716.5,2876.0,463409.5000105199,527,0.3959404,2.310931518502765,1.1313763233878729,1.01509295048776,1.3898689516129032,2.0017161,-17.116928410697273,-10.610038895713709,6.506889514983564,0,22.13183857061686,79.72525688678651,"{""type"":""MultiPoint"",""coordinates"":[]}",ARCHAEAN,,TIRODI GNEISSIC COMPLEX,,GNEISS/MIGMATITE,,ARCHAEAN-GNEISS-MIGMATITE
2_924_0,245.04297,2119.0,1350.0,597.0,767.0,861.0,1222.0,1959.0,2252.0,2234.0,2477.0,463409.5000105199,308,0.44361874,2.59465737514518,1.1225554106910038,0.9485228290062668,1.5696296296296297,2.1970882,-17.158893050320167,-10.772854761670976,6.386038288649191,0,21.441662937827832,80.50625219480003,"{""type"":""MultiPoint"",""coordinates"":[]}",ARCHAEAN,,AMGAON GNEISSIC COMPLEX,,GRANITE GNEISS/MIGMATITE,,ARCHAEAN-GRANITE-GNEISS-MIGMATITE
2_925_0,215.78954,2712.0,2077.0,578.0,767.0,1102.0,1426.0,1877.0,2093.0,2106.0,2275.0,463409.5000105199,634,0.31296757,1.911070780399274,1.436766623207301,1.2877492877492878,1.3057294174289842,3.4261045,-19.15164594976737,-11.338544429143418,7.813101520623952,0,22.3749226864996,80.51379804318663,"{""type"":""MultiPoint"",""coordinates"":[]}",LATE CRETACEOUS - PALAEOCENE,DECCAN TRAP,AMARKANTAK,MANDLA,BASALT,,LATE-CRETACEOUS-PALAEOCENE-BASALT
2_926_0,147.12029,1765.0,1044.0,347.0,504.0,484.0,944.0,1636.0,1956.0,2174.0,2238.0,1806.46062785769,649,0.6358164,4.491735537190083,0.9603174603174603,0.8118675252989881,1.690613026819923,5.5050116,-14.316559780341386,-7.540305221247662,6.776254559093724,0,21.847252288607795,80.41327656289366,"{""type"":""MultiPoint"",""coordinates"":[]}",ARCHAEAN,,TIRODI GNEISSIC COMPLEX,,GNEISS/MIGMATITE,,ARCHAEAN-GNEISS-MIGMATITE
2_927_0,11.276783,2397.5,1249.5,718.0,964.5,779.0,1425.0,2584.5,2978.5,3058.0,3282.5,463409.5000105199,434,0.5939536,3.9255455712451854,0.8076723691031623,0.7840091563113146,1.9187675070028007,24.02129,-13.832797067746847,-7.223254516944117,6.609542550802731,0,21.76397846176992,79.61530309601028,"{""type"":""MultiPoint"",""coordinates"":[]}",ARCHAEAN,,TIRODI GNEISSIC COMPLEX,,GNEISS/MIGMATITE,,ARCHAEAN-GNEISS-MIGMATITE
2_928_0,227.14584,2455.0,1613.0,602.0,816.0,907.0,1279.0,2147.0,2483.0,2601.0,2790.0,463409.5000105199,536,0.48289624,2.8676957001102537,1.1115196078431373,0.9438677431757015,1.5220086794792314,1.36343,-15.686407486516034,-9.362381547282189,6.324025939233845,0,21.91058351613822,79.75490129116245,"{""type"":""MultiPoint"",""coordinates"":[]}",ARCHAEAN,,TIRODI GNEISSIC COMPLEX,,GNEISS/MIGMATITE,,ARCHAEAN-GNEISS-MIGMATITE
2_929_0,167.88307,2589.5,1730.0,575.5,739.0,756.0,1258.0,1973.5,2256.5,2396.5,2537.0,463409.5000105199,330,0.5203807,3.169973544973545,1.0230040595399188,1.080534112247027,1.4968208092485549,4.732335,-15.502236086351267,-8.75242421843518,6.749811867916087,0,21.318503912375043,80.17773829539752,"{""type"":""MultiPoint"",""coordinates"":[]}",ARCHAEAN,,AMGAON GNEISSIC COMPLEX,,GRANITE GNEISS/MIGMATITE,,ARCHAEAN-GRANITE-GNEISS-MIGMATITE
2_930_0,312.9493,2154.0,1406.0,714.0,930.0,1082.0,1450.0,1838.0,2187.0,2193.0,2390.0,463409.5000105199,299,0.33923665,2.0268022181146024,1.1634408602150537,0.9822161422708618,1.5320056899004268,1.3609962,-17.81931321217451,-11.450955337397202,6.368357874777308,0,21.430344165247924,80.42782927049639,"{""type"":""MultiPoint"",""coordinates"":[]}",ARCHAEAN,,AMGAON GNEISSIC COMPLEX,,GRANITE GNEISS/MIGMATITE,,ARCHAEAN-GRANITE-GNEISS-MIGMATITE
2_931_0,151.64276,2766.0,2098.0,658.0,964.5,1112.0,1447.0,2232.5,2547.0,2761.0,2875.5,463409.5000105199,376,0.42576814,2.4829136690647484,1.152928978745464,1.001810938065918,1.3183984747378457,2.1069758,-15.645315155958643,-7.619548871228442,8.025766284730201,0,22.12213676554837,79.94435598458327,"{""type"":""MultiPoint"",""coordinates"":[]}",ARCHAEAN,,TIRODI GNEISSIC COMPLEX,,GNEISS/MIGMATITE,,ARCHAEAN-GNEISS-MIGMATITE
2_932_0,227.13927,1778.0,972.5,377.0,479.5,362.5,819.5,1726.0,1980.0,2064.5,2229.0,463409.5000105199,581,0.7012773,5.695172413793103,0.7559958289885297,0.8612254783240494,1.82827763496144,5.4376907,-13.78893782453698,-8.16345803540184,5.62547978913514,0,21.877705176739447,79.57002800569066,"{""type"":""MultiPoint"",""coordinates"":[]}",ARCHAEAN,,TIRODI GNEISSIC COMPLEX,,GNEISS/MIGMATITE,,ARCHAEAN-GNEISS-MIGMATITE
2_933_0,208.27898,1933.25,1295.888888888889,610.5333333333333,847.125,852.1428571428571,1297.375,1935.15,2188.1,2190.5454545454545,2285.0,463409.5000105199,303,0.43987504,2.570631715309,1.0059233963616434,0.882542745683931,1.491833147560662,2.105427,-16.891101128279782,-10.306295954655166,6.584805173624616,0,21.65591113309033,80.09769840358247,"{""type"":""MultiPoint"",""coordinates"":[]}",ARCHAEAN,,TIRODI GNEISSIC COMPLEX,,GNEISS/MIGMATITE,,ARCHAEAN-GNEISS-MIGMATITE
2_934_0,294.8147,1742.0,1283.0,612.5,820.0,966.5,1204.0,1925.0,2220.0,2403.5,2561.5,463409.5000105199,440,0.42640948,2.486808070356958,1.178658536585366,0.7247763677969628,1.357755261106781,2.2088737,-17.884883021648122,-9.69050735443748,8.194375667210641,0,22.368993805624413,79.97049695935114,"{""type"":""MultiPoint"",""coordinates"":[]}",LATE CRETACEOUS - PALAEOCENE,DECCAN TRAP,AMARKANTAK,MANDLA,BASALT,,LATE-CRETACEOUS-PALAEOCENE-BASALT
2_935_0,132.77127,2998.0,2001.0,589.0,778.0,966.0,1293.0,1864.0,2136.0,2342.0,2451.0,463409.5000105199,586,0.4159613,2.4244306418219463,1.2416452442159382,1.2801024765157984,1.4982508745627183,1.36556,-17.933987087971442,-11.955131699249876,5.9788553887215645,0,22.31967629652625,80.63668757405418,"{""type"":""MultiPoint"",""coordinates"":[]}",PALAEOPROTEROZOIC,,SAUSAR,JUNEWANI,GREY & PINK GNEISS/QTZ-BIOTITE-SILLIMANITE GNEISS,,PALAEOPROTEROZOIC-GREY-PINK-GNEISS-QTZ-BIOTITE-SILLIMANITE-GNEISS
2_936_0,270.0,1903.0,1040.0,420.0,602.0,561.5,1017.5,1825.0,2152.5,2452.5,2496.5,463409.5000105199,538,0.62740546,4.367764915405164,0.9327242524916944,0.7759429153924566,1.829807692307692,4.000613,-14.818166624514063,-8.042401563174598,6.775765061339465,0,22.204332614045303,80.43860905390582,"{""type"":""MultiPoint"",""coordinates"":[]}",PALAEOPROTEROZOIC,,SAUSAR,JUNEWANI,GREY & PINK GNEISS/QTZ-BIOTITE-SILLIMANITE GNEISS,,PALAEOPROTEROZOIC-GREY-PINK-GNEISS-QTZ-BIOTITE-SILLIMANITE-GNEISS
2_937_0,26.620256,1839.0,972.0,366.0,553.0,461.0,909.0,2085.0,2479.0,2719.0,2774.0,463409.5000105199,517,0.7100629,5.898047722342733,0.833634719710669,0.6763515998528871,1.8919753086419755,15.195419,-14.353204567031224,-6.421027344665227,7.932177222365999,0,21.39477087999679,80.68438811564093,"{""type"":""MultiPoint"",""coordinates"":[]}",PALAEOPROTEROZOIC - MESOPROTEROZOIC,,KHAIRAGARH,KOTIMA,BASALT,,PALAEOPROTEROZOIC-MESOPROTEROZOIC-BASALT
2_938_0,312.766,2095.0,1319.0,527.0,718.5,744.5,1194.0,1727.5,1914.5,2061.0,2195.0,463409.5000105199,511,0.46925682,2.768300873069174,1.036186499652053,1.0164968461911694,1.5883244882486731,4.090899,-14.801980048770286,-7.450332277748636,7.35164777102165,0,22.34554777670889,80.2647850464287,"{""type"":""MultiPoint"",""coordinates"":[]}",ARCHAEAN,,TIRODI GNEISSIC COMPLEX,,GNEISS/MIGMATITE,,ARCHAEAN-GNEISS-MIGMATITE
2_939_0,-0.0,1355.0,630.0,298.0,480.5,358.5,756.0,1718.0,2019.0,2214.0,2247.5,463409.5000105199,711,0.7212828,6.175732217573222,0.7460978147762747,0.6120144534778681,2.1507936507936507,2.7802885,-15.371667459944971,-7.388618868683778,7.983048591261195,0,22.18115607971502,80.79649786309903,"{""type"":""MultiPoint"",""coordinates"":[]}",PALAEOPROTEROZOIC,,SAUSAR,MANSAR,BIOTITE SCHIST,,PALAEOPROTEROZOIC-BIOTITE-SCHIST
2_940_0,-0.0,3078.0,2307.0,868.0,1187.0,1454.0,1761.0,2548.0,2843.0,2888.0,3196.0,463409.5000105199,344,0.33026254,1.9862448418156808,1.2249368155012637,1.0657894736842106,1.3342002600780234,0.0,-15.957800807630084,-9.561603807903955,6.396196999726127,0,21.939419436758456,80.01280760923316,"{""type"":""MultiPoint"",""coordinates"":[]}",ARCHAEAN,,TIRODI GNEISSIC COMPLEX,,GNEISS/MIGMATITE,,ARCHAEAN-GNEISS-MIGMATITE
2_941_0,114.90496,2045.0,1163.5,478.0,627.0,568.5,1060.5,1964.0,2277.5,2425.5,2493.5,463409.5000105199,411,0.6202405,4.266490765171504,0.9066985645933014,0.8431251288394146,1.757627847013322,2.2013845,-15.057184955016332,-7.605635745121266,7.451549209895066,0,21.785538028588785,79.53849713921807,"{""type"":""MultiPoint"",""coordinates"":[]}",ARCHAEAN,,TIRODI GNEISSIC COMPLEX,,GNEISS/MIGMATITE,,ARCHAEAN-GNEISS-MIGMATITE
2_942_0,189.404,1983.5,1075.0,451.5,619.0,603.5,1086.0,2023.0,2279.0,2340.0,2569.0,2830.865592005385,409,0.58994395,3.877381938690969,0.9749596122778676,0.8476495726495726,1.8451162790697675,12.041171,-17.05015623184559,-9.783149115001391,7.267007116844198,0,21.73487304656444,79.63255074946538,"{""type"":""MultiPoint"",""coordinates"":[]}",ARCHAEAN,,TIRODI GNEISSIC COMPLEX,,GNEISS/MIGMATITE,,ARCHAEAN-GNEISS-MIGMATITE
2_943_0,138.0202,2175.5,1421.0,521.3333333333334,722.5,731.25,1172.0,1888.25,2157.5,2260.0,2391.5,463409.5000105199,436,0.51107395,3.0905982905982907,1.0121107266435987,0.9626106194690266,1.5309641097818438,7.44383,-14.645421019444784,-7.639738949450507,7.005682069994277,0,22.155015104947143,80.09688991982675,"{""type"":""MultiPoint"",""coordinates"":[]}",ARCHAEAN,,TIRODI GNEISSIC COMPLEX,,GNEISS/MIGMATITE,,ARCHAEAN-GNEISS-MIGMATITE
2_944_0,35.65462,2489.0,1527.0,551.4,814.0,789.6666666666666,1269.8,2008.3333333333333,2340.0,2489.0,2689.0,463409.5000105199,295,0.5183001,3.151962853524694,0.97010647010647,1.0,1.629993451211526,3.4203217,-14.940913903856178,-9.214351021969698,5.72656288188648,0,21.67127232444878,80.32407385518059,"{""type"":""MultiPoint"",""coordinates"":[]}",PALAEOPROTEROZOIC,,SAUSAR,MANSAR,PHYLLITE,,PALAEOPROTEROZOIC-PHYLLITE
2_945_0,-0.0,1698.0,927.5,445.0,576.5,522.0,990.5,1916.0,2223.0,2395.0,2465.0,463409.5000105199,592,0.64209807,4.588122605363985,0.9054640069384216,0.7089770354906054,1.8307277628032343,2.7802885,-15.675629539506444,-8.30049112260408,7.375138416902363,0,22.19948171151106,80.18205020876128,"{""type"":""MultiPoint"",""coordinates"":[]}",NEOPROTEROZOIC,,,,GRANITE,ACID  INTRUSIVE,NEOPROTEROZOIC-GRANITE
2_946_0,283.04068,2138.0,1365.5,637.5,790.5,750.5,1165.0,2173.0,2376.5,2412.0,2663.5,463409.5000105199,558,0.5253755,3.2138574283810795,0.9493991144845034,0.8864013266998342,1.5657268399853534,4.1034083,-19.93632974641558,-11.739573519530085,8.196756226885498,0,22.10974001462752,79.65330183252854,"{""type"":""MultiPoint"",""coordinates"":[]}",ARCHAEAN,,TIRODI GNEISSIC COMPLEX,,GNEISS/MIGMATITE,,ARCHAEAN-GNEISS-MIGMATITE
2_947_0,39.027374,2419.0,1630.0,534.0,792.0,899.0,1329.0,2093.0,2396.0,2463.0,2641.0,463409.5000105199,627,0.4651993,2.739710789766407,1.1351010101010102,0.9821356069833536,1.484049079754601,4.764666,-17.350492407444683,-11.330043686467215,6.020448720977466,0,22.29110987049125,80.79299443349097,"{""type"":""MultiPoint"",""coordinates"":[]}",PALAEOPROTEROZOIC,,SAUSAR,JUNEWANI,BIOTITE SCHIST/GNEISS AND BIOTITE-MUSCOVITE SCHIST,,PALAEOPROTEROZOIC-BIOTITE-SCHIST-GNEISS-AND-BIOTITE-MUSCOVITE-SCHIST
2_948_0,132.88889,2524.5,1671.0,611.0,798.0,799.0,1275.5,2158.5,2463.5,2551.5,2735.0,463409.5000105199,296,0.52305627,3.193366708385482,1.0012531328320802,0.9894179894179894,1.5107719928186714,1.3625406,-14.222652222062742,-7.933518681901142,6.2891335401616,0,21.73675950866109,80.17450436037468,"{""type"":""MultiPoint"",""coordinates"":[]}",ARCHAEAN,,TIRODI GNEISSIC COMPLEX,,GNEISS/MIGMATITE,,ARCHAEAN-GNEISS-MIGMATITE
2_949_0,17.076365,3078.0,2238.0,767.5,1102.5,1356.0,1799.0,2199.5,2414.0,2491.5,2674.0,463409.5000105199,284,0.2951267,1.8373893805309736,1.2299319727891156,1.235400361228176,1.3753351206434317,6.760314,-17.77574224712616,-8.689390441870572,9.086351805255587,0,21.550538750263115,79.89342150797368,"{""type"":""MultiPoint"",""coordinates"":[]}",PALAEOPROTEROZOIC,,SAUSAR,CHORBAOLI,QUARTZITE,,PALAEOPROTEROZOIC-QUARTZITE
2_950_0,8.750569,1422.0,669.0,394.0,510.0,432.0,875.0,1840.0,2250.0,2229.0,2443.0,1555.6670594957006,590,0.67531,5.159722222222222,0.8470588235294118,0.6379542395693136,2.125560538116592,6.540342,-16.109336164436755,-8.338625890842982,7.770710273593773,0,21.85991853411388,80.33431464941954,"{""type"":""MultiPoint"",""coordinates"":[]}",ARCHAEAN,,TIRODI GNEISSIC COMPLEX,,GNEISS/MIGMATITE,,ARCHAEAN-GNEISS-MIGMATITE
2_951_0,132.8406,2400.0,1393.0,419.0,590.0,515.0,1106.0,2080.0,2469.0,2678.0,2681.0,463409.5000105199,381,0.67741936,5.2,0.8728813559322034,0.8961911874533234,1.722900215362527,1.3637778,-12.753953433771644,-6.583078610966554,6.170874822805089,0,21.977957162447183,79.96456807847595,"{""type"":""MultiPoint"",""coordinates"":[]}",ARCHAEAN,,TIRODI GNEISSIC COMPLEX,,GNEISS/MIGMATITE,,ARCHAEAN-GNEISS-MIGMATITE
2_952_0,28.323576,2418.0,1461.0,495.0,752.0,690.0,1252.0,2324.0,2646.0,2849.0,3004.0,2312.7689032845456,351,0.6100593,4.128985507246377,0.9175531914893617,0.8487188487188487,1.6550308008213552,2.106309,-16.720181510289724,-8.948452663765067,7.771728846524656,0,21.92298026705907,80.00229732040897,"{""type"":""MultiPoint"",""coordinates"":[]}",ARCHAEAN,,TIRODI GNEISSIC COMPLEX,,GNEISS/MIGMATITE,,ARCHAEAN-GNEISS-MIGMATITE
2_953_0,270.0,2962.0,2151.0,654.0,934.0,1054.0,1662.0,2288.0,2559.0,2614.0,2767.0,463409.5000105199,323,0.42529988,2.480075901328273,1.1284796573875804,1.1331293037490435,1.3770339377033938,1.9943391,-17.10916859350791,-10.422787785956732,6.686380807551178,0,21.60443766731029,80.46501952325893,"{""type"":""MultiPoint"",""coordinates"":[]}",ARCHAEAN,,AMGAON GNEISSIC COMPLEX,,GRANITE GNEISS/MIGMATITE,,ARCHAEAN-GRANITE-GNEISS-MIGMATITE
2_954_0,270.0,2852.0,2023.0,783.125,1036.7142857142858,1262.5454545454545,1646.4615384615386,1966.1666666666667,2223.0,2417.0,2540.0,463409.5000105199,294,0.31374922,1.9143865207373272,1.2178335650844951,1.1799751758378154,1.4097874443895204,1.993377,-18.184562609868184,-10.917661090375464,7.26690151949272,0,21.53436907514897,80.09823739275294,"{""type"":""MultiPoint"",""coordinates"":[]}",ARCHAEAN,,AMGAON GNEISSIC COMPLEX,,GRANITE GNEISS/MIGMATITE,,ARCHAEAN-GRANITE-GNEISS-MIGMATITE
2_955_0,114.95324,1686.0,807.0,452.0,626.0,476.0,932.0,2077.0,2473.0,2570.0,2824.0,463409.5000105199,393,0.687459,5.399159663865547,0.7603833865814696,0.6560311284046693,2.0892193308550184,4.388357,-13.866675060346672,-7.9757404440867425,5.89093461625993,0,21.46699542884,79.51343414279113,"{""type"":""MultiPoint"",""coordinates"":[]}",ARCHAEAN,,TIRODI GNEISSIC COMPLEX,,GNEISS/MIGMATITE,,ARCHAEAN-GNEISS-MIGMATITE
2_956_0,284.83032,3451.0,2525.5,729.0,1014.5,1205.0,1679.5,2400.0,2660.5,2842.0,2987.0,463409.5000105199,574,0.40449715,2.35850622406639,1.1877772301626417,1.2142857142857142,1.366462086715502,7.2089453,-21.028717872266792,-14.271590716095584,6.757127156171208,0,22.07066329976832,80.62213486645145,"{""type"":""MultiPoint"",""coordinates"":[]}",PALAEOPROTEROZOIC,,SAUSAR,MANSAR,MUSCOVITE SCHIST,,PALAEOPROTEROZOIC-MUSCOVITE-SCHIST
2_957_0,60.8877,2376.0,1612.0,480.0,647.0,701.0,1146.0,1857.0,2087.0,2336.0,2383.0,463409.5000105199,593,0.53836024,3.332382310984308,1.0834621329211749,1.0171232876712328,1.4739454094292803,5.7002172,-15.783385637535934,-8.306038881093153,7.477346756442781,0,21.85587611533534,80.47849425252073,"{""type"":""MultiPoint"",""coordinates"":[]}",ARCHAEAN,,AMGAON GNEISSIC COMPLEX,,GRANITE GNEISS/MIGMATITE,,ARCHAEAN-GRANITE-GNEISS-MIGMATITE
2_958_0,-0.0,2458.0,1921.0,696.0,930.0,1098.0,1396.0,2004.0,2203.0,2320.0,2350.0,463409.5000105199,279,0.35751903,2.1129326047358834,1.1806451612903226,1.0594827586206896,1.2795419052576782,0.0,-17.48813522222416,-10.108366317950429,7.379768904273732,0,21.60632412940694,80.1739653712042,"{""type"":""MultiPoint"",""coordinates"":[]}",ARCHAEAN,,AMGAON GNEISSIC COMPLEX,,GRANITE GNEISS/MIGMATITE,,ARCHAEAN-GRANITE-GNEISS-MIGMATITE
2_959_0,47.183956,2581.0,2160.5,632.0,781.0,1023.0,1257.5,1395.0,1556.0,1681.5,1767.5,463409.5000105199,595,0.24348308,1.6436950146627567,1.3098591549295775,1.534939042521558,1.1946308724832215,1.3644083,-23.727324893369524,-14.497474336663789,9.229850556705737,0,22.09976871497379,79.60452331260085,"{""type"":""MultiPoint"",""coordinates"":[]}",LATE CRETACEOUS - PALAEOCENE,DECCAN TRAP,AMARKANTAK,PIPARDAHI,BASALT,,LATE-CRETACEOUS-PALAEOCENE-BASALT
2_960_0,312.82492,1923.0,1156.5,477.4666666666667,626.5,567.75,948.0,1686.3333333333333,1957.5,2121.5,2151.0,463409.5000105199,325,0.5777633,3.736679876706297,0.9062250598563448,0.9064341267970776,1.6627756160830092,2.7268157,-14.523415677259162,-7.638761930887792,6.88465374637137,0,22.05584109758035,80.10659172489525,"{""type"":""MultiPoint"",""coordinates"":[]}",ARCHAEAN,,TIRODI GNEISSIC COMPLEX,,GNEISS/MIGMATITE,,ARCHAEAN-GNEISS-MIGMATITE
2_961_0,114.84255,3459.0,2563.0,722.5,903.5,1156.5,1523.5,2019.0,2276.5,2466.5,2617.0,463409.5000105199,577,0.3615788,2.1327280587980977,1.280022136137244,1.4023920535171297,1.3495903238392508,2.206557,-18.63705191060644,-12.023372436372403,6.613679474234033,0,22.190588390198275,80.29227349412275,"{""type"":""MultiPoint"",""coordinates"":[]}",NEOPROTEROZOIC,,,,GRANITE,ACID  INTRUSIVE,NEOPROTEROZOIC-GRANITE
2_962_0,-0.0,2788.0,1902.0,733.0,965.0,1037.0,1534.0,2213.0,2490.0,2599.0,2768.0,463409.5000105199,290,0.42959297,2.506268081002893,1.0746113989637305,1.0727202770296267,1.465825446898002,3.7047918,-17.65465786187231,-10.35819382202186,7.296464039850449,0,21.39072846121825,79.56517710315642,"{""type"":""MultiPoint"",""coordinates"":[]}",PALAEOPROTEROZOIC,,SAUSAR,MANSAR,MUSCOVITE SCHIST,,PALAEOPROTEROZOIC-MUSCOVITE-SCHIST
2_963_0,-0.0,2082.0,1224.5,490.5,637.0,687.0,1090.0,1819.0,2075.5,2225.0,2442.5,463409.5000105199,649,0.5281593,3.2387190684133915,1.0784929356357928,0.9357303370786516,1.7002858309514088,5.547545,-15.912605882328432,-9.03634403887964,6.876261843448791,0,22.08898893156436,80.42675129215544,"{""type"":""MultiPoint"",""coordinates"":[]}",PALAEOPROTEROZOIC,,SAUSAR,JUNEWANI,GREY & PINK GNEISS/QTZ-BIOTITE-SILLIMANITE GNEISS,,PALAEOPROTEROZOIC-GREY-PINK-GNEISS-QTZ-BIOTITE-SILLIMANITE-GNEISS
2_964_0,47.142498,2131.0,1402.5,485.5,648.5,655.0,1143.5,2205.5,2669.0,2707.0,2908.0,463409.5000105199,580,0.61035097,4.132824427480916,1.010023130300694,0.7872183228666421,1.5194295900178254,2.7251465,-14.695679418758107,-6.493739550143813,8.201939868614295,0,21.8938748518536,79.64171356536339,"{""type"":""MultiPoint"",""coordinates"":[]}",ARCHAEAN,,TIRODI GNEISSIC COMPLEX,,GNEISS/MIGMATITE,,ARCHAEAN-GNEISS-MIGMATITE
2_965_0,107.20169,2350.5,1487.0,529.5,687.5,703.5,1161.0,1976.5,2336.0,2445.5,2640.0,463409.5000105199,376,0.5531915,3.4761904761904763,1.0232727272727271,0.9611531384175016,1.5806993947545394,3.1330836,-16.128694838096166,-8.687363701684662,7.441331136411504,0,21.758858064650436,79.63847963034057,"{""type"":""MultiPoint"",""coordinates"":[]}",ARCHAEAN,,TIRODI GNEISSIC COMPLEX,,GNEISS/MIGMATITE,,ARCHAEAN-GNEISS-MIGMATITE
2_966_0,90.0,2868.0,2269.0,809.25,1168.857142857143,1360.0,1810.0,2454.25,2676.0,2711.0,2854.5,463409.5000105199,301,0.3318595,1.9933823529411765,1.1635296993400146,1.0579122095167834,1.2639929484354342,1.9950479,-17.927219682527035,-10.2302107926072,7.697008889919836,0,21.65591113309033,80.33566212234572,"{""type"":""MultiPoint"",""coordinates"":[]}",ARCHAEAN,,AMGAON GNEISSIC COMPLEX,,GRANITE GNEISS/MIGMATITE,,ARCHAEAN-GRANITE-GNEISS-MIGMATITE
2_967_0,227.24188,1807.0,1282.0,636.0,838.5,932.5,1313.5,1952.0,2130.0,2181.5,2279.0,463409.5000105199,525,0.40109184,2.33941018766756,1.1121049493142516,0.8283291313316525,1.4095163806552262,1.3658988,-17.083638625312933,-9.493144352529558,7.590494272783374,0,22.383816007812385,79.53661067712142,"{""type"":""MultiPoint"",""coordinates"":[]}",LATE CRETACEOUS - PALAEOCENE,DECCAN TRAP,AMARKANTAK,DHUMA,BASALT,,LATE-CRETACEOUS-PALAEOCENE-BASALT
2_968_0,256.91095,1275.5,784.0,547.0,730.0,657.5,941.5,1355.5,1570.5,1478.5,1590.0,463409.5000105199,315,0.3843633,2.2486692015209124,0.9006849315068494,0.8626986810957051,1.6269132653061225,4.0885544,-15.556237932779748,-9.090861804560417,6.465376128219333,0,21.56131853367255,79.63740165199962,"{""type"":""MultiPoint"",""coordinates"":[]}",ARCHAEAN,,TIRODI GNEISSIC COMPLEX,,GNEISS/MIGMATITE,,ARCHAEAN-GNEISS-MIGMATITE
2_969_0,118.67619,2027.0,1232.0,395.0,548.0,536.0,929.0,1904.0,2188.0,2333.0,2362.0,463409.5000105199,390,0.62635064,4.352611940298507,0.978102189781022,0.868838405486498,1.645292207792208,18.64153,-14.798939576379452,-7.190456200570238,7.608483375809215,0,21.595544345997503,80.6277942527414,"{""type"":""MultiPoint"",""coordinates"":[]}",ARCHAEAN,,AMGAON GNEISSIC COMPLEX,,GRANITE GNEISS/MIGMATITE,,ARCHAEAN-GRANITE-GNEISS-MIGMATITE
2_970_0,212.95299,1955.0,1140.0,535.5,704.0,777.0,1217.5,1996.5,2305.5,2491.0,2558.0,463409.5000105199,408,0.5244798,3.205920205920206,1.103693181818182,0.7848253713368125,1.7149122807017545,5.509543,-14.544193919139708,-8.806032461631425,5.738161457508284,0,22.24394831807497,80.17180941452233,"{""type"":""MultiPoint"",""coordinates"":[]}",NEOPROTEROZOIC,,,,GRANITE,ACID  INTRUSIVE,NEOPROTEROZOIC-GRANITE
2_971_0,240.80049,2589.0,1941.0,658.0,834.0,993.0,1389.0,1833.0,2006.0,2055.0,2196.0,463409.5000105199,494,0.3484252,2.069486404833837,1.1906474820143884,1.2598540145985402,1.3338485316846986,5.684788,-16.98736496412551,-9.532789773029608,7.454575191095904,0,21.338177017097266,80.76685345872309,"{""type"":""MultiPoint"",""coordinates"":[]}",PALAEOPROTEROZOIC - MESOPROTEROZOIC,,KHAIRAGARH,KARUTOLA,SANDSTONE,,PALAEOPROTEROZOIC-MESOPROTEROZOIC-SANDSTONE
2_972_0,312.88315,3485.5,2576.5,945.9444444444443,1215.0555555555557,1570.2857142857142,1924.3214285714284,2360.1111111111118,2661.2,2766.2,2976.0,2884.250335875858,314,0.2757796,1.7615902474526928,1.2923571330594328,1.2600318125948955,1.3528041917329712,1.3626877,-17.793519884188946,-10.74021996084063,7.053299923348316,0,21.76559542928133,80.10820869240666,"{""type"":""MultiPoint"",""coordinates"":[]}",PALAEOPROTEROZOIC,,SAUSAR,MANSAR,PHYLLITE,,PALAEOPROTEROZOIC-PHYLLITE
2_973_0,90.0,1361.0,752.0,401.0,524.0,446.5,749.0,1670.5,1976.5,2139.0,2244.0,463409.5000105199,484,0.65461224,4.790593505039194,0.8520992366412213,0.6362786348761104,1.809840425531915,4.0031285,-15.00736930182715,-7.66852819201433,7.338841109812821,0,22.292726838002665,80.50544371104431,"{""type"":""MultiPoint"",""coordinates"":[]}",PALAEOPROTEROZOIC,,SAUSAR,JUNEWANI,GREY & PINK GNEISS/QTZ-BIOTITE-SILLIMANITE GNEISS,,PALAEOPROTEROZOIC-GREY-PINK-GNEISS-QTZ-BIOTITE-SILLIMANITE-GNEISS
2_975_0,148.33554,1678.0,785.0,409.0,562.5,452.5,934.5,2022.5,2389.0,2510.5,2649.0,463409.5000105199,556,0.6945663,5.548066298342541,0.8044444444444444,0.6683927504481179,2.137579617834395,7.5833645,-12.934149476959448,-5.539728578212864,7.394420898746584,0,22.103272144581855,80.27475634608243,"{""type"":""MultiPoint"",""coordinates"":[]}",ARCHAEAN,,TIRODI GNEISSIC COMPLEX,,GNEISS/MIGMATITE,,ARCHAEAN-GNEISS-MIGMATITE
2_976_0,180.0,3292.0,2350.0,604.5,836.0,1017.0,1399.0,1867.0,2115.0,2242.5,2385.0,463409.5000105199,625,0.3759779,2.2050147492625367,1.2165071770334928,1.468004459308807,1.4008510638297873,2.7802885,-20.724740368825373,-12.271273361439546,8.453467007385827,0,21.910314021552985,80.62348233937762,"{""type"":""MultiPoint"",""coordinates"":[]}",PALAEOPROTEROZOIC - MESOPROTEROZOIC,,CHILPI,,PHYLLITE,,PALAEOPROTEROZOIC-MESOPROTEROZOIC-PHYLLITE
2_977_0,-0.0,3136.0,2296.5,625.5,879.5,1065.5,1489.5,2094.5,2397.0,2420.5,2668.0,463409.5000105199,339,0.38869765,2.271703425621774,1.2114837976122796,1.2956000826275562,1.3655562812976267,0.0,-15.76711671731366,-9.251661576651529,6.515455140662132,0,21.32928369578448,80.47930273627644,"{""type"":""MultiPoint"",""coordinates"":[]}",PALAEOPROTEROZOIC,,NANDGAON,BIJLI,RHYOLITE,,PALAEOPROTEROZOIC-RHYOLITE
2_978_0,270.0,3067.0,2447.0,775.0,983.5,1251.5,1596.5,1959.5,2164.0,2237.5,2433.5,463409.5000105199,592,0.28260246,1.7878545745105874,1.2724961870869345,1.37072625698324,1.253371475275848,2.0030646,-21.5528294939784,-11.449404594852812,10.103424899125583,0,22.22670066461988,79.59751645338471,"{""type"":""MultiPoint"",""coordinates"":[]}",LATE CRETACEOUS - PALAEOCENE,DECCAN TRAP,AMARKANTAK,PIPARDAHI,BASALT,,LATE-CRETACEOUS-PALAEOCENE-BASALT
2_979_0,90.0,2602.5,1630.0,688.5,953.5,958.0,1392.0,2196.5,2489.0,2501.5,2690.5,463409.5000105199,294,0.44616273,2.611169102296451,1.0047194546407971,1.0403757745352789,1.5966257668711656,0.99825543,-17.90816165190765,-9.8843824182427,8.02377923366495,0,21.717894887694584,80.0055312554318,"{""type"":""MultiPoint"",""coordinates"":[]}",CENOZOIC,,,,LATERITE,,CENOZOIC-LATERITE
2_980_0,19.726576,3629.75,2599.75,742.75,1015.625,1240.375,1669.0,2269.25,2588.0,2674.0,2923.0,463409.5000105199,278,0.3662462,2.155799657361685,1.2212923076923077,1.3574233358264771,1.3961919415328397,2.9533267,-21.05687853048172,-12.284075765475308,8.772802765006414,0,21.626536223299627,80.02709082225067,"{""type"":""MultiPoint"",""coordinates"":[]}",ARCHAEAN,,TIRODI GNEISSIC COMPLEX,,GNEISS/MIGMATITE,,ARCHAEAN-GNEISS-MIGMATITE
2_981_0,180.0,2121.0,1193.5,418.5,565.0,559.5,977.5,1698.0,1973.0,2014.0,2151.5,463409.5000105199,523,0.5651836,3.59964253798034,0.9902654867256636,1.0531281032770603,1.7771260997067448,2.7802885,-14.181152081667728,-6.630387166532695,7.550764915135033,0,21.854259147823928,79.758943709941,"{""type"":""MultiPoint"",""coordinates"":[]}",ARCHAEAN,,TIRODI GNEISSIC COMPLEX,,GNEISS/MIGMATITE,,ARCHAEAN-GNEISS-MIGMATITE
2_982_0,256.9844,3083.0,2487.0,706.0,964.0,1402.0,1738.0,2000.0,2169.0,2288.0,2415.0,463409.5000105199,626,0.2401084,1.6319543509272467,1.454356846473029,1.347465034965035,1.239646160032167,4.1111526,-20.169056859030142,-13.144950048832367,7.024106810197775,0,22.388936404931865,80.5046352272886,"{""type"":""MultiPoint"",""coordinates"":[]}",ARCHAEAN,,TIRODI GNEISSIC COMPLEX,,GNEISS/MIGMATITE,,ARCHAEAN-GNEISS-MIGMATITE
2_983_0,177.19446,1634.0,839.0,346.5,566.5,441.0,885.5,1840.5,2119.5,2244.0,2374.5,463409.5000105199,601,0.6715084,5.08843537414966,0.7784642541924095,0.7281639928698752,1.9475566150178785,19.624115,-14.012040486550864,-6.860933245664115,7.151107240886748,0,21.944270339292704,80.33458414400478,"{""type"":""MultiPoint"",""coordinates"":[]}",PALAEOPROTEROZOIC,,SAUSAR,MANSAR,PHYLLITE,,PALAEOPROTEROZOIC-PHYLLITE
2_984_0,350.62192,1881.0,941.0,433.0,652.0,524.0,1042.0,2117.0,2517.0,2526.0,2812.0,463409.5000105199,632,0.65639347,4.820610687022901,0.803680981595092,0.7446555819477435,1.998937300743889,12.040297,-14.206744743267144,-8.103414793613572,6.103329949653572,0,21.32685824451736,80.69678486656177,"{""type"":""MultiPoint"",""coordinates"":[]}",PALAEOPROTEROZOIC - MESOPROTEROZOIC,,KHAIRAGARH,MANGIKHUTA,BASALT,,PALAEOPROTEROZOIC-MESOPROTEROZOIC-BASALT
2_985_0,47.10053,2346.6666666666665,1474.0,577.4285714285714,817.1428571428571,773.6458333333333,1188.1,2062.6666666666665,2382.0,2770.583333333333,2614.0,463409.5000105199,380,0.5634335,3.5812037161707284,0.9467693764568764,0.846993713718531,1.5920398009950247,2.723001,-15.223503825825816,-7.926339539428323,7.297164286397493,0,21.683399580784396,79.51909352908108,"{""type"":""MultiPoint"",""coordinates"":[]}",ARCHAEAN,,TIRODI GNEISSIC COMPLEX,,GNEISS/MIGMATITE,,ARCHAEAN-GNEISS-MIGMATITE
2_986_0,180.0,2404.0,1612.5,661.5,917.5,1015.0,1420.5,2239.0,2430.5,2412.0,2610.5,1460.8559134972895,279,0.40764517,2.376354679802956,1.106267029972752,0.9966832504145936,1.4908527131782945,0.92740995,-16.508682099084822,-9.775292791244368,6.733389307840454,0,21.493944887363583,79.98478017236864,"{""type"":""MultiPoint"",""coordinates"":[]}",ARCHAEAN,,AMGAON GNEISSIC COMPLEX,,GRANITE GNEISS/MIGMATITE,,ARCHAEAN-GRANITE-GNEISS-MIGMATITE
2_987_0,301.79752,2163.0,1424.5,603.5,825.5,764.0,1221.0,2078.0,2325.0,2436.5,2591.5,463409.5000105199,331,0.5225746,3.1891361256544504,0.9254996971532404,0.8877488200287298,1.5184275184275184,10.444058,-15.986051084055342,-10.347360528135884,5.638690555919457,0,21.57317629542293,79.7169025546442,"{""type"":""MultiPoint"",""coordinates"":[]}",ARCHAEAN,,TIRODI GNEISSIC COMPLEX,,GNEISS/MIGMATITE,,ARCHAEAN-GNEISS-MIGMATITE
2_988_0,180.0,1855.0,1039.5,508.0,666.5,584.0,1000.0,1872.0,2188.0,2400.5,2451.5,463409.5000105199,476,0.60864466,4.1104452054794525,0.8762190547636909,0.772755675900854,1.7845117845117846,1.8543341,-14.48963814397181,-7.560447024938173,6.929191119033637,0,22.353093625095497,80.18070273583511,"{""type"":""MultiPoint"",""coordinates"":[]}",ARCHAEAN,,TIRODI GNEISSIC COMPLEX,,GNEISS/MIGMATITE,,ARCHAEAN-GNEISS-MIGMATITE
2_989_0,227.1875,1480.5,719.0,299.0,449.5,366.0,776.5,1729.5,2021.0,2063.0,2289.5,463409.5000105199,652,0.6986414,5.636612021857924,0.814238042269188,0.717644207464857,2.0591098748261474,1.3644993,-12.448256232779247,-6.042885794468535,6.405370438310713,0,22.11728586301412,80.78922150929768,"{""type"":""MultiPoint"",""coordinates"":[]}",PALAEOPROTEROZOIC,,,,GRANITE,MALANJKHAND GRANITE,PALAEOPROTEROZOIC-GRANITE
2_990_0,294.92987,3023.1428571428573,2163.25,703.7619047619048,1054.4333333333334,1248.2272727272727,1751.8,2336.375,2526.7272727272725,2523.972972972973,2715.1739130434785,463409.5000105199,282,0.3381967,2.0220460072614035,1.183789655796737,1.1977714854774832,1.3975004540126463,2.1993263,-18.65768042579453,-10.417134093871924,8.240546331922612,0,21.621685320765383,80.06859298837699,"{""type"":""MultiPoint"",""coordinates"":[]}",ARCHAEAN,,TIRODI GNEISSIC COMPLEX,,GNEISS/MIGMATITE,,ARCHAEAN-GNEISS-MIGMATITE
2_991_0,75.20014,2219.5,1647.0,698.5,930.5,1072.5,1364.5,2127.0,2359.5,2404.5,2611.0,463409.5000105199,469,0.38308886,2.241958041958042,1.15260612573885,0.9230609274277396,1.3476017000607166,7.223299,-16.692881004485457,-9.102623521282794,7.590257483202663,0,22.372227740647244,79.76568107457189,"{""type"":""MultiPoint"",""coordinates"":[]}",LATE CRETACEOUS - PALAEOCENE,DECCAN TRAP,AMARKANTAK,DHUMA,BASALT,,LATE-CRETACEOUS-PALAEOCENE-BASALT
2_992_0,270.0,1699.5,848.5,408.5,539.0,510.0,999.0,1855.5,2197.5,2277.0,2490.0,463409.5000105199,600,0.6340151,4.464705882352941,0.9461966604823748,0.7463768115942029,2.0029463759575723,3.0011907,-15.433758749987396,-8.866524413657086,6.56723433633031,0,22.138575935247754,80.25804768179779,"{""type"":""MultiPoint"",""coordinates"":[]}",ARCHAEAN,,TIRODI GNEISSIC COMPLEX,,GNEISS/MIGMATITE,,ARCHAEAN-GNEISS-MIGMATITE
2_993_0,107.216866,2715.0,1866.75,580.2083333333334,825.3157894736842,951.75,1334.4782608695652,1853.909090909091,2110.7571428571428,2382.222222222222,2461.6,463409.5000105199,351,0.42905942,2.502991565245308,1.1531949493017029,1.1396921641791045,1.4543993571715548,3.1304107,-16.36598537043352,-9.320535436786251,7.045449933647268,0,21.62384127744727,79.50184587562599,"{""type"":""MultiPoint"",""coordinates"":[]}",ARCHAEAN,,TIRODI GNEISSIC COMPLEX,,GNEISS/MIGMATITE,,ARCHAEAN-GNEISS-MIGMATITE
2_994_0,144.22249,1813.5,1411.0,591.5,795.5,968.5,1104.0,2055.0,2260.0,2377.0,2618.0,463409.5000105199,506,0.4210133,2.4543107898812595,1.217473287240729,0.7629364745477493,1.2852586817859677,3.4255877,-18.869942118224152,-9.862132895054334,9.00780922316982,0,22.31320842648059,79.73927060521878,"{""type"":""MultiPoint"",""coordinates"":[]}",LATE CRETACEOUS - PALAEOCENE,DECCAN TRAP,AMARKANTAK,DHUMA,BASALT,,LATE-CRETACEOUS-PALAEOCENE-BASALT
2_995_0,270.0,2370.0,1560.0,426.0,597.0,629.0,1001.0,1764.0,2054.0,2155.0,2260.0,463409.5000105199,425,0.5481322,3.426073131955485,1.053601340033501,1.099767981438515,1.5192307692307692,1.9907736,-15.151274087279043,-7.972002747506622,7.179271339772422,0,21.34356690880198,80.75903811575125,"{""type"":""MultiPoint"",""coordinates"":[]}",PALAEOPROTEROZOIC - MESOPROTEROZOIC,,KHAIRAGARH,MANGIKHUTA,BASALT,,PALAEOPROTEROZOIC-MESOPROTEROZOIC-BASALT
2_996_0,58.16023,3301.0,2443.0,792.0,1079.0,1370.0,1779.0,2172.0,2404.0,2483.0,2738.0,463409.5000105199,272,0.2888658,1.812408759124088,1.2696941612604262,1.3294401933145388,1.351207531723291,3.5118449,-18.21694655344231,-10.687921558752628,7.5290249946896814,0,21.333056619977786,79.82496988332377,"{""type"":""MultiPoint"",""coordinates"":[]}",ARCHAEAN,,AMGAON GNEISSIC COMPLEX,,GRANITE GNEISS/MIGMATITE,,ARCHAEAN-GRANITE-GNEISS-MIGMATITE
2_997_0,132.89622,3290.5,2440.0,705.5,955.5,1105.0,1580.0,2166.5,2448.5,2601.5,2735.0,463409.5000105199,364,0.40375018,2.3542986425339367,1.1564625850340136,1.264847203536421,1.3485655737704918,2.723167,-16.301389020918336,-8.437546320293698,7.863842700624637,0,21.69983875048378,79.50858324025688,"{""type"":""MultiPoint"",""coordinates"":[]}",ARCHAEAN,,TIRODI GNEISSIC COMPLEX,,GNEISS/MIGMATITE,,ARCHAEAN-GNEISS-MIGMATITE
2_999_0,-0.0,185.5,131.0,596.5,750.5,542.0,560.5,397.0,390.5,285.0,331.5,463409.5000105199,514,-0.31076178,0.525830258302583,0.7221852098600933,0.6508771929824562,1.416030534351145,0.0,-30.23891699211369,-20.78938610236063,9.44953088975306,0,22.345008787538426,79.59401302377665,"{""type"":""MultiPoint"",""coordinates"":[]}",LATE CRETACEOUS - PALAEOCENE,DECCAN TRAP,AMARKANTAK,DHUMA,BASALT,,LATE-CRETACEOUS-PALAEOCENE-BASALT
2_1000_0,236.1131,2074.0,1146.0,486.0,699.0,707.0,1184.0,2111.0,2504.0,2600.0,2780.0,463409.5000105199,586,0.57242215,3.6775106082036775,1.011444921316166,0.7976923076923077,1.8097731239092496,20.678268,-17.2323690674336,-10.3375948644668,6.894774202966799,0,21.570750844155807,80.59814984836545,"{""type"":""MultiPoint"",""coordinates"":[]}",ARCHAEAN,,AMGAON GNEISSIC COMPLEX,,GRANITE GNEISS/MIGMATITE,,ARCHAEAN-GRANITE-GNEISS-MIGMATITE
2_1001_0,-0.0,187.5,150.0,543.0,653.5,453.0,454.5,340.0,324.5,265.0,260.5,2349.5531490051467,260,-0.26183844,0.5849889624724062,0.6931905126243305,0.7075471698113207,1.25,0.0,-28.109028878339394,-22.75931578070651,5.349713097632886,0,21.5203553567167,79.92144894483822,"{""type"":""MultiPoint"",""coordinates"":[]}",ARCHAEAN,,TIRODI GNEISSIC COMPLEX,,GNEISS/MIGMATITE,,ARCHAEAN-GNEISS-MIGMATITE
2_1002_0,98.781876,3286.0,2396.0,857.0,1112.0,1332.0,1739.0,2212.0,2548.0,2717.0,2759.0,463409.5000105199,514,0.34205976,2.03978978978979,1.1978417266187051,1.209422156790578,1.371452420701169,6.052394,-17.12687772818751,-9.353711202431391,7.773166525756117,0,22.04263586290379,79.78481519012364,"{""type"":""MultiPoint"",""coordinates"":[]}",ARCHAEAN,,TIRODI GNEISSIC COMPLEX,,GNEISS/MIGMATITE,,ARCHAEAN-GNEISS-MIGMATITE
2_1003_0,60.961025,2166.0,1453.5,468.5,614.5,680.5,1033.0,1604.0,1822.5,1822.5,2162.0,463409.5000105199,613,0.4562525,2.678177810433505,1.1074043938161109,1.188477366255144,1.4901960784313726,5.7132654,-17.913809210339004,-10.94276964353905,6.971039566799954,0,22.281677560008,80.61943992059908,"{""type"":""MultiPoint"",""coordinates"":[]}",PALAEOPROTEROZOIC,,SAUSAR,JUNEWANI,GREY & PINK GNEISS/QTZ-BIOTITE-SILLIMANITE GNEISS,,PALAEOPROTEROZOIC-GREY-PINK-GNEISS-QTZ-BIOTITE-SILLIMANITE-GNEISS
2_1004_0,317.28986,2500.0,1569.0,505.0,732.0,730.0,1221.0,1974.0,2208.0,2352.0,2532.0,463409.5000105199,457,0.52628165,3.221917808219178,0.9972677595628416,1.0629251700680271,1.5933715742511154,8.766658,-16.134048599633942,-9.831877032150237,6.302171567483706,0,21.790658425708266,80.70055779075507,"{""type"":""MultiPoint"",""coordinates"":[]}",PALAEOPROTEROZOIC - MESOPROTEROZOIC,,KHAIRAGARH,SITAGOTA,BASALT,,PALAEOPROTEROZOIC-MESOPROTEROZOIC-BASALT
2_1005_0,-0.0,2181.5,1416.0,438.0,578.0,562.0,1040.5,1605.0,1811.5,1939.0,2066.5,463409.5000105199,631,0.5505798,3.4501779359430604,0.972318339100346,1.125064466219701,1.5406073446327684,4.6273675,-13.910196660260102,-7.235253316497654,6.674943343762448,0,21.914356440331524,79.56544659774164,"{""type"":""MultiPoint"",""coordinates"":[]}",CENOZOIC,,,,LATERITE,,CENOZOIC-LATERITE
2_1006_0,312.96597,2248.0,1287.0,486.25,708.0,652.0,1139.0,1973.0,2247.5,2397.0,2505.5,463409.5000105199,314,0.5723188,3.67638036809816,0.9209039548022598,0.9378389653733834,1.7466977466977467,1.3605715,-15.826669892733412,-8.68182444422793,7.144845448505484,0,21.34491438172816,80.04406898112053,"{""type"":""MultiPoint"",""coordinates"":[]}",PALAEOPROTEROZOIC,,SAKOLI,DHABETEKRI,PHYLLITE,,PALAEOPROTEROZOIC-PHYLLITE
2_1007_0,90.0,2581.0,1782.0,641.0,931.5,1053.5,1498.5,2145.0,2362.5,2517.0,2634.0,463409.5000105199,302,0.40988657,2.389178927384908,1.1309715512614062,1.0254270957489071,1.4483726150392815,0.9983133,-15.6767950825725,-8.979210756531863,6.697584326040637,0,21.72597972525166,80.36530652672167,"{""type"":""MultiPoint"",""coordinates"":[]}",ARCHAEAN,,AMGAON GNEISSIC COMPLEX,,GRANITE GNEISS/MIGMATITE,,ARCHAEAN-GRANITE-GNEISS-MIGMATITE
2_1008_0,160.21394,1532.5,1203.0,549.0,723.0,797.0,1092.0,1791.5,1985.5,2054.5,2266.0,463409.5000105199,529,0.44099596,2.5777917189460475,1.102351313969571,0.7459235823801411,1.273898586866168,2.9544263,-17.01813410981106,-10.304759969618155,6.713374140192906,0,22.09276185575766,79.70477529830859,"{""type"":""MultiPoint"",""coordinates"":[]}",ARCHAEAN,,TIRODI GNEISSIC COMPLEX,,GNEISS/MIGMATITE,,ARCHAEAN-GNEISS-MIGMATITE
2_1009_0,212.956,2093.5,1127.5,431.0,683.5,564.5,1146.0,2113.0,2407.0,2487.5,2685.0,463409.5000105199,498,0.6300786,4.406554472984943,0.8258961228968544,0.841608040201005,1.856762749445676,5.5097294,-15.03063309516592,-8.537870555524638,6.492762539641282,0,22.260117993189127,79.96241212179406,"{""type"":""MultiPoint"",""coordinates"":[]}",ARCHAEAN,,TIRODI GNEISSIC COMPLEX,,GNEISS/MIGMATITE,,ARCHAEAN-GNEISS-MIGMATITE
2_1010_0,294.8673,3158.0,2449.0,744.0,964.0,1290.0,1572.0,1913.0,2074.0,2125.0,2289.0,463409.5000105199,629,0.24450952,1.6472868217054264,1.338174273858921,1.4861176470588235,1.2895059207839934,2.2045026,-18.268703928060518,-9.011942042248076,9.256761885812438,0,22.030778101153413,79.54792944970131,"{""type"":""MultiPoint"",""coordinates"":[]}",CENOZOIC,,,,LATERITE,,CENOZOIC-LATERITE
2_1011_0,180.0,2174.5,1318.5,498.0,648.5,713.0,1128.5,1821.0,2142.0,2302.5,2486.5,463409.5000105199,363,0.5271099,3.229312762973352,1.0994602929838089,0.9444082519001086,1.6492226014410314,1.8543341,-13.927600260891396,-8.36345658026143,5.564143680629966,0,22.19220535770969,79.95486627340746,"{""type"":""MultiPoint"",""coordinates"":[]}",ARCHAEAN,,TIRODI GNEISSIC COMPLEX,,GNEISS/MIGMATITE,,ARCHAEAN-GNEISS-MIGMATITE
2_1012_0,13.496768,1778.0,1008.0,428.0,572.5,513.5,905.5,1875.0,2163.0,2401.5,2504.5,463409.5000105199,558,0.6476844,4.676728334956184,0.896943231441048,0.7403706017072663,1.7638888888888888,8.5211115,-13.261875035037098,-7.006331959927458,6.255543075109641,0,22.20271564653389,80.41651049791648,"{""type"":""MultiPoint"",""coordinates"":[]}",ARCHAEAN,,TIRODI GNEISSIC COMPLEX,,GNEISS/MIGMATITE,,ARCHAEAN-GNEISS-MIGMATITE
2_1013_0,227.0447,1686.0,960.0,443.7894736842105,580.6190476190476,473.8,858.4,1697.8,2067.8,2082.0,2270.75,463409.5000105199,349,0.62923545,4.394259181089067,0.8160255884523908,0.8097982708933718,1.75625,1.3608438,-14.720134710190482,-8.187491985073311,6.532642725117171,0,21.399621782531035,80.06886248296223,"{""type"":""MultiPoint"",""coordinates"":[]}",PALAEOPROTEROZOIC,,SAKOLI,GAIKHURI,PHYLLITE,,PALAEOPROTEROZOIC-PHYLLITE
2_1014_0,180.0,2813.5,1898.0,649.5,800.5,964.0,1300.5,1860.0,2128.0,2253.5,2418.0,1475.9742545180115,344,0.400777,2.337655601659751,1.2042473454091194,1.248502329709341,1.482349841938883,1.8543341,-16.82807627816269,-10.206959842248445,6.621116435914246,0,21.79955174702105,80.13084623756647,"{""type"":""MultiPoint"",""coordinates"":[]}",PALAEOPROTEROZOIC,,SAUSAR,MANSAR,PHYLLITE,,PALAEOPROTEROZOIC-PHYLLITE
2_1015_0,312.9597,1952.0,1129.0,576.0,814.0,723.0,1318.0,2232.0,2450.0,2544.0,2691.0,3686.475281349381,275,0.5573921,3.5186721991701244,0.8882063882063882,0.7672955974842768,1.7289636846767051,1.3607317,-15.218998593882816,-9.62345348452777,5.5955451093550455,0,21.37725373195646,79.69911591201863,"{""type"":""MultiPoint"",""coordinates"":[]}",ARCHAEAN,,TIRODI GNEISSIC COMPLEX,,GNEISS/MIGMATITE,,ARCHAEAN-GNEISS-MIGMATITE
2_1016_0,76.923004,2274.5,1395.5,566.5,761.5,688.5,1204.5,2084.5,2330.5,2381.0,2563.0,463409.5000105199,332,0.55139273,3.458242556281772,0.9041365725541692,0.9552708945821085,1.629881762809029,4.09225,-17.63801672622924,-10.711144577332856,6.926872148896383,0,21.699569255898545,79.83763612882986,"{""type"":""MultiPoint"",""coordinates"":[]}",ARCHAEAN,,TIRODI GNEISSIC COMPLEX,,GNEISS/MIGMATITE,,ARCHAEAN-GNEISS-MIGMATITE
2_1017_0,312.9539,2230.0,1525.0,516.0,703.0,839.0,1176.0,1651.0,1955.0,1939.0,2111.0,463409.5000105199,398,0.39596832,2.311084624553039,1.193456614509246,1.150077359463641,1.4622950819672131,1.3608798,-18.364981539497748,-11.449440736395136,6.915540803102612,0,21.406898136332405,80.7924554443205,"{""type"":""MultiPoint"",""coordinates"":[]}",PALAEOPROTEROZOIC - MESOPROTEROZOIC,,KHAIRAGARH,MANGIKHUTA,BASALT,,PALAEOPROTEROZOIC-MESOPROTEROZOIC-BASALT
2_1019_0,208.39551,1812.5,923.0,504.5,684.5,536.5,928.5,1818.0,2037.5,2278.5,2297.0,463409.5000105199,403,0.6188277,4.246971109040074,0.7837837837837838,0.7954794821154269,1.9637053087757312,2.1077354,-14.93630120715907,-8.983592993627926,5.952708213531144,0,22.346086765879363,80.12545634586175,"{""type"":""MultiPoint"",""coordinates"":[]}",ARCHAEAN,,TIRODI GNEISSIC COMPLEX,,GNEISS/MIGMATITE,,ARCHAEAN-GNEISS-MIGMATITE
2_1020_0,252.82074,2456.0,1567.0,631.0,842.0,854.0,1300.0,1942.0,2187.0,2291.0,2439.0,463409.5000105199,315,0.45691574,2.6826697892271665,1.014251781472684,1.0720209515495416,1.5673261008296109,3.1370432,-17.12824058754746,-10.955919841103327,6.1723207464441305,0,21.95693658479879,80.13219371049266,"{""type"":""MultiPoint"",""coordinates"":[]}",PALAEOPROTEROZOIC,,SAUSAR,MANSAR,BIOTITE SCHIST,,PALAEOPROTEROZOIC-BIOTITE-SCHIST
2_1021_0,312.75568,1672.0,846.0,384.0,537.0,442.0,879.0,1793.0,2071.0,2237.0,2350.0,463409.5000105199,504,0.6700261,5.061085972850679,0.8230912476722533,0.7474295932051855,1.9763593380614657,2.7303734,-15.00420823585734,-8.43488733522986,6.569320900627481,0,22.395943264148,80.43860905390582,"{""type"":""MultiPoint"",""coordinates"":[]}",LATE CRETACEOUS - PALAEOCENE,DECCAN TRAP,AMARKANTAK,MANDLA,BASALT,,LATE-CRETACEOUS-PALAEOCENE-BASALT
2_1022_0,256.95328,1542.0,848.5,377.5,524.5,447.0,868.0,1677.0,1955.0,2155.0,2260.5,2864.349838968697,636,0.65641814,4.821029082774049,0.8522402287893232,0.7155452436194896,1.8173246906305245,8.161482,-15.808467181249858,-8.671445815463471,7.137021365786387,0,22.04182737914808,80.5038267435329,"{""type"":""MultiPoint"",""coordinates"":[]}",PALAEOPROTEROZOIC,,SAUSAR,JUNEWANI,GREY & PINK GNEISS/QTZ-BIOTITE-SILLIMANITE GNEISS,,PALAEOPROTEROZOIC-GREY-PINK-GNEISS-QTZ-BIOTITE-SILLIMANITE-GNEISS
2_1023_0,65.137634,1543.0,994.0,512.0,732.0,650.0,1070.0,1845.0,1972.0,2098.0,2040.0,463409.5000105199,554,0.52692866,3.227692307692308,0.8879781420765027,0.7354623450905624,1.5523138832997987,4.403312,-14.17425166152965,-7.74711872556116,6.427132935968491,0,22.06284795679648,79.66758504554603,"{""type"":""MultiPoint"",""coordinates"":[]}",ARCHAEAN,,TIRODI GNEISSIC COMPLEX,,GNEISS/MIGMATITE,,ARCHAEAN-GNEISS-MIGMATITE
2_1024_0,287.19754,2625.8,1764.5,694.5,1000.75,1109.75,1575.5,2139.25,2370.0,2505.5,2596.5,3451.6228067388824,309,0.38607287,2.2577157017346248,1.1089183112665502,1.048014368389543,1.4881269481439503,3.1338134,-17.51617437531108,-10.664781710836358,6.851392664474723,0,21.79550932824251,80.07613883676359,"{""type"":""MultiPoint"",""coordinates"":[]}",PALAEOPROTEROZOIC,,SAUSAR,MANSAR,PHYLLITE,,PALAEOPROTEROZOIC-PHYLLITE
2_1025_0,98.8259,2695.5,1902.0,792.0,959.5,1087.0,1566.0,2235.5,2590.5,2562.0,2781.0,463409.5000105199,328,0.40422034,2.356945722171113,1.132881709223554,1.0521077283372364,1.417192429022082,6.0226655,-15.584003527827612,-8.566184548852538,7.017818978975074,0,21.31014958023273,80.25238829550784,"{""type"":""MultiPoint"",""coordinates"":[]}",ARCHAEAN,,AMGAON GNEISSIC COMPLEX,,GRANITE GNEISS/MIGMATITE,,ARCHAEAN-GRANITE-GNEISS-MIGMATITE
2_1026_0,-0.0,2089.0,1256.0,734.5,940.0,967.0,1459.5,2309.0,2629.0,2671.0,2895.5,2484.290643221924,286,0.4683892,2.762150982419856,1.028723404255319,0.7821040808685885,1.663216560509554,0.0,-17.14428549570433,-11.244633680849066,5.899651814855265,0,21.48936347941458,79.82092746454524,"{""type"":""MultiPoint"",""coordinates"":[]}",ARCHAEAN,,TIRODI GNEISSIC COMPLEX,,GNEISS/MIGMATITE,,ARCHAEAN-GNEISS-MIGMATITE
2_1027_0,136.66089,3340.5,3126.5,2152.0,2363.0,2447.5,2594.0,2635.5,2653.0,2593.5,2663.0,463409.5000105199,590,0.028962508,1.059652706843718,1.035759627592044,1.2880277617119722,1.0684471453702222,10.096146,-28.676165158905288,-16.993490852999162,11.682674305906126,0,21.98873694585662,80.69570688822083,"{""type"":""MultiPoint"",""coordinates"":[]}",PALAEOPROTEROZOIC - MESOPROTEROZOIC,,CHILPI,,PHYLLITE,,PALAEOPROTEROZOIC-MESOPROTEROZOIC-PHYLLITE
2_1028_0,312.89307,2273.5,1705.5,690.5,926.0,1004.5,1401.5,2015.0,2215.0,2268.5,2367.5,463409.5000105199,298,0.38619003,2.258337481333997,1.084773218142549,1.002204099625303,1.333040164174729,1.3624332,-18.26691578929912,-10.571199640197449,7.695716149101672,0,21.715469436427465,80.21277259147817,"{""type"":""MultiPoint"",""coordinates"":[]}",CENOZOIC,,,,LATERITE,,CENOZOIC-LATERITE
2_1029_0,180.0,2949.5,2161.0,771.0,1048.5,1217.0,1571.0,2240.0,2495.5,2573.5,2753.5,463409.5000105199,287,0.35786834,2.1146261298274447,1.1607057701478305,1.146104526908879,1.3648773715872282,0.92740995,-18.012240161468057,-11.453064549005624,6.559175612462434,0,21.3279362228583,79.52852583956434,"{""type"":""MultiPoint"",""coordinates"":[]}",ARCHAEAN,,TIRODI GNEISSIC COMPLEX,,GNEISS/MIGMATITE,,ARCHAEAN-GNEISS-MIGMATITE
2_1030_0,227.1879,1864.5,1089.0,438.0,562.0,535.5,913.0,1640.0,1877.5,2051.5,2184.0,463409.5000105199,588,0.58600694,3.830999066293184,0.952846975088968,0.9088471849865952,1.7121212121212122,4.0873547,-16.53054101163045,-9.188336765203408,7.342204246427043,0,22.11917232511077,80.29254298870799,"{""type"":""MultiPoint"",""coordinates"":[]}",ARCHAEAN,,TIRODI GNEISSIC COMPLEX,,GNEISS/MIGMATITE,,ARCHAEAN-GNEISS-MIGMATITE
2_1031_0,227.20024,1730.5,954.5,497.5,657.0,529.0,1026.5,1876.0,2198.5,2214.5,2395.5,463409.5000105199,455,0.6143612,4.186200378071834,0.8051750380517504,0.7814405057575073,1.8129910948140389,9.46845,-16.62801443455361,-10.116991368085234,6.511023066468376,0,22.18007810137408,80.17423486578944,"{""type"":""MultiPoint"",""coordinates"":[]}",NEOPROTEROZOIC,,,,GRANITE,ACID  INTRUSIVE,NEOPROTEROZOIC-GRANITE
2_1032_0,65.087585,2596.0,1858.5,600.5,826.0,871.5,1354.5,2170.0,2426.0,2570.0,2715.0,463409.5000105199,322,0.4935348,2.948938611589214,1.055084745762712,1.0101167315175097,1.3968253968253967,2.2007685,-11.996324107288512,-2.9149559276972847,9.081368179591228,0,21.73675950866109,79.93627114702619,"{""type"":""MultiPoint"",""coordinates"":[]}",ARCHAEAN,,TIRODI GNEISSIC COMPLEX,,GNEISS/MIGMATITE,,ARCHAEAN-GNEISS-MIGMATITE
2_1033_0,114.86837,1732.0,1130.0,561.0,872.0,913.0,1288.0,1719.0,1877.0,1852.0,1936.0,463409.5000105199,630,0.33960217,2.028477546549836,1.0470183486238531,0.9352051835853132,1.5327433628318583,2.2044137,-17.630393570242166,-9.913575199375162,7.716818370867005,0,22.02377124193728,79.59104858333906,"{""type"":""MultiPoint"",""coordinates"":[]}",CENOZOIC,,,,LATERITE,,CENOZOIC-LATERITE
2_1035_0,312.79077,2181.5,1442.0,485.0,620.0,651.5,1034.0,1765.0,2035.0,2244.5,2325.5,463409.5000105199,581,0.55006903,3.44512663085188,1.0508064516129032,0.9719313878369348,1.5128294036061027,1.365058,-15.275815397009808,-8.509003373333682,6.766812023676126,0,22.22427521335276,80.3790507505687,"{""type"":""MultiPoint"",""coordinates"":[]}",ARCHAEAN,,TIRODI GNEISSIC COMPLEX,,GNEISS/MIGMATITE,,ARCHAEAN-GNEISS-MIGMATITE
2_1036_0,-0.0,1895.5,1053.0,444.38461538461536,610.6666666666666,541.2857142857143,1028.6714285714286,1982.75,2369.625,2490.666666666667,2711.5,463409.5000105199,369,0.64294577,4.601389988563385,0.8863849033063008,0.7610412205567451,1.8000949667616335,0.0,-15.314626884612064,-8.38025764670725,6.934369237904814,0,21.614139472378778,79.57218396237255,"{""type"":""MultiPoint"",""coordinates"":[]}",PALAEOPROTEROZOIC,,SAUSAR,SITASAONGI,QUARTZ MUSCOVITE SCHIST,,PALAEOPROTEROZOIC-QUARTZ-MUSCOVITE-SCHIST
2_1037_0,227.04138,2928.0,2058.0,726.0,977.0,1209.0,1592.0,2132.0,2391.0,2510.0,2698.0,463409.5000105199,282,0.34982523,2.076095947063689,1.2374616171954964,1.1665338645418326,1.4227405247813412,1.3607594,-17.293020581407532,-10.756716085671412,6.53630449573612,0,21.382643623661178,79.9551357679927,"{""type"":""MultiPoint"",""coordinates"":[]}",ARCHAEAN,,AMGAON GNEISSIC COMPLEX,,GRANITE GNEISS/MIGMATITE,,ARCHAEAN-GRANITE-GNEISS-MIGMATITE
2_1038_0,180.0,2118.0,1519.0,830.5,1096.5,1149.0,1494.0,1937.5,2240.0,2321.0,2366.5,463409.5000105199,296,0.33775216,2.020017406440383,1.0478796169630642,0.9125376992675572,1.3943383805134957,2.7802885,-18.675193336274653,-10.300815372625518,8.374377963649135,0,21.73487304656444,80.23514064205276,"{""type"":""MultiPoint"",""coordinates"":[]}",CENOZOIC,,,,LATERITE,,CENOZOIC-LATERITE
2_1039_0,-0.0,1818.0,853.0,402.0,555.0,453.0,991.0,2053.0,2404.0,2431.0,2627.0,1855.640051303054,502,0.685853,5.36644591611479,0.8162162162162162,0.7478403948992184,2.131301289566237,7.3788605,-14.107368624458465,-6.8729259786664425,7.234442645792022,0,21.89279687351265,79.93950508204901,"{""type"":""MultiPoint"",""coordinates"":[]}",PALAEOPROTEROZOIC,,SAUSAR,SITASAONGI,QUARTZ MUSCOVITE SCHIST,,PALAEOPROTEROZOIC-QUARTZ-MUSCOVITE-SCHIST
2_1040_0,180.0,2964.0,1993.0,552.0,708.5,816.5,1248.0,1910.0,2181.5,2365.0,2543.0,3012.4574685794323,366,0.48672011,2.8965094917330068,1.1524347212420607,1.253276955602537,1.4872052182639235,0.92740995,-16.696897948475904,-9.094742937046098,7.602155011429806,0,21.74565282997388,79.64791194082382,"{""type"":""MultiPoint"",""coordinates"":[]}",ARCHAEAN,,TIRODI GNEISSIC COMPLEX,,GNEISS/MIGMATITE,,ARCHAEAN-GNEISS-MIGMATITE
2_1041_0,280.5221,1699.0,974.0,396.0,525.0,512.0,847.0,1450.0,1677.0,1843.0,2022.0,463409.5000105199,600,0.5651805,3.599609375,0.9752380952380952,0.9218665219750408,1.74435318275154,5.0657034,-16.016347248906534,-10.013620140282338,6.002727108624196,0,21.768290375133688,80.57685977613181,"{""type"":""MultiPoint"",""coordinates"":[]}",PALAEOPROTEROZOIC,,,,GRANITE,MALANJKHAND GRANITE,PALAEOPROTEROZOIC-GRANITE
2_1042_0,218.8645,1962.0,1019.0,423.0,610.0,518.0,991.0,2029.0,2389.0,2479.0,2699.0,463409.5000105199,382,0.654321,4.785714285714286,0.8491803278688524,0.7914481645824929,1.9254170755642788,9.443002,-13.595139140648689,-6.851280963329812,6.743858177318876,0,21.461336042550048,79.63093378195396,"{""type"":""MultiPoint"",""coordinates"":[]}",PALAEOPROTEROZOIC,,SAUSAR,CHORBAOLI,QUARTZ MICA SCHIST,,PALAEOPROTEROZOIC-QUARTZ-MICA-SCHIST
2_1043_0,47.052418,3066.0,2225.0,859.0,1146.0,1388.0,1760.0,2231.0,2484.0,2627.0,2776.0,463409.5000105199,319,0.30859277,1.8926512968299711,1.2111692844677138,1.1671107727445755,1.3779775280898876,5.4288816,-17.675534266786165,-11.02332372853863,6.652210538247536,0,21.439237486560707,80.34347746531756,"{""type"":""MultiPoint"",""coordinates"":[]}",ARCHAEAN,,AMGAON GNEISSIC COMPLEX,,GRANITE GNEISS/MIGMATITE,,ARCHAEAN-GRANITE-GNEISS-MIGMATITE
2_1044_0,245.1095,1675.0,859.0,384.0,526.0,392.0,790.0,1985.0,2337.0,2570.0,2571.0,2467.8938388836746,779,0.73531395,6.556122448979592,0.7452471482889734,0.6517509727626459,1.949941792782305,8.746091,-16.53471527234518,-10.61998139208576,5.914733880259421,0,21.879861133421333,80.41408504664936,"{""type"":""MultiPoint"",""coordinates"":[]}",LATE CRETACEOUS - PALAEOCENE,DECCAN TRAP,AMARKANTAK,,BASALT,,LATE-CRETACEOUS-PALAEOCENE-BASALT
2_1045_0,340.1856,1684.5,1378.5,638.0,793.0,954.0,1114.5,1671.0,1834.5,1769.0,1901.0,463409.5000105199,460,0.29930225,1.8542976939203355,1.2030264817150065,0.9522328999434708,1.221980413492927,2.9549513,-17.35653804718889,-10.720780283788567,6.635757763400322,0,22.31051348062823,79.8597346848192,"{""type"":""MultiPoint"",""coordinates"":[]}",LATE CRETACEOUS - PALAEOCENE,DECCAN TRAP,AMARKANTAK,DHUMA,BASALT,,LATE-CRETACEOUS-PALAEOCENE-BASALT
2_1046_0,90.0,2106.5,1289.5,745.0,885.5,875.5,1311.0,2217.0,2490.0,2714.0,2828.0,1869.358178627092,274,0.5121883,3.09994288977727,0.9887069452286844,0.7761606484893147,1.6335789065529276,0.99692154,-16.704010497079082,-10.000854579888465,6.703155917190619,0,21.52439777549524,79.93384569575906,"{""type"":""MultiPoint"",""coordinates"":[]}",ARCHAEAN,,TIRODI GNEISSIC COMPLEX,,GNEISS/MIGMATITE,,ARCHAEAN-GNEISS-MIGMATITE
2_1047_0,19.699587,2269.0,1479.0,722.0,950.0,987.0,1419.0,2278.0,2575.0,2547.0,2855.0,2646.129248543993,264,0.44142616,2.580547112462006,1.0389473684210526,0.8908519827247743,1.5341446923597024,2.9528294,-16.821684782432605,-10.98832218344954,5.833362598983065,0,21.41121004969618,79.8265868508352,"{""type"":""MultiPoint"",""coordinates"":[]}",ARCHAEAN,,AMGAON GNEISSIC COMPLEX,,GRANITE GNEISS/MIGMATITE,,ARCHAEAN-GRANITE-GNEISS-MIGMATITE
2_1048_0,227.13744,2164.0,1233.5,489.5,688.5,707.5,1167.0,2087.0,2365.5,2568.0,2695.5,463409.5000105199,659,0.5680049,3.629681978798587,1.027596223674655,0.8426791277258567,1.754357519254155,1.3632146,-14.691789372274773,-9.112583822096262,5.579205550178511,0,21.868542360841428,80.74691085941564,"{""type"":""MultiPoint"",""coordinates"":[]}",PALAEOPROTEROZOIC,,,,GRANITE,MALANJKHAND GRANITE,PALAEOPROTEROZOIC-GRANITE
2_1049_0,270.0,1535.0,729.0,427.5,598.0,491.0,950.0,1897.5,2262.0,2502.0,2498.0,463409.5000105199,324,0.6719011,5.095723014256619,0.8210702341137124,0.6135091926458833,2.1056241426611795,1.0002629,-13.739257729893836,-7.173091476401507,6.566166253492328,0,22.004637126385536,80.13650562385642,"{""type"":""MultiPoint"",""coordinates"":[]}",ARCHAEAN,,TIRODI GNEISSIC COMPLEX,,GNEISS/MIGMATITE,,ARCHAEAN-GNEISS-MIGMATITE
2_1050_0,65.133644,3532.0,2643.5,736.0,951.0,1163.0,1551.0,2167.5,2385.0,2608.0,2762.5,463409.5000105199,571,0.38318747,2.242476354256234,1.2229232386961093,1.3542944785276074,1.3361074333270286,2.2045808,-17.552862502557755,-12.510896025728757,5.041966476829,0,22.03697647661384,80.6218653718662,"{""type"":""MultiPoint"",""coordinates"":[]}",ARCHAEAN,,TIRODI GNEISSIC COMPLEX,,GNEISS/MIGMATITE,,ARCHAEAN-GNEISS-MIGMATITE
2_1051_0,227.07675,2691.0,1853.0,566.0,793.0,825.0,1241.0,1937.0,2235.0,2327.0,2392.0,463409.5000105199,297,0.47652283,2.820606060606061,1.0403530895334174,1.1564245810055866,1.4522396114409066,2.7217875,-16.027772622351424,-9.988660519082844,6.039112103268579,0,21.562935501183965,80.46582800701465,"{""type"":""MultiPoint"",""coordinates"":[]}",ARCHAEAN,,AMGAON GNEISSIC COMPLEX,,GRANITE GNEISS/MIGMATITE,,ARCHAEAN-GRANITE-GNEISS-MIGMATITE
2_1053_0,141.14891,2259.0,1350.0,497.0,736.0,687.0,1148.0,2093.0,2414.0,2544.0,2680.0,463409.5000105199,266,0.57474464,3.703056768558952,0.9334239130434784,0.8879716981132075,1.6733333333333331,4.752889,-15.844723776029603,-8.549930688394397,7.294793087635206,0,21.391267450388725,79.88129425163807,"{""type"":""MultiPoint"",""coordinates"":[]}",ARCHAEAN,,AMGAON GNEISSIC COMPLEX,,GRANITE GNEISS/MIGMATITE,,ARCHAEAN-GRANITE-GNEISS-MIGMATITE
2_1054_0,270.0,2939.0,2394.25,932.5,1184.0,1379.571428571429,1761.25,2334.6666666666665,2568.75,2572.333333333333,2774.0,3237.1129112219733,296,0.3018195,1.864588726657692,1.1651785714285716,1.1425424387715433,1.2275242769134385,1.992468,-15.936679230138433,-9.279029258633091,6.657649971505341,0,21.468073407180945,80.04137403526816,"{""type"":""MultiPoint"",""coordinates"":[]}",ARCHAEAN,,AMGAON GNEISSIC COMPLEX,,GRANITE GNEISS/MIGMATITE,,ARCHAEAN-GRANITE-GNEISS-MIGMATITE
2_1056_0,-0.0,2784.0,1913.0,717.0,977.0,1009.0,1451.0,2155.0,2410.0,2518.0,2741.0,463409.5000105199,299,0.42784235,2.495540138751239,1.0327533265097235,1.1056393963463067,1.4553058024046002,0.92740995,-16.733061090527364,-10.292037733365468,6.441023357161896,0,21.491519436096464,80.23136771785944,"{""type"":""MultiPoint"",""coordinates"":[]}",ARCHAEAN,,AMGAON GNEISSIC COMPLEX,,GRANITE GNEISS/MIGMATITE,,ARCHAEAN-GRANITE-GNEISS-MIGMATITE
2_1057_0,180.0,2590.0,1853.0,661.0,992.0,1020.0,1584.0,2201.0,2479.0,2540.0,2614.0,463409.5000105199,298,0.42696628,2.4901960784313726,1.028225806451613,1.0196850393700787,1.397733405288721,0.92740995,-15.896220937375247,-9.730242455582609,6.16597848179264,0,21.545957342314107,80.40141880114328,"{""type"":""MultiPoint"",""coordinates"":[]}",ARCHAEAN,,AMGAON GNEISSIC COMPLEX,,GRANITE GNEISS/MIGMATITE,,ARCHAEAN-GRANITE-GNEISS-MIGMATITE
2_1058_0,184.4072,1954.0,1177.0,383.0,556.0,520.0,926.0,1628.0,1871.0,2064.0,2108.0,463409.5000105199,620,0.5975232,3.969230769230769,0.935251798561151,0.9467054263565892,1.6601529311809686,12.8058,-14.557560572920938,-7.663454980806737,6.894105592114201,0,22.06230896762601,79.60775724762368,"{""type"":""MultiPoint"",""coordinates"":[]}",CENOZOIC,,,,LATERITE,,CENOZOIC-LATERITE
2_1059_0,190.15692,2419.0,1418.0,557.0,762.0,750.0,1178.0,1973.0,2315.0,2377.0,2567.0,463409.5000105199,291,0.520307,3.1693333333333333,0.984251968503937,1.0176693310896088,1.7059238363892806,5.6353035,-15.125623963554103,-8.531471575004584,6.594152388549521,0,21.51712142169387,80.34482493824375,"{""type"":""MultiPoint"",""coordinates"":[]}",ARCHAEAN,,AMGAON GNEISSIC COMPLEX,,GRANITE GNEISS/MIGMATITE,,ARCHAEAN-GRANITE-GNEISS-MIGMATITE
2_1060_0,294.95636,2803.0,1889.0,686.0,910.0,1009.0,1399.0,2093.0,2383.0,2500.0,2677.0,463409.5000105199,270,0.4249074,2.4777006937561943,1.1087912087912088,1.1212,1.4838538909475911,2.1971433,-16.870728611887337,-9.964697182032172,6.906031429855165,0,21.44624434577684,79.84895490140977,"{""type"":""MultiPoint"",""coordinates"":[]}",ARCHAEAN,,AMGAON GNEISSIC COMPLEX,,GRANITE GNEISS/MIGMATITE,,ARCHAEAN-GRANITE-GNEISS-MIGMATITE
2_1062_0,331.7652,2023.0,1330.5,591.0,784.5,763.5,1210.0,1970.5,2235.0,2361.5,2432.5,463409.5000105199,330,0.51136,3.0929927963326787,0.9732313575525812,0.8566589032394665,1.5204810221721157,2.1045556,-15.954914600561708,-9.0176025324105,6.937312068151208,0,21.38722503161019,80.25804768179779,"{""type"":""MultiPoint"",""coordinates"":[]}",ARCHAEAN,,AMGAON GNEISSIC COMPLEX,,GRANITE GNEISS/MIGMATITE,,ARCHAEAN-GRANITE-GNEISS-MIGMATITE
2_1063_0,144.37971,2646.0,1925.0,676.0,886.0,993.0,1477.0,1955.0,2209.0,2215.0,2492.0,463409.5000105199,305,0.3809227,2.230614300100705,1.1207674943566592,1.1945823927765238,1.3745454545454543,3.4188561,-15.850599998994758,-8.751326250173516,7.099273748821242,0,21.4880160064884,80.21465905357482,"{""type"":""MultiPoint"",""coordinates"":[]}",ARCHAEAN,,AMGAON GNEISSIC COMPLEX,,GRANITE GNEISS/MIGMATITE,,ARCHAEAN-GRANITE-GNEISS-MIGMATITE
2_1064_0,177.62138,1940.5,1148.5,480.0,685.5,646.75,1063.5,1770.25,2018.5833333333333,2206.875,2225.6666666666665,463409.5000105199,409,0.54671687,3.4122535755701584,0.9434719183078044,0.8792976493911073,1.6895951240748803,22.843016,-13.597006925335847,-5.875448937645682,7.721557987690165,0,22.19166636853922,80.10443576821336,"{""type"":""MultiPoint"",""coordinates"":[]}",ARCHAEAN,,TIRODI GNEISSIC COMPLEX,,GNEISS/MIGMATITE,,ARCHAEAN-GNEISS-MIGMATITE
2_1065_0,76.94565,2013.0,1122.0,439.0,621.0,601.0,1042.0,1946.0,2282.0,2361.0,2509.0,463409.5000105199,555,0.5941931,3.928452579034942,0.9677938808373592,0.8526048284625158,1.7941176470588236,4.0991993,-15.163287430169785,-9.620113316760625,5.543174113409162,0,21.95612810104308,79.68510219358637,"{""type"":""MultiPoint"",""coordinates"":[]}",ARCHAEAN,,TIRODI GNEISSIC COMPLEX,,GNEISS/MIGMATITE,,ARCHAEAN-GNEISS-MIGMATITE
2_1066_0,180.0,3647.0,2766.5,699.0,920.5,1238.0,1648.0,2129.0,2405.5,2686.5,2723.0,463409.5000105199,513,0.3690916,2.170032310177706,1.34492123845736,1.3575283826540108,1.31827218507139,0.92740995,-19.271129397282643,-12.267870824019784,7.003258573262858,0,22.065812397234076,79.81742403493718,"{""type"":""MultiPoint"",""coordinates"":[]}",ARCHAEAN,,TIRODI GNEISSIC COMPLEX,,GNEISS/MIGMATITE,,ARCHAEAN-GNEISS-MIGMATITE
2_1068_0,-0.0,3499.5,2519.5,648.0,849.0,1058.0,1436.0,1863.0,2142.5,2281.5,2531.5,463409.5000105199,610,0.3663722,2.156427221172023,1.2461719670200235,1.5338593030900722,1.388966064695376,1.8543341,-16.276283073155405,-9.076392322034255,7.199890751121149,0,21.998977740095583,80.36746248340356,"{""type"":""MultiPoint"",""coordinates"":[]}",PALAEOPROTEROZOIC,,SAUSAR,MANSAR,MUSCOVITE SCHIST,,PALAEOPROTEROZOIC-MUSCOVITE-SCHIST
2_1069_0,167.82477,3536.0,2800.0,848.0,1142.0,1470.0,1879.0,2275.0,2553.0,2676.0,2852.0,463409.5000105199,525,0.29088277,1.8204081632653064,1.287215411558669,1.3213751868460388,1.262857142857143,4.7333665,-19.95291807409362,-12.178122959158795,7.774795114934824,0,22.03158658490912,79.8311682587842,"{""type"":""MultiPoint"",""coordinates"":[]}",ARCHAEAN,,TIRODI GNEISSIC COMPLEX,,GNEISS/MIGMATITE,,ARCHAEAN-GNEISS-MIGMATITE
2_1070_0,19.819412,1677.0,833.0,467.0,652.5,534.5,971.5,2000.0,2300.5,2450.5,2614.5,463409.5000105199,412,0.64187604,4.584658559401309,0.8191570881226053,0.6843501326259946,2.013205282112845,2.9550445,-13.961398547497742,-7.678899598166582,6.28249894933116,0,22.348781711731725,80.19848937846068,"{""type"":""MultiPoint"",""coordinates"":[]}",ARCHAEAN,,TIRODI GNEISSIC COMPLEX,,GNEISS/MIGMATITE,,ARCHAEAN-GNEISS-MIGMATITE
2_1071_0,90.0,2656.0,1885.0,715.0,948.0,1070.0,1538.0,2027.0,2261.0,2272.0,2504.0,463409.5000105199,299,0.35966486,2.123364485981309,1.128691983122363,1.1690140845070425,1.4090185676392573,0.9971123,-17.667815886829516,-10.82532861863958,6.842487268189935,0,21.55215571777453,80.36153360252837,"{""type"":""MultiPoint"",""coordinates"":[]}",ARCHAEAN,,AMGAON GNEISSIC COMPLEX,,GRANITE GNEISS/MIGMATITE,,ARCHAEAN-GRANITE-GNEISS-MIGMATITE
2_1072_0,283.08423,3418.0,2571.0,841.6,1233.0,1666.0,2013.0,2504.0,2744.5,2822.5,2946.5,463409.5000105199,306,0.25765845,1.694177671068427,1.35117599351176,1.2109831709477414,1.3294437961882537,4.0900307,-18.919725080596532,-12.031689383013624,6.888035697582911,0,21.6165649236459,80.37366085886399,"{""type"":""MultiPoint"",""coordinates"":[]}",ARCHAEAN,,AMGAON GNEISSIC COMPLEX,,GRANITE GNEISS/MIGMATITE,,ARCHAEAN-GRANITE-GNEISS-MIGMATITE
2_1073_0,-0.0,2438.0,1507.0,591.0,803.0,884.0,1317.0,1988.0,2256.0,2399.0,2592.0,463409.5000105199,536,0.46146816,2.713800904977376,1.1008717310087173,1.0162567736556898,1.6177836761778368,0.0,-17.38122470737916,-10.062945537437065,7.318279169942098,0,21.958284057724967,79.80287132733443,"{""type"":""MultiPoint"",""coordinates"":[]}",ARCHAEAN,,TIRODI GNEISSIC COMPLEX,,GNEISS/MIGMATITE,,ARCHAEAN-GNEISS-MIGMATITE
2_1074_0,270.0,1632.5,801.0,365.5,570.0,430.5,907.5,2037.0,2353.5,2446.0,2598.5,2430.514348857048,821,0.70067793,5.681765389082463,0.7552631578947369,0.6674161896974653,2.0380774032459428,7.953412,-14.88615700490388,-8.649972119060017,6.236184885843864,0,22.0396714224662,80.46528901784417,"{""type"":""MultiPoint"",""coordinates"":[]}",LATE CRETACEOUS - PALAEOCENE,DECCAN TRAP,AMARKANTAK,MANDLA,BASALT,,LATE-CRETACEOUS-PALAEOCENE-BASALT
2_1075_0,180.0,2089.0,1262.0,415.5,530.0,539.0,934.5,1610.5,1892.5,2003.0,2187.5,463409.5000105199,586,0.57592446,3.716141001855288,1.0169811320754718,1.0429355966050924,1.6553090332805072,1.8543341,-13.75146786291354,-7.31886653487223,6.43260132804131,0,21.88740698180794,79.51208666986494,"{""type"":""MultiPoint"",""coordinates"":[]}",ARCHAEAN,,TIRODI GNEISSIC COMPLEX,,GNEISS/MIGMATITE,,ARCHAEAN-GNEISS-MIGMATITE
2_1076_0,180.0,1726.5,1357.0,613.5,749.0,898.0,1116.0,1816.5,2020.0,2024.0,2193.0,463409.5000105199,585,0.3853525,2.2538975501113585,1.198931909212283,0.8530138339920948,1.2722918201915991,1.8543341,-17.771640082387957,-9.083065129267371,8.688574953120584,0,22.16768135045323,79.51370363737637,"{""type"":""MultiPoint"",""coordinates"":[]}",LATE CRETACEOUS - PALAEOCENE,DECCAN TRAP,AMARKANTAK,PIPARDAHI,BASALT,,LATE-CRETACEOUS-PALAEOCENE-BASALT
2_1077_0,47.160015,1549.5,847.0,389.0,562.0,493.5,901.0,1882.5,2135.5,2466.0,2449.0,463409.5000105199,607,0.6664977,4.996960486322188,0.8781138790035588,0.628345498783455,1.82939787485242,2.7260435,-14.489659505996515,-8.492749014032496,5.99691049196402,0,21.981191097470017,80.60138378338829,"{""type"":""MultiPoint"",""coordinates"":[]}",PALAEOPROTEROZOIC,,,,GRANITE,MALANJKHAND GRANITE,PALAEOPROTEROZOIC-GRANITE
2_1078_0,10.75871,2646.5,1462.0,688.0,962.5,838.0,1524.0,2617.5,3090.5,3135.0,3384.0,463409.5000105199,503,0.57815254,3.7410501193317423,0.8706493506493507,0.8441786283891547,1.8101915184678523,15.648408,-14.042775388240088,-7.81206733024424,6.230708057995848,0,21.76290048342897,79.61368612849887,"{""type"":""MultiPoint"",""coordinates"":[]}",ARCHAEAN,,TIRODI GNEISSIC COMPLEX,,GNEISS/MIGMATITE,,ARCHAEAN-GNEISS-MIGMATITE
2_1079_0,132.96225,2357.0,1503.0,819.5,1038.5,1102.5,1537.0,2331.5,2662.5,2733.0,2947.5,463409.5000105199,301,0.42510754,2.47891156462585,1.0616273471352913,0.8624222466154409,1.5681969394544244,1.3606669,-19.03047238419248,-10.571199186095646,8.459273198096833,0,21.364048497279903,79.511008691524,"{""type"":""MultiPoint"",""coordinates"":[]}",PALAEOPROTEROZOIC,,SAUSAR,MANSAR,MUSCOVITE SCHIST,,PALAEOPROTEROZOIC-MUSCOVITE-SCHIST
2_1080_0,65.11789,767.0,577.0,643.0,831.0,813.0,1020.0,907.0,953.0,889.0,1023.0,463409.5000105199,299,0.04465335,1.0934809348093482,0.9783393501805054,0.8627671541057368,1.3292894280762566,2.2032754,-27.123677054605885,-18.55466764427726,8.569009410328626,0,21.934838028809448,80.13947006429402,"{""type"":""MultiPoint"",""coordinates"":[]}",PALAEOPROTEROZOIC,,SAUSAR,MANSAR,BIOTITE SCHIST,,PALAEOPROTEROZOIC-BIOTITE-SCHIST
2_1081_0,141.0254,1677.0,861.0,382.0,560.0,463.0,877.5,1715.5,1994.0,2198.5,2282.0,463409.5000105199,561,0.6520759,4.748380129589632,0.8267857142857142,0.762792813281783,1.9477351916376304,4.761129,-13.925260389997296,-7.674175005762949,6.2510853842343455,0,22.026196693204405,80.31841446889062,"{""type"":""MultiPoint"",""coordinates"":[]}",PALAEOPROTEROZOIC,,SAUSAR,JUNEWANI,GREY & PINK GNEISS/QTZ-BIOTITE-SILLIMANITE GNEISS,,PALAEOPROTEROZOIC-GREY-PINK-GNEISS-QTZ-BIOTITE-SILLIMANITE-GNEISS
2_1082_0,151.61884,1848.5,1111.0,425.5,533.5,514.0,894.0,1782.0,2153.5,2306.5,2447.5,463409.5000105199,605,0.63552564,4.487354085603113,0.9634489222118088,0.8014307392152612,1.663816381638164,2.1074505,-15.370401798861351,-9.09279403167789,6.277607767183461,0,22.26254344445625,80.38848306105196,"{""type"":""MultiPoint"",""coordinates"":[]}",ARCHAEAN,,TIRODI GNEISSIC COMPLEX,,GNEISS/MIGMATITE,,ARCHAEAN-GNEISS-MIGMATITE
2_1083_0,334.8741,2240.0,1136.0,793.5,1034.0,852.75,1487.8333333333333,2930.5,3403.0,3496.0,3598.6666666666665,463409.5000105199,535,0.60781837,4.099677513925535,0.8247098646034816,0.6407322654462243,1.971830985915493,34.88822,-18.557526454227897,-12.857045654941755,5.700480799286142,0,21.65106023055609,80.40815616577417,"{""type"":""MultiPoint"",""coordinates"":[]}",NEOPROTEROZOIC,,,,GRANITE,ACID  INTRUSIVE,NEOPROTEROZOIC-GRANITE
2_1084_0,155.20691,1796.0,1066.5,332.0,495.0,416.5,922.5,1665.5,1973.5,2096.5,2209.0,463409.5000105199,612,0.66852367,5.033613445378151,0.8414141414141414,0.8566658716909135,1.6840131270511018,7.114818,-13.485486203303267,-6.789610265470099,6.6958759378331685,0,21.9043851406778,79.5711059840316,"{""type"":""MultiPoint"",""coordinates"":[]}",ARCHAEAN,,TIRODI GNEISSIC COMPLEX,,GNEISS/MIGMATITE,,ARCHAEAN-GNEISS-MIGMATITE
2_1085_0,90.0,2965.5,2186.0,677.5,950.0,1136.5,1562.0,2210.0,2457.5,2532.5,2698.5,2436.4728605096343,291,0.38048515,2.228332600087989,1.1963157894736842,1.1709772951628823,1.356587374199451,0.9966284,-17.529773216161416,-11.295540675800543,6.234232540360871,0,21.481548136442736,80.02385688722784,"{""type"":""MultiPoint"",""coordinates"":[]}",ARCHAEAN,,AMGAON GNEISSIC COMPLEX,,GRANITE GNEISS/MIGMATITE,,ARCHAEAN-GRANITE-GNEISS-MIGMATITE
2_1086_0,180.0,2940.0,2227.0,591.0,841.0,1142.0,1468.0,2007.0,2201.0,2192.0,2283.0,463409.5000105199,632,0.31493703,1.919439579684764,1.3579072532699168,1.3412408759124088,1.3201616524472384,3.7047918,-16.44021209867838,-10.14232394045888,6.2978881582195,0,21.921363299547654,79.5538583305765,"{""type"":""MultiPoint"",""coordinates"":[]}",CENOZOIC,,,,LATERITE,,CENOZOIC-LATERITE
2_1087_0,153.64099,1643.0,844.0,362.0,534.0,545.0,1013.0,1867.0,2339.0,2391.0,2612.0,463409.5000105199,541,0.62874657,4.387155963302752,1.0205992509363295,0.6871601840234212,1.9466824644549765,13.216919,-12.817513777733115,-6.612593984861185,6.20491979287193,0,21.340332973779148,80.6428859495146,"{""type"":""MultiPoint"",""coordinates"":[]}",PALAEOPROTEROZOIC - MESOPROTEROZOIC,,KHAIRAGARH,MANGIKHUTA,BASALT,,PALAEOPROTEROZOIC-MESOPROTEROZOIC-BASALT
2_1088_0,114.9204,3548.0,2469.0,752.9285714285714,1022.0,1243.0,1613.0,2190.0,2448.5,2667.0,2823.333333333333,463409.5000105199,621,0.36419436,2.1456154465004023,1.216242661448141,1.330333708286464,1.4370190360469826,2.2001088,-17.899127541272485,-12.074634116654313,5.824493424618172,0,21.6842080645401,80.59168197831978,"{""type"":""MultiPoint"",""coordinates"":[]}",PALAEOPROTEROZOIC,,,,GRANITE,MALANJKHAND GRANITE,PALAEOPROTEROZOIC-GRANITE
2_1089_0,270.0,2456.5,1838.0,615.5,828.0,880.0,1283.5,1825.0,2071.0,2224.0,2342.5,463409.5000105199,327,0.4329897,2.527272727272728,1.0628019323671498,1.1045413669064748,1.336507072905332,1.0001317,-15.40779053147324,-9.731849190561844,5.675941340911395,0,21.98604200000426,80.13866158053831,"{""type"":""MultiPoint"",""coordinates"":[]}",NEOPROTEROZOIC,,,,GRANITE,ACID  INTRUSIVE,NEOPROTEROZOIC-GRANITE
2_1090_0,199.71436,2128.0,1303.0,675.0,895.0,1006.0,1414.0,2070.0,2338.0,2475.0,2549.0,463409.5000105199,301,0.42200518,2.460238568588469,1.1240223463687151,0.8597979797979798,1.6331542594013817,2.9531016,-16.804310090192804,-10.969973183867612,5.834336906325191,0,21.52951817261472,80.42809876508163,"{""type"":""MultiPoint"",""coordinates"":[]}",ARCHAEAN,,AMGAON GNEISSIC COMPLEX,,GRANITE GNEISS/MIGMATITE,,ARCHAEAN-GRANITE-GNEISS-MIGMATITE
2_1091_0,218.88393,1948.0,1210.0,482.0,623.0,768.0,1275.0,2023.0,2299.0,2389.0,2583.0,463409.5000105199,460,0.5134621,3.110677083333333,1.232744783306581,0.8154039347007116,1.6099173553719008,18.403889,-16.639875658210357,-10.96334077952678,5.676534878683576,0,21.56212701742826,80.60704316967824,"{""type"":""MultiPoint"",""coordinates"":[]}",ARCHAEAN,,AMGAON GNEISSIC COMPLEX,,GRANITE GNEISS/MIGMATITE,,ARCHAEAN-GRANITE-GNEISS-MIGMATITE
2_1093_0,292.99194,2308.0,1166.5,661.0,930.5,785.0,1388.0,2628.0,2977.5,3066.5,3251.0,463409.5000105199,463,0.59236664,3.906369426751593,0.8436324556689951,0.7526496005217674,1.9785683669095584,24.50706,-17.575161627605247,-11.655840055266715,5.919321572338532,0,22.216190375795684,80.1580651906753,"{""type"":""MultiPoint"",""coordinates"":[]}",ARCHAEAN,,TIRODI GNEISSIC COMPLEX,,GNEISS/MIGMATITE,,ARCHAEAN-GNEISS-MIGMATITE
2_1094_0,312.92517,2034.0,1154.0,707.0,963.0,1055.0,1367.0,2111.0,2514.0,2631.0,2784.0,463409.5000105199,304,0.42756376,2.4938388625592416,1.095534787123572,0.7730900798175598,1.7625649913344887,2.72169,-17.332948575159314,-10.69389856634997,6.639050008809344,0,21.55323369611548,80.4475023752186,"{""type"":""MultiPoint"",""coordinates"":[]}",ARCHAEAN,,AMGAON GNEISSIC COMPLEX,,GRANITE GNEISS/MIGMATITE,,ARCHAEAN-GRANITE-GNEISS-MIGMATITE
2_1095_0,90.0,2656.0,1748.0,845.0,1086.0,1181.0,1647.0,2146.0,2497.0,2496.0,2702.0,463409.5000105199,310,0.3576285,2.11346316680779,1.087476979742173,1.064102564102564,1.5194508009153318,0.99581754,-17.565670906562612,-11.47320555410282,6.092465352459794,0,21.36270102435373,80.43402764595682,"{""type"":""MultiPoint"",""coordinates"":[]}",PALAEOPROTEROZOIC,,,,GRANITE,DONGARGARH GRANITE,PALAEOPROTEROZOIC-GRANITE
2_1096_0,150.16681,2507.0,1717.0,406.0,584.0,670.0,1062.0,1808.0,2161.0,2309.0,2441.0,463409.5000105199,640,0.5501846,3.446268656716418,1.1472602739726028,1.0857514075357295,1.460104834012813,15.637523,-14.453817045337058,-8.779131546061594,5.674685499275464,0,21.564821963280615,80.73181916264244,"{""type"":""MultiPoint"",""coordinates"":[]}",PALAEOPROTEROZOIC - MESOPROTEROZOIC,,KHAIRAGARH,SITAGOTA,BASALT,,PALAEOPROTEROZOIC-MESOPROTEROZOIC-BASALT
2_1097_0,321.0553,2813.5,2139.0,786.0,1056.0,1205.5,1570.5,2171.0,2381.0,2466.5,2623.5,463409.5000105199,482,0.3434096,2.046038987971796,1.1415719696969695,1.1406851814311778,1.315334268349696,4.7591305,-16.68752330651418,-9.975145914109994,6.712377392404186,0,21.874471241716616,80.70082728534031,"{""type"":""MultiPoint"",""coordinates"":[]}",PALAEOPROTEROZOIC,,,,GRANITE,MALANJKHAND GRANITE,PALAEOPROTEROZOIC-GRANITE
2_1098_0,238.31668,1522.0,697.5,344.0,502.0,358.5,772.0,1985.5,2462.5,2711.0,2708.0,463409.5000105199,747,0.7664115,7.562064156206415,0.7141434262948207,0.5614164514939137,2.182078853046595,7.0281224,-14.449397070286189,-9.625116815052689,4.824280255233502,0,22.20837503282384,80.68088468603285,"{""type"":""MultiPoint"",""coordinates"":[]}",PALAEOPROTEROZOIC,,SAUSAR,JUNEWANI,GREY & PINK GNEISS/QTZ-BIOTITE-SILLIMANITE GNEISS,,PALAEOPROTEROZOIC-GREY-PINK-GNEISS-QTZ-BIOTITE-SILLIMANITE-GNEISS
2_1099_0,324.39484,3427.0,2489.0,883.0,1186.0,1334.0,1857.0,2506.0,2776.0,2928.0,3128.0,463409.5000105199,277,0.3740028,2.1949025487256373,1.1247892074198989,1.1704234972677596,1.3768581759742868,3.4182107,-18.37854621074585,-10.904572213250589,7.473973997495259,0,21.40662864174717,79.92171843942344,"{""type"":""MultiPoint"",""coordinates"":[]}",ARCHAEAN,,AMGAON GNEISSIC COMPLEX,,GRANITE GNEISS/MIGMATITE,,ARCHAEAN-GRANITE-GNEISS-MIGMATITE
2_1100_0,-0.0,3613.0,2700.5,792.0,1083.0,1379.5,1869.5,2341.0,2581.5,2718.0,2906.5,463409.5000105199,587,0.3266626,1.970279086625589,1.2737765466297322,1.3292862398822665,1.3379003888168857,3.7047918,-17.664231019598212,-10.493453795974446,7.170777223623766,0,22.05314615172799,80.7646975020412,"{""type"":""MultiPoint"",""coordinates"":[]}",PALAEOPROTEROZOIC,,,,GRANITE,MALANJKHAND GRANITE,PALAEOPROTEROZOIC-GRANITE
2_1101_0,180.0,2207.0,1359.0,583.5,773.5,722.0,1234.0,2204.5,2618.5,2682.5,2883.0,463409.5000105199,514,0.5758555,3.715373961218837,0.9334195216548158,0.8227399813606711,1.6239882266372332,1.8543341,-16.940161354713098,-11.105115795615315,5.8350455590977806,0,22.076861675228745,79.7853541792941,"{""type"":""MultiPoint"",""coordinates"":[]}",ARCHAEAN,,TIRODI GNEISSIC COMPLEX,,GNEISS/MIGMATITE,,ARCHAEAN-GNEISS-MIGMATITE
2_1102_0,41.828663,1849.0,913.3333333333334,455.9047619047619,612.2222222222222,485.54545454545456,1060.5,2270.333333333333,2639.0,2760.0,2990.6666666666665,463409.5000105199,445,0.7007927,5.684328777382513,0.7930869493482925,0.6699275362318841,2.0244525547445256,27.536884,-13.913397655301658,-8.115506892947039,5.797890762354619,0,21.393962396241083,80.08988306061062,"{""type"":""MultiPoint"",""coordinates"":[]}",PALAEOPROTEROZOIC,,SAKOLI,GAIKHURI,PHYLLITE,,PALAEOPROTEROZOIC-PHYLLITE
2_1103_0,235.07356,1879.0,1051.0,386.0,570.0,511.0,883.0,1787.0,2045.0,2216.0,2319.0,463409.5000105199,453,0.6252292,4.336594911937378,0.8964912280701754,0.8479241877256317,1.7878211227402474,4.848403,-15.344630521674286,-8.104922533962725,7.2397079877115615,0,21.399082793360567,80.6083906426044,"{""type"":""MultiPoint"",""coordinates"":[]}",PALAEOPROTEROZOIC - MESOPROTEROZOIC,,KHAIRAGARH,SITAGOTA,BASALT,,PALAEOPROTEROZOIC-MESOPROTEROZOIC-BASALT
2_1104_0,270.0,2318.5,1586.0,561.5,807.0,918.5,1277.5,1796.0,2040.5,2150.0,2239.0,463409.5000105199,583,0.40133616,2.340772999455634,1.1381660470879802,1.078372093023256,1.4618537200504411,3.0002995,-17.82643300429477,-9.8624344579244,7.963998546370371,0,22.0968042745362,80.77520779086541,"{""type"":""MultiPoint"",""coordinates"":[]}",PALAEOPROTEROZOIC,,,,GRANITE,MALANJKHAND GRANITE,PALAEOPROTEROZOIC-GRANITE
2_1105_0,245.18303,1818.5,1105.5,457.0,571.0,603.0,1016.0,1691.0,1940.0,2072.0,2202.0,463409.5000105199,484,0.5491589,3.4361525704809286,1.0560420315236427,0.8776544401544402,1.6449570330167345,4.4108257,-16.03129809499472,-7.8582214860873245,8.173076608907397,0,22.35444109802168,79.99475147202237,"{""type"":""MultiPoint"",""coordinates"":[]}",LATE CRETACEOUS - PALAEOCENE,DECCAN TRAP,AMARKANTAK,MANDLA,BASALT,,LATE-CRETACEOUS-PALAEOCENE-BASALT
2_1106_0,-0.0,3547.75,2481.666666666667,752.8888888888889,960.9444444444443,1134.7857142857142,1537.0833333333337,2190.333333333333,2418.6666666666665,2722.0,2858.0,463409.5000105199,372,0.4115381,2.398690753446214,1.1809066807621469,1.3033614988978692,1.4295836131631967,0.0,-18.270471148543063,-11.592944335510564,6.6775268130325,0,21.67504524864208,79.52960381790528,"{""type"":""MultiPoint"",""coordinates"":[]}",ARCHAEAN,,TIRODI GNEISSIC COMPLEX,,GNEISS/MIGMATITE,,ARCHAEAN-GNEISS-MIGMATITE
2_1107_0,227.15935,2100.0,1272.0,482.0,668.0,743.0,1199.0,1760.0,1989.0,2165.0,2289.0,463409.5000105199,645,0.48899588,2.9138627187079407,1.1122754491017963,0.9699769053117784,1.650943396226415,2.7260091,-15.38583945423692,-7.7788879421366435,7.6069515121002755,0,21.97768766786195,79.65923071340373,"{""type"":""MultiPoint"",""coordinates"":[]}",CENOZOIC,,,,LATERITE,,CENOZOIC-LATERITE
2_1108_0,340.20242,1905.5,944.5,550.0,786.75,650.0,1172.6666666666667,2060.25,2354.5,2491.5,2568.333333333333,463409.5000105199,445,0.5861849,3.833076923076923,0.8261836669844296,0.7648003210917118,2.0174695606140816,14.470576,-15.642793192590572,-9.514775994225888,6.1280171983646845,0,22.18169506888549,80.09958486567912,"{""type"":""MultiPoint"",""coordinates"":[]}",ARCHAEAN,,TIRODI GNEISSIC COMPLEX,,GNEISS/MIGMATITE,,ARCHAEAN-GNEISS-MIGMATITE
2_1109_0,258.3431,1953.0,1051.0,520.0,740.0,609.0,1156.0,2403.0,2718.0,3021.0,3073.0,2036.0009823180344,321,0.6644628,4.960591133004926,0.822972972972973,0.6464746772591857,1.858230256898192,9.103389,-15.978201035786526,-9.180231094058804,6.797969941727722,0,21.81706889506138,80.27071392730389,"{""type"":""MultiPoint"",""coordinates"":[]}",ARCHAEAN,,TIRODI GNEISSIC COMPLEX,,GRANULITE,,ARCHAEAN-GRANULITE
2_1110_0,-0.0,2170.0,1628.0,730.0,1029.0,1134.0,1532.0,2155.0,2425.0,2476.0,2744.0,463409.5000105199,265,0.37174514,2.18342151675485,1.1020408163265305,0.8764135702746365,1.3329238329238329,0.92740995,-17.365084282106697,-10.680382656236215,6.684701625870481,0,21.376445248200756,79.86216013608633,"{""type"":""MultiPoint"",""coordinates"":[]}",ARCHAEAN,,AMGAON GNEISSIC COMPLEX,,GRANITE GNEISS/MIGMATITE,,ARCHAEAN-GRANITE-GNEISS-MIGMATITE
2_1111_0,256.89957,2110.0,1342.0,463.0,631.0,695.0,1139.0,1837.0,2189.0,2292.0,2333.0,463409.5000105199,441,0.53465015,3.297841726618705,1.1014263074484945,0.9205933682373472,1.572280178837556,4.0850797,-15.307632503797944,-8.929634095337029,6.377998408460915,0,21.43061365983316,80.79110797139433,"{""type"":""MultiPoint"",""coordinates"":[]}",PALAEOPROTEROZOIC - MESOPROTEROZOIC,,KHAIRAGARH,MANGIKHUTA,BASALT,,PALAEOPROTEROZOIC-MESOPROTEROZOIC-BASALT
2_1112_0,-0.0,2435.0,1775.0,762.0,921.0,1095.0,1472.0,2146.0,2466.0,2640.0,2780.0,1980.0252523642216,304,0.41365463,2.410958904109589,1.1889250814332248,0.9223484848484848,1.371830985915493,1.8543341,-18.67603926343914,-10.587266806391302,8.088772457047838,0,21.79658730658345,80.22705580449568,"{""type"":""MultiPoint"",""coordinates"":[]}",ARCHAEAN,,TIRODI GNEISSIC COMPLEX,,GNEISS/MIGMATITE,,ARCHAEAN-GNEISS-MIGMATITE
2_1113_0,132.76775,3268.0,2505.0,799.0,1116.0,1362.0,1739.0,2149.0,2345.0,2578.0,2658.0,463409.5000105199,634,0.30862945,1.8928046989721,1.2204301075268815,1.2676493405740883,1.3045908183632735,2.7297518,-17.482662031947612,-11.453732423366937,6.028929608580675,0,22.336923949981347,80.76900941540498,"{""type"":""MultiPoint"",""coordinates"":[]}",PALAEOPROTEROZOIC,,SAUSAR,LOHANGI ( INCLUDES UTEKATA),MARBLE,,PALAEOPROTEROZOIC-MARBLE
2_1114_0,-0.0,2472.0,1881.5,598.5,852.5,1022.0,1315.0,1820.5,2061.0,2069.0,2259.0,463409.5000105199,572,0.33872533,2.024461839530333,1.198826979472141,1.19478008699855,1.3138453361679512,1.8543341,-17.607164818427513,-10.418062841904565,7.189101976522951,0,22.004098137215063,80.58467511910365,"{""type"":""MultiPoint"",""coordinates"":[]}",ARCHAEAN,,TIRODI GNEISSIC COMPLEX,,GNEISS/MIGMATITE,,ARCHAEAN-GNEISS-MIGMATITE
2_1115_0,151.63327,3186.5,2533.0,897.0,1223.5,1541.5,1864.0,2474.5,2746.5,2851.5,3064.5,463409.5000105199,525,0.29820168,1.8498216023353875,1.259910093992644,1.1174820270033317,1.257994472956968,2.1071641,-16.470864421170504,-9.803847802772529,6.667016618397977,0,22.17792214469219,79.68321573148971,"{""type"":""MultiPoint"",""coordinates"":[]}",ARCHAEAN,,TIRODI GNEISSIC COMPLEX,,GNEISS/MIGMATITE,,ARCHAEAN-GNEISS-MIGMATITE
2_1116_0,312.81216,2121.0,1214.5,516.5,757.5,727.5,1194.0,2066.5,2416.5,2447.5,2710.5,463409.5000105199,523,0.5417323,3.36426116838488,0.9603960396039604,0.8665985699693565,1.7463976945244957,1.3645079,-16.19002200726552,-10.25588258351949,5.9341394237460285,0,22.11890283052554,80.18339768168747,"{""type"":""MultiPoint"",""coordinates"":[]}",ARCHAEAN,,TIRODI GNEISSIC COMPLEX,,GNEISS/MIGMATITE,,ARCHAEAN-GNEISS-MIGMATITE
2_1117_0,227.21318,2773.0,2029.5,755.5,1022.0,1309.0,1585.0,1925.5,2105.0,2136.5,2315.5,463409.5000105199,588,0.24016833,1.6321619556913671,1.2808219178082192,1.2979171542241985,1.3663463907366349,1.3651599,-18.728966034399107,-10.56881462052482,8.160151413874287,0,22.243678823489734,79.59778594796995,"{""type"":""MultiPoint"",""coordinates"":[]}",LATE CRETACEOUS - PALAEOCENE,DECCAN TRAP,AMARKANTAK,PIPARDAHI,BASALT,,LATE-CRETACEOUS-PALAEOCENE-BASALT
2_1118_0,208.32236,2228.0,1514.75,715.2,913.4,1003.0,1384.6666666666667,1895.0,2098.5,2186.0,2301.5,463409.5000105199,327,0.37096268,2.1794616151545365,1.098095029559886,1.019213174748399,1.4708697804918305,2.1062849,-16.96502379632904,-11.224040849604089,5.74098294672495,0,21.9157039132577,80.0626641075018,"{""type"":""MultiPoint"",""coordinates"":[]}",PALAEOPROTEROZOIC,,SAUSAR,MANSAR,BIOTITE SCHIST,,PALAEOPROTEROZOIC-BIOTITE-SCHIST
2_1119_0,180.0,2323.5,1746.0,731.5,950.5,1147.5,1514.0,2053.5,2237.5,2244.0,2401.5,463409.5000105199,602,0.32330826,1.9555555555555555,1.207259337190952,1.035427807486631,1.3307560137457044,3.7047918,-17.39020512942057,-9.49810305570619,7.892102073714378,0,22.17468820966936,79.54011410672948,"{""type"":""MultiPoint"",""coordinates"":[]}",LATE CRETACEOUS - PALAEOCENE,DECCAN TRAP,AMARKANTAK,PIPARDAHI,BASALT,,LATE-CRETACEOUS-PALAEOCENE-BASALT
2_1120_0,270.0,1848.5,1014.5,522.0,665.5,663.0,1074.0,2082.0,2420.0,2494.5,2658.5,463409.5000105199,466,0.5800475,3.762443438914027,0.996243425995492,0.7410302665864903,1.8220798422868407,3.0050213,-15.302694276809005,-8.578841534627765,6.723852742181238,0,22.3177898344296,80.20145381889827,"{""type"":""MultiPoint"",""coordinates"":[]}",ARCHAEAN,,TIRODI GNEISSIC COMPLEX,,GNEISS/MIGMATITE,,ARCHAEAN-GNEISS-MIGMATITE
2_1121_0,17.071781,1961.0,1127.0,311.0,441.0,373.0,841.0,1795.0,2257.0,2304.0,2490.0,463409.5000105199,660,0.72132987,6.176943699731903,0.8458049886621315,0.8511284722222222,1.7400177462289264,6.7601495,-14.590176809339964,-8.675110033163707,5.915066776176259,0,21.509036584136798,80.73505309766526,"{""type"":""MultiPoint"",""coordinates"":[]}",PALAEOPROTEROZOIC - MESOPROTEROZOIC,,KHAIRAGARH,MANGIKHUTA,BASALT,,PALAEOPROTEROZOIC-MESOPROTEROZOIC-BASALT
2_1122_0,180.0,2767.0,1846.0,610.0,908.0,976.0,1555.0,2191.0,2451.0,2491.0,2829.0,463409.5000105199,287,0.4369772,2.552254098360656,1.0748898678414096,1.1107988759534324,1.4989165763813652,0.92740995,-16.735952450629583,-9.592919226372072,7.143033224257511,0,21.377523226541697,79.97831230232298,"{""type"":""MultiPoint"",""coordinates"":[]}",ARCHAEAN,,AMGAON GNEISSIC COMPLEX,,GRANITE GNEISS/MIGMATITE,,ARCHAEAN-GRANITE-GNEISS-MIGMATITE
2_1123_0,65.17074,1939.5,1393.0,612.0,807.0,955.5,1245.0,1792.5,1983.0,2068.5,2176.5,463409.5000105199,623,0.36805555,2.1648351648351647,1.1840148698884758,0.9376359680928208,1.3923187365398422,4.408788,-16.52808372756307,-8.92460846793803,7.603475259625041,0,22.275748679132807,80.78841302554197,"{""type"":""MultiPoint"",""coordinates"":[]}",PALAEOPROTEROZOIC,,SAUSAR,JUNEWANI,BIOTITE SCHIST/GNEISS AND BIOTITE-MUSCOVITE SCHIST,,PALAEOPROTEROZOIC-BIOTITE-SCHIST-GNEISS-AND-BIOTITE-MUSCOVITE-SCHIST
2_1124_0,227.13855,3441.1111111111118,2450.625,927.5,1167.5,1433.6666666666667,1885.375,2465.028571428571,2748.2,2840.0,3074.8214285714284,2793.2955446926844,323,0.3290695,1.9809346663566607,1.2279800142755175,1.211658841940532,1.404176938989487,2.7249444,-18.22559762120878,-10.771828851048689,7.453768770160092,0,21.87420174713138,80.05538775370043,"{""type"":""MultiPoint"",""coordinates"":[]}",PALAEOPROTEROZOIC,,SAUSAR,MANSAR,MUSCOVITE SCHIST,,PALAEOPROTEROZOIC-MUSCOVITE-SCHIST
2_1125_0,90.0,2608.0,1526.0,503.0,671.0,729.0,1192.0,1933.0,2229.0,2395.0,2561.0,463409.5000105199,597,0.5332906,3.2853223593964334,1.0864381520119224,1.0889352818371607,1.709043250327654,1.0002238,-16.77019783647254,-9.707118505288632,7.063079331183909,0,21.99924723468082,79.64683396248287,"{""type"":""MultiPoint"",""coordinates"":[]}",CENOZOIC,,,,LATERITE,,CENOZOIC-LATERITE
2_1126_0,132.82846,1969.5,1032.0,472.25,691.5,603.5,1123.25,2227.75,2544.5,2760.5,2867.0,463409.5000105199,322,0.64120096,4.574150787075394,0.8727404193781634,0.713457706937149,1.9084302325581397,1.3640895,-13.953078444703902,-7.06005503039528,6.8930234143086215,0,22.03832394954002,80.05484876452996,"{""type"":""MultiPoint"",""coordinates"":[]}",ARCHAEAN,,TIRODI GNEISSIC COMPLEX,,GNEISS/MIGMATITE,,ARCHAEAN-GNEISS-MIGMATITE
2_1127_0,331.67773,1967.0,1156.0,668.0,830.0,841.0,1358.0,2223.0,2557.0,2652.0,2779.0,3324.8759375351137,304,0.5184655,3.153388822829964,1.0132530120481928,0.7417043740573153,1.7015570934256057,2.106283,-16.79836308373664,-10.24219186946902,6.556171214267618,0,21.91516492408723,80.16534154447666,"{""type"":""MultiPoint"",""coordinates"":[]}",PALAEOPROTEROZOIC,,SAUSAR,MANSAR,MUSCOVITE SCHIST,,PALAEOPROTEROZOIC-MUSCOVITE-SCHIST
2_1128_0,150.58096,1489.0,671.0,314.0,435.0,330.0,745.0,1821.0,2174.0,2312.0,2404.0,463409.5000105199,786,0.75018924,7.006060606060606,0.7586206896551724,0.6440311418685121,2.219076005961252,23.143625,-11.791518642324,-5.711262871151245,6.080255771172755,0,22.298655718877853,80.72050039006253,"{""type"":""MultiPoint"",""coordinates"":[]}",LATE CRETACEOUS - PALAEOCENE,DECCAN TRAP,AMARKANTAK,LINGA,BASALT,,LATE-CRETACEOUS-PALAEOCENE-BASALT
2_1129_0,114.83581,1634.0,1294.5,560.5,739.0,790.5,1039.0,1532.0,1767.5,1805.0,1841.0,463409.5000105199,488,0.3908688,2.2833649588867804,1.0696887686062246,0.9052631578947368,1.2622634221707223,2.2071178,-18.222489417175822,-10.619180215499576,7.603309201676248,0,22.23397701842125,79.76109966662288,"{""type"":""MultiPoint"",""coordinates"":[]}",ARCHAEAN,,TIRODI GNEISSIC COMPLEX,,GNEISS/MIGMATITE,,ARCHAEAN-GNEISS-MIGMATITE
2_1130_0,304.84067,1520.0,807.0,393.0,542.5,473.0,809.0,1632.0,1919.0,1991.5,2195.5,463409.5000105199,515,0.6161493,4.210359408033827,0.871889400921659,0.7632437860908863,1.8835192069392808,4.858776,-15.316034431652422,-8.255806334873203,7.06022809677922,0,21.86018802869912,80.72427331425583,"{""type"":""MultiPoint"",""coordinates"":[]}",PALAEOPROTEROZOIC,,,,GRANITE,MALANJKHAND GRANITE,PALAEOPROTEROZOIC-GRANITE
2_1131_0,141.04869,2518.0,1757.5,509.5,688.0,909.5,1232.5,1729.5,1916.5,1992.5,2156.0,463409.5000105199,739,0.3731909,2.1907641561297417,1.3219476744186047,1.2637390213299875,1.4327169274537697,4.759572,-16.024387646276622,-8.6335031176315,7.390884528645122,0,21.9081580648711,80.6030007508997,"{""type"":""MultiPoint"",""coordinates"":[]}",CENOZOIC,,,,LATERITE,,CENOZOIC-LATERITE
2_1132_0,192.18602,2030.5,1140.5,445.0,629.0,622.5,1129.0,1972.5,2299.0,2362.5,2490.0,463409.5000105199,467,0.5829146,3.7951807228915664,0.9896661367249604,0.8594708994708995,1.7803594914511178,9.403367,-15.088834118948444,-8.255900751019867,6.832933367928575,0,22.160674491237096,79.95432728423698,"{""type"":""MultiPoint"",""coordinates"":[]}",ARCHAEAN,,TIRODI GNEISSIC COMPLEX,,GNEISS/MIGMATITE,,ARCHAEAN-GNEISS-MIGMATITE
2_1133_0,-0.0,308.0,202.0,464.0,587.0,531.0,664.0,500.0,515.0,419.0,432.0,463409.5000105199,307,-0.11789474,0.7890772128060264,0.9045996592844976,0.7350835322195705,1.5247524752475248,0.0,-28.075138969002037,-21.28888627165905,6.786252697342981,0,21.340063479193912,80.02978576810303,"{""type"":""MultiPoint"",""coordinates"":[]}",PALAEOPROTEROZOIC,,SAKOLI,DHABETEKRI,PHYLLITE,,PALAEOPROTEROZOIC-PHYLLITE
2_1134_0,312.9021,3273.333333333333,2213.0,619.5,876.0,991.0,1489.0,2290.0,2675.0,2830.833333333333,2930.333333333333,463409.5000105199,628,0.48140073,2.856542213252607,1.1312785388127853,1.15631439505446,1.4791384244615151,1.362202,-18.413143980425357,-11.381725937472062,7.031418042953291,0,21.6699248515226,80.60434822382588,"{""type"":""MultiPoint"",""coordinates"":[]}",PALAEOPROTEROZOIC,,,,GRANITE,MALANJKHAND GRANITE,PALAEOPROTEROZOIC-GRANITE
2_1135_0,103.097374,2981.0,2068.0,708.0,942.0,1131.0,1572.0,2185.0,2493.0,2599.0,2742.0,463409.5000105199,308,0.39356568,2.297966401414677,1.2006369426751593,1.146979607541362,1.4414893617021276,4.0860143,-16.792893951584567,-9.44492910278247,7.347964848802096,0,21.465917450499056,80.3181449743054,"{""type"":""MultiPoint"",""coordinates"":[]}",ARCHAEAN,,AMGAON GNEISSIC COMPLEX,,GRANITE GNEISS/MIGMATITE,,ARCHAEAN-GRANITE-GNEISS-MIGMATITE
2_1136_0,90.0,2479.875,1681.75,676.0,932.0,994.0,1418.5,2087.25,2301.0,2471.0,2529.666666666667,4428.013098444945,326,0.42626262,2.4859154929577465,1.0665236051502145,1.0035916632942128,1.4745800505425897,0.9999049,-16.702849504118955,-9.912358276933997,6.790491227184958,0,21.953972144361195,80.05969966706421,"{""type"":""MultiPoint"",""coordinates"":[]}",PALAEOPROTEROZOIC,,SAUSAR,MANSAR,BIOTITE SCHIST,,PALAEOPROTEROZOIC-BIOTITE-SCHIST
2_1137_0,180.0,3364.0,2582.0,902.0,1168.0,1388.0,1768.0,2301.0,2566.0,2750.0,2899.0,463409.5000105199,335,0.3291445,1.9812680115273773,1.1883561643835616,1.2232727272727273,1.30286599535244,1.8543341,-16.286033325343336,-10.736650770551224,5.549382554792112,0,21.460258064209103,80.58925652705267,"{""type"":""MultiPoint"",""coordinates"":[]}",ARCHAEAN,,AMGAON GNEISSIC COMPLEX,,GRANITE GNEISS/MIGMATITE,,ARCHAEAN-GRANITE-GNEISS-MIGMATITE
2_1138_0,6.849897,1486.0,668.0,307.0,463.0,333.0,708.0,1874.0,2288.0,2497.0,2546.0,463409.5000105199,597,0.7646643,7.498498498498498,0.7192224622030238,0.5951141369643572,2.2245508982035926,8.347856,-13.683517302255538,-6.764351243676597,6.919166058578941,0,22.33854091749276,80.5835971407627,"{""type"":""MultiPoint"",""coordinates"":[]}",ARCHAEAN,,TIRODI GNEISSIC COMPLEX,,GNEISS/MIGMATITE,,ARCHAEAN-GNEISS-MIGMATITE
2_1139_0,188.72585,1886.0,1089.0,374.0,587.0,472.0,983.0,1971.0,2352.0,2518.0,2651.0,463409.5000105199,478,0.68428093,5.334745762711864,0.8040885860306644,0.7490071485305798,1.7318640955004592,6.539912,-14.074942616435804,-7.766275860625912,6.308666755809892,0,21.445166367435892,80.65743865711734,"{""type"":""MultiPoint"",""coordinates"":[]}",PALAEOPROTEROZOIC - MESOPROTEROZOIC,,KHAIRAGARH,SITAGOTA,BASALT,,PALAEOPROTEROZOIC-MESOPROTEROZOIC-BASALT
2_1140_0,-0.0,3404.5,2569.0,766.5,996.0,1216.0,1613.5,2031.3333333333333,2299.0,2314.5,2562.5,463409.5000105199,361,0.31114572,1.903371710526316,1.2208835341365465,1.4709440483905811,1.325223822499027,0.92740995,-18.82908896648648,-9.25991724429057,9.569171722195913,0,22.186815466004973,80.07101843964412,"{""type"":""MultiPoint"",""coordinates"":[]}",ARCHAEAN,,TIRODI GNEISSIC COMPLEX,,GNEISS/MIGMATITE,,ARCHAEAN-GNEISS-MIGMATITE
2_1141_0,34.39231,1683.0,888.0,364.0,474.44444444444446,413.8125,880.0,1697.0,1998.0,2253.6666666666665,2156.0,463409.5000105199,650,0.6897352,5.4461058249005685,0.8722043325526931,0.7467830202632747,1.8952702702702704,12.176996,-13.578678243402946,-6.14267110064465,7.436007142758296,0,21.61925986949826,80.58413612993319,"{""type"":""MultiPoint"",""coordinates"":[]}",ARCHAEAN,,AMGAON GNEISSIC COMPLEX,,GRANITE GNEISS/MIGMATITE,,ARCHAEAN-GRANITE-GNEISS-MIGMATITE
2_1142_0,58.292984,1672.5,778.0,390.0,531.5,429.0,920.0,2033.5,2475.0,2457.0,2770.5,463409.5000105199,666,0.7027027,5.727272727272728,0.8071495766698025,0.6807081807081807,2.1497429305912594,13.841977,-11.740411109840956,-3.729353491144261,8.011057618696695,0,22.07793965356969,80.45747367487233,"{""type"":""MultiPoint"",""coordinates"":[]}",PALAEOPROTEROZOIC,,SAUSAR,JUNEWANI,GREY & PINK GNEISS/QTZ-BIOTITE-SILLIMANITE GNEISS,,PALAEOPROTEROZOIC-GREY-PINK-GNEISS-QTZ-BIOTITE-SILLIMANITE-GNEISS
2_1143_0,325.96368,1899.0,954.0,569.0,793.0,666.0,1178.0,1987.5,2290.0,2353.0,2496.5,463409.5000105199,479,0.5587943,3.533033033033033,0.8398486759142497,0.8070548236294093,1.990566037735849,8.88204,-16.66537320761489,-10.39727550788632,6.268097699728571,0,22.281138570837523,80.23379316912657,"{""type"":""MultiPoint"",""coordinates"":[]}",NEOPROTEROZOIC,,,,GRANITE,ACID  INTRUSIVE,NEOPROTEROZOIC-GRANITE
2_1144_0,270.0,1823.0,1061.0,627.5,898.5,821.5,1257.5,2036.0,2384.5,2415.0,2586.5,463409.5000105199,284,0.49235284,2.939744370054778,0.9143016138007792,0.7548654244306419,1.7181903864278982,1.993892,-16.857510896045213,-10.750541671021994,6.106969225023219,0,21.571828822496748,79.80529677860156,"{""type"":""MultiPoint"",""coordinates"":[]}",PALAEOPROTEROZOIC,,SAUSAR,MANSAR,MUSCOVITE SCHIST,,PALAEOPROTEROZOIC-MUSCOVITE-SCHIST
2_1145_0,340.2991,2452.0,1718.75,555.0,818.7777777777778,834.0,1381.6666666666667,2188.0,2439.0,2619.0,2710.0,463409.5000105199,349,0.5169418,3.1402877697841727,1.0185913963902835,0.9362352042764414,1.4266181818181818,5.890104,-15.564655348156698,-8.57642245085626,6.988232897300438,0,21.421720338520377,80.11413757328185,"{""type"":""MultiPoint"",""coordinates"":[]}",PALAEOPROTEROZOIC,,SAKOLI,GAIKHURI,PHYLLITE,,PALAEOPROTEROZOIC-PHYLLITE
2_1146_0,326.4114,1421.0,768.5,528.5,671.5,569.5,890.0,1691.5,1964.5,2056.5,2016.0,463409.5000105199,383,0.56626046,3.611062335381914,0.8481012658227848,0.6909798200826647,1.849056603773585,26.804796,-17.923189229858934,-11.311266144879388,6.611923084979548,0,22.084677018200583,80.2618206059911,"{""type"":""MultiPoint"",""coordinates"":[]}",PALAEOPROTEROZOIC,,SAUSAR,JUNEWANI,GREY & PINK GNEISS/QTZ-BIOTITE-SILLIMANITE GNEISS,,PALAEOPROTEROZOIC-GREY-PINK-GNEISS-QTZ-BIOTITE-SILLIMANITE-GNEISS
2_1148_0,227.07451,2206.0,1442.0,613.0,923.0,890.0,1372.0,2408.0,2661.0,2814.0,3004.0,463409.5000105199,301,0.51943845,3.161797752808989,0.9642470205850489,0.7839374555792467,1.5298196948682383,2.721673,-16.188990289567002,-8.902640376002303,7.286349913564699,0,21.55161672860406,80.40869515494464,"{""type"":""MultiPoint"",""coordinates"":[]}",ARCHAEAN,,AMGAON GNEISSIC COMPLEX,,GRANITE GNEISS/MIGMATITE,,ARCHAEAN-GRANITE-GNEISS-MIGMATITE
2_1149_0,270.0,3191.0,2234.0,836.0,1119.0,1308.0,1740.0,2344.0,2581.0,2674.0,2903.0,463409.5000105199,274,0.34304368,2.04434250764526,1.168900804289544,1.193343305908751,1.428379588182632,0.99592143,-18.18348968981178,-11.02933977107539,7.154149918736389,0,21.37806221571217,79.8912655512918,"{""type"":""MultiPoint"",""coordinates"":[]}",ARCHAEAN,,AMGAON GNEISSIC COMPLEX,,GRANITE GNEISS/MIGMATITE,,ARCHAEAN-GRANITE-GNEISS-MIGMATITE
2_1150_0,340.21323,2293.0,1588.0,456.5,653.0,698.5,1155.5,2063.0,2389.5,2502.5,2671.0,463409.5000105199,503,0.5635739,3.5826771653543306,1.069678407350689,0.9162837162837164,1.4439546599496222,2.9544396,-15.654200269527504,-8.507425568739807,7.146774700787697,0,22.09842124204761,79.85407529852925,"{""type"":""MultiPoint"",""coordinates"":[]}",ARCHAEAN,,TIRODI GNEISSIC COMPLEX,,GRANITE GNEISS,,ARCHAEAN-GRANITE-GNEISS
2_1151_0,312.8725,2223.0,1476.0,664.0,825.0,890.0,1312.0,1982.0,2289.0,2359.0,2556.0,2420.6197553519223,311,0.4521391,2.650561797752809,1.0787878787878789,0.9423484527342094,1.5060975609756098,1.36296,-17.04994278335209,-10.02670859679978,7.023234186552312,0,21.81895535715803,80.28418865656568,"{""type"":""MultiPoint"",""coordinates"":[]}",ARCHAEAN,,TIRODI GNEISSIC COMPLEX,,GNEISS/MIGMATITE,,ARCHAEAN-GNEISS-MIGMATITE
2_1153_0,15.10187,1873.75,1068.5,595.0,861.0,730.0,1215.5,2219.166666666667,2611.5,2717.25,2813.0,463409.5000105199,340,0.576474,3.7222602739726023,0.8478513356562137,0.6895758579446131,1.753626579316799,3.836928,-17.27953917125258,-9.94652427036583,7.3330149008867505,0,22.116477379258416,80.10120183319053,"{""type"":""MultiPoint"",""coordinates"":[]}",NEOPROTEROZOIC,,,,GRANITE,ACID  INTRUSIVE,NEOPROTEROZOIC-GRANITE
2_1154_0,245.17125,2517.5,1975.5,707.0,925.5,1162.0,1459.0,1569.5,1724.5,1768.0,1916.0,463409.5000105199,579,0.20682594,1.5215146299483648,1.255537547271745,1.423925339366516,1.2743609212857503,2.2077053,-19.605315108690725,-9.431824371997743,10.17349073669298,0,22.279252108740877,79.56005670603693,"{""type"":""MultiPoint"",""coordinates"":[]}",LATE CRETACEOUS - PALAEOCENE,DECCAN TRAP,AMARKANTAK,DHUMA,BASALT,,LATE-CRETACEOUS-PALAEOCENE-BASALT
2_1155_0,41.962677,2248.5,1387.0,553.0,712.0,769.5,1135.0,1834.0,2084.5,2228.0,2373.0,463409.5000105199,338,0.48657215,2.89538661468486,1.0807584269662922,1.009201077199282,1.6211247296323,7.4418526,-15.200673808318848,-9.986124960105592,5.214548848213255,0,22.070393805183084,80.15563973940817,"{""type"":""MultiPoint"",""coordinates"":[]}",ARCHAEAN,,TIRODI GNEISSIC COMPLEX,,GNEISS/MIGMATITE,,ARCHAEAN-GNEISS-MIGMATITE
2_1156_0,-0.0,3284.0,2339.0,726.0,1032.0,1194.0,1735.0,2376.0,2642.0,2662.0,2904.0,463409.5000105199,272,0.3807054,2.229480737018425,1.1569767441860466,1.2336589030803906,1.404018811457888,1.8543341,-18.218846887852575,-10.33681748241783,7.882029405434748,0,21.358928100160423,79.88398919749044,"{""type"":""MultiPoint"",""coordinates"":[]}",ARCHAEAN,,AMGAON GNEISSIC COMPLEX,,GRANITE GNEISS/MIGMATITE,,ARCHAEAN-GRANITE-GNEISS-MIGMATITE
2_1157_0,304.91824,1504.0,739.0,332.0,491.0,356.0,781.0,1916.0,2326.0,2508.0,2598.0,463409.5000105199,561,0.75139666,7.044943820224719,0.725050916496945,0.5996810207336523,2.0351826792963466,4.8493905,-13.932370975271198,-8.121850543830334,5.810520431440864,0,21.44354939992448,80.62698576898569,"{""type"":""MultiPoint"",""coordinates"":[]}",PALAEOPROTEROZOIC - MESOPROTEROZOIC,,KHAIRAGARH,SITAGOTA,BASALT,,PALAEOPROTEROZOIC-MESOPROTEROZOIC-BASALT
2_1158_0,208.22156,2740.0,2007.0,806.5,1050.0,1137.5,1559.5,2122.0,2385.5,2443.0,2665.0,463409.5000105199,324,0.3646139,2.147692307692308,1.0833333333333333,1.121571837904216,1.3652217239661186,2.1042945,-18.434478206149755,-11.4305486835759,7.003929522573856,0,21.30583766686896,80.20738269977346,"{""type"":""MultiPoint"",""coordinates"":[]}",ARCHAEAN,,AMGAON GNEISSIC COMPLEX,,GRANITE GNEISS/MIGMATITE,,ARCHAEAN-GRANITE-GNEISS-MIGMATITE
2_1159_0,132.77399,2290.0,1847.0,522.0,745.5,1096.0,1341.0,1802.5,2001.0,2114.5,2271.0,463409.5000105199,484,0.3172403,1.9292883211678835,1.4701542588866532,1.0829983447623552,1.2398484028153762,1.3654898,-20.10243508188765,-10.053995498206143,10.048439583681509,0,22.30647106184969,79.92629984737246,"{""type"":""MultiPoint"",""coordinates"":[]}",LATE CRETACEOUS - PALAEOCENE,DECCAN TRAP,AMARKANTAK,DHUMA,BASALT,,LATE-CRETACEOUS-PALAEOCENE-BASALT
2_1160_0,227.09161,1675.0,925.5,427.0,591.0,557.0,984.0,1717.0,2043.0,2263.0,2338.333333333333,463409.5000105199,336,0.60496455,4.062836624775583,0.9424703891708968,0.7401679186920017,1.8098325229605616,1.3620418,-14.865031270244716,-7.510518737650862,7.354512532593853,0,21.638393985050005,80.46663649077036,"{""type"":""MultiPoint"",""coordinates"":[]}",ARCHAEAN,,AMGAON GNEISSIC COMPLEX,,GRANITE GNEISS/MIGMATITE,,ARCHAEAN-GRANITE-GNEISS-MIGMATITE
2_1161_0,270.0,1581.0,927.0,409.0,555.0,501.0,911.0,1727.0,2046.0,2114.0,2311.0,463409.5000105199,329,0.616826,4.219560878243513,0.9027027027027028,0.7478713339640491,1.7055016181229774,1.9935371,-14.87558076506236,-8.28850493766603,6.58707582739633,0,21.546226836899343,80.56796645481903,"{""type"":""MultiPoint"",""coordinates"":[]}",ARCHAEAN,,AMGAON GNEISSIC COMPLEX,,GRANITE GNEISS/MIGMATITE,,ARCHAEAN-GRANITE-GNEISS-MIGMATITE
2_1162_0,180.0,2370.5,1467.0,716.0,969.0,969.5,1488.5,2364.0,2673.0,2752.5,2970.0,463409.5000105199,273,0.4790435,2.8390923156266115,1.000515995872033,0.8612170753860127,1.6158827539195637,1.8543341,-17.50625065475832,-12.368250387096955,5.138000267661363,0,21.313114020670326,79.62796934151636,"{""type"":""MultiPoint"",""coordinates"":[]}",ARCHAEAN,,TIRODI GNEISSIC COMPLEX,,GNEISS/MIGMATITE,,ARCHAEAN-GNEISS-MIGMATITE
2_1163_0,90.0,1647.0,979.0,580.0,798.0,649.0,1120.0,2336.0,2629.0,2742.0,2850.0,463409.5000105199,321,0.6172221,4.224961479198767,0.8132832080200502,0.600656455142232,1.682328907048008,0.99641186,-13.15624179984423,-7.168142541824844,5.9880992580193855,0,21.450017269970143,80.15429226648199,"{""type"":""MultiPoint"",""coordinates"":[]}",ARCHAEAN,,AMGAON GNEISSIC COMPLEX,,GRANITE GNEISS/MIGMATITE,,ARCHAEAN-GRANITE-GNEISS-MIGMATITE
2_1164_0,100.546005,2445.0,1859.0,710.0,915.0,1000.0,1310.0,1872.0,2138.0,2219.0,2368.0,463409.5000105199,297,0.37868902,2.219,1.092896174863388,1.1018476791347454,1.3152232383001614,5.054412,-17.09734882271284,-10.143905169393973,6.953443653318866,0,21.432500121929813,80.40950363870034,"{""type"":""MultiPoint"",""coordinates"":[]}",ARCHAEAN,,AMGAON GNEISSIC COMPLEX,,GRANITE GNEISS/MIGMATITE,,ARCHAEAN-GRANITE-GNEISS-MIGMATITE
2_1165_0,290.32666,2074.5,1314.0,546.0,824.0,900.0,1172.0,2290.0,3005.5,3147.5,3231.5,463409.5000105199,526,0.55528104,3.4972222222222222,1.0922330097087378,0.6590945194598888,1.5787671232876712,5.32466,-16.457077138702683,-9.982174279569652,6.47490285913303,0,22.16498640460087,79.70100237411528,"{""type"":""MultiPoint"",""coordinates"":[]}",ARCHAEAN,,TIRODI GNEISSIC COMPLEX,,GNEISS/MIGMATITE,,ARCHAEAN-GNEISS-MIGMATITE
2_1166_0,121.67576,1915.5,1309.5,647.0,792.0,943.5,1297.0,1757.5,1980.0,2129.5,2253.5,463409.5000105199,570,0.38594207,2.257021727609963,1.191287878787879,0.8995069265085701,1.4627720504009163,3.528082,-18.39297409785428,-10.74552109009712,7.647453007757157,0,22.249607704364927,79.57164497320207,"{""type"":""MultiPoint"",""coordinates"":[]}",LATE CRETACEOUS - PALAEOCENE,DECCAN TRAP,AMARKANTAK,DHUMA,BASALT,,LATE-CRETACEOUS-PALAEOCENE-BASALT
2_1167_0,180.0,893.0,525.0,565.0,764.0,750.0,941.0,901.0,973.0,856.0,854.0,463409.5000105199,340,0.06600249,1.1413333333333333,0.981675392670157,1.0432242990654206,1.700952380952381,2.7802885,-19.202074560700943,-12.086714905943886,7.115359654757057,0,21.49771781155689,80.62671627440045,"{""type"":""MultiPoint"",""coordinates"":[]}",PALAEOPROTEROZOIC,,NANDGAON,BIJLI,RHYOLITE,,PALAEOPROTEROZOIC-RHYOLITE
2_1168_0,114.867004,2680.0,1966.5,674.5,961.5,1035.5,1514.0,2326.0,2551.0,2669.0,2721.0,463409.5000105199,558,0.44095019,2.5774987928536937,1.076963078523141,1.004121393780442,1.3628273582506991,2.2045274,-17.372706761712323,-10.383256054120793,6.98945070759153,0,22.032664563250066,80.57308685193851,"{""type"":""MultiPoint"",""coordinates"":[]}",PALAEOPROTEROZOIC,,SAUSAR,MANSAR,MUSCOVITE SCHIST,,PALAEOPROTEROZOIC-MUSCOVITE-SCHIST
2_1169_0,180.0,1720.5,871.0,468.5,631.6666666666666,527.9,1073.5,2048.75,2343.0,2567.5,2689.5,2919.726014543145,311,0.65891325,4.863610532297784,0.8357255936675462,0.6701071080817916,1.9753157290470724,0.92740995,-14.626903861197404,-8.16437335485309,6.462530506344315,0,21.80386366038482,80.08907457685491,"{""type"":""MultiPoint"",""coordinates"":[]}",PALAEOPROTEROZOIC,,SAUSAR,MANSAR,PHYLLITE,,PALAEOPROTEROZOIC-PHYLLITE
2_1170_0,227.19302,2658.0,1923.0,759.5,1025.25,1151.5,1549.0,2304.5,2548.5,2586.0,2814.5,463409.5000105199,347,0.3838127,2.2457663916630484,1.1231406973908802,1.0278422273781902,1.3822152886115444,1.3646412,-16.79167861911726,-9.128451112954858,7.663227506162402,0,22.144504816122943,80.0656285479394,"{""type"":""MultiPoint"",""coordinates"":[]}",ARCHAEAN,,TIRODI GNEISSIC COMPLEX,,GNEISS/MIGMATITE,,ARCHAEAN-GNEISS-MIGMATITE
2_1171_0,76.94459,3711.0,2888.5,925.5,1273.5,1557.5,1954.0,2367.5,2568.5,2690.0,2875.5,1322.800060477773,594,0.26662743,1.7271268057784912,1.2230074597565763,1.379553903345725,1.2847498701748312,4.0988736,-18.054973089594437,-11.003175804359788,7.051797285234645,0,21.944270339292704,80.49439443304965,"{""type"":""MultiPoint"",""coordinates"":[]}",ARCHAEAN,,TIRODI GNEISSIC COMPLEX,,GNEISS/MIGMATITE,,ARCHAEAN-GNEISS-MIGMATITE
2_1172_0,270.0,1911.5,1166.0,627.0,878.5,766.5,1261.0,2208.0,2487.0,2662.5,2654.5,2932.984827782101,302,0.5529309,3.473581213307241,0.8725099601593626,0.7179342723004695,1.6393653516295026,2.990006,-16.138690058248343,-8.861105296917572,7.277584761330772,0,21.60470716189552,79.71582457630325,"{""type"":""MultiPoint"",""coordinates"":[]}",ARCHAEAN,,TIRODI GNEISSIC COMPLEX,,GNEISS/MIGMATITE,,ARCHAEAN-GNEISS-MIGMATITE
2_1173_0,132.78726,2488.0,1571.5,501.0,734.5,765.0,1317.5,2139.0,2433.5,2568.0,2715.0,463409.5000105199,492,0.5409541,3.3568627450980397,1.0415248468345812,0.968847352024922,1.5832007636016543,1.3651482,-16.081146579160897,-9.440462211331637,6.640684367829261,0,22.24152286680785,79.85703973896685,"{""type"":""MultiPoint"",""coordinates"":[]}",ARCHAEAN,,TIRODI GNEISSIC COMPLEX,,GNEISS/MIGMATITE,,ARCHAEAN-GNEISS-MIGMATITE
2_1174_0,-0.0,2441.0,1503.0,599.0,823.0,776.5,1337.0,2458.0,2806.5,2875.0,3041.0,1383.1124321616085,344,0.57469535,3.702511268512557,0.9434993924665857,0.8490434782608696,1.6240851630073188,0.92740995,-17.469500364977293,-8.809882127063858,8.659618237913435,0,21.75346817294572,79.74492999150873,"{""type"":""MultiPoint"",""coordinates"":[]}",ARCHAEAN,,TIRODI GNEISSIC COMPLEX,,GNEISS/MIGMATITE,,ARCHAEAN-GNEISS-MIGMATITE
2_1175_0,287.22583,2105.5,1377.0,476.5,676.0,631.5,997.5,1584.5,1793.0,1887.0,2050.5,463409.5000105199,351,0.49851102,2.98812351543943,0.934171597633136,1.1157922628510863,1.5290486564996368,3.1288366,-13.99991952975168,-7.208130988744028,6.791788541007652,0,21.54380138563222,79.69157006363203,"{""type"":""MultiPoint"",""coordinates"":[]}",ARCHAEAN,,TIRODI GNEISSIC COMPLEX,,GNEISS/MIGMATITE,,ARCHAEAN-GNEISS-MIGMATITE
2_1176_0,192.13222,2585.0,1896.0,795.0,1015.0,1218.0,1516.0,2041.0,2320.0,2303.0,2522.0,463409.5000105199,305,0.3081511,1.8908045977011492,1.2,1.1224489795918366,1.363396624472574,4.732605,-17.554863917088586,-11.011805681613176,6.54305823547541,0,21.50822810038109,80.2723308948153,"{""type"":""MultiPoint"",""coordinates"":[]}",ARCHAEAN,,AMGAON GNEISSIC COMPLEX,,GRANITE GNEISS/MIGMATITE,,ARCHAEAN-GRANITE-GNEISS-MIGMATITE
2_1177_0,90.0,1722.0,955.0,405.0,514.0,447.0,910.0,1867.0,2200.0,2394.0,2534.0,463409.5000105199,542,0.68532205,5.355704697986577,0.8696498054474708,0.7192982456140351,1.8031413612565448,3.992885,-14.110568594787424,-7.661934671771634,6.448633923015791,0,21.93025662086044,79.87051446822863,"{""type"":""MultiPoint"",""coordinates"":[]}",ARCHAEAN,,TIRODI GNEISSIC COMPLEX,,GNEISS/MIGMATITE,,ARCHAEAN-GNEISS-MIGMATITE
2_1178_0,31.6927,1654.0,776.0,396.5,533.0,421.0,817.0,1832.0,2163.0,2403.0,2462.0,463409.5000105199,671,0.70184135,5.707838479809976,0.7898686679174484,0.6883062838119018,2.131443298969072,7.5856442,-14.61636947845948,-8.03966801805152,6.576701460407959,0,22.25823153109248,80.61485851265007,"{""type"":""MultiPoint"",""coordinates"":[]}",PALAEOPROTEROZOIC,,SAUSAR,JUNEWANI,GREY & PINK GNEISS/QTZ-BIOTITE-SILLIMANITE GNEISS,,PALAEOPROTEROZOIC-GREY-PINK-GNEISS-QTZ-BIOTITE-SILLIMANITE-GNEISS
2_1179_0,280.5494,2063.0,1260.0,719.0,903.0,937.0,1376.0,1996.0,2204.0,2312.0,2460.0,463409.5000105199,312,0.42320713,2.467449306296692,1.0376522702104098,0.8923010380622838,1.6373015873015873,5.052814,-18.22492134980088,-11.070886745858848,7.154034603942028,0,21.384530085757827,80.5038267435329,"{""type"":""MultiPoint"",""coordinates"":[]}",ARCHAEAN,,AMGAON GNEISSIC COMPLEX,,BASIC METALAVA,,ARCHAEAN-BASIC-METALAVA
2_1181_0,132.83708,2578.0,1704.0,644.0,906.0,978.0,1374.0,2105.0,2367.0,2431.0,2673.0,463409.5000105199,532,0.4262247,2.485685071574642,1.0794701986754969,1.060468942821884,1.5129107981220655,1.3638681,-16.083360950843215,-9.446116966259291,6.637243984583924,0,21.99547431048752,79.80529677860156,"{""type"":""MultiPoint"",""coordinates"":[]}",ARCHAEAN,,TIRODI GNEISSIC COMPLEX,,GNEISS/MIGMATITE,,ARCHAEAN-GNEISS-MIGMATITE
2_1182_0,270.0,1841.5,1103.5,701.0,878.5,805.5,1282.0,1952.0,2274.5,2473.5,2497.5,1818.158408940211,269,0.50869167,3.0707635009310987,0.916903813318156,0.7444916110774207,1.6687811508835524,2.9891531,-16.625945348684894,-10.129814723304031,6.496130625380861,0,21.5632049957692,79.9446254791685,"{""type"":""MultiPoint"",""coordinates"":[]}",ARCHAEAN,,TIRODI GNEISSIC COMPLEX,,GNEISS/MIGMATITE,,ARCHAEAN-GNEISS-MIGMATITE
2_1183_0,320.1595,2178.0,1121.0,617.0,938.0,762.0,1382.0,2984.0,3313.0,3445.0,3710.0,3097.4182797936737,388,0.63774663,4.520997375328084,0.8123667377398721,0.6322206095791001,1.9429081177520071,33.166885,-20.14241488665934,-13.436620892371984,6.705793994287355,0,21.89306636809789,80.30844316923691,"{""type"":""MultiPoint"",""coordinates"":[]}",PALAEOPROTEROZOIC,,SAUSAR,CHORBAOLI,QUARTZ MICA SCHIST,,PALAEOPROTEROZOIC-QUARTZ-MICA-SCHIST
2_1184_0,151.67545,2373.0,1804.0,652.0,909.0,1153.0,1545.0,2206.0,2504.0,2510.0,2644.0,463409.5000105199,638,0.37046137,2.17692974848222,1.2684268426842684,0.9454183266932272,1.315410199556541,2.1063282,-19.413583763010784,-12.044679258697144,7.36890450431364,0,21.92890914793426,79.53364623668382,"{""type"":""MultiPoint"",""coordinates"":[]}",CENOZOIC,,,,LATERITE,,CENOZOIC-LATERITE
2_1185_0,199.71248,2675.5,1867.0,620.5,821.0,907.5,1364.5,2102.0,2396.5,2487.5,2659.5,2618.587405453559,315,0.46539026,2.7410468319559227,1.105359317904994,1.075577889447236,1.433047670058918,2.9530668,-15.416807699024227,-8.758516919640801,6.658290779383428,0,21.51442647584151,79.7379231322926,"{""type"":""MultiPoint"",""coordinates"":[]}",PALAEOPROTEROZOIC,,SAUSAR,MANSAR,MUSCOVITE SCHIST,,PALAEOPROTEROZOIC-MUSCOVITE-SCHIST
2_1186_0,90.0,3103.0,2159.0,696.0,972.0,1137.0,1638.0,2226.0,2491.0,2623.0,2770.0,1841.7654573804996,316,0.39521277,2.306948109058927,1.1697530864197532,1.182996568814335,1.4372394627142195,2.9951832,-17.25728748582683,-10.075061866879771,7.182225618947058,0,21.85398965323869,80.02924677893256,"{""type"":""MultiPoint"",""coordinates"":[]}",PALAEOPROTEROZOIC,,SAUSAR,MANSAR,MUSCOVITE SCHIST,,PALAEOPROTEROZOIC-MUSCOVITE-SCHIST
2_1187_0,199.82146,2385.0,1610.0,502.0,682.0,846.0,1290.0,1779.0,2019.0,2090.0,2288.0,463409.5000105199,790,0.42370573,2.4704491725768323,1.2404692082111437,1.1411483253588517,1.4813664596273293,17.209332,-15.64633028865073,-9.291756932414382,6.354573356236349,0,22.3644123976754,80.7113375741645,"{""type"":""MultiPoint"",""coordinates"":[]}",LATE CRETACEOUS - PALAEOCENE,DECCAN TRAP,AMARKANTAK,PIPARDAHI,BASALT,,LATE-CRETACEOUS-PALAEOCENE-BASALT
2_1188_0,340.2623,2579.5,1750.0,587.0,796.5,856.5,1212.5,1888.5,2191.5,2441.0,2494.0,463409.5000105199,316,0.48051554,2.849970811441915,1.0753295668549905,1.056739041376485,1.474,2.953532,-15.895887237934584,-9.553601877357684,6.3422853605769,0,21.714660952671757,80.44858035355955,"{""type"":""MultiPoint"",""coordinates"":[]}",ARCHAEAN,,AMGAON GNEISSIC COMPLEX,,AMPHIBOLITE,,ARCHAEAN-AMPHIBOLITE
2_1189_0,180.0,2147.0,1319.0,775.0,1021.0,1117.0,1583.0,2302.0,2593.0,2733.0,2870.0,2153.624851268205,269,0.41974026,2.4467323187108327,1.0940254652301664,0.7855836077570435,1.627748294162244,1.8543341,-17.878806824316303,-10.69983629183779,7.1789705324785125,0,21.432230627344577,79.82200544288618,"{""type"":""MultiPoint"",""coordinates"":[]}",ARCHAEAN,,AMGAON GNEISSIC COMPLEX,,GRANITE GNEISS/MIGMATITE,,ARCHAEAN-GRANITE-GNEISS-MIGMATITE
2_1190_0,159.11638,1882.5,1310.0,505.0,632.0,656.0,991.5,1584.0,1777.5,1732.5,2003.5,463409.5000105199,463,0.45070127,2.641006097560976,1.0379746835443038,1.0865800865800863,1.4370229007633588,16.411894,-13.199417529438854,-5.927290373743262,7.272127155695592,0,22.323449220719557,80.14971085853298,"{""type"":""MultiPoint"",""coordinates"":[]}",NEOPROTEROZOIC,,,,GRANITE,ACID  INTRUSIVE,NEOPROTEROZOIC-GRANITE
2_1191_0,227.20386,1750.5,1311.5,596.5,738.5,818.5,1050.5,2019.0,2276.0,2386.5,2497.0,463409.5000105199,609,0.48923558,2.915699450213806,1.10832769126608,0.7335009428032684,1.334731223789554,2.728292,-17.04221952455564,-10.659747750340449,6.382471774215192,0,22.197864743999645,79.57218396237255,"{""type"":""MultiPoint"",""coordinates"":[]}",LATE CRETACEOUS - PALAEOCENE,DECCAN TRAP,AMARKANTAK,PIPARDAHI,BASALT,,LATE-CRETACEOUS-PALAEOCENE-BASALT
2_1192_0,180.0,1774.5,910.0,393.0,523.0,487.0,959.5,1745.0,2044.0,2138.5,2324.0,463409.5000105199,474,0.629023,4.391170431211499,0.9311663479923518,0.8297872340425532,1.95,1.8543341,-14.872264434547962,-8.077913688386966,6.794350746160996,0,22.09060589907577,79.88722313251326,"{""type"":""MultiPoint"",""coordinates"":[]}",ARCHAEAN,,TIRODI GNEISSIC COMPLEX,,GNEISS/MIGMATITE,,ARCHAEAN-GNEISS-MIGMATITE
2_1193_0,47.041443,2485.0,1576.0,679.0,965.0,1007.0,1466.0,2242.0,2504.0,2615.0,2726.0,463409.5000105199,287,0.4439536,2.59682224428997,1.0435233160621762,0.9502868068833652,1.5767766497461928,1.3607608,-17.861376990968544,-11.358347195478878,6.503029795489667,0,21.38318261283165,79.64764244623858,"{""type"":""MultiPoint"",""coordinates"":[]}",ARCHAEAN,,TIRODI GNEISSIC COMPLEX,,GNEISS/MIGMATITE,,ARCHAEAN-GNEISS-MIGMATITE
2_1194_0,219.03764,3926.0,2950.0,740.0,968.0,1205.0,1656.0,2352.0,2640.0,2894.0,3043.0,463409.5000105199,638,0.4120517,2.4016597510373443,1.2448347107438016,1.3565998617829993,1.3308474576271183,9.465679,-21.18038908540424,-13.968397630568845,7.211991454835395,0,22.342313841686064,80.77547728545065,"{""type"":""MultiPoint"",""coordinates"":[]}",PALAEOPROTEROZOIC,,SAUSAR,LOHANGI ( INCLUDES UTEKATA),MARBLE,,PALAEOPROTEROZOIC-MARBLE
2_1195_0,185.13077,1860.0,1051.0,362.0,547.0,502.0,871.0,1850.0,2211.0,2333.0,2467.0,463409.5000105199,654,0.64585537,4.647410358565737,0.9177330895795248,0.7972567509644235,1.769743101807802,11.036125,-14.387155268659871,-7.878822957494524,6.508332311165347,0,21.858840555772936,80.44938883731525,"{""type"":""MultiPoint"",""coordinates"":[]}",ARCHAEAN,,TIRODI GNEISSIC COMPLEX,,GNEISS/MIGMATITE,,ARCHAEAN-GNEISS-MIGMATITE
2_1196_0,90.0,2335.5,1506.0,655.0,884.5,877.5,1356.0,1949.0,2211.5,2382.0,2516.5,463409.5000105199,288,0.46157387,2.7145299145299147,0.9920859242509892,0.9804785894206548,1.550796812749004,1.9942129,-16.68732901032535,-9.68123335265156,7.006095657673789,0,21.59527485141227,79.76595056915713,"{""type"":""MultiPoint"",""coordinates"":[]}",ARCHAEAN,,TIRODI GNEISSIC COMPLEX,,GNEISS/MIGMATITE,,ARCHAEAN-GNEISS-MIGMATITE
2_1197_0,47.222996,1704.0,1169.5,554.0,735.0,754.5,1028.0,1752.0,2045.0,2117.5,2151.5,463409.5000105199,467,0.47458217,2.8064943671305502,1.026530612244898,0.8047225501770956,1.457032920051304,2.7292755,-16.67945883759104,-9.181982620123582,7.497476217467456,0,22.291648859661723,79.80233233816396,"{""type"":""MultiPoint"",""coordinates"":[]}",LATE CRETACEOUS - PALAEOCENE,DECCAN TRAP,AMARKANTAK,DHUMA,BASALT,,LATE-CRETACEOUS-PALAEOCENE-BASALT
2_1198_0,90.0,2950.0,1913.0,773.0,1013.0,1117.0,1602.0,2196.0,2503.0,2528.0,2754.0,463409.5000105199,293,0.3871056,2.263205013428827,1.102665350444225,1.1669303797468351,1.5420805018295871,0.9969177,-18.69293203524968,-11.253735018830016,7.43919701641966,0,21.52385878632477,80.15348378272628,"{""type"":""MultiPoint"",""coordinates"":[]}",ARCHAEAN,,AMGAON GNEISSIC COMPLEX,,GRANITE GNEISS/MIGMATITE,,ARCHAEAN-GRANITE-GNEISS-MIGMATITE
2_1199_0,72.86569,1798.0,937.0,447.5,620.5,488.0,930.0,1886.0,2182.5,2445.0,2476.0,463409.5000105199,477,0.6672349,5.010245901639344,0.7864625302175665,0.7353783231083845,1.91889007470651,3.1450083,-14.746604249176803,-6.89993856949137,7.846665679685435,0,22.34851221714649,80.33269768190813,"{""type"":""MultiPoint"",""coordinates"":[]}",ARCHAEAN,,TIRODI GNEISSIC COMPLEX,,GNEISS/MIGMATITE,,ARCHAEAN-GNEISS-MIGMATITE
2_1200_0,227.08745,3094.0,2197.333333333333,750.8,1022.5,1280.5,1651.5,2076.5,2343.0,2419.5,2638.0,463409.5000105199,353,0.30783784,1.889496290511519,1.252322738386308,1.278776606736929,1.4080703883495145,1.3619351,-17.447875588108246,-10.327679083384057,7.120196504724191,0,21.61710391281637,79.83844461258558,"{""type"":""MultiPoint"",""coordinates"":[]}",ARCHAEAN,,TIRODI GNEISSIC COMPLEX,,GNEISS/MIGMATITE,,ARCHAEAN-GNEISS-MIGMATITE
2_1201_0,132.85884,1954.0,1384.0,644.0,798.0,914.0,1218.0,1853.0,2065.0,2080.0,2234.0,2687.322087134328,309,0.38944554,2.2757111597374178,1.1453634085213034,0.9394230769230768,1.4118497109826589,1.3633101,-16.52156557864413,-9.133776839778507,7.38778873886562,0,21.887137487222702,80.14944136394774,"{""type"":""MultiPoint"",""coordinates"":[]}",PALAEOPROTEROZOIC,,SAUSAR,MANSAR,MUSCOVITE SCHIST,,PALAEOPROTEROZOIC-MUSCOVITE-SCHIST
2_1202_0,137.26761,2089.0,1218.0,385.0,546.0,494.0,982.0,1940.0,2328.0,2499.0,2551.0,463409.5000105199,493,0.6698964,5.058704453441296,0.9047619047619048,0.8359343737494997,1.7151067323481115,8.769754,-12.716762750473276,-6.780141250565467,5.936621499907809,0,21.901959689410678,79.87428739242193,"{""type"":""MultiPoint"",""coordinates"":[]}",ARCHAEAN,,TIRODI GNEISSIC COMPLEX,,GNEISS/MIGMATITE,,ARCHAEAN-GNEISS-MIGMATITE
2_1203_0,227.20927,2385.0,1886.5,807.5,991.0,1157.5,1477.0,1902.0,2069.5,2149.0,2254.5,463409.5000105199,583,0.2998639,1.85658747300216,1.1680121089808275,1.109818520241973,1.264245958123509,1.3650594,-17.509864242357875,-7.838483048581902,9.671381193775971,0,22.224544707937994,79.53661067712142,"{""type"":""MultiPoint"",""coordinates"":[]}",LATE CRETACEOUS - PALAEOCENE,DECCAN TRAP,AMARKANTAK,DHUMA,BASALT,,LATE-CRETACEOUS-PALAEOCENE-BASALT
2_1204_0,342.87704,1524.5,782.0,387.0,510.0,461.0,843.0,1634.5,1895.5,2026.5,2193.0,463409.5000105199,620,0.6293467,4.39587852494577,0.903921568627451,0.7522822600542808,1.9494884910485932,6.761989,-15.570874377831856,-8.507243089932217,7.063631287899639,0,21.965829906111573,80.3647675375512,"{""type"":""MultiPoint"",""coordinates"":[]}",PALAEOPROTEROZOIC,,SAUSAR,MANSAR,PHYLLITE,,PALAEOPROTEROZOIC-PHYLLITE
2_1205_0,65.13322,2592.5,1814.0,590.5,824.5,980.5,1329.5,2107.0,2350.0,2605.0,2624.5,463409.5000105199,558,0.45307487,2.6568077511473738,1.189205579138872,0.9952015355086372,1.4291620727673648,2.2045453,-15.09448004104456,-8.718697533112834,6.375782507931726,0,22.03428153076148,80.56796645481903,"{""type"":""MultiPoint"",""coordinates"":[]}",PALAEOPROTEROZOIC,,SAUSAR,MANSAR,MUSCOVITE SCHIST,,PALAEOPROTEROZOIC-MUSCOVITE-SCHIST
2_1206_0,132.95226,2181.0,1489.0,709.0,947.0,1016.0,1428.0,2406.0,2778.0,2773.0,2991.0,2795.442719856732,262,0.46371076,2.729330708661417,1.0728616684266103,0.7865128020194735,1.4647414372061789,1.3609214,-16.229060632525783,-9.73693829344944,6.492122339076342,0,21.41525246847472,79.83359371005132,"{""type"":""MultiPoint"",""coordinates"":[]}",ARCHAEAN,,AMGAON GNEISSIC COMPLEX,,GRANITE GNEISS/MIGMATITE,,ARCHAEAN-GRANITE-GNEISS-MIGMATITE
2_1207_0,180.0,2319.5,1390.5,670.5,860.0,976.5,1472.0,2120.5,2426.5,2511.5,2707.0,463409.5000105199,288,0.44008029,2.5719406041986685,1.13546511627907,0.9235516623531754,1.6681049982020857,0.92740995,-17.349782665100072,-10.317846467035706,7.031936198064367,0,21.348417811336223,79.55897872769599,"{""type"":""MultiPoint"",""coordinates"":[]}",ARCHAEAN,,TIRODI GNEISSIC COMPLEX,,GNEISS/MIGMATITE,,ARCHAEAN-GNEISS-MIGMATITE
2_1208_0,-0.0,3316.5,2374.5,781.5,1039.5,1244.5,1609.5,2161.0,2354.0,2537.0,2613.0,2197.3848092675985,362,0.3417956,2.038569706709522,1.1972101972101972,1.3072526606227828,1.3967150979153506,0.0,-18.28055816878909,-12.105016624451942,6.175541544337147,0,21.753737667530952,79.70396681455287,"{""type"":""MultiPoint"",""coordinates"":[]}",ARCHAEAN,,TIRODI GNEISSIC COMPLEX,,GNEISS/MIGMATITE,,ARCHAEAN-GNEISS-MIGMATITE
2_1209_0,-0.0,2283.5,1305.5,523.0,699.25,665.0,1181.0,2053.0,2302.5,2501.0,2625.5,463409.5000105199,333,0.5799116,3.7609022556390976,0.9510189488737932,0.9130347860855658,1.7491382612026043,0.92740995,-14.7453541422541,-8.211696273338903,6.533657868915197,0,22.040479906221904,80.03948757317151,"{""type"":""MultiPoint"",""coordinates"":[]}",ARCHAEAN,,TIRODI GNEISSIC COMPLEX,,GNEISS/MIGMATITE,,ARCHAEAN-GNEISS-MIGMATITE
2_1210_0,-0.0,2257.0,1520.0,462.0,621.0,642.0,992.0,1705.0,1980.0,2073.0,2265.0,463409.5000105199,602,0.52707183,3.2289719626168223,1.0338164251207729,1.0887602508441871,1.4848684210526315,0.0,-15.150842391222715,-8.686279465412005,6.4645629258107125,0,21.840784418562134,80.46501952325893,"{""type"":""MultiPoint"",""coordinates"":[]}",ARCHAEAN,,AMGAON GNEISSIC COMPLEX,,GRANITE GNEISS/MIGMATITE,,ARCHAEAN-GRANITE-GNEISS-MIGMATITE
2_1212_0,167.80487,1784.0,985.5,434.0,549.5,517.5,870.0,1670.5,1956.0,2110.0,2222.0,463409.5000105199,554,0.6060894,4.0772946859903385,0.9417652411282984,0.8454976303317535,1.8102486047691528,4.7337203,-14.588674893582317,-7.389362035748827,7.1993128578334895,0,22.26847232533144,80.35668269999412,"{""type"":""MultiPoint"",""coordinates"":[]}",ARCHAEAN,,TIRODI GNEISSIC COMPLEX,,GNEISS/MIGMATITE,,ARCHAEAN-GNEISS-MIGMATITE
2_1213_0,245.0365,3194.0,2264.0,798.0,1042.0,1175.0,1635.0,2320.0,2605.0,2704.0,2917.0,463409.5000105199,289,0.39417374,2.301276595744681,1.1276391554702496,1.1812130177514792,1.4107773851590106,2.1965566,-16.862245520684166,-10.19953838172608,6.662707138958085,0,21.39854380419009,79.56382963023023,"{""type"":""MultiPoint"",""coordinates"":[]}",PALAEOPROTEROZOIC,,SAUSAR,MANSAR,MUSCOVITE SCHIST,,PALAEOPROTEROZOIC-MUSCOVITE-SCHIST
2_1214_0,180.0,1347.0,618.0,312.5,495.0,373.0,730.0,1732.0,2067.0,2256.0,2317.5,463409.5000105199,574,0.7162419,6.048257372654155,0.7535353535353535,0.5970744680851063,2.179611650485437,4.6273675,-15.616882382347368,-8.572253676223742,7.044628706123627,0,22.184659509323087,80.64611988453743,"{""type"":""MultiPoint"",""coordinates"":[]}",PALAEOPROTEROZOIC,,SAUSAR,JUNEWANI,GREY & PINK GNEISS/QTZ-BIOTITE-SILLIMANITE GNEISS,,PALAEOPROTEROZOIC-GREY-PINK-GNEISS-QTZ-BIOTITE-SILLIMANITE-GNEISS
2_1215_0,12.133384,2333.0,1697.5,762.0,942.0,1066.5,1370.6666666666667,2134.2,2343.0,2583.5,2796.0,463409.5000105199,290,0.41561645,2.422409751523676,1.132165605095541,0.903038513644281,1.3743740795287187,4.7326255,-18.734435176438552,-11.443632690129055,7.290802486309497,0,21.522780807983825,80.08934407144015,"{""type"":""MultiPoint"",""coordinates"":[]}",ARCHAEAN,,AMGAON GNEISSIC COMPLEX,,GRANITE GNEISS/MIGMATITE,,ARCHAEAN-GRANITE-GNEISS-MIGMATITE
2_1216_0,47.05519,2374.0,1445.0,652.0,912.0,887.0,1356.0,2038.0,2289.0,2405.0,2512.0,463409.5000105199,272,0.46111786,2.7113866967305524,0.9725877192982456,0.9871101871101872,1.6429065743944635,1.3611115,-15.358009055685445,-8.499915700797727,6.858093354887716,0,21.453251204992974,79.92441338527581,"{""type"":""MultiPoint"",""coordinates"":[]}",ARCHAEAN,,AMGAON GNEISSIC COMPLEX,,GRANITE GNEISS/MIGMATITE,,ARCHAEAN-GRANITE-GNEISS-MIGMATITE
2_1217_0,227.1156,2128.5,1150.0,478.0,620.5,624.0,1107.0,1850.0,2125.5,2175.5,2361.0,463409.5000105199,441,0.55420613,3.4863782051282053,1.005640612409347,0.9783957710871064,1.8508695652173912,1.3626552,-15.282713823171088,-7.942251875589962,7.340461947581126,0,21.75912755923567,79.57972981075915,"{""type"":""MultiPoint"",""coordinates"":[]}",ARCHAEAN,,TIRODI GNEISSIC COMPLEX,,GNEISS/MIGMATITE,,ARCHAEAN-GNEISS-MIGMATITE
2_1218_0,280.51022,1695.0,947.0,419.0,614.0,561.0,947.0,1881.0,2177.0,2402.0,2484.0,463409.5000105199,577,0.6213297,4.281639928698752,0.9136807817589576,0.705661948376353,1.7898627243928191,5.0713415,-14.49678474932044,-7.191057964971028,7.305726784349412,0,21.933490555883267,80.34805887326658,"{""type"":""MultiPoint"",""coordinates"":[]}",PALAEOPROTEROZOIC,,SAUSAR,MANSAR,PHYLLITE,,PALAEOPROTEROZOIC-PHYLLITE
2_1219_0,227.13116,2520.5,1742.0,756.5,965.5,898.0,1510.0,2170.5,2458.5,2533.5,2776.5,1934.5800577903208,334,0.47661373,2.821269487750557,0.93008803728638,0.9948687586343004,1.4469001148105625,1.3630538,-16.783942411270207,-10.45889367951715,6.325048731753057,0,21.837280988954067,79.93627114702619,"{""type"":""MultiPoint"",""coordinates"":[]}",ARCHAEAN,,TIRODI GNEISSIC COMPLEX,,GNEISS/MIGMATITE,,ARCHAEAN-GNEISS-MIGMATITE
2_1220_0,215.5928,2753.0,2136.0,882.5,1061.5,1056.0,1518.5,2215.5,2568.0,2614.5,2770.0,463409.5000105199,332,0.42460155,2.475852272727273,0.9948186528497408,1.0529737999617517,1.2888576779026215,3.4176846,-16.4571798682727,-9.44867305820259,7.008506810070109,0,21.340063479193912,80.16399407155049,"{""type"":""MultiPoint"",""coordinates"":[]}",ARCHAEAN,,AMGAON GNEISSIC COMPLEX,,GRANITE GNEISS/MIGMATITE,,ARCHAEAN-GRANITE-GNEISS-MIGMATITE
2_1221_0,340.30402,2993.0,2368.0,918.0,1252.0,1490.0,1863.0,2323.0,2558.0,2619.0,2757.0,463409.5000105199,315,0.27476272,1.7577181208053692,1.1900958466453675,1.142802596410844,1.2639358108108107,2.952763,-18.26790208837213,-10.987949623029609,7.279952465342523,0,21.382104634490705,80.325690822692,"{""type"":""MultiPoint"",""coordinates"":[]}",PALAEOPROTEROZOIC,,,,GRANITE,DONGARGARH GRANITE,PALAEOPROTEROZOIC-GRANITE
2_1222_0,208.35092,1780.5,828.5,457.0,666.5,531.5,1078.5,2122.5,2539.0,2670.0,2764.5,463409.5000105199,522,0.66796815,5.0235183443085605,0.7974493623405852,0.6668539325842696,2.149064574532287,27.249954,-15.352814690325538,-9.698143017715708,5.65467167260983,0,22.08494651278582,80.22489984781379,"{""type"":""MultiPoint"",""coordinates"":[]}",ARCHAEAN,,TIRODI GNEISSIC COMPLEX,,GNEISS/MIGMATITE,,ARCHAEAN-GNEISS-MIGMATITE
2_1223_0,28.389683,1788.5,1010.0,456.5,601.0,556.5,943.0,1739.0,2060.0,2221.5,2339.5,463409.5000105199,516,0.59935206,3.991913746630728,0.9259567387687188,0.8050866531622778,1.7707920792079208,8.374141,-13.911959025498026,-6.875051984334585,7.036907041163441,0,22.312130448139648,80.3550657324827,"{""type"":""MultiPoint"",""coordinates"":[]}",ARCHAEAN,,TIRODI GNEISSIC COMPLEX,,GNEISS/MIGMATITE,,ARCHAEAN-GNEISS-MIGMATITE
2_1225_0,208.24881,2826.0,1967.0,521.0,725.0,913.0,1369.0,1828.0,2167.0,2270.0,2391.0,463409.5000105199,355,0.42632738,2.4863088718510404,1.2593103448275862,1.2449339207048458,1.436705643111337,2.1048317,-17.002105896277268,-10.191108709298453,6.810997186978817,0,21.472654815129957,80.59087349456408,"{""type"":""MultiPoint"",""coordinates"":[]}",ARCHAEAN,,AMGAON GNEISSIC COMPLEX,,GRANITE GNEISS/MIGMATITE,,ARCHAEAN-GRANITE-GNEISS-MIGMATITE
2_1226_0,144.27084,2630.0,1820.0,596.0,853.0,1006.5,1401.0,1957.5,2209.0,2329.5,2464.5,463409.5000105199,549,0.39658272,2.314456035767511,1.1799531066822977,1.1289976389783216,1.445054945054945,3.423512,-16.34712592540873,-9.345973210098848,7.001152715309882,0,22.06338694596695,80.58817854871172,"{""type"":""MultiPoint"",""coordinates"":[]}",PALAEOPROTEROZOIC,,SAUSAR,MANSAR,MUSCOVITE SCHIST,,PALAEOPROTEROZOIC-MUSCOVITE-SCHIST
2_1227_0,227.14278,3361.5,2521.0,681.0,920.5,1081.0,1482.5,2062.5,2284.0,2559.0,2568.5,463409.5000105199,633,0.40604395,2.367252543940796,1.1743617599130909,1.313599062133646,1.3333994446648156,1.3633515,-18.901319564588665,-12.221599068518865,6.6797204960698,0,21.895222324779777,80.58521410827413,"{""type"":""MultiPoint"",""coordinates"":[]}",PALAEOPROTEROZOIC - MESOPROTEROZOIC,,CHILPI,,PHYLLITE,,PALAEOPROTEROZOIC-MESOPROTEROZOIC-PHYLLITE
2_1228_0,198.35211,1490.0,694.0,385.0,563.0,407.0,910.0,1983.0,2361.0,2471.0,2584.0,2086.7678356731494,565,0.7171647,6.071253071253072,0.7229129662522202,0.6029947389720761,2.1469740634005765,12.501258,-14.378558674032227,-7.91462685315426,6.463931820877967,0,21.944809328463176,80.2227438911319,"{""type"":""MultiPoint"",""coordinates"":[]}",PALAEOPROTEROZOIC,,SAUSAR,MANSAR,MUSCOVITE SCHIST,,PALAEOPROTEROZOIC-MUSCOVITE-SCHIST
2_1229_0,331.62274,2528.25,1710.0,591.5,780.4285714285714,850.0,1317.2,2056.866666666667,2364.6666666666665,2435.6666666666665,2677.2,463409.5000105199,348,0.4826012,2.865490196078431,1.0891451583379097,1.0380114958259203,1.4785087719298249,2.107373,-14.87070082822784,-8.362903877291755,6.5077969509360845,0,22.2396364047112,80.05646573204137,"{""type"":""MultiPoint"",""coordinates"":[]}",NEOPROTEROZOIC,,,,GRANITE,ACID  INTRUSIVE,NEOPROTEROZOIC-GRANITE
2_1230_0,303.60278,1834.5,901.5,471.5,716.5,610.5,1109.0,2176.0,2595.0,2638.0,2893.5,463409.5000105199,324,0.62413424,4.3210483210483215,0.8520586182833217,0.6954131918119788,2.034941763727121,16.304089,-16.134676386882475,-9.810776057871449,6.3239003290110265,0,21.525206259250947,79.81553757284053,"{""type"":""MultiPoint"",""coordinates"":[]}",PALAEOPROTEROZOIC,,SAUSAR,CHORBAOLI,QUARTZITE,,PALAEOPROTEROZOIC-QUARTZITE
2_1231_0,151.67665,1860.0,1080.0,378.0,538.0,464.0,909.0,1879.0,2109.0,2388.0,2336.0,463409.5000105199,645,0.6746143,5.146551724137931,0.862453531598513,0.7788944723618091,1.7222222222222223,4.2069306,-14.181799545282963,-7.805543188975818,6.376256356307145,0,21.92163279413289,79.57164497320207,"{""type"":""MultiPoint"",""coordinates"":[]}",CENOZOIC,,,,LATERITE,,CENOZOIC-LATERITE
2_1232_0,180.0,1846.5,1156.0,615.0,811.5,752.5,1259.0,2169.5,2441.0,2422.0,2663.5,463409.5000105199,277,0.5259096,3.218604651162791,0.9272951324707333,0.7623864574731627,1.597318339100346,0.92740995,-15.58772389149258,-8.796505722763536,6.791218168729044,0,21.47777521224944,79.87240093032528,"{""type"":""MultiPoint"",""coordinates"":[]}",ARCHAEAN,,AMGAON GNEISSIC COMPLEX,,GRANITE GNEISS/MIGMATITE,,ARCHAEAN-GRANITE-GNEISS-MIGMATITE
2_1233_0,312.85117,2172.0,1280.0,504.0,753.0,723.0,1310.0,2057.0,2372.0,2387.0,2634.0,3260.1380338875224,528,0.53504825,3.301521438450899,0.9601593625498008,0.9099287808965228,1.696875,1.3635072,-15.86293541357538,-9.86252442928112,6.000410984294261,0,21.92567521291143,79.9176760206449,"{""type"":""MultiPoint"",""coordinates"":[]}",ARCHAEAN,,TIRODI GNEISSIC COMPLEX,,GNEISS/MIGMATITE,,ARCHAEAN-GNEISS-MIGMATITE
2_1234_0,65.17746,2430.0,1573.0,488.5,681.0,702.0,1022.0,1682.0,1964.0,2148.5,2234.5,463409.5000105199,520,0.5074548,3.06054131054131,1.0308370044052864,1.1310216430067488,1.5448188175460902,4.409903,-14.901742789868456,-7.3906255390691005,7.511117250799355,0,22.318867812770545,79.70127186870052,"{""type"":""MultiPoint"",""coordinates"":[]}",LATE CRETACEOUS - PALAEOCENE,DECCAN TRAP,AMARKANTAK,DHUMA,BASALT,,LATE-CRETACEOUS-PALAEOCENE-BASALT
2_1235_0,208.26892,1826.0,980.0,307.0,447.0,454.0,822.0,1674.0,2033.0,2184.0,2355.0,463409.5000105199,613,0.65579987,4.81057268722467,1.0156599552572707,0.8360805860805861,1.863265306122449,4.2047877,-15.0307876692656,-8.534393276666226,6.496394392599374,0,21.595005356827038,80.74852782692706,"{""type"":""MultiPoint"",""coordinates"":[]}",PALAEOPROTEROZOIC - MESOPROTEROZOIC,,KHAIRAGARH,SITAGOTA,BASALT,,PALAEOPROTEROZOIC-MESOPROTEROZOIC-BASALT
2_1236_0,180.0,2890.5,1983.0,910.0,1152.0,1254.5,1678.5,2367.5,2642.0,2764.5,2895.0,463409.5000105199,266,0.37571535,2.203666799521722,1.0889756944444444,1.0455778621812262,1.457639939485628,0.92740995,-16.887516314613357,-10.458255731173749,6.429260583439611,0,21.30368171018707,79.64252204911911,"{""type"":""MultiPoint"",""coordinates"":[]}",ARCHAEAN,,TIRODI GNEISSIC COMPLEX,,GNEISS/MIGMATITE,,ARCHAEAN-GNEISS-MIGMATITE
2_1237_0,107.13322,1753.0,1383.5,590.5,775.5,917.0,1127.5,1683.5,1870.5,1987.0,2139.0,463409.5000105199,455,0.3684573,2.166848418756816,1.182462927143778,0.8822345244086562,1.2670762558727864,3.1452026,-17.294586618327752,-10.7267992737444,6.567787344583351,0,22.357944527629744,79.80718324069821,"{""type"":""MultiPoint"",""coordinates"":[]}",LATE CRETACEOUS - PALAEOCENE,DECCAN TRAP,AMARKANTAK,DHUMA,BASALT,,LATE-CRETACEOUS-PALAEOCENE-BASALT
2_1239_0,141.08153,1628.5,999.0,525.0,683.0,610.5,997.5,1569.0,1861.0,1937.5,2046.0,2730.6592610576663,357,0.52080065,3.173628173628173,0.8938506588579795,0.840516129032258,1.63013013013013,4.757378,-15.1365172776976,-8.203691301557157,6.932825976140444,0,21.74026293826916,79.66515959427892,"{""type"":""MultiPoint"",""coordinates"":[]}",ARCHAEAN,,TIRODI GNEISSIC COMPLEX,,GNEISS/MIGMATITE,,ARCHAEAN-GNEISS-MIGMATITE
2_1240_0,312.92932,1907.0,1086.0,661.0,867.0,946.0,1439.0,2132.0,2421.0,2425.0,2681.0,463409.5000105199,300,0.43874222,2.563424947145877,1.091118800461361,0.7863917525773196,1.7559852670349907,2.721478,-17.253916933880348,-10.858966620593948,6.394950313286401,0,21.53221311846708,80.41920544376885,"{""type"":""MultiPoint"",""coordinates"":[]}",ARCHAEAN,,AMGAON GNEISSIC COMPLEX,,GRANITE GNEISS/MIGMATITE,,ARCHAEAN-GRANITE-GNEISS-MIGMATITE
2_1241_0,180.0,3367.0,2507.0,779.0,1019.5,1287.0,1683.5,2150.5,2405.5,2557.5,2701.0,463409.5000105199,547,0.3304721,1.9871794871794872,1.2623835213339871,1.3165200391006842,1.3430394894295972,0.92740995,-18.660018134414905,-11.422552806205813,7.237465328209092,0,22.13237755978733,80.49843685182819,"{""type"":""MultiPoint"",""coordinates"":[]}",PALAEOPROTEROZOIC,,SAUSAR,MANSAR,PHYLLITE,,PALAEOPROTEROZOIC-PHYLLITE
2_1242_0,47.092056,2156.0,1384.1666666666663,529.2,829.8,683.8,1273.6666666666663,2108.2833333333333,2399.166666666667,2452.5,2640.6666666666665,463409.5000105199,348,0.56394476,3.586575021936239,0.8240539889129911,0.8791029561671764,1.557615894039735,4.0800185,-14.878760816421066,-7.998027090214177,6.880733726206889,0,21.64054994173189,79.87320941408099,"{""type"":""MultiPoint"",""coordinates"":[]}",ARCHAEAN,,TIRODI GNEISSIC COMPLEX,,GNEISS/MIGMATITE,,ARCHAEAN-GNEISS-MIGMATITE
2_1243_0,203.29878,2212.0,1465.0,416.0,578.0,726.0,1096.0,1725.0,1928.0,2035.0,2146.0,463409.5000105199,628,0.4741036,2.803030303030303,1.2560553633217992,1.086977886977887,1.5098976109215017,5.0361824,-17.09992967361782,-9.364957179354734,7.734972494263085,0,21.74484434621817,80.78329262842249,"{""type"":""MultiPoint"",""coordinates"":[]}",CENOZOIC,,,,LATERITE,,CENOZOIC-LATERITE
2_1244_0,160.19905,1883.0,1139.5,436.0,574.0,558.5,935.5,1694.5,2071.5,2164.5,2362.5,463409.5000105199,528,0.58979064,3.8755595344673233,0.9729965156794426,0.86994686994687,1.6524791575252304,2.954702,-15.470588798126432,-8.878055611467186,6.592533186659246,0,22.207566549068133,80.48684858466304,"{""type"":""MultiPoint"",""coordinates"":[]}",PALAEOPROTEROZOIC,,SAUSAR,JUNEWANI,GREY & PINK GNEISS/QTZ-BIOTITE-SILLIMANITE GNEISS,,PALAEOPROTEROZOIC-GREY-PINK-GNEISS-QTZ-BIOTITE-SILLIMANITE-GNEISS
2_1245_0,-0.0,1998.0,1260.0,732.0,978.0,1021.0,1412.0,2152.0,2509.0,2594.0,2859.0,463409.5000105199,303,0.4351314,2.540646425073457,1.043967280163599,0.7702390131071704,1.5857142857142856,1.8543341,-17.57404170148387,-11.172884571024746,6.401157130459126,0,21.451095248311084,80.35641320540888,"{""type"":""MultiPoint"",""coordinates"":[]}",ARCHAEAN,,AMGAON GNEISSIC COMPLEX,,GRANITE GNEISS/MIGMATITE,,ARCHAEAN-GRANITE-GNEISS-MIGMATITE
2_1246_0,266.4546,1669.0,928.0,429.5,620.5,522.0,933.0,1785.0,2115.5,2513.0,2372.0,463409.5000105199,695,0.6560132,4.814176245210728,0.8412570507655117,0.6641464385196976,1.7984913793103448,14.669159,-15.906927719434076,-9.377063753841073,6.529863965593004,0,21.662379003136,80.49385544387917,"{""type"":""MultiPoint"",""coordinates"":[]}",ARCHAEAN,,AMGAON GNEISSIC COMPLEX,,AMPHIBOLITE,,ARCHAEAN-AMPHIBOLITE
2_1247_0,283.05795,3134.5,2315.6666666666665,814.8571428571429,1105.5555555555557,1300.8,1703.2,2320.222222222222,2635.1111111111118,2722.0,2864.428571428572,463409.5000105199,329,0.35328627,2.092558425584256,1.1766030150753768,1.1515429831006614,1.353605873038722,4.0980945,-17.39708459234241,-10.309400005836288,7.087684586506121,0,21.915434418672465,80.05673522662661,"{""type"":""MultiPoint"",""coordinates"":[]}",PALAEOPROTEROZOIC,,SAUSAR,MANSAR,BIOTITE SCHIST,,PALAEOPROTEROZOIC-BIOTITE-SCHIST
2_1248_0,-0.0,2525.0,1700.0,620.0,874.0,975.0,1430.0,2078.0,2293.0,2288.0,2564.0,463409.5000105199,316,0.40239045,2.3466666666666667,1.1155606407322654,1.103583916083916,1.4852941176470589,0.92740995,-16.04450194902958,-10.863833241207338,5.180668707822242,0,21.48720752273269,80.53589659917597,"{""type"":""MultiPoint"",""coordinates"":[]}",ARCHAEAN,,AMGAON GNEISSIC COMPLEX,,GRANITE GNEISS/MIGMATITE,,ARCHAEAN-GRANITE-GNEISS-MIGMATITE
2_1249_0,160.18416,2815.5,2135.0,698.0,893.0,1242.0,1480.0,1789.5,1947.5,1972.0,2101.5,463409.5000105199,544,0.2271313,1.5877616747181964,1.390817469204927,1.427738336713996,1.318735362997658,2.9549782,-17.78752667615111,-8.975203002102463,8.812323674048647,0,22.321562758622903,79.59104858333906,"{""type"":""MultiPoint"",""coordinates"":[]}",LATE CRETACEOUS - PALAEOCENE,DECCAN TRAP,AMARKANTAK,DHUMA,BASALT,,LATE-CRETACEOUS-PALAEOCENE-BASALT
2_1250_0,164.94258,1948.0,1063.0,447.6666666666667,691.0,566.6153846153846,1069.1666666666667,2095.0,2464.1428571428573,2553.0,2612.0,463409.5000105199,420,0.6367402,4.505701873472712,0.8199933207169098,0.763023893458676,1.832549388523048,15.014111,-13.466077784371706,-8.663474511097398,4.802603273274308,0,21.676123226983027,80.64099948741794,"{""type"":""MultiPoint"",""coordinates"":[]}",ARCHAEAN,,AMGAON GNEISSIC COMPLEX,,GRANITE GNEISS/MIGMATITE,,ARCHAEAN-GRANITE-GNEISS-MIGMATITE
2_1251_0,-0.0,2339.5,1803.5,684.5,844.5,1011.5,1380.5,1868.0,2142.5,2293.5,2350.0,463409.5000105199,588,0.38789713,2.267424616905586,1.1977501480165778,1.0200566819271857,1.2971998891045189,3.7047918,-17.65069433966309,-9.465200018373707,8.185494321289383,0,22.24152286680785,79.63847963034057,"{""type"":""MultiPoint"",""coordinates"":[]}",LATE CRETACEOUS - PALAEOCENE,DECCAN TRAP,AMARKANTAK,PIPARDAHI,BASALT,,LATE-CRETACEOUS-PALAEOCENE-BASALT
2_1252_0,180.0,1870.0,1064.0,630.0,828.0,899.0,1232.0,2132.0,2469.0,2600.0,2691.0,463409.5000105199,306,0.4861389,2.8921023359288096,1.0857487922705311,0.7192307692307692,1.7575187969924813,2.7802885,-16.361268250342732,-9.815697516985647,6.545570733357083,0,21.49690932780118,80.4466938914629,"{""type"":""MultiPoint"",""coordinates"":[]}",ARCHAEAN,,AMGAON GNEISSIC COMPLEX,,GRANITE GNEISS/MIGMATITE,,ARCHAEAN-GRANITE-GNEISS-MIGMATITE
2_1253_0,259.4949,1611.5,724.5,443.0,613.5,523.0,951.5,1726.0,2031.0,2183.5,2209.5,2175.1781536232843,514,0.613523,4.174952198852773,0.8524857375713122,0.7380352644836272,2.224292615596964,14.914922,-16.823017907102418,-10.51703044402594,6.305987463076477,0,22.004098137215063,80.17477385495992,"{""type"":""MultiPoint"",""coordinates"":[]}",ARCHAEAN,,TIRODI GNEISSIC COMPLEX,,GNEISS/MIGMATITE,,ARCHAEAN-GNEISS-MIGMATITE
2_1254_0,132.94225,1769.0,1013.0,475.7272727272728,620.6,532.3333333333334,977.2,1809.0,2095.0,2259.0,2482.333333333333,463409.5000105199,301,0.6185813,4.243581715716969,0.8577720485551616,0.7830898627711377,1.746298124383021,2.7208188,-14.16231084876043,-7.112198027436708,7.050112821323722,0,21.46645643966953,80.07910327720118,"{""type"":""MultiPoint"",""coordinates"":[]}",ARCHAEAN,,AMGAON GNEISSIC COMPLEX,,MICA SCHIST,,ARCHAEAN-MICA-SCHIST
2_1255_0,208.37854,2943.75,2077.0,692.3333333333334,1005.75,1009.6,1613.4583333333337,2480.5,2767.0,2810.25,3022.5,463409.5000105199,355,0.47139287,2.7835281299524564,1.0038279890628885,1.0475046704029891,1.417308618199326,2.1073985,-17.84173910311122,-9.112401030213729,8.729338072897491,0,22.247182253097805,80.05916067789373,"{""type"":""MultiPoint"",""coordinates"":[]}",NEOPROTEROZOIC,,,,GRANITE,ACID  INTRUSIVE,NEOPROTEROZOIC-GRANITE
2_1256_0,28.283451,2401.25,1512.5,512.3376470588236,705.1,665.1428571428571,1189.0,1983.0,2324.333333333333,2529.925,2587.5,2444.7699278255204,349,0.583644,3.803581400343643,0.9433312397430962,0.9491388084627014,1.587603305785124,2.1055152,-15.478063661327283,-9.14936554952778,6.328698111799504,0,21.68286059161392,79.60290634508944,"{""type"":""MultiPoint"",""coordinates"":[]}",PALAEOPROTEROZOIC,,SAUSAR,BICHUA,MARBLE,,PALAEOPROTEROZOIC-MARBLE
2_1257_0,-0.0,2193.0,1782.0,750.0,989.5,1171.5,1349.0,2151.0,2397.5,2517.0,2659.5,463409.5000105199,632,0.36478242,2.148527528809219,1.183931278423446,0.8712753277711561,1.2306397306397303,0.0,-20.29033250462802,-10.196951149521125,10.093381355106894,0,22.132108065202093,79.56679407066783,"{""type"":""MultiPoint"",""coordinates"":[]}",LATE CRETACEOUS - PALAEOCENE,DECCAN TRAP,AMARKANTAK,PIPARDAHI,BASALT,,LATE-CRETACEOUS-PALAEOCENE-BASALT
2_1258_0,90.0,2663.666666666667,1750.5,734.6,977.0,1269.25,1533.6666666666663,1991.5,2321.0,2474.0,2621.5,3514.327816240255,303,0.32184598,1.949182588142604,1.2991299897645854,1.076663971975209,1.5216604779586786,0.9988099,-16.09279262513708,-8.967768962826344,7.125023662310735,0,21.797395790339163,80.04757241072859,"{""type"":""MultiPoint"",""coordinates"":[]}",CENOZOIC,,,,LATERITE,,CENOZOIC-LATERITE
2_1259_0,160.19276,3001.0,2015.5,673.0,850.5,939.5,1320.5,1980.5,2218.0,2408.0,2563.0,463409.5000105199,357,0.4386856,2.563065460351251,1.1046443268665491,1.2462624584717608,1.4889605556933765,2.9548187,-15.255766426621156,-8.418681347304911,6.837085079316244,0,22.25580607982535,80.13273269966312,"{""type"":""MultiPoint"",""coordinates"":[]}",NEOPROTEROZOIC,,,,GRANITE,ACID  INTRUSIVE,NEOPROTEROZOIC-GRANITE
2_1260_0,-0.0,2532.0,1683.0,585.0,779.0,882.0,1292.0,2063.0,2338.0,2471.0,2706.0,463409.5000105199,311,0.47390395,2.8015873015873014,1.1322207958921695,1.0246863617968434,1.5044563279857397,0.0,-16.317123678077373,-9.670801625940197,6.646322052137176,0,21.546226836899343,80.22220490196143,"{""type"":""MultiPoint"",""coordinates"":[]}",ARCHAEAN,,AMGAON GNEISSIC COMPLEX,,GRANITE GNEISS/MIGMATITE,,ARCHAEAN-GRANITE-GNEISS-MIGMATITE
2_1261_0,238.32048,1472.5,653.5,333.0,421.0,351.5,697.5,1767.0,2209.0,2268.5,2438.5,463409.5000105199,835,0.7316794,6.453769559032717,0.834916864608076,0.6491073396517523,2.253251721499617,10.478123,-16.041720033103687,-9.264396092154003,6.777323940949682,0,22.229126115887,80.68762205066375,"{""type"":""MultiPoint"",""coordinates"":[]}",CENOZOIC,,,,LATERITE,,CENOZOIC-LATERITE
2_1262_0,129.49515,1274.5,600.0,305.5,416.0,347.5,704.5,1594.0,1879.5,1962.5,2142.0,1708.3617883809038,734,0.6991342,5.64748201438849,0.8353365384615384,0.6494267515923566,2.1241666666666665,11.508986,-13.560603084820077,-6.600126128974581,6.960476955845496,0,21.994665826731808,80.50786916231144,"{""type"":""MultiPoint"",""coordinates"":[]}",LATE CRETACEOUS - PALAEOCENE,DECCAN TRAP,AMARKANTAK,MANDLA,BASALT,,LATE-CRETACEOUS-PALAEOCENE-BASALT
2_1263_0,-0.0,1997.0,1371.5,645.5,812.0,890.5,1236.5,1834.5,2115.0,2113.0,2274.5,463409.5000105199,469,0.40702513,2.3728242560359347,1.0966748768472907,0.9451017510648368,1.4560699963543566,0.92740995,-16.022011186690094,-9.12137376448728,6.900637422202815,0,22.33503748788469,79.76702854749807,"{""type"":""MultiPoint"",""coordinates"":[]}",LATE CRETACEOUS - PALAEOCENE,DECCAN TRAP,AMARKANTAK,DHUMA,BASALT,,LATE-CRETACEOUS-PALAEOCENE-BASALT
2_1264_0,215.61646,3252.0,2429.0,935.0,1257.0,1435.0,1846.0,2488.0,2760.0,2902.0,2961.0,463409.5000105199,318,0.33825225,2.0222996515679443,1.141607000795545,1.1206064782908338,1.338822560724578,3.4186928,-18.41543817662929,-11.841425473443392,6.574012703185902,0,21.467534418010477,80.14189551556115,"{""type"":""MultiPoint"",""coordinates"":[]}",ARCHAEAN,,AMGAON GNEISSIC COMPLEX,,GRANITE GNEISS/MIGMATITE,,ARCHAEAN-GRANITE-GNEISS-MIGMATITE
2_1265_0,164.89107,1991.5,1411.0,574.5,782.0,844.5,1261.0,2063.0,2276.0,2432.5,2453.0,463409.5000105199,528,0.48458958,2.88040260509177,1.079923273657289,0.818705035971223,1.4114103472714388,3.837055,-17.65489544885328,-9.192125202449326,8.462770246403956,0,22.18519849849356,79.66030869174467,"{""type"":""MultiPoint"",""coordinates"":[]}",LATE CRETACEOUS - PALAEOCENE,DECCAN TRAP,AMARKANTAK,DHUMA,BASALT,,LATE-CRETACEOUS-PALAEOCENE-BASALT
2_1266_0,251.32545,2131.0,1365.5,522.0,723.5,625.5,1081.0,1870.875,2231.0,2345.0,2422.5,463409.5000105199,328,0.5788588,3.749000799360512,0.8645473393227368,0.9087420042643924,1.5606005126327354,11.4325,-15.577617017155454,-9.800284443238889,5.777332573916565,0,21.648904273874205,79.9139030964516,"{""type"":""MultiPoint"",""coordinates"":[]}",PALAEOPROTEROZOIC,,SAUSAR,MANSAR,MUSCOVITE SCHIST,,PALAEOPROTEROZOIC-MUSCOVITE-SCHIST
2_1267_0,90.0,3161.0,2357.0,812.1666666666666,1080.0,1274.6666666666667,1748.4,2291.5,2532.6,2610.0,2764.0,463409.5000105199,294,0.34374464,2.047594142259414,1.180246913580247,1.211111111111111,1.3411115825201527,3.9846737,-17.919401386626024,-9.817828716659424,8.1015726699666,0,21.634082071686237,80.10120183319053,"{""type"":""MultiPoint"",""coordinates"":[]}",ARCHAEAN,,TIRODI GNEISSIC COMPLEX,,GNEISS/MIGMATITE,,ARCHAEAN-GNEISS-MIGMATITE
2_1268_0,28.39866,2592.0,1706.0,685.0,879.0,957.0,1362.0,2080.5,2474.0,2540.0,2719.5,463409.5000105199,482,0.45267373,2.6541274817136884,1.0887372013651877,1.020472440944882,1.5193434935521688,2.107798,-17.732465856420852,-11.274710049018111,6.457755807402741,0,22.3644123976754,80.17558233871563,"{""type"":""MultiPoint"",""coordinates"":[]}",ARCHAEAN,,TIRODI GNEISSIC COMPLEX,,GNEISS/MIGMATITE,,ARCHAEAN-GNEISS-MIGMATITE
2_1269_0,270.0,2181.5,1587.5,715.0,929.0,1060.0,1398.5,2089.0,2334.0,2432.0,2595.5,463409.5000105199,474,0.39289805,2.2943396226415094,1.1410118406889127,0.8969983552631579,1.3741732283464567,4.001964,-17.370017284152386,-9.864544102702292,7.505473181450093,0,22.25203315563205,79.78993558724312,"{""type"":""MultiPoint"",""coordinates"":[]}",LATE CRETACEOUS - PALAEOCENE,DECCAN TRAP,AMARKANTAK,MANDLA,BASALT,,LATE-CRETACEOUS-PALAEOCENE-BASALT
2_1270_0,28.269152,2489.0,1654.0,641.5,808.0,773.0,1204.0,2019.0,2294.5,2477.0,2499.0,2757.5713952679453,300,0.52430767,3.204398447606727,0.9566831683168316,1.0048445700444086,1.5048367593712213,2.105233,-16.08436725977047,-10.16221636135576,5.922150898414712,0,21.59635282975321,79.69076157987632,"{""type"":""MultiPoint"",""coordinates"":[]}",ARCHAEAN,,TIRODI GNEISSIC COMPLEX,,GNEISS/MIGMATITE,,ARCHAEAN-GNEISS-MIGMATITE
2_1271_0,238.34476,1966.0,1650.0,557.0,756.5,888.0,1241.5,1956.0,2221.0,2284.0,2430.5,463409.5000105199,500,0.44010088,2.572072072072072,1.1738268341044282,0.8607705779334501,1.1915151515151514,3.5301259,-15.636295651836514,-9.717727375819528,5.918568276016986,0,22.361717451823043,79.70073287953005,"{""type"":""MultiPoint"",""coordinates"":[]}",LATE CRETACEOUS - PALAEOCENE,DECCAN TRAP,AMARKANTAK,DHUMA,BASALT,,LATE-CRETACEOUS-PALAEOCENE-BASALT
2_1272_0,132.94933,2837.0,1882.0,584.0,792.0,891.0,1386.0,2046.0,2304.0,2380.0,2598.0,463409.5000105199,293,0.45521247,2.6711560044893377,1.125,1.192016806722689,1.5074388947927737,4.0768623,-16.768231777059903,-10.077578462706796,6.690653314353106,0,21.430344165247924,79.95486627340746,"{""type"":""MultiPoint"",""coordinates"":[]}",ARCHAEAN,,AMGAON GNEISSIC COMPLEX,,GRANITE GNEISS/MIGMATITE,,ARCHAEAN-GRANITE-GNEISS-MIGMATITE
2_1273_0,238.21568,2013.5,1142.5,516.25,695.5,617.0,1082.75,2126.0,2362.0,2709.5,2640.0,1218.2774724995943,336,0.6290395,4.391410048622366,0.8871315600287563,0.7431260380143938,1.762363238512035,3.517315,-15.927004722756044,-9.709781686973272,6.217223035782771,0,21.647556800948024,79.64009659785198,"{""type"":""MultiPoint"",""coordinates"":[]}",ARCHAEAN,,TIRODI GNEISSIC COMPLEX,,GNEISS/MIGMATITE,,ARCHAEAN-GNEISS-MIGMATITE
2_1274_0,238.34634,1621.0,865.0,389.0,496.0,432.0,852.0,1723.0,2067.0,2276.0,2387.0,463409.5000105199,585,0.68094534,5.268518518518518,0.8709677419354839,0.7122144112478032,1.8739884393063584,3.5302837,-14.807122942571592,-8.215104132149161,6.592018810422431,0,22.37034127855059,80.49142999261205,"{""type"":""MultiPoint"",""coordinates"":[]}",ARCHAEAN,,TIRODI GNEISSIC COMPLEX,,GNEISS/MIGMATITE,,ARCHAEAN-GNEISS-MIGMATITE
2_1275_0,331.72263,2680.0,1813.0,720.0769230769231,915.0,1034.5555555555557,1425.2727272727273,2009.0,2254.0,2349.25,2511.428571428572,463409.5000105199,283,0.3885254,2.2707818709053806,1.130661809350334,1.140789613706502,1.4782129067843353,2.1053953,-17.828187759898064,-10.78700938725158,7.041178372646483,0,21.646209328021847,80.06886248296223,"{""type"":""MultiPoint"",""coordinates"":[]}",ARCHAEAN,,TIRODI GNEISSIC COMPLEX,,GNEISS/MIGMATITE,,ARCHAEAN-GNEISS-MIGMATITE
2_1276_0,349.81583,2281.5,1324.5,476.0,745.0,700.0,1340.5,2274.5,2578.0,2683.0,2888.0,463409.5000105199,649,0.58616614,3.832857142857143,0.9395973154362416,0.8503540812523295,1.722536806342016,5.6357813,-14.682725966098968,-8.492042415910518,6.190683550188449,0,21.911122505308693,79.5274478612234,"{""type"":""MultiPoint"",""coordinates"":[]}",CENOZOIC,,,,LATERITE,,CENOZOIC-LATERITE
2_1277_0,270.0,1695.0,1253.0,587.5,722.5,870.0,1096.0,1862.5,2083.0,2163.0,2327.0,463409.5000105199,474,0.42631057,2.486206896551724,1.204152249134948,0.7836338418862691,1.3527533918595371,1.0025328,-16.939853457397355,-10.024396286250832,6.915457171146523,0,22.32371871530479,79.92791681488387,"{""type"":""MultiPoint"",""coordinates"":[]}",LATE CRETACEOUS - PALAEOCENE,DECCAN TRAP,AMARKANTAK,DHUMA,BASALT,,LATE-CRETACEOUS-PALAEOCENE-BASALT
2_1278_0,17.957254,1521.5,728.5,327.5,476.5,379.5,708.0,1671.5,1939.5,2227.0,2225.0,463409.5000105199,694,0.7088049,5.86824769433465,0.7964323189926548,0.683206106870229,2.088538091969801,9.65735,-14.302985583372628,-7.531029159746811,6.771956423625817,0,22.232899040080305,80.66471501091871,"{""type"":""MultiPoint"",""coordinates"":[]}",LATE CRETACEOUS - PALAEOCENE,DECCAN TRAP,AMARKANTAK,LINGA,BASALT,,LATE-CRETACEOUS-PALAEOCENE-BASALT
2_1279_0,90.0,2745.0,2117.0,819.0,1034.5,1129.0,1517.5,2204.5,2423.0,2485.5,2638.5,2579.65113920468,319,0.37529394,2.2015057573073515,1.0913484775253746,1.104405552202776,1.2966461974492205,1.9942511,-15.705642989195807,-8.622352063635624,7.083290925560183,0,21.59796979726463,79.65626627296614,"{""type"":""MultiPoint"",""coordinates"":[]}",ARCHAEAN,,TIRODI GNEISSIC COMPLEX,,GNEISS/MIGMATITE,,ARCHAEAN-GNEISS-MIGMATITE
2_1280_0,-0.0,3279.5,2284.0,764.8,1034.6,1200.5,1659.9333333333334,2272.25,2530.75,2626.5,2857.5,1654.2369842317032,347,0.37261564,2.187838400666389,1.1603518267929636,1.2486198362840282,1.4358581436077058,1.8543341,-16.884963379578984,-9.906107777711314,6.97885560186767,0,21.69040644000053,79.78616266304981,"{""type"":""MultiPoint"",""coordinates"":[]}",ARCHAEAN,,TIRODI GNEISSIC COMPLEX,,GNEISS/MIGMATITE,,ARCHAEAN-GNEISS-MIGMATITE
2_1281_0,149.04068,1912.0,1111.5,385.5,555.5,493.0,928.0,1566.0,1798.5,1903.5,2071.5,463409.5000105199,580,0.58856666,3.86105476673428,0.8874887488748875,1.0044654583661676,1.7201979307242463,9.642159,-14.125456355004092,-7.6849218332764,6.4405345217276935,0,22.16687286669752,79.6026368505042,"{""type"":""MultiPoint"",""coordinates"":[]}",LATE CRETACEOUS - PALAEOCENE,DECCAN TRAP,AMARKANTAK,PIPARDAHI,BASALT,,LATE-CRETACEOUS-PALAEOCENE-BASALT
2_1282_0,227.22896,2036.5,1528.5,661.0,859.5,992.0,1236.0,1989.5,2236.5,2311.0,2528.0,463409.5000105199,462,0.39933392,2.329637096774193,1.1541593949970914,0.8812202509736045,1.3323519790644422,1.3655659,-17.240056289567576,-11.85514942888572,5.384906860681857,0,22.320754274867195,79.90662674265025,"{""type"":""MultiPoint"",""coordinates"":[]}",LATE CRETACEOUS - PALAEOCENE,DECCAN TRAP,AMARKANTAK,DHUMA,BASALT,,LATE-CRETACEOUS-PALAEOCENE-BASALT
2_1283_0,227.14507,1666.0,1012.0,560.0,835.0,767.0,1214.0,1782.0,1925.0,2036.0,1997.0,463409.5000105199,536,0.45272923,2.6544980443285526,0.918562874251497,0.8182711198428291,1.6462450592885376,2.7252777,-18.315859010779413,-11.503151882902342,6.81270712787707,0,21.90654109735968,79.7799642875894,"{""type"":""MultiPoint"",""coordinates"":[]}",ARCHAEAN,,TIRODI GNEISSIC COMPLEX,,GNEISS/MIGMATITE,,ARCHAEAN-GNEISS-MIGMATITE
2_1284_0,180.0,2988.5,2269.333333333333,866.3636363636364,1125.571428571429,1202.8,1715.2,2400.25,2703.0,2772.1428571428573,2993.0,463409.5000105199,332,0.39480892,2.304741317877334,1.0686127681177813,1.078046895130121,1.3169065804935371,3.7047918,-17.585433607831796,-9.152337454888809,8.433096152942987,0,21.934838028809448,80.0340976814668,"{""type"":""MultiPoint"",""coordinates"":[]}",ARCHAEAN,,TIRODI GNEISSIC COMPLEX,,GNEISS/MIGMATITE,,ARCHAEAN-GNEISS-MIGMATITE
2_1285_0,-0.0,2253.0,1764.0,726.5,930.5,1081.0,1286.0,1907.5,2146.0,2189.0,2309.5,463409.5000105199,479,0.33883792,2.0249768732654947,1.1617409994626544,1.0292370945637277,1.2772108843537415,0.0,-18.74241976868902,-10.805727988592428,7.936691780096593,0,22.25661456358106,79.87159244656958,"{""type"":""MultiPoint"",""coordinates"":[]}",LATE CRETACEOUS - PALAEOCENE,DECCAN TRAP,AMARKANTAK,DHUMA,BASALT,,LATE-CRETACEOUS-PALAEOCENE-BASALT
2_1286_0,90.0,2709.5,1906.0,706.0,933.5,1063.5,1440.0,2034.0,2275.5,2429.5,2610.5,1428.6357128393506,346,0.39106786,2.2844381758345085,1.1392608462774505,1.1152500514509158,1.421563483735572,0.99850625,-16.363479626909015,-10.071174910284189,6.292304716624827,0,21.75400716211619,79.758943709941,"{""type"":""MultiPoint"",""coordinates"":[]}",ARCHAEAN,,TIRODI GNEISSIC COMPLEX,,GNEISS/MIGMATITE,,ARCHAEAN-GNEISS-MIGMATITE
2_1287_0,146.09647,3106.0,2189.0,534.0,785.0,930.0,1356.0,2131.0,2422.0,2480.0,2737.0,463409.5000105199,332,0.45454547,2.6666666666666665,1.1847133757961783,1.2524193548387097,1.4189127455459114,8.868402,-13.759398399494067,-7.453841831689992,6.305556567804077,0,21.56913387664439,80.65851663545828,"{""type"":""MultiPoint"",""coordinates"":[]}",PALAEOPROTEROZOIC,,NANDGAON,BIJLI,RHYOLITE,,PALAEOPROTEROZOIC-RHYOLITE
2_1288_0,270.0,1982.0,1169.0,528.5,713.0,679.5,1183.0,1996.0,2264.0,2490.5,2570.5,2188.37839506791,315,0.57129335,3.665194996320824,0.953015427769986,0.7958241317004617,1.6954662104362703,0.9985565,-14.784152739127482,-7.802674207264472,6.98147853186301,0,21.76101402133232,80.1475549018511,"{""type"":""MultiPoint"",""coordinates"":[]}",ARCHAEAN,,TIRODI GNEISSIC COMPLEX,,GNEISS/MIGMATITE,,ARCHAEAN-GNEISS-MIGMATITE
2_1289_0,180.0,2313.0,1523.0,665.0,892.0,1224.0,1515.0,2120.0,2342.0,2522.0,2665.0,463409.5000105199,639,0.34650293,2.060457516339869,1.3721973094170403,0.9171292624900872,1.5187130663164807,1.8543341,-18.833018493863293,-11.49885542840238,7.334163065460912,0,21.954241638946428,79.59670796962901,"{""type"":""MultiPoint"",""coordinates"":[]}",CENOZOIC,,,,LATERITE,,CENOZOIC-LATERITE
2_1290_0,107.17315,3778.0,2841.5,966.0,1259.0,1599.5,1946.5,2271.5,2519.5,2783.5,2875.0,463409.5000105199,580,0.2701346,1.740231322288215,1.2704527402700556,1.357283994970361,1.3295794474749252,3.1381228,-18.30694701777377,-11.319971025865696,6.986975991908073,0,22.010566007260724,80.75984659950696,"{""type"":""MultiPoint"",""coordinates"":[]}",PALAEOPROTEROZOIC,,,,GRANITE,MALANJKHAND GRANITE,PALAEOPROTEROZOIC-GRANITE
2_1291_0,163.35158,1707.0,1000.0,353.0,497.0,444.0,869.0,1763.0,2071.0,2286.0,2325.0,463409.5000105199,526,0.6747253,5.148648648648648,0.8933601609657947,0.7467191601049868,1.707,16.916021,-15.23611622338126,-7.736771162838556,7.499345060542703,0,21.732986584467792,80.74394641897804,"{""type"":""MultiPoint"",""coordinates"":[]}",PALAEOPROTEROZOIC - MESOPROTEROZOIC,,KHAIRAGARH,BORTALAO,SANDSTONE,,PALAEOPROTEROZOIC-MESOPROTEROZOIC-SANDSTONE
2_1292_0,270.0,2075.5,1533.0,644.5,841.5,1019.0,1295.5,1898.0,2096.5,2180.0,2344.5,463409.5000105199,617,0.36292592,2.139352306182532,1.2109328579916816,0.9520642201834862,1.3538812785388128,1.0011793,-16.974622689109896,-8.52603232471782,8.448590364392077,0,22.134264021883983,79.52475291537104,"{""type"":""MultiPoint"",""coordinates"":[]}",LATE CRETACEOUS - PALAEOCENE,DECCAN TRAP,AMARKANTAK,PIPARDAHI,BASALT,,LATE-CRETACEOUS-PALAEOCENE-BASALT
2_1293_0,242.63461,1905.0,1151.0,456.0,669.0,639.0,1063.0,1866.0,2095.0,2268.0,2311.0,463409.5000105199,500,0.5603715,3.5492957746478875,0.9551569506726456,0.83994708994709,1.6550825369244135,9.986434,-17.14912404785588,-11.267995871124732,5.881128176731149,0,21.306107161454197,80.77386031793922,"{""type"":""MultiPoint"",""coordinates"":[]}",PALAEOPROTEROZOIC - MESOPROTEROZOIC,,KHAIRAGARH,SITAGOTA,BASALT,,PALAEOPROTEROZOIC-MESOPROTEROZOIC-BASALT
2_1294_0,-0.0,3119.0,2698.0,816.0,1067.0,1369.0,1826.0,2227.0,2440.0,2345.0,2575.0,463409.5000105199,635,0.26278946,1.7129291453615778,1.283036551077788,1.3300639658848614,1.1560415122312824,4.6273675,-16.92875255791511,-5.695241514856198,11.233511043058911,0,21.959092541480675,79.50912222942735,"{""type"":""MultiPoint"",""coordinates"":[]}",CENOZOIC,,,,LATERITE,,CENOZOIC-LATERITE
2_1295_0,90.0,2641.5,1902.0,656.0,826.5,943.0,1264.5,1677.5,1876.0,2039.5,2108.0,463409.5000105199,454,0.3676446,2.162778366914104,1.1409558378705384,1.2951703848982594,1.388801261829653,3.0065887,-14.842392226841415,-8.357108950416851,6.485283276424566,0,22.39055337244328,80.13758360219737,"{""type"":""MultiPoint"",""coordinates"":[]}",LATE CRETACEOUS - PALAEOCENE,DECCAN TRAP,AMARKANTAK,MANDLA,BASALT,,LATE-CRETACEOUS-PALAEOCENE-BASALT
2_1296_0,195.09515,1852.0,1491.0,572.0,779.0,866.0,1180.0,1945.0,2234.0,2260.0,2523.0,463409.5000105199,603,0.4459373,2.6096997690531176,1.1116816431322207,0.8194690265486726,1.2421193829644537,3.8368068,-18.53151757099373,-10.457000605848789,8.074516965144948,0,22.050451205875632,79.5207104965925,"{""type"":""MultiPoint"",""coordinates"":[]}",LATE CRETACEOUS - PALAEOCENE,DECCAN TRAP,AMARKANTAK,PIPARDAHI,BASALT,,LATE-CRETACEOUS-PALAEOCENE-BASALT
2_1297_0,-0.0,2088.0,1290.0,702.625,948.8947368421052,966.2857142857144,1454.4,2142.7272727272725,2399.4,2527.1666666666665,2593.125,3396.2332075403774,291,0.44680184,2.615341021092056,1.0183276150329232,0.8262217239332587,1.6186046511627907,0.0,-16.94333020431132,-10.511267651868158,6.432062552443162,0,21.484782071465567,80.0610471399904,"{""type"":""MultiPoint"",""coordinates"":[]}",ARCHAEAN,,AMGAON GNEISSIC COMPLEX,,GRANITE GNEISS/MIGMATITE,,ARCHAEAN-GRANITE-GNEISS-MIGMATITE
2_1298_0,287.1978,2495.0,1542.0,468.0,632.0,645.0,1074.0,1749.0,2046.0,2177.0,2291.0,463409.5000105199,467,0.5428774,3.3751937984496125,1.0205696202531649,1.146072576940744,1.6180285343709468,3.133769,-15.032636802002427,-9.314717039177786,5.717919762824643,0,21.793353371560624,80.67468631057243,"{""type"":""MultiPoint"",""coordinates"":[]}",PALAEOPROTEROZOIC - MESOPROTEROZOIC,,KHAIRAGARH,SITAGOTA,BASALT,,PALAEOPROTEROZOIC-MESOPROTEROZOIC-BASALT
2_1299_0,208.37602,2037.5,1125.0,446.5,629.0,617.0,1119.0,1995.0,2281.0,2361.5,2559.0,463409.5000105199,469,0.5856975,3.827390599675851,0.9809220985691574,0.862799068388736,1.8111111111111111,2.1073484,-14.43960861658484,-8.01868999821309,6.420918618371751,0,22.23262954549507,79.87752132744477,"{""type"":""MultiPoint"",""coordinates"":[]}",ARCHAEAN,,TIRODI GNEISSIC COMPLEX,,GNEISS/MIGMATITE,,ARCHAEAN-GNEISS-MIGMATITE
2_1300_0,107.221405,3476.5,2648.0,795.0,1114.0,1391.5,1906.5,2439.5,2660.0,2771.0,3011.5,463409.5000105199,299,0.33141142,1.9913762127200865,1.2491023339317773,1.2546012269938651,1.3128776435045315,3.129612,-17.177949779858036,-11.905413053651984,5.272536726206052,0,21.58341708966189,79.88425869207566,"{""type"":""MultiPoint"",""coordinates"":[]}",PALAEOPROTEROZOIC,,SAUSAR,MANSAR,MUSCOVITE SCHIST,,PALAEOPROTEROZOIC-MUSCOVITE-SCHIST
2_1301_0,-0.0,1704.0,1083.5,432.5,580.5,551.5,934.5,1688.5,1970.0,2258.0,2227.5,463409.5000105199,584,0.60740346,4.0942883046237535,0.950043066322136,0.7546501328609388,1.5726811259806184,0.0,-15.96836798284988,-9.35233342394548,6.616034558904401,0,22.06742936474549,80.64342493868507,"{""type"":""MultiPoint"",""coordinates"":[]}",ARCHAEAN,,TIRODI GNEISSIC COMPLEX,,GNEISS/MIGMATITE,,ARCHAEAN-GNEISS-MIGMATITE
2_1302_0,-0.0,3543.0,2939.0,735.0833333333334,995.0,1417.0,1697.2857142857142,1936.142857142857,2131.5,2183.0,2386.0,463409.5000105199,642,0.21277778,1.540578687367678,1.4241206030150757,1.6229958772331654,1.2055120789384144,3.7047918,-18.05955962825039,-11.700998521277633,6.358561106972758,0,21.61548694530496,80.78760454178625,"{""type"":""MultiPoint"",""coordinates"":[]}",CENOZOIC,,,,LATERITE,,CENOZOIC-LATERITE
2_1303_0,312.85144,1841.0,1057.0,413.0,590.0,449.0,963.0,2146.0,2563.0,2524.0,2739.0,2210.3619613086,375,0.6979482,5.621380846325167,0.7610169491525424,0.7293977812995246,1.7417218543046358,1.3635,-13.850677492873798,-7.93083295584339,5.919844537030408,0,21.92405824540001,79.97965977524916,"{""type"":""MultiPoint"",""coordinates"":[]}",ARCHAEAN,,TIRODI GNEISSIC COMPLEX,,GNEISS/MIGMATITE,,ARCHAEAN-GNEISS-MIGMATITE
2_1304_0,132.93451,2892.0,1985.0,775.0,1026.0,1117.0,1588.0,2224.0,2533.0,2558.0,2788.0,463409.5000105199,299,0.39210886,2.29006266786034,1.0886939571150098,1.130570758405004,1.456926952141058,1.3613744,-17.008583996785347,-10.427506034242455,6.581077962542892,0,21.505802649113964,80.32973324147054,"{""type"":""MultiPoint"",""coordinates"":[]}",ARCHAEAN,,AMGAON GNEISSIC COMPLEX,,GRANITE GNEISS/MIGMATITE,,ARCHAEAN-GRANITE-GNEISS-MIGMATITE
2_1305_0,132.95535,2249.0,1586.0,660.0,867.0,921.0,1291.0,1911.0,2117.0,2205.0,2341.0,463409.5000105199,308,0.41074857,2.3941368078175898,1.0622837370242215,1.019954648526077,1.4180327868852458,2.7201512,-17.15426498924994,-10.133596374093942,7.020668615155996,0,21.399352287945803,80.45235327775285,"{""type"":""MultiPoint"",""coordinates"":[]}",ARCHAEAN,,AMGAON GNEISSIC COMPLEX,,GRANITE GNEISS/MIGMATITE,,ARCHAEAN-GRANITE-GNEISS-MIGMATITE
2_1306_0,-0.0,1661.0,771.0,408.0,568.0,429.0,928.0,2052.0,2429.0,2565.0,2750.0,2675.2383071420013,546,0.7134268,5.979020979020979,0.7552816901408451,0.6475633528265107,2.154345006485084,0.92740995,-15.487286532931568,-8.677019738999277,6.810266793932289,0,21.929987126275204,80.25023233882595,"{""type"":""MultiPoint"",""coordinates"":[]}",PALAEOPROTEROZOIC,,SAUSAR,MANSAR,PHYLLITE,,PALAEOPROTEROZOIC-PHYLLITE
2_1307_0,110.354004,1805.0,883.0,362.0,514.0,403.0,890.0,1880.0,2279.0,2450.0,2457.0,463409.5000105199,516,0.7174904,6.079404466501241,0.7840466926070039,0.736734693877551,2.044167610419026,5.3178506,-14.050414979769076,-6.7874740216544645,7.262940958114612,0,21.95801456313973,79.88857060543944,"{""type"":""MultiPoint"",""coordinates"":[]}",ARCHAEAN,,TIRODI GNEISSIC COMPLEX,,GNEISS/MIGMATITE,,ARCHAEAN-GNEISS-MIGMATITE
2_1308_0,47.230667,1383.0,700.0,336.5,496.5,401.0,779.0,1734.5,2047.5,2206.0,2347.0,463409.5000105199,514,0.6923667,5.501246882793017,0.8076535750251762,0.6269265639165911,1.9757142857142855,1.3656099,-14.669365110679866,-7.043316116962547,7.626048993717319,0,22.329108607009506,80.51891844030611,"{""type"":""MultiPoint"",""coordinates"":[]}",ARCHAEAN,,TIRODI GNEISSIC COMPLEX,,GNEISS/MIGMATITE,,ARCHAEAN-GNEISS-MIGMATITE
2_1309_0,215.7075,2203.0,1340.5,437.0,631.5,615.0,1118.5,1916.5,2237.5,2318.0,2527.5,463409.5000105199,582,0.5806342,3.7691056910569114,0.973871733966746,0.9503882657463332,1.6434166355837374,3.4225838,-14.528698326343232,-9.2506027767281,5.278095549615131,0,21.95019922016789,80.75122277277941,"{""type"":""MultiPoint"",""coordinates"":[]}",PALAEOPROTEROZOIC,,,,GRANITE,MALANJKHAND GRANITE,PALAEOPROTEROZOIC-GRANITE
2_1310_0,123.94656,1814.0,1090.0,501.0,634.5,663.0,1048.0,1662.0,1907.0,2024.5,2184.5,463409.5000105199,622,0.5066047,3.053544494720965,1.044917257683215,0.8960237095579155,1.6642201834862385,13.056571,-12.729657205819612,-5.332851150347511,7.3968060554721,0,22.243409328904505,80.41624100333125,"{""type"":""MultiPoint"",""coordinates"":[]}",ARCHAEAN,,TIRODI GNEISSIC COMPLEX,,GNEISS/MIGMATITE,,ARCHAEAN-GNEISS-MIGMATITE
2_1311_0,167.8714,1962.0,1124.0,494.0,688.0,587.0,1077.0,2145.0,2454.0,2576.0,2727.0,463409.5000105199,353,0.6288334,4.388415672913117,0.8531976744186046,0.7616459627329193,1.7455516014234875,4.732541,-14.57093288990956,-7.643764328773573,6.9271685611359874,0,21.46349199923193,79.55251085765033,"{""type"":""MultiPoint"",""coordinates"":[]}",ARCHAEAN,,TIRODI GNEISSIC COMPLEX,,GNEISS/MIGMATITE,,ARCHAEAN-GNEISS-MIGMATITE
2_1312_0,283.071,2297.5,1516.0,718.5,917.5,940.0,1374.0,2143.0,2398.5,2482.0,2638.5,2135.158073773462,297,0.45061368,2.640425531914893,1.0245231607629428,0.9256647864625304,1.5155013192612137,4.094083,-17.20366699431807,-9.530969337876762,7.672697656441308,0,21.76748189137798,80.19633342177879,"{""type"":""MultiPoint"",""coordinates"":[]}",ARCHAEAN,,TIRODI GNEISSIC COMPLEX,,GNEISS/MIGMATITE,,ARCHAEAN-GNEISS-MIGMATITE
2_1313_0,270.0,2283.0,1529.0,607.5,884.5,1051.0,1445.0,2229.5,2533.0,2627.0,2795.5,463409.5000105199,631,0.42849374,2.499524262607041,1.1882419446014698,0.8690521507422916,1.4931327665140617,0.9996531,-16.380911749339806,-10.26632850847488,6.114583240864924,0,21.918129364524823,79.52017150742202,"{""type"":""MultiPoint"",""coordinates"":[]}",CENOZOIC,,,,LATERITE,,CENOZOIC-LATERITE
2_1314_0,103.06842,2370.5,1541.5,526.0,700.5,755.0,1214.0,1852.0,2077.0,2272.5,2374.0,463409.5000105199,412,0.50123864,3.009933774834437,1.0778015703069237,1.043124312431243,1.5377878689588065,4.0948777,-14.6599473734131,-8.622811072991288,6.03713630042181,0,21.79685680116869,79.55116338472415,"{""type"":""MultiPoint"",""coordinates"":[]}",ARCHAEAN,,TIRODI GNEISSIC COMPLEX,,GNEISS/MIGMATITE,,ARCHAEAN-GNEISS-MIGMATITE
2_1315_0,153.82219,1727.0,917.0,387.0,524.0,449.0,896.0,1699.0,2009.0,2129.0,2237.0,463409.5000105199,568,0.65166795,4.741648106904232,0.8568702290076335,0.8111789572569281,1.8833151581243184,11.22271,-13.810964160633276,-6.835169894627295,6.97579426600598,0,22.382468534886204,80.52996771830078,"{""type"":""MultiPoint"",""coordinates"":[]}",ARCHAEAN,,TIRODI GNEISSIC COMPLEX,,GNEISS/MIGMATITE,,ARCHAEAN-GNEISS-MIGMATITE
2_1316_0,132.89507,2083.0,1129.5,638.5,878.5,958.0,1349.0,2030.0,2356.5,2430.5,2549.0,463409.5000105199,305,0.43455806,2.5370563674321502,1.0904951622083097,0.8570253034355071,1.8441788401947763,2.723226,-14.48208711948262,-8.977073600940846,5.505013518541775,0,21.70549813677373,79.96914948642495,"{""type"":""MultiPoint"",""coordinates"":[]}",PALAEOPROTEROZOIC,,SAUSAR,MANSAR,MUSCOVITE SCHIST,,PALAEOPROTEROZOIC-MUSCOVITE-SCHIST
2_1317_0,270.0,1647.5,934.5,387.0,600.0,513.0,962.5,1830.5,2089.5,2236.0,2356.0,463409.5000105199,584,0.62677336,4.358674463937622,0.855,0.7368067978533095,1.7629748528624931,3.0018709,-15.732731263899137,-9.191031955702044,6.541699308197092,0,22.170645790890823,80.37473883720493,"{""type"":""MultiPoint"",""coordinates"":[]}",ARCHAEAN,,TIRODI GNEISSIC COMPLEX,,GNEISS/MIGMATITE,,ARCHAEAN-GNEISS-MIGMATITE
2_1318_0,132.90723,2488.0,1654.0,579.5,839.0,853.0,1311.0,2134.0,2357.0,2419.0,2636.0,463409.5000105199,324,0.47860634,2.835873388042204,1.0166865315852205,1.0285241835469203,1.5042321644498189,5.4329696,-15.452172975148756,-8.935282798016473,6.516890177132282,0,21.64405337133996,80.42890724883733,"{""type"":""MultiPoint"",""coordinates"":[]}",ARCHAEAN,,AMGAON GNEISSIC COMPLEX,,AMPHIBOLITE,,ARCHAEAN-AMPHIBOLITE
2_1319_0,-0.0,816.0,631.0,561.5,748.5,675.0,787.0,828.5,883.0,844.5,929.0,463409.5000105199,514,0.111549854,1.251111111111111,0.9018036072144288,0.966252220248668,1.2931854199683044,0.0,-25.08582585026897,-18.46007404454777,6.625751805721201,0,22.38731943742045,79.54361753633754,"{""type"":""MultiPoint"",""coordinates"":[]}",LATE CRETACEOUS - PALAEOCENE,DECCAN TRAP,AMARKANTAK,DHUMA,BASALT,,LATE-CRETACEOUS-PALAEOCENE-BASALT
2_1320_0,-0.0,1676.5,829.5,400.5,534.5,399.5,856.5,1750.5,2074.0,2091.0,2278.0,463409.5000105199,374,0.67918086,5.23404255319149,0.7474275023386342,0.8017694882831181,2.021097046413502,0.0,-13.594248115657756,-7.340566466427712,6.253681649230043,0,22.12025030345172,79.9446254791685,"{""type"":""MultiPoint"",""coordinates"":[]}",ARCHAEAN,,TIRODI GNEISSIC COMPLEX,,GNEISS/MIGMATITE,,ARCHAEAN-GNEISS-MIGMATITE
2_1321_0,90.0,3366.5,2585.0,802.0,1029.5,1413.5,1694.0,1942.0,2127.5,2226.0,2380.5,463409.5000105199,543,0.22324495,1.5748142907675982,1.3729966002914036,1.5123539982030547,1.302321083172147,2.0041494,-17.18138724920757,-9.63816390862291,7.54322334058466,0,22.30242864307116,79.6064097746975,"{""type"":""MultiPoint"",""coordinates"":[]}",LATE CRETACEOUS - PALAEOCENE,DECCAN TRAP,AMARKANTAK,DHUMA,BASALT,,LATE-CRETACEOUS-PALAEOCENE-BASALT
2_1322_0,180.0,2206.0,1445.5,446.0,646.5,696.5,1139.5,1747.5,1964.0,2077.0,2190.0,463409.5000105199,466,0.49774653,2.9820531227566405,1.077339520494973,1.0621088107847858,1.526115530958146,6.464861,-13.383551767421167,-6.634554438506518,6.748997328914649,0,22.15043369699813,79.88183324080855,"{""type"":""MultiPoint"",""coordinates"":[]}",ARCHAEAN,,TIRODI GNEISSIC COMPLEX,,GNEISS/MIGMATITE,,ARCHAEAN-GNEISS-MIGMATITE
2_1323_0,180.0,3632.0,2666.0,916.0,1238.0,1549.0,1933.0,2351.0,2592.0,2725.0,2961.0,463409.5000105199,541,0.2751521,1.7591994835377662,1.251211631663974,1.3328440366972476,1.3623405851462866,1.8543341,-17.911904701441387,-11.686363133911552,6.2255415675298345,0,22.04883423836421,79.69291753655821,"{""type"":""MultiPoint"",""coordinates"":[]}",ARCHAEAN,,TIRODI GNEISSIC COMPLEX,,GNEISS/MIGMATITE,,ARCHAEAN-GNEISS-MIGMATITE
2_1324_0,219.03825,2367.5,1916.0,787.5,1060.5,1355.0,1604.0,2041.5,2190.0,2216.0,2308.5,463409.5000105199,461,0.24110894,1.6354243542435425,1.2776991984912778,1.06836642599278,1.2356471816283925,4.765396,-17.20496920487562,-9.120291554346142,8.084677650529478,0,22.345278282123655,79.91201663435496,"{""type"":""MultiPoint"",""coordinates"":[]}",LATE CRETACEOUS - PALAEOCENE,DECCAN TRAP,AMARKANTAK,DHUMA,BASALT,,LATE-CRETACEOUS-PALAEOCENE-BASALT
2_1325_0,215.73744,1732.0,891.0,381.0,537.0,493.0,855.5,1662.0,1982.0,2232.5,2276.5,463409.5000105199,610,0.6382315,4.528397565922921,0.9180633147113594,0.7758118701007839,1.9438832772166104,3.4238672,-14.814504669426652,-7.942335955330295,6.872168714096357,0,22.10650607960469,80.3693489455002,"{""type"":""MultiPoint"",""coordinates"":[]}",PALAEOPROTEROZOIC,,SAUSAR,MANSAR,PHYLLITE,,PALAEOPROTEROZOIC-PHYLLITE
2_1326_0,-0.0,1912.0,1069.0,422.0,589.0,550.0,965.0,1835.0,2129.0,2354.0,2387.0,463409.5000105199,505,0.6212121,4.28,0.933786078098472,0.8122344944774851,1.7885874649204865,0.0,-15.416808179361537,-7.881046331568418,7.535761847793118,0,22.392170339954696,80.43510562429776,"{""type"":""MultiPoint"",""coordinates"":[]}",LATE CRETACEOUS - PALAEOCENE,DECCAN TRAP,AMARKANTAK,MANDLA,BASALT,,LATE-CRETACEOUS-PALAEOCENE-BASALT
2_1327_0,331.63998,3085.5,2195.5,655.5,873.5,1069.0,1517.5,2108.0,2385.0,2598.0,2736.0,463409.5000105199,509,0.4169621,2.430308699719364,1.223812249570693,1.1876443418013858,1.4053746299248462,2.1070309,-17.255413626221628,-10.019044520321946,7.236369105899682,0,22.138575935247754,79.8349411829775,"{""type"":""MultiPoint"",""coordinates"":[]}",ARCHAEAN,,TIRODI GNEISSIC COMPLEX,,GNEISS/MIGMATITE,,ARCHAEAN-GNEISS-MIGMATITE
2_1328_0,-0.0,243.0,157.0,482.0,529.0,411.0,452.0,423.0,429.0,388.0,361.0,463409.5000105199,341,-0.028785983,0.9440389294403893,0.776937618147448,0.6262886597938144,1.5477707006369428,1.8543341,-27.11991839878538,-19.61836432758223,7.501554071203149,0,21.528709688859013,79.51882403449585,"{""type"":""MultiPoint"",""coordinates"":[]}",ARCHAEAN,,TIRODI GNEISSIC COMPLEX,,GNEISS/MIGMATITE,,ARCHAEAN-GNEISS-MIGMATITE
2_1329_0,167.82451,1795.0,1594.5,659.0,855.0,1082.0,1220.0,1270.0,1341.5,1281.5,1311.5,463409.5000105199,583,0.084408715,1.1843807763401109,1.265497076023392,1.4007023019898557,1.125744747569771,4.7333713,-13.57771204739744,-7.92532156533074,5.652390482066699,0,22.03482051993195,80.71834443338064,"{""type"":""MultiPoint"",""coordinates"":[]}",PALAEOPROTEROZOIC,,,,GRANITE,MALANJKHAND GRANITE,PALAEOPROTEROZOIC-GRANITE
2_1330_0,262.46686,1869.0,1052.0,392.5,520.5,549.0,904.5,1631.0,1889.0,2066.0,2225.0,463409.5000105199,862,0.5801147,3.7632058287795993,1.0547550432276658,0.904646660212972,1.776615969581749,7.0390835,-15.826750336481917,-9.62770967588082,6.1990406606010975,0,22.22804813754606,80.69085598568658,"{""type"":""MultiPoint"",""coordinates"":[]}",CENOZOIC,,,,LATERITE,,CENOZOIC-LATERITE
2_1331_0,208.23985,2206.0,1646.0,788.0,1015.0,1179.0,1525.0,2110.0,2368.0,2395.0,2650.0,463409.5000105199,271,0.34023502,2.0313825275657336,1.161576354679803,0.9210855949895616,1.3402187120291615,2.104655,-18.58153715197076,-11.74356237486065,6.837974777110111,0,21.417947414327077,79.88048576788236,"{""type"":""MultiPoint"",""coordinates"":[]}",ARCHAEAN,,AMGAON GNEISSIC COMPLEX,,GRANITE GNEISS/MIGMATITE,,ARCHAEAN-GRANITE-GNEISS-MIGMATITE
2_1333_0,-0.0,1670.0,958.0,593.0,822.0,794.0,1292.0,2089.0,2454.0,2524.0,2758.0,463409.5000105199,300,0.5213984,3.1788413098236776,0.9659367396593674,0.661648177496038,1.74321503131524,1.8543341,-17.459601263362348,-11.286004840760857,6.173596422601491,0,21.481009147272264,80.26128161682063,"{""type"":""MultiPoint"",""coordinates"":[]}",ARCHAEAN,,AMGAON GNEISSIC COMPLEX,,GRANITE GNEISS/MIGMATITE,,ARCHAEAN-GRANITE-GNEISS-MIGMATITE
2_1334_0,116.25255,2404.0,1460.0,472.0,732.0,736.0,1230.0,2018.0,2422.0,2497.0,2696.0,463409.5000105199,492,0.5446953,3.3926630434782608,1.005464480874317,0.9627553063676412,1.6465753424657534,18.230352,-11.603540168573346,-4.598250816437583,7.005289352135764,0,21.31419199901127,80.79461140100238,"{""type"":""MultiPoint"",""coordinates"":[]}",PALAEOPROTEROZOIC - MESOPROTEROZOIC,,KHAIRAGARH,SITAGOTA,BASALT,,PALAEOPROTEROZOIC-MESOPROTEROZOIC-BASALT
2_1335_0,90.0,2157.0,1685.0,691.0,861.0,1017.0,1376.5,2087.5,2290.0,2389.5,2572.5,463409.5000105199,504,0.4029062,2.349557522123894,1.181184668989547,0.9026993094789704,1.2801186943620178,2.0052228,-17.760859322727086,-9.255093284689725,8.505766038037361,0,22.377348137766724,79.68644966651254,"{""type"":""MultiPoint"",""coordinates"":[]}",LATE CRETACEOUS - PALAEOCENE,DECCAN TRAP,AMARKANTAK,DHUMA,BASALT,,LATE-CRETACEOUS-PALAEOCENE-BASALT
2_1336_0,47.10538,3864.0,2966.0,724.0,979.0,1264.0,1631.0,1975.0,2200.0,2336.0,2507.0,463409.5000105199,595,0.29777777,1.8481012658227849,1.2911133810010214,1.654109589041096,1.3027646662171275,1.3623937,-17.52476915760711,-11.448702605051944,6.076066552555167,0,21.70765409345562,80.78167566091106,"{""type"":""MultiPoint"",""coordinates"":[]}",PALAEOPROTEROZOIC - MESOPROTEROZOIC,,CHILPI,,SLATY SHALE,,PALAEOPROTEROZOIC-MESOPROTEROZOIC-SLATY-SHALE
2_1337_0,312.91962,2172.0,1234.0,388.0,610.0,638.0,1119.0,1920.0,2264.0,2357.0,2590.0,463409.5000105199,664,0.5739566,3.69435736677116,1.0459016393442624,0.9215103945693678,1.760129659643436,2.721972,-13.638123637704489,-7.614581371551864,6.023542266152623,0,21.581261132980003,80.70163576909601,"{""type"":""MultiPoint"",""coordinates"":[]}",PALAEOPROTEROZOIC - MESOPROTEROZOIC,,KHAIRAGARH,BORTALAO,SANDSTONE,,PALAEOPROTEROZOIC-MESOPROTEROZOIC-SANDSTONE
2_1338_0,90.0,1662.5,1368.0,579.0,704.0,854.0,1043.5,1530.5,1702.0,1720.5,1855.5,463409.5000105199,489,0.3365702,2.0146370023419204,1.213068181818182,0.966288869514676,1.2152777777777777,1.0026786,-16.615734114180587,-8.513537315128639,8.102196799051947,0,22.34393080919748,79.74331302399732,"{""type"":""MultiPoint"",""coordinates"":[]}",LATE CRETACEOUS - PALAEOCENE,DECCAN TRAP,AMARKANTAK,DHUMA,BASALT,,LATE-CRETACEOUS-PALAEOCENE-BASALT
2_1339_0,90.0,4024.0,3217.0,816.0,1089.5,1501.0,1896.0,2238.0,2475.0,2687.5,2831.5,463409.5000105199,536,0.28327563,1.790473017988008,1.377696190913263,1.4973023255813953,1.2508548336959902,3.0028133,-21.069479958345887,-12.5717746652785,8.497705293067389,0,22.214842902869503,80.53104569664173,"{""type"":""MultiPoint"",""coordinates"":[]}",PALAEOPROTEROZOIC,,SAUSAR,JUNEWANI,GREY & PINK GNEISS/QTZ-BIOTITE-SILLIMANITE GNEISS,,PALAEOPROTEROZOIC-GREY-PINK-GNEISS-QTZ-BIOTITE-SILLIMANITE-GNEISS
2_1340_0,249.56807,2111.0,1401.0,696.0,913.5,934.5,1400.5,2114.5,2358.5,2476.0,2640.0,463409.5000105199,320,0.45198652,2.6495452113429643,1.0229885057471264,0.8525848142164781,1.5067808708065666,5.2985415,-17.46428724047385,-10.446436974733864,7.017850265739986,0,21.35731113264901,80.18447566002841,"{""type"":""MultiPoint"",""coordinates"":[]}",ARCHAEAN,,AMGAON GNEISSIC COMPLEX,,GRANITE GNEISS/MIGMATITE,,ARCHAEAN-GRANITE-GNEISS-MIGMATITE
2_1341_0,142.46466,2783.0,1806.0,554.0,779.0,830.0,1331.0,2147.0,2525.0,2703.0,2866.0,463409.5000105199,356,0.53014433,3.256626506024096,1.0654685494223364,1.0295967443581209,1.5409745293466224,8.1323595,-15.270968253018331,-7.76677464158533,7.504193611433001,0,21.61386997779354,80.51272006484568,"{""type"":""MultiPoint"",""coordinates"":[]}",ARCHAEAN,,AMGAON GNEISSIC COMPLEX,,GRANITE GNEISS/MIGMATITE,,ARCHAEAN-GRANITE-GNEISS-MIGMATITE
2_1342_0,90.0,2995.0,2092.0,558.0,735.0,893.0,1268.0,1899.0,2134.0,2228.0,2341.0,463409.5000105199,618,0.42774752,2.4949608062709965,1.214965986394558,1.3442549371633752,1.431644359464627,5.980758,-15.836347051394558,-8.457256585362785,7.379090466031773,0,22.013799942283555,79.5207104965925,"{""type"":""MultiPoint"",""coordinates"":[]}",CENOZOIC,,,,LATERITE,,CENOZOIC-LATERITE
2_1343_0,132.8917,3484.0,2655.0,775.5,1093.5,1378.5,1855.0,2462.5,2749.0,2831.0,3028.0,463409.5000105199,314,0.34505287,2.0536815379035183,1.260631001371742,1.2306605439773932,1.312241054613936,5.434545,-17.950385578377727,-10.417235302762558,7.533150275615169,0,21.72247629564359,79.96537656223165,"{""type"":""MultiPoint"",""coordinates"":[]}",ARCHAEAN,,TIRODI GNEISSIC COMPLEX,,GNEISS/MIGMATITE,,ARCHAEAN-GNEISS-MIGMATITE
2_1344_0,160.21559,1532.0,689.0,413.0,614.0,499.5,948.5,1960.0,2300.5,2473.5,2526.0,463409.5000105199,457,0.6639758,4.951951951951952,0.8135179153094463,0.6193652718819487,2.223512336719884,19.863155,-13.005804750401886,-7.31789955338841,5.687905197013476,0,22.080095610251576,80.24349497419506,"{""type"":""MultiPoint"",""coordinates"":[]}",ARCHAEAN,,TIRODI GNEISSIC COMPLEX,,GNEISS/MIGMATITE,,ARCHAEAN-GNEISS-MIGMATITE
2_1345_0,252.8465,2252.5,1396.0,506.5,731.5,684.5,1219.0,2004.5,2370.5,2450.5,2629.0,463409.5000105199,347,0.56331736,3.579985390796202,0.9357484620642516,0.9192001632319936,1.613538681948424,3.1416025,-15.854805691295637,-9.539369231043032,6.315436460252604,0,22.182234058055965,79.97453937812968,"{""type"":""MultiPoint"",""coordinates"":[]}",ARCHAEAN,,TIRODI GNEISSIC COMPLEX,,GNEISS/MIGMATITE,,ARCHAEAN-GNEISS-MIGMATITE
2_1346_0,90.0,1732.5,960.5,376.5,535.0,485.0,882.5,1667.5,1943.0,2111.5,2243.5,463409.5000105199,549,0.6264202,4.35360824742268,0.9065420560747663,0.820506748756808,1.8037480478917232,9.896722,-14.61070131866916,-7.152234167541769,7.45846715112739,0,21.90088171106973,80.66282854882205,"{""type"":""MultiPoint"",""coordinates"":[]}",PALAEOPROTEROZOIC,,,,GRANITE,MALANJKHAND GRANITE,PALAEOPROTEROZOIC-GRANITE
2_1347_0,30.414288,1780.0,949.0,429.44444444444446,623.6666666666666,495.375,947.6666666666666,2033.3333333333333,2374.6666666666665,2612.0,2650.0,463409.5000105199,360,0.68116176,5.272773151652788,0.7942944949225014,0.6814701378254211,1.875658587987355,11.666462,-13.887898944834728,-6.728821948598903,7.159076996235825,0,21.69364037502336,80.66525400008918,"{""type"":""MultiPoint"",""coordinates"":[]}",PALAEOPROTEROZOIC - MESOPROTEROZOIC,,KHAIRAGARH,SITAGOTA,BASALT,,PALAEOPROTEROZOIC-MESOPROTEROZOIC-BASALT
2_1348_0,35.793873,1993.0,1575.0,638.0,815.0,1003.5,1235.0,1847.0,2046.0,2125.5,2328.0,463409.5000105199,454,0.358581,2.118086696562033,1.2312883435582822,0.9376617266525524,1.2653968253968253,3.4262915,-17.093173452371136,-10.294634477655988,6.798538974715148,0,22.397290737074176,79.88937908919515,"{""type"":""MultiPoint"",""coordinates"":[]}",LATE CRETACEOUS - PALAEOCENE,DECCAN TRAP,AMARKANTAK,DHUMA,BASALT,,LATE-CRETACEOUS-PALAEOCENE-BASALT
2_1350_0,227.07281,2546.0,1614.0,574.5,728.0,743.0,1162.0,1810.0,1996.0,2033.5,2166.5,463409.5000105199,327,0.4647938,2.736877523553163,1.0206043956043955,1.2520285222522745,1.577447335811648,1.3615613,-14.636945030483748,-6.618512295129982,8.018432735353766,0,21.542992901876516,79.59940291548136,"{""type"":""MultiPoint"",""coordinates"":[]}",ARCHAEAN,,TIRODI GNEISSIC COMPLEX,,GNEISS/MIGMATITE,,ARCHAEAN-GNEISS-MIGMATITE
2_1351_0,58.32912,1870.5,1140.5,537.5,697.5,711.0,1113.0,1869.5,2113.5,2229.0,2380.5,463409.5000105199,496,0.51632655,3.1350210970464136,1.0193548387096774,0.8391655450874832,1.640070144673389,3.5285676,-15.28061100204307,-7.758058630847557,7.522552371195513,0,22.27628766830328,80.45882114779852,"{""type"":""MultiPoint"",""coordinates"":[]}",ARCHAEAN,,TIRODI GNEISSIC COMPLEX,,GNEISS/MIGMATITE,,ARCHAEAN-GNEISS-MIGMATITE
2_1352_0,-0.0,2307.0,1529.0,670.0,910.0,868.0,1348.0,2169.0,2421.0,2532.0,2763.0,463409.5000105199,320,0.48941177,2.91705069124424,0.953846153846154,0.9111374407582938,1.5088293001962068,0.92740995,-16.609600070052874,-9.683484944277064,6.9261151257758105,0,21.4527122158225,80.18636212212506,"{""type"":""MultiPoint"",""coordinates"":[]}",ARCHAEAN,,AMGAON GNEISSIC COMPLEX,,GRANITE GNEISS/MIGMATITE,,ARCHAEAN-GRANITE-GNEISS-MIGMATITE
2_1353_0,353.86697,1744.0,835.0,368.0,532.0,401.0,958.0,2208.0,2701.0,2791.0,3031.0,463409.5000105199,703,0.7487469,6.960099750623441,0.7537593984962406,0.6248656395557148,2.088622754491018,18.036238,-14.861679867085291,-8.584007147997498,6.277672719087793,0,21.46430048298764,80.64019100366224,"{""type"":""MultiPoint"",""coordinates"":[]}",PALAEOPROTEROZOIC - MESOPROTEROZOIC,,KHAIRAGARH,SITAGOTA,BASALT,,PALAEOPROTEROZOIC-MESOPROTEROZOIC-BASALT
2_1354_0,324.3907,2760.0,2066.0,963.0,1339.0,1417.0,1835.0,2558.0,2903.0,2818.0,3088.0,3213.6116753584274,268,0.33081463,1.9887085391672548,1.058252427184466,0.979418026969482,1.3359148112294288,3.4183888,-16.28164582547538,-5.653162185741958,10.62848363973342,0,21.429266186906982,79.85084136350642,"{""type"":""MultiPoint"",""coordinates"":[]}",ARCHAEAN,,AMGAON GNEISSIC COMPLEX,,GRANITE GNEISS/MIGMATITE,,ARCHAEAN-GRANITE-GNEISS-MIGMATITE
2_1355_0,151.65463,1446.0,681.5,379.5,558.5,477.5,952.5,1944.0,2246.0,2301.5,2430.5,2118.041548223264,334,0.6563512,4.819895287958115,0.8549686660698299,0.6282859004996741,2.1217901687454144,2.1067405,-14.27670507664504,-7.204769731343544,7.071935345301497,0,22.05233766797228,80.21034714021106,"{""type"":""MultiPoint"",""coordinates"":[]}",ARCHAEAN,,TIRODI GNEISSIC COMPLEX,,GNEISS/MIGMATITE,,ARCHAEAN-GNEISS-MIGMATITE
2_1356_0,312.9591,2924.0,2371.0,1417.0,1739.0,1868.0,2362.0,2688.0,2845.0,2652.0,2978.0,463409.5000105199,274,0.17345133,1.4197002141327624,1.0741805635422657,1.1025641025641026,1.2332349219738508,1.360747,-14.198865816751272,-8.06326285411058,6.135602962640693,0,21.380218172394056,79.73900111063354,"{""type"":""MultiPoint"",""coordinates"":[]}",ARCHAEAN,,TIRODI GNEISSIC COMPLEX,,GNEISS/MIGMATITE,,ARCHAEAN-GNEISS-MIGMATITE
2_1357_0,105.60822,1874.0,1115.0,375.0,549.0,489.0,952.0,1671.0,1905.0,2081.0,2130.0,463409.5000105199,457,0.6194553,4.25562372188139,0.8907103825136612,0.9005285920230658,1.6807174887892378,10.231378,-12.915753576113053,-5.843417279850536,7.072336296262515,0,21.377523226541697,80.78437060676343,"{""type"":""MultiPoint"",""coordinates"":[]}",PALAEOPROTEROZOIC - MESOPROTEROZOIC,,KHAIRAGARH,MANGIKHUTA,BASALT,,PALAEOPROTEROZOIC-MESOPROTEROZOIC-BASALT
2_1358_0,4.745196,1744.0,875.0,413.5,533.5,442.5,828.0,1798.5,2169.5,2308.0,2425.5,463409.5000105199,605,0.6782403,5.215819209039548,0.8294283036551078,0.755632582322357,1.993142857142857,11.923683,-15.512868649038058,-9.098714953963544,6.414153695074514,0,22.07659218064351,80.30359226670265,"{""type"":""MultiPoint"",""coordinates"":[]}",PALAEOPROTEROZOIC,,SAUSAR,MANSAR,PHYLLITE,,PALAEOPROTEROZOIC-PHYLLITE
2_1359_0,270.0,2720.0,1913.0,824.0,1102.0,1297.0,1732.0,2292.0,2559.0,2663.0,2812.0,1338.0956617521783,314,0.34494948,2.053199691595991,1.176950998185118,1.0214044310927526,1.4218504966021954,0.99901724,-17.30075721460985,-10.006844064159928,7.293913150449921,0,21.827309689300343,80.13219371049266,"{""type"":""MultiPoint"",""coordinates"":[]}",PALAEOPROTEROZOIC,,SAUSAR,MANSAR,PHYLLITE,,PALAEOPROTEROZOIC-PHYLLITE
2_1360_0,-0.0,2948.0,2412.0,926.0,1155.0,1246.0,1682.0,2154.0,2412.0,2468.0,2647.0,2663.099697720684,285,0.3290253,1.9807383627608344,1.0787878787878789,1.1944894651539708,1.2222222222222223,0.92740995,-14.664719637345131,-6.237851795684305,8.426867841660828,0,21.4594495804534,79.69561248241057,"{""type"":""MultiPoint"",""coordinates"":[]}",PALAEOPROTEROZOIC,,SAUSAR,MANSAR,MUSCOVITE SCHIST,,PALAEOPROTEROZOIC-MUSCOVITE-SCHIST
2_1361_0,235.21094,2993.5,2388.5,801.0,1064.0,1206.0,1622.5,2270.5,2591.5,2556.0,2824.0,463409.5000105199,497,0.35885167,2.1194029850746268,1.1334586466165413,1.171165884194053,1.2532970483567092,4.8650417,-15.340856156645955,-1.6449210319745378,13.695935124671418,0,22.13264705437257,79.81499858367005,"{""type"":""MultiPoint"",""coordinates"":[]}",ARCHAEAN,,TIRODI GNEISSIC COMPLEX,,GNEISS/MIGMATITE,,ARCHAEAN-GNEISS-MIGMATITE
2_1362_0,-0.0,2366.0,1369.0,764.0,983.0,962.0,1537.0,2209.0,2577.0,2597.0,2795.0,3107.2174046886385,266,0.45939872,2.6995841995842,0.9786368260427264,0.9110512129380054,1.7282688093498904,0.0,-17.030768869754105,-10.407960773433835,6.62280809632027,0,21.426301746469388,79.84706843931312,"{""type"":""MultiPoint"",""coordinates"":[]}",ARCHAEAN,,AMGAON GNEISSIC COMPLEX,,GRANITE GNEISS/MIGMATITE,,ARCHAEAN-GRANITE-GNEISS-MIGMATITE
2_1363_0,227.1356,3484.0,2471.5,870.875,1120.7272727272727,1389.25,1873.6666666666667,2440.0,2716.166666666667,2953.6666666666665,3093.25,2357.668339694962,322,0.36022258,2.126087217323496,1.2395968526930563,1.1795508407628936,1.4096702407444872,1.3631675,-18.01093003593535,-11.255993568779113,6.754936467156238,0,21.85937954494341,80.04406898112053,"{""type"":""MultiPoint"",""coordinates"":[]}",PALAEOPROTEROZOIC,,SAUSAR,MANSAR,MUSCOVITE SCHIST,,PALAEOPROTEROZOIC-MUSCOVITE-SCHIST
2_1364_0,227.22908,3081.0,2213.5,803.875,1072.8,1434.0,1766.0,2262.333333333333,2505.6666666666665,2769.5,2826.0,463409.5000105199,403,0.31771144,1.9313110181311015,1.33668903803132,1.1124751760245533,1.3919132595437091,6.797071,-17.213844224806817,-9.637727490307636,7.57611673449918,0,22.321293264037667,80.04029605692723,"{""type"":""MultiPoint"",""coordinates"":[]}",ARCHAEAN,,TIRODI GNEISSIC COMPLEX,,GNEISS/MIGMATITE,,ARCHAEAN-GNEISS-MIGMATITE
2_1365_0,107.21982,2655.0,1830.0,664.0,887.0,1034.0,1406.0,1977.0,2225.0,2271.0,2465.0,463409.5000105199,289,0.3742814,2.196324951644101,1.165727170236753,1.1690885072655215,1.4508196721311477,6.2412124,-16.5046480170403,-9.858939414720718,6.645708602319582,0,21.59743080809416,80.27206140023006,"{""type"":""MultiPoint"",""coordinates"":[]}",ARCHAEAN,,AMGAON GNEISSIC COMPLEX,,GRANITE GNEISS/MIGMATITE,,ARCHAEAN-GRANITE-GNEISS-MIGMATITE
2_1366_0,124.03488,3234.0,2422.0,621.0,864.0,1051.0,1415.0,1985.0,2230.0,2463.0,2525.0,463409.5000105199,461,0.4018213,2.3434823977164605,1.2164351851851851,1.313032886723508,1.3352601156069364,13.027776,-16.461546383473518,-9.99230826369906,6.46923811977446,0,21.77206329932699,80.65743865711734,"{""type"":""MultiPoint"",""coordinates"":[]}",PALAEOPROTEROZOIC - MESOPROTEROZOIC,,KHAIRAGARH,SITAGOTA,BASALT,,PALAEOPROTEROZOIC-MESOPROTEROZOIC-BASALT
2_1367_0,214.95247,1634.5,888.0,388.5,508.0,470.5,758.5,1690.5,1951.5,2131.0,2271.0,463409.5000105199,609,0.6382856,4.529224229543039,0.9261811023622047,0.7670107930549038,1.8406531531531527,18.55961,-15.549786348297117,-9.148637519355075,6.40114882894204,0,22.221310772915164,80.62590779064475,"{""type"":""MultiPoint"",""coordinates"":[]}",PALAEOPROTEROZOIC,,SAUSAR,JUNEWANI,GREY & PINK GNEISS/QTZ-BIOTITE-SILLIMANITE GNEISS,,PALAEOPROTEROZOIC-GREY-PINK-GNEISS-QTZ-BIOTITE-SILLIMANITE-GNEISS
2_1368_0,47.191216,2261.5,1589.0,522.0,700.0,813.0,1217.0,1699.0,1899.5,2000.0,2115.5,463409.5000105199,621,0.4219694,2.4600246002460024,1.1614285714285717,1.13075,1.423222152297042,1.3645948,-17.603563498097618,-10.69548762233257,6.908075875765048,0,22.13561149481016,79.57757385407726,"{""type"":""MultiPoint"",""coordinates"":[]}",LATE CRETACEOUS - PALAEOCENE,DECCAN TRAP,AMARKANTAK,PIPARDAHI,BASALT,,LATE-CRETACEOUS-PALAEOCENE-BASALT
2_1369_0,35.748745,3536.0,2661.0,901.3333333333334,1244.75,1551.3333333333337,1940.5,2467.0,2745.0,2953.25,3152.5,463409.5000105199,343,0.31122005,1.903685002148689,1.246301131418625,1.1973249809531872,1.3288237504697482,3.4243522,-18.319705271983963,-11.030547325149342,7.289157946834621,0,22.16498640460087,80.05457926994472,"{""type"":""MultiPoint"",""coordinates"":[]}",ARCHAEAN,,TIRODI GNEISSIC COMPLEX,,GNEISS/MIGMATITE,,ARCHAEAN-GNEISS-MIGMATITE
2_1370_0,121.69743,2253.0,1361.0,440.0,601.0,553.5,949.0,1450.5,1637.0,1816.0,1941.0,463409.5000105199,562,0.53281283,3.280939476061427,0.9209650582362728,1.2406387665198235,1.6554004408523144,3.5259259,-15.043688193599356,-6.859053362013694,8.184634831585662,0,22.13076059227592,80.31221609343021,"{""type"":""MultiPoint"",""coordinates"":[]}",PALAEOPROTEROZOIC,,SAUSAR,JUNEWANI,GREY & PINK GNEISS/QTZ-BIOTITE-SILLIMANITE GNEISS,,PALAEOPROTEROZOIC-GREY-PINK-GNEISS-QTZ-BIOTITE-SILLIMANITE-GNEISS
2_1371_0,227.03148,2637.0,1756.0,703.5,917.0,1019.5,1437.0,2163.0,2427.5,2548.0,2712.0,463409.5000105199,268,0.4284513,2.499264345267288,1.1117775354416577,1.0349293563579278,1.5017084282460136,1.3605068,-17.378047372735242,-11.3985521178175,5.979495254917742,0,21.33197864163684,79.6349762007325,"{""type"":""MultiPoint"",""coordinates"":[]}",ARCHAEAN,,TIRODI GNEISSIC COMPLEX,,GNEISS/MIGMATITE,,ARCHAEAN-GNEISS-MIGMATITE
2_1372_0,34.033894,3552.0,2496.0,779.0,1051.5,1340.0,1688.0,2222.0,2487.5,2807.5,2858.0,463409.5000105199,656,0.3538276,2.095149253731343,1.2743699476937709,1.2651825467497777,1.4230769230769231,8.88179,-17.94960552650957,-12.670494085441518,5.27911144106805,0,22.2682028307462,80.79326392807621,"{""type"":""MultiPoint"",""coordinates"":[]}",PALAEOPROTEROZOIC,,SAUSAR,JUNEWANI,GREY & PINK GNEISS/QTZ-BIOTITE-SILLIMANITE GNEISS,,PALAEOPROTEROZOIC-GREY-PINK-GNEISS-QTZ-BIOTITE-SILLIMANITE-GNEISS
2_1373_0,-0.0,2554.5,2052.5,599.5,815.5,951.5,1329.0,1854.0,2230.5,2252.0,2557.0,463409.5000105199,331,0.40596223,2.366789280084078,1.1667688534641325,1.1343250444049733,1.2445797807551766,0.0,-15.642446856819388,-8.49187428394674,7.150572572872648,0,21.34545337089863,80.30655670714025,"{""type"":""MultiPoint"",""coordinates"":[]}",PALAEOPROTEROZOIC,,,,GRANITE,DONGARGARH GRANITE,PALAEOPROTEROZOIC-GRANITE
2_1374_0,180.0,2502.0,1577.5,487.0,661.5,727.5,1142.5,1951.5,2288.5,2380.0,2510.5,3211.385993617086,373,0.531778,3.2714776632302405,1.0997732426303857,1.0512605042016807,1.586053882725832,0.92740995,-15.453591532108003,-8.619949418293608,6.833642113814396,0,21.729483154859725,79.6072182584532,"{""type"":""MultiPoint"",""coordinates"":[]}",PALAEOPROTEROZOIC,,SAUSAR,LOHANGI ( INCLUDES UTEKATA),MARBLE,,PALAEOPROTEROZOIC-MARBLE
2_1375_0,252.81775,1726.5,908.5,405.5,558.5,494.0,892.0,1662.0,1913.5,2039.5,2181.0,463409.5000105199,643,0.61002564,4.1285425101214575,0.8845120859444942,0.8465310125030645,1.9003852504127683,6.254339,-17.067362340851627,-10.67384373933969,6.393518601511937,0,21.930526115445677,80.58117168949559,"{""type"":""MultiPoint"",""coordinates"":[]}",PALAEOPROTEROZOIC - MESOPROTEROZOIC,,CHILPI,,PHYLLITE,,PALAEOPROTEROZOIC-MESOPROTEROZOIC-PHYLLITE
2_1376_0,312.76215,1753.5,957.0,410.0,565.0,493.0,900.0,1743.5,2096.0,2230.5,2311.5,463409.5000105199,483,0.63796586,4.524340770791075,0.8725663716814159,0.7861466039004708,1.8322884012539185,5.447737,-15.82555291522246,-7.294384323893194,8.531168591329266,0,22.36414290309017,80.32515183352153,"{""type"":""MultiPoint"",""coordinates"":[]}",ARCHAEAN,,TIRODI GNEISSIC COMPLEX,,GNEISS/MIGMATITE,,ARCHAEAN-GNEISS-MIGMATITE
2_1377_0,227.14366,1604.0,768.0,419.0,573.0,490.0,956.0,2089.0,2446.0,2595.0,2667.0,2753.9244724574423,363,0.6823339,5.295918367346939,0.8551483420593369,0.618111753371869,2.0885416666666665,2.7252064,-15.09353527240269,-8.129588712170465,6.963946560232225,0,21.899803732728788,80.28176320529856,"{""type"":""MultiPoint"",""coordinates"":[]}",PALAEOPROTEROZOIC,,SAUSAR,MANSAR,PHYLLITE,,PALAEOPROTEROZOIC-PHYLLITE
2_1378_0,340.27338,1509.0,783.0,419.6428571428572,540.0,424.6428571428572,787.0,1892.0,2261.0,2418.0,2480.0,463409.5000105199,470,0.70123374,5.694196804037006,0.7863756613756614,0.6240694789081885,1.9272030651341,14.464407,-14.620802441865983,-8.986484820259728,5.634317621606256,0,21.6270752124701,80.62536880147427,"{""type"":""MultiPoint"",""coordinates"":[]}",PALAEOPROTEROZOIC,,,,GRANITE,MALANJKHAND GRANITE,PALAEOPROTEROZOIC-GRANITE
2_1379_0,98.821915,1906.0,1087.0,581.0,832.0,831.0,1270.0,2010.0,2273.0,2299.0,2445.0,463409.5000105199,318,0.46900958,2.766546329723225,0.9987980769230768,0.829056111352762,1.75344986200552,6.0253425,-16.488315079417845,-10.462524648792362,6.025790430625483,0,21.377523226541697,80.51272006484568,"{""type"":""MultiPoint"",""coordinates"":[]}",PALAEOPROTEROZOIC,,NANDGAON,BIJLI,RHYOLITE,,PALAEOPROTEROZOIC-RHYOLITE
2_1380_0,270.0,2584.0,1696.0,699.5,891.0,1031.5,1395.5,1987.5,2234.5,2371.0,2564.0,1501.5325504297268,344,0.3936811,2.298594280174503,1.1576879910213242,1.0898355124420076,1.5235849056603774,0.9983191,-15.982250696293203,-9.555077347327344,6.427173348965862,0,21.727057703592603,79.7891271034874,"{""type"":""MultiPoint"",""coordinates"":[]}",ARCHAEAN,,TIRODI GNEISSIC COMPLEX,,GNEISS/MIGMATITE,,ARCHAEAN-GNEISS-MIGMATITE
2_1381_0,-0.0,2143.0,1563.5,669.5,897.3333333333334,1011.0,1336.5,1881.5,2059.25,2074.5,2217.5,4208.336963694804,328,0.3446767,2.051928783382789,1.12667161961367,1.0330200048204388,1.3706427886152863,0.0,-17.713565900047755,-9.80334153232827,7.910224367719485,0,21.96017051982162,80.0416435298534,"{""type"":""MultiPoint"",""coordinates"":[]}",ARCHAEAN,,TIRODI GNEISSIC COMPLEX,,GNEISS/MIGMATITE,,ARCHAEAN-GNEISS-MIGMATITE
2_1382_0,62.07466,1980.5,1185.5,460.5,640.5,673.0,1112.5,1887.0,2202.0,2523.5,2468.0,463409.5000105199,693,0.57891446,3.74962852897474,1.0507416081186574,0.78482266693085,1.6706031210459722,7.871938,-14.028639991321809,-6.953942823872934,7.074697167448873,0,21.941036404269877,80.38983053397813,"{""type"":""MultiPoint"",""coordinates"":[]}",PALAEOPROTEROZOIC,,SAUSAR,MANSAR,PHYLLITE,,PALAEOPROTEROZOIC-PHYLLITE
2_1383_0,47.229588,2577.5,1629.5,512.5,689.5,831.5,1210.0,1847.5,2141.5,2142.0,2421.5,463409.5000105199,452,0.44072643,2.576067348165965,1.2059463379260331,1.203314659197012,1.5817735501687635,1.365582,-15.585896716873355,-7.93288338873917,7.653013328134187,0,22.323988209890025,79.99987186914184,"{""type"":""MultiPoint"",""coordinates"":[]}",ARCHAEAN,,TIRODI GNEISSIC COMPLEX,,GNEISS/MIGMATITE,,ARCHAEAN-GNEISS-MIGMATITE
2_1384_0,248.26991,2050.0,1002.0,359.0,513.0,530.0,995.0,1986.0,2313.0,2426.0,2554.0,463409.5000105199,462,0.6414073,4.577358490566038,1.0331384015594542,0.8450123660346249,2.045908183632734,7.47277,-15.532685319908628,-9.405335637948404,6.127349681960222,0,21.57048134957057,80.6849271048114,"{""type"":""MultiPoint"",""coordinates"":[]}",PALAEOPROTEROZOIC,,NANDGAON,BIJLI,RHYOLITE,,PALAEOPROTEROZOIC-RHYOLITE
2_1385_0,-0.0,2115.5,1380.5,598.0,866.0,780.0,1211.5,2201.0,2509.5,2547.5,2746.5,463409.5000105199,285,0.53117955,3.266025641025641,0.9006928406466512,0.8304219823356231,1.5324157913799348,0.92740995,-16.107461084782514,-9.798235120307048,6.309225964475466,0,21.57236781166722,79.82389190498283,"{""type"":""MultiPoint"",""coordinates"":[]}",PALAEOPROTEROZOIC,,SAUSAR,MANSAR,MUSCOVITE SCHIST,,PALAEOPROTEROZOIC-MUSCOVITE-SCHIST
2_1386_0,151.72194,3530.333333333333,2619.0,852.0,1168.5,1380.0,1795.0,2289.0,2547.0,2762.0,2876.5,463409.5000105199,315,0.33365524,2.0014492753623188,1.1810012836970476,1.2781800627564568,1.347969963090238,2.105409,-17.938684708063,-10.54043967864963,7.398245029413371,0,21.650251746800382,80.43510562429776,"{""type"":""MultiPoint"",""coordinates"":[]}",ARCHAEAN,,AMGAON GNEISSIC COMPLEX,,AMPHIBOLITE,,ARCHAEAN-AMPHIBOLITE
2_1387_0,151.62834,2883.0,1876.0,739.8571428571429,877.0,1043.0,1364.0,2009.75,2304.0,2460.25,2646.75,463409.5000105199,356,0.4045529,2.3588207094918503,1.1892816419612315,1.171832130881008,1.5367803837953091,4.2088385,-15.839591021961908,-8.20000495879839,7.639586063163518,0,22.207027559897664,80.11575454079326,"{""type"":""MultiPoint"",""coordinates"":[]}",ARCHAEAN,,TIRODI GNEISSIC COMPLEX,,GNEISS/MIGMATITE,,ARCHAEAN-GNEISS-MIGMATITE
2_1388_0,-0.0,2075.0,1358.0,568.0,732.0,792.5,1181.0,1982.0,2239.5,2217.5,2403.0,463409.5000105199,584,0.47342193,2.7981072555205047,1.0826502732240435,0.935738444193912,1.527982326951399,0.0,-17.15147313754126,-9.698909595592632,7.452563541948628,0,22.235593985932663,79.55870923311075,"{""type"":""MultiPoint"",""coordinates"":[]}",LATE CRETACEOUS - PALAEOCENE,DECCAN TRAP,AMARKANTAK,PIPARDAHI,BASALT,,LATE-CRETACEOUS-PALAEOCENE-BASALT
2_1389_0,157.41632,2760.0,1782.0,571.0,777.0,859.0,1387.0,2079.0,2402.0,2531.0,2701.0,463409.5000105199,423,0.49321535,2.946449359720605,1.1055341055341057,1.090478071908337,1.5488215488215489,28.52392,-11.580981732655449,-4.188045829194587,7.392935903460862,0,21.45783261294198,79.64791194082382,"{""type"":""MultiPoint"",""coordinates"":[]}",PALAEOPROTEROZOIC,,SAUSAR,CHORBAOLI,QUARTZITE,,PALAEOPROTEROZOIC-QUARTZITE
2_1390_0,183.62355,1956.0,1231.0,476.0,628.0,586.0,962.0,1855.0,2187.0,2305.0,2433.0,463409.5000105199,408,0.59460396,3.933447098976109,0.9331210191082804,0.848590021691974,1.5889520714865963,15.41584,-15.569736598294286,-8.235248319382304,7.334488278911982,0,21.73891546534298,80.6676794513563,"{""type"":""MultiPoint"",""coordinates"":[]}",PALAEOPROTEROZOIC,,,,GRANITE,MALANJKHAND GRANITE,PALAEOPROTEROZOIC-GRANITE
2_1391_0,294.85544,3505.5,2422.0,849.5,1135.0,1424.5,1791.0,2134.0,2435.0,2603.0,2777.5,463409.5000105199,510,0.2926133,1.8273078273078276,1.2550660792951542,1.3467153284671534,1.4473575557390586,2.2054863,-20.064342754631426,-11.78245412782868,8.281888626802743,0,22.107584057945637,79.78993558724312,"{""type"":""MultiPoint"",""coordinates"":[]}",ARCHAEAN,,TIRODI GNEISSIC COMPLEX,,GNEISS/MIGMATITE,,ARCHAEAN-GNEISS-MIGMATITE
2_1392_0,270.0,1764.0,870.0,473.0,595.0,509.5,1004.5,2086.0,2429.0,2624.5,2704.0,463409.5000105199,535,0.6748564,5.1511285574092245,0.8563025210084033,0.6721280243855973,2.027586206896552,3.001646,-14.706447867613267,-8.532779269173888,6.173668598439379,0,22.160135502066623,80.2227438911319,"{""type"":""MultiPoint"",""coordinates"":[]}",NEOPROTEROZOIC,,,,GRANITE,ACID  INTRUSIVE,NEOPROTEROZOIC-GRANITE
2_1393_0,294.87997,2965.0,2090.0,758.0,1011.0,1095.0,1553.0,2207.0,2491.0,2576.0,2807.0,463409.5000105199,352,0.4034323,2.352511415525114,1.083086053412463,1.1510093167701865,1.4186602870813396,2.2034523,-16.879345811408896,-9.671847699073531,7.207498112335363,0,21.948582252656475,79.99259551534048,"{""type"":""MultiPoint"",""coordinates"":[]}",ARCHAEAN,,TIRODI GNEISSIC COMPLEX,,GNEISS/MIGMATITE,,ARCHAEAN-GNEISS-MIGMATITE
2_1394_0,162.83008,1526.0,923.0,378.0,524.0,535.0,848.0,1627.0,1895.0,2035.0,2186.0,463409.5000105199,666,0.58365756,3.803738317757009,1.0209923664122138,0.7498771498771499,1.6533044420368364,13.343945,-14.088801724214674,-6.506658717731915,7.582143006482759,0,22.3749226864996,80.62348233937762,"{""type"":""MultiPoint"",""coordinates"":[]}",LATE CRETACEOUS - PALAEOCENE,DECCAN TRAP,AMARKANTAK,PIPARDAHI,BASALT,,LATE-CRETACEOUS-PALAEOCENE-BASALT
2_1395_0,132.89384,2190.5,1505.5,717.5,963.5,1073.5,1367.0,1931.5,2244.5,2415.0,2411.0,463409.5000105199,302,0.38454923,2.249650675360969,1.1141670991177997,0.90703933747412,1.4549983394221189,5.4343266,-16.755700730958434,-9.578181986600676,7.177518744357757,0,21.71169651223416,80.29847186958318,"{""type"":""MultiPoint"",""coordinates"":[]}",ARCHAEAN,,TIRODI GNEISSIC COMPLEX,,GNEISS/MIGMATITE,,ARCHAEAN-GNEISS-MIGMATITE
2_1396_0,-0.0,3021.5,2098.0,860.1538461538462,1119.375,1244.111111111111,1697.571428571429,2278.5,2537.333333333333,2703.6666666666665,2840.0,463409.5000105199,284,0.36971572,2.1731713851924623,1.11143371176872,1.1175564048822588,1.440181124880839,0.0,-17.427179821757164,-11.107180399015125,6.31999942274204,0,21.53490806431944,80.05646573204137,"{""type"":""MultiPoint"",""coordinates"":[]}",ARCHAEAN,,AMGAON GNEISSIC COMPLEX,,GRANITE GNEISS/MIGMATITE,,ARCHAEAN-GRANITE-GNEISS-MIGMATITE
2_1397_0,251.80513,2013.0,1177.0,407.0,621.0,588.0,1042.0,2057.0,2419.0,2400.0,2617.0,463409.5000105199,680,0.6064257,4.081632653061225,0.9468599033816424,0.83875,1.7102803738317758,17.278524,-16.099019102958017,-9.92527783606183,6.173741266896187,0,21.366204453961792,80.71726645503969,"{""type"":""MultiPoint"",""coordinates"":[]}",PALAEOPROTEROZOIC - MESOPROTEROZOIC,,KHAIRAGARH,KOTIMA,BASALT,,PALAEOPROTEROZOIC-MESOPROTEROZOIC-BASALT
2_1398_0,180.0,1824.0,866.0,393.0,551.0,415.0,928.0,2155.0,2601.0,2692.0,2877.0,463409.5000105199,361,0.7328613,6.486746987951808,0.7531760435571688,0.6775631500742942,2.106235565819861,1.8543341,-13.242329772495932,-8.18445610651292,5.057873665983012,0,21.94319236095176,79.98316320485722,"{""type"":""MultiPoint"",""coordinates"":[]}",ARCHAEAN,,TIRODI GNEISSIC COMPLEX,,GNEISS/MIGMATITE,,ARCHAEAN-GNEISS-MIGMATITE
2_1399_0,245.15196,2058.0,1396.0,636.25,802.0,873.5,1235.0,1863.0,2078.5,2024.0,2256.5,463409.5000105199,333,0.39706644,2.3171150543789354,1.089152119700748,1.016798418972332,1.4742120343839542,2.2061017,-15.21538986711926,-8.83741521103855,6.37797465608071,0,22.15528459953238,80.04002656234199,"{""type"":""MultiPoint"",""coordinates"":[]}",ARCHAEAN,,TIRODI GNEISSIC COMPLEX,,GNEISS/MIGMATITE,,ARCHAEAN-GNEISS-MIGMATITE
2_1400_0,301.65018,2082.0,1687.0,481.0,738.0,1075.0,1393.0,1648.0,1757.0,1749.0,1822.0,463409.5000105199,633,0.23866856,1.6269767441860463,1.456639566395664,1.1903945111492282,1.2341434499110848,3.53063,-18.269387313007165,-10.563693144982182,7.705694168024983,0,22.3892058995171,80.50625219480003,"{""type"":""MultiPoint"",""coordinates"":[]}",LATE CRETACEOUS - PALAEOCENE,DECCAN TRAP,AMARKANTAK,MANDLA,BASALT,,LATE-CRETACEOUS-PALAEOCENE-BASALT
2_1401_0,132.92526,2561.5,1623.0,571.0,772.5,819.0,1225.5,1938.5,2219.5,2395.0,2572.5,463409.5000105199,295,0.4903547,2.924297924297924,1.0601941747572816,1.0695198329853863,1.5782501540357363,4.0786963,-14.000946583044374,-6.986449917474447,7.014496665569928,0,21.552694706945005,79.81877150786335,"{""type"":""MultiPoint"",""coordinates"":[]}",PALAEOPROTEROZOIC,,SAUSAR,MANSAR,MUSCOVITE SCHIST,,PALAEOPROTEROZOIC-MUSCOVITE-SCHIST
2_1402_0,90.0,3111.0,2258.5,756.5,971.5,1205.0,1504.0,1953.0,2179.0,2224.0,2429.5,463409.5000105199,321,0.29717118,1.845643153526971,1.240349974266598,1.3988309352517985,1.3774629178658402,3.9783092,-17.325768159591213,-10.15614051846978,7.1696276411214335,0,21.40123875004245,80.17962475749417,"{""type"":""MultiPoint"",""coordinates"":[]}",ARCHAEAN,,AMGAON GNEISSIC COMPLEX,,GRANITE GNEISS/MIGMATITE,,ARCHAEAN-GRANITE-GNEISS-MIGMATITE
2_1403_0,126.54161,2434.0,1938.5,735.0,964.5,1214.0,1440.0,1692.0,1889.0,1849.0,2065.5,463409.5000105199,604,0.20731309,1.5230642504118617,1.2586832555728356,1.3163872363439697,1.2556100077379415,6.2065854,-17.431971883341173,-11.251388639894149,6.1805832434470265,0,22.126179184326904,79.61557259059552,"{""type"":""MultiPoint"",""coordinates"":[]}",LATE CRETACEOUS - PALAEOCENE,DECCAN TRAP,AMARKANTAK,PIPARDAHI,BASALT,,LATE-CRETACEOUS-PALAEOCENE-BASALT
2_1404_0,321.04825,1954.0,975.0,429.0,610.0,449.0,1064.0,2096.0,2414.0,2509.0,2690.0,2594.5327132260254,555,0.6964165,5.587973273942094,0.7360655737704918,0.7787963332004783,2.0041025641025643,4.759601,-15.650890031961149,-8.760428287290697,6.89046174467045,0,21.910314021552985,79.92791681488387,"{""type"":""MultiPoint"",""coordinates"":[]}",ARCHAEAN,,TIRODI GNEISSIC COMPLEX,,GNEISS/MIGMATITE,,ARCHAEAN-GNEISS-MIGMATITE
2_1405_0,199.76785,2014.5,1308.0,488.5,715.5,676.0,1107.0,2084.0,2278.0,2431.0,2523.5,463409.5000105199,601,0.56485355,3.5961538461538463,0.9447938504542278,0.8286713286713286,1.540137614678899,2.9540894,-13.908214702749277,-7.233136792623193,6.675077910126082,0,21.951277198508837,80.7676619424788,"{""type"":""MultiPoint"",""coordinates"":[]}",PALAEOPROTEROZOIC,,,,GRANITE,MALANJKHAND GRANITE,PALAEOPROTEROZOIC-GRANITE
2_1406_0,90.0,1274.6666666666663,1105.5,733.6,878.375,926.3055555555557,1192.0,1315.5,1400.5,1319.4,1444.571428571429,463409.5000105199,291,0.17504273,1.4243680091162625,1.0545673038913397,0.9660957000656862,1.153022764963063,0.99848306,-22.53024121986204,-14.580801074589507,7.949440145272533,0,21.75050373250812,80.03598414356345,"{""type"":""MultiPoint"",""coordinates"":[]}",PALAEOPROTEROZOIC,,SAUSAR,MANSAR,MUSCOVITE SCHIST,,PALAEOPROTEROZOIC-MUSCOVITE-SCHIST
2_1407_0,218.9846,1842.0,1046.5,402.0,563.5,506.5,968.5,1829.5,2136.0,2405.5,2370.0,463409.5000105199,474,0.6521291,4.749259624876604,0.8988464951197871,0.7657451673248805,1.760152890587673,4.7617993,-14.60566843060574,-7.480504338198482,7.125164092407259,0,22.07659218064351,79.88129425163807,"{""type"":""MultiPoint"",""coordinates"":[]}",ARCHAEAN,,TIRODI GNEISSIC COMPLEX,,GNEISS/MIGMATITE,,ARCHAEAN-GNEISS-MIGMATITE
2_1408_0,-0.0,1586.0,916.0,418.0,572.5,527.5,876.0,1841.5,2179.5,2358.5,2422.5,463409.5000105199,544,0.63444215,4.471090047393365,0.9213973799126638,0.6724613101547594,1.7314410480349345,3.7047918,-13.934693039514933,-6.951979054937448,6.982713984577483,0,22.150972686168604,80.53589659917597,"{""type"":""MultiPoint"",""coordinates"":[]}",PALAEOPROTEROZOIC,,SAUSAR,JUNEWANI,GREY & PINK GNEISS/QTZ-BIOTITE-SILLIMANITE GNEISS,,PALAEOPROTEROZOIC-GREY-PINK-GNEISS-QTZ-BIOTITE-SILLIMANITE-GNEISS
2_1409_0,340.24957,3315.0,2298.0,610.0,866.0,966.0,1443.0,2103.0,2380.0,2661.0,2653.0,463409.5000105199,485,0.46732837,2.754658385093168,1.115473441108545,1.245772266065389,1.4425587467362924,2.953767,-16.836462581138665,-10.383043296126695,6.45341928501197,0,21.814912938379493,80.72723775469342,"{""type"":""MultiPoint"",""coordinates"":[]}",PALAEOPROTEROZOIC - MESOPROTEROZOIC,,KHAIRAGARH,SITAGOTA,BASALT,,PALAEOPROTEROZOIC-MESOPROTEROZOIC-BASALT
2_1410_0,136.59648,2274.0,1519.0,446.5,612.5,668.5,1141.0,2036.5,2285.5,2403.5,2600.0,463409.5000105199,558,0.5647786,3.595362752430815,1.0914285714285714,0.9461202413147494,1.4970375246872942,10.10665,-14.051226227654334,-7.050077732132635,7.001148495521699,0,22.305662578093987,79.63847963034057,"{""type"":""MultiPoint"",""coordinates"":[]}",LATE CRETACEOUS - PALAEOCENE,DECCAN TRAP,AMARKANTAK,DHUMA,BASALT,,LATE-CRETACEOUS-PALAEOCENE-BASALT
2_1411_0,301.76273,2003.5,1091.5,507.5,688.0,637.0,1136.5,1844.5,2066.0,2228.0,2352.5,463409.5000105199,380,0.5553229,3.497645211930926,0.9258720930232558,0.8992369838420108,1.8355474118185984,3.5194495,-15.868485752548583,-7.719802104368792,8.14868364817979,0,21.768559869718924,79.66596807803462,"{""type"":""MultiPoint"",""coordinates"":[]}",ARCHAEAN,,TIRODI GNEISSIC COMPLEX,,GNEISS/MIGMATITE,,ARCHAEAN-GNEISS-MIGMATITE
2_1412_0,180.0,1798.5,1405.5,552.0,705.5,840.0,1037.0,1718.0,1922.5,1997.5,2020.5,463409.5000105199,607,0.4079295,2.3779761904761907,1.190644932671864,0.9003754693366708,1.279615795090715,1.8543341,-17.462926566107345,-9.734206973723529,7.728719592383818,0,22.16848983420893,79.56329064105977,"{""type"":""MultiPoint"",""coordinates"":[]}",LATE CRETACEOUS - PALAEOCENE,DECCAN TRAP,AMARKANTAK,PIPARDAHI,BASALT,,LATE-CRETACEOUS-PALAEOCENE-BASALT
2_1413_0,150.06667,1974.0,1180.0,474.2,699.525,633.625,1166.0,1841.8,2135.0,2235.5,2341.833333333333,463409.5000105199,373,0.5583148,3.5281120536594988,0.9057932168257032,0.8830239320062626,1.672881355932203,15.652468,-13.355174620768793,-6.451860047023496,6.903314573745297,0,22.14288784861153,80.1206054433275,"{""type"":""MultiPoint"",""coordinates"":[]}",ARCHAEAN,,TIRODI GNEISSIC COMPLEX,,GNEISS/MIGMATITE,,ARCHAEAN-GNEISS-MIGMATITE
2_1414_0,297.19714,1862.0,1088.0,533.0,681.5,727.0,1154.5,1897.0,2208.0,2406.0,2497.5,463409.5000105199,541,0.5359081,3.30949105914718,1.066764490095378,0.7738985868661679,1.7113970588235294,10.042298,-15.772843188170274,-10.01576858121002,5.757074606960254,0,22.337462939151816,80.31706699596445,"{""type"":""MultiPoint"",""coordinates"":[]}",ARCHAEAN,,TIRODI GNEISSIC COMPLEX,,GNEISS/MIGMATITE,,ARCHAEAN-GNEISS-MIGMATITE
2_1415_0,312.79648,1798.0,1285.0,611.0,756.0,827.5,1107.0,1919.5,2230.0,2389.0,2489.0,463409.5000105199,579,0.48546556,2.887009063444109,1.0945767195767195,0.7526161573880285,1.3992217898832684,2.7282746,-17.27932601179058,-9.302929399273262,7.976396612517318,0,22.196247776488228,79.53149028000193,"{""type"":""MultiPoint"",""coordinates"":[]}",LATE CRETACEOUS - PALAEOCENE,DECCAN TRAP,AMARKANTAK,DHUMA,BASALT,,LATE-CRETACEOUS-PALAEOCENE-BASALT
2_1416_0,-0.0,2697.5,1951.0,635.5,854.0,977.5,1410.0,1925.5,2189.0,2306.5,2482.5,463409.5000105199,329,0.4046894,2.359590792838875,1.1446135831381734,1.1695209191415563,1.3826242952332135,3.7047918,-16.157457338056634,-8.038869086097584,8.11858825195905,0,21.33979398460868,80.3235348660101,"{""type"":""MultiPoint"",""coordinates"":[]}",PALAEOPROTEROZOIC,,,,GRANITE,DONGARGARH GRANITE,PALAEOPROTEROZOIC-GRANITE
2_1417_0,132.77194,2704.0,1821.0,671.4285714285714,800.3333333333334,853.4,1314.7777777777778,1780.0,1976.0,2099.285714285714,2313.6666666666665,463409.5000105199,380,0.42194998,2.4599082660952827,1.0663057059558516,1.288057162300102,1.484898407468424,1.3655425,-17.46493186502797,-10.735404935420547,6.729526929607422,0,22.31644236150342,80.10335778987242,"{""type"":""MultiPoint"",""coordinates"":[]}",NEOPROTEROZOIC,,,,GRANITE,ACID  INTRUSIVE,NEOPROTEROZOIC-GRANITE
2_1419_0,47.028934,2397.0,1646.0,494.0,702.0,769.0,1194.0,1694.0,1919.0,2208.0,2270.0,463409.5000105199,413,0.4833725,2.871261378413524,1.0954415954415957,1.0855978260869563,1.4562575941676792,2.7193518,-16.137127951242327,-9.381106977099796,6.75602097414253,0,21.31877340696028,80.62132638269573,"{""type"":""MultiPoint"",""coordinates"":[]}",PALAEOPROTEROZOIC - MESOPROTEROZOIC,,KHAIRAGARH,MANGIKHUTA,BASALT,,PALAEOPROTEROZOIC-MESOPROTEROZOIC-BASALT
2_1420_0,208.25014,2722.0,1991.0,686.0,921.0,1043.0,1600.0,2090.0,2330.0,2329.0,2618.0,463409.5000105199,309,0.38137603,2.2329817833173538,1.1324647122692726,1.1687419493344784,1.367152184831743,2.1048577,-17.365985657124533,-9.630784507033024,7.735201150091509,0,21.48073965268703,80.35587421623842,"{""type"":""MultiPoint"",""coordinates"":[]}",ARCHAEAN,,AMGAON GNEISSIC COMPLEX,,GRANITE GNEISS/MIGMATITE,,ARCHAEAN-GRANITE-GNEISS-MIGMATITE
2_1421_0,107.216805,1580.0,822.0,366.46153846153845,492.0,431.8,835.5,1837.0,2124.0,2255.0,2375.0,463409.5000105199,670,0.67857677,5.222325150532654,0.8776422764227643,0.7006651884700665,1.9221411192214115,3.1304216,-13.971720463012534,-7.54552569137198,6.426194771640555,0,21.62438026661774,80.549640823023,"{""type"":""MultiPoint"",""coordinates"":[]}",ARCHAEAN,,AMGAON GNEISSIC COMPLEX,,GRANITE GNEISS/MIGMATITE,,ARCHAEAN-GRANITE-GNEISS-MIGMATITE
2_1422_0,32.936634,1591.5,854.5,436.0,514.0,431.5,828.0,1687.5,1981.5,2107.0,2284.0,463409.5000105199,585,0.66003543,4.882966396292004,0.8394941634241245,0.7553393450403417,1.8624926857811583,5.5085306,-14.305616611830253,-7.615359372602253,6.690257239228,0,22.156093083288088,80.25589172511592,"{""type"":""MultiPoint"",""coordinates"":[]}",ARCHAEAN,,TIRODI GNEISSIC COMPLEX,,GNEISS/MIGMATITE,,ARCHAEAN-GNEISS-MIGMATITE
2_1423_0,287.22015,1880.0,1158.5,553.0,729.0,697.5,1057.0,1672.5,1851.5,1986.5,2120.0,463409.5000105199,350,0.48025334,2.8480286738351253,0.9567901234567902,0.9463881198087088,1.6227880880448855,3.1298306,-16.13918383948765,-9.186604193334748,6.952579646152902,0,21.59446636765656,79.5042713268931,"{""type"":""MultiPoint"",""coordinates"":[]}",ARCHAEAN,,TIRODI GNEISSIC COMPLEX,,GNEISS/MIGMATITE,,ARCHAEAN-GNEISS-MIGMATITE
2_1424_0,132.89969,2613.75,1800.0,762.0,983.8,1168.4,1487.6666666666667,2064.75,2358.333333333333,2536.0,2579.6666666666665,463409.5000105199,288,0.3691826,2.170489558370421,1.1876397641797114,1.0306585173501577,1.4520833333333334,1.362264,-17.5226025193812,-9.544244967997043,7.978357551384153,0,21.68232160244345,80.02978576810303,"{""type"":""MultiPoint"",""coordinates"":[]}",ARCHAEAN,,TIRODI GNEISSIC COMPLEX,,GNEISS/MIGMATITE,,ARCHAEAN-GNEISS-MIGMATITE
2_1425_0,270.0,1634.0,770.0,365.0,504.0,386.0,837.0,1878.0,2205.0,2378.0,2537.0,463409.5000105199,612,0.72069466,6.160621761658031,0.7658730158730159,0.6871320437342304,2.122077922077922,5.0010753,-15.58937406515826,-9.115001136010612,6.474372929147648,0,22.341505357930355,80.56230706852908,"{""type"":""MultiPoint"",""coordinates"":[]}",ARCHAEAN,,TIRODI GNEISSIC COMPLEX,,GNEISS/MIGMATITE,,ARCHAEAN-GNEISS-MIGMATITE
2_1426_0,47.190315,2694.0,2043.0,767.5,1010.5,1154.5,1595.5,2219.5,2434.0,2480.5,2692.0,463409.5000105199,339,0.3647868,2.148549155478562,1.1425037110341416,1.0860713565813345,1.3186490455212925,1.3645716,-18.35508611844477,-9.434252347907847,8.920833770536927,0,22.131030086861152,80.08045075012737,"{""type"":""MultiPoint"",""coordinates"":[]}",ARCHAEAN,,TIRODI GNEISSIC COMPLEX,,GNEISS/MIGMATITE,,ARCHAEAN-GNEISS-MIGMATITE
2_1427_0,180.0,2667.0,1986.5,700.5,911.5,1060.5,1353.0,1867.0,2083.5,2126.0,2328.0,463409.5000105199,571,0.3343794,2.004714757190005,1.163466812945694,1.2544684854186263,1.3425622954945884,0.92740995,-18.05806186187175,-11.006118765007855,7.0519430968638925,0,22.003828642629827,80.73801753810285,"{""type"":""MultiPoint"",""coordinates"":[]}",PALAEOPROTEROZOIC,,,,GRANITE,MALANJKHAND GRANITE,PALAEOPROTEROZOIC-GRANITE
2_1428_0,180.0,2410.0,1445.0,628.0,812.0,849.0,1253.0,1824.0,2067.0,2139.0,2403.0,463409.5000105199,372,0.4317269,2.519434628975265,1.0455665024630545,1.1266947171575503,1.6678200692041525,1.8543341,-17.558054172603242,-11.522607158736085,6.035447013867159,0,21.462414020890996,79.53714966629188,"{""type"":""MultiPoint"",""coordinates"":[]}",ARCHAEAN,,TIRODI GNEISSIC COMPLEX,,GNEISS/MIGMATITE,,ARCHAEAN-GNEISS-MIGMATITE
2_1429_0,180.0,2347.5,1729.0,680.0,903.5,1090.5,1441.0,1893.5,1997.0,1996.0,2145.0,463409.5000105199,566,0.29337436,1.830353049060064,1.206972883231876,1.1761022044088176,1.3577212261422789,0.92740995,-18.711839773385265,-10.419943292058557,8.29189648132671,0,22.265507884893843,79.60964370972033,"{""type"":""MultiPoint"",""coordinates"":[]}",LATE CRETACEOUS - PALAEOCENE,DECCAN TRAP,AMARKANTAK,DHUMA,BASALT,,LATE-CRETACEOUS-PALAEOCENE-BASALT
2_1430_0,245.1443,2707.5,1857.5,561.5,771.5,820.5,1258.0,2159.5,2402.5,2699.5,2696.5,463409.5000105199,562,0.5338068,3.2900670322973795,1.0635126377187298,1.0029635117614373,1.4576043068640645,2.2054648,-14.476009314203068,-8.659860707874117,5.816148606328952,0,22.105967090434216,80.45612620194615,"{""type"":""MultiPoint"",""coordinates"":[]}",PALAEOPROTEROZOIC,,SAUSAR,MANSAR,PHYLLITE,,PALAEOPROTEROZOIC-PHYLLITE
2_1431_0,259.52124,2339.5,1545.5,655.0,883.5,996.5,1410.0,2238.5,2528.5,2676.0,2809.0,463409.5000105199,445,0.4573179,2.6853988961364776,1.1279003961516696,0.8742526158445441,1.5137495956001294,5.0863123,-16.01817274667939,-10.042514407042852,5.975658339636537,0,22.364951386845878,79.85299732018831,"{""type"":""MultiPoint"",""coordinates"":[]}",LATE CRETACEOUS - PALAEOCENE,DECCAN TRAP,AMARKANTAK,DHUMA,BASALT,,LATE-CRETACEOUS-PALAEOCENE-BASALT
2_1432_0,227.06598,2030.0,1213.0,458.0,674.0,581.0,1017.0,2005.0,2303.0,2532.0,2572.0,3311.449833532134,322,0.6267266,4.358003442340792,0.8620178041543026,0.80173775671406,1.6735366859027203,2.7212384,-14.61024715636334,-6.954343305286981,7.65590385107636,0,21.50822810038109,79.69911591201863,"{""type"":""MultiPoint"",""coordinates"":[]}",PALAEOPROTEROZOIC,,SAUSAR,CHORBAOLI,QUARTZ MICA SCHIST,,PALAEOPROTEROZOIC-QUARTZ-MICA-SCHIST
2_1433_0,312.96896,2046.5,1399.5,694.5,908.5,1040.5,1374.0,2002.5,2258.0,2256.5,2486.0,463409.5000105199,316,0.36882013,2.16866890917828,1.1452944413869015,0.9069355196100156,1.4623079671311183,1.3604957,-17.550222864093776,-10.080398357275818,7.469824506817957,0,21.32982268495495,80.33700959527191,"{""type"":""MultiPoint"",""coordinates"":[]}",PALAEOPROTEROZOIC,,,,GRANITE,DONGARGARH GRANITE,PALAEOPROTEROZOIC-GRANITE
2_1434_0,227.14828,2089.0,1266.0,573.0,771.0,801.0,1268.0,2053.0,2330.0,2478.0,2560.0,3098.451226015992,310,0.5114364,3.093632958801498,1.038910505836576,0.8430185633575464,1.650078988941548,1.3634928,-15.903495384109224,-8.974949769837343,6.928545614271881,0,21.922710772473835,80.18582313295458,"{""type"":""MultiPoint"",""coordinates"":[]}",PALAEOPROTEROZOIC,,SAUSAR,MANSAR,MUSCOVITE SCHIST,,PALAEOPROTEROZOIC-MUSCOVITE-SCHIST
2_1435_0,50.56946,1521.0,770.0,323.0,477.0,420.0,721.0,1619.0,1873.0,2019.0,2083.0,463409.5000105199,598,0.65559655,4.807142857142857,0.8805031446540881,0.7533432392273403,1.9753246753246756,11.52434,-12.761755429402305,-6.963010243117981,5.798745186284322,0,22.31805932901484,80.64046049824748,"{""type"":""MultiPoint"",""coordinates"":[]}",PALAEOPROTEROZOIC,,SAUSAR,JUNEWANI,GREY & PINK GNEISS/QTZ-BIOTITE-SILLIMANITE GNEISS,,PALAEOPROTEROZOIC-GREY-PINK-GNEISS-QTZ-BIOTITE-SILLIMANITE-GNEISS
2_1436_0,180.0,2730.0,1817.0,691.5,963.0,1151.0,1550.5,2124.5,2326.5,2487.5,2580.5,463409.5000105199,504,0.3673217,2.161164205039096,1.1952232606438211,1.0974874371859296,1.5024766097963675,3.7047918,-17.44785041778666,-10.314169533143271,7.13368088464339,0,22.164716910015635,79.76271663413429,"{""type"":""MultiPoint"",""coordinates"":[]}",ARCHAEAN,,TIRODI GNEISSIC COMPLEX,,GNEISS/MIGMATITE,,ARCHAEAN-GNEISS-MIGMATITE
2_1437_0,35.76795,416.5,255.0,439.0,615.5,547.0,609.5,487.0,519.5,553.0,491.5,463409.5000105199,537,0.0054545454,1.0109689213893966,0.8887083671811535,0.7531645569620253,1.6333333333333333,3.4251769,-24.92516029876365,-18.77391444558355,6.1512458531801,0,22.264160411967666,80.57308685193851,"{""type"":""MultiPoint"",""coordinates"":[]}",PALAEOPROTEROZOIC,,SAUSAR,JUNEWANI,GREY & PINK GNEISS/QTZ-BIOTITE-SILLIMANITE GNEISS,,PALAEOPROTEROZOIC-GREY-PINK-GNEISS-QTZ-BIOTITE-SILLIMANITE-GNEISS
2_1438_0,103.067276,1802.0,940.0,396.0,560.0,478.0,938.0,1993.0,2399.0,2561.0,2732.0,463409.5000105199,684,0.68542284,5.357740585774058,0.8535714285714285,0.7036313939867239,1.9170212765957448,4.0952306,-14.041712136209414,-7.689204474587225,6.352507661622189,0,21.810062035845245,80.62509930688904,"{""type"":""MultiPoint"",""coordinates"":[]}",PALAEOPROTEROZOIC,,,,GRANITE,MALANJKHAND GRANITE,PALAEOPROTEROZOIC-GRANITE
2_1439_0,132.93369,2809.0,2068.0,878.0,1148.5,1393.5,1721.5,2195.5,2443.0,2502.0,2692.5,463409.5000105199,280,0.2845591,1.7954790096878364,1.2133217239878102,1.1227018385291767,1.3583172147001934,1.3613954,-17.35952703050589,-10.046458202409628,7.313068828096263,0,21.51011456247774,79.8807552624676,"{""type"":""MultiPoint"",""coordinates"":[]}",ARCHAEAN,,TIRODI GNEISSIC COMPLEX,,GNEISS/MIGMATITE,,ARCHAEAN-GNEISS-MIGMATITE
2_1440_0,160.24791,3316.0,2680.0,659.0,926.0,1142.0,1599.0,2331.0,2603.0,2725.0,2933.0,2048.828933805846,644,0.40936127,2.3861646234676006,1.2332613390928726,1.216880733944954,1.2373134328358208,2.9537978,-17.486152486445818,-10.67342558892524,6.812726897520577,0,21.828118173056048,80.42163089503596,"{""type"":""MultiPoint"",""coordinates"":[]}",ARCHAEAN,,TIRODI GNEISSIC COMPLEX,,GNEISS/MIGMATITE,,ARCHAEAN-GNEISS-MIGMATITE
2_1441_0,90.0,1811.0,1036.0,376.0,531.0,480.0,822.0,1719.0,1973.0,2249.0,2288.0,463409.5000105199,360,0.6482228,4.685416666666667,0.903954802259887,0.8052467763450423,1.748069498069498,3.982107,-13.537033916700365,-6.210571703665872,7.326462213034491,0,21.54056745060939,80.66363703257777,"{""type"":""MultiPoint"",""coordinates"":[]}",PALAEOPROTEROZOIC - MESOPROTEROZOIC,,KHAIRAGARH,BORTALAO,SANDSTONE,,PALAEOPROTEROZOIC-MESOPROTEROZOIC-SANDSTONE
2_1442_0,28.225576,2584.0,1613.0,739.0,980.5,1014.5,1449.5,2255.5,2534.0,2620.5,2813.5,463409.5000105199,286,0.44181567,2.58304583538689,1.034676185619582,0.9860713604273994,1.601983880967142,2.1043737,-17.096651813375566,-10.833625571354954,6.263026242020612,0,21.330631168710656,79.50669677816023,"{""type"":""MultiPoint"",""coordinates"":[]}",ARCHAEAN,,TIRODI GNEISSIC COMPLEX,,GNEISS/MIGMATITE,,ARCHAEAN-GNEISS-MIGMATITE
2_1443_0,180.0,2417.0,1560.5,485.0,689.5,759.5,1169.0,1892.5,2144.0,2308.0,2423.5,463409.5000105199,567,0.5048085,3.0388413429888086,1.101522842639594,1.0472270363951472,1.548862544056392,0.92740995,-16.166065579126602,-8.86390970166582,7.302155877460782,0,22.02296275818157,80.57173937901233,"{""type"":""MultiPoint"",""coordinates"":[]}",PALAEOPROTEROZOIC,,SAUSAR,SITASAONGI,SCHISTOSE GRIT,,PALAEOPROTEROZOIC-SCHISTOSE-GRIT
2_1444_0,-0.0,1876.0,1204.0,453.0,621.0,621.0,1086.0,1747.0,2067.0,2053.0,2268.0,463409.5000105199,525,0.5355273,3.3059581320450886,1.0,0.9137847053093034,1.558139534883721,0.92740995,-15.946936683487788,-8.777447319075417,7.169489364412371,0,22.01002701809025,79.87267042491052,"{""type"":""MultiPoint"",""coordinates"":[]}",ARCHAEAN,,TIRODI GNEISSIC COMPLEX,,GRANITE GNEISS,,ARCHAEAN-GRANITE-GNEISS
2_1445_0,160.99272,1727.0,971.0,352.0,447.0,426.0,768.0,1614.0,1987.0,2075.0,2191.0,463409.5000105199,522,0.65933627,4.870892018779343,0.953020134228188,0.832289156626506,1.7785787847579817,23.172462,-13.106904063295646,-6.610686265581323,6.496217797714323,0,21.72597972525166,80.72939371137531,"{""type"":""MultiPoint"",""coordinates"":[]}",PALAEOPROTEROZOIC - MESOPROTEROZOIC,,KHAIRAGARH,BORTALAO,SANDSTONE,,PALAEOPROTEROZOIC-MESOPROTEROZOIC-SANDSTONE
2_1446_0,312.77075,1641.5,1243.5,601.0,756.0,897.0,1170.5,1585.0,1728.5,1786.0,1921.5,463409.5000105199,449,0.3313455,1.9910813823857303,1.1865079365079363,0.9190929451287794,1.320064334539606,2.7295969,-18.180751461484476,-11.02384070620399,7.156910755280483,0,22.32210174779337,79.85569226604066,"{""type"":""MultiPoint"",""coordinates"":[]}",LATE CRETACEOUS - PALAEOCENE,DECCAN TRAP,AMARKANTAK,DHUMA,BASALT,,LATE-CRETACEOUS-PALAEOCENE-BASALT
2_1447_0,116.10044,2053.0,1292.0,363.0,598.0,534.0,1076.0,1675.0,2057.0,2065.0,2199.0,463409.5000105199,683,0.5890727,3.8670411985018727,0.8929765886287625,0.9941888619854722,1.5890092879256963,20.201038,-12.397002019802198,-5.710200395044966,6.686801624757232,0,21.437351024464057,80.72184786298871,"{""type"":""MultiPoint"",""coordinates"":[]}",PALAEOPROTEROZOIC - MESOPROTEROZOIC,,KHAIRAGARH,GHOGRA,SANDSTONE,,PALAEOPROTEROZOIC-MESOPROTEROZOIC-SANDSTONE
2_1448_0,90.0,3612.75,2611.0,826.0,1111.7142857142858,1291.0,1775.05,2326.0,2597.25,2674.0,2977.75,463409.5000105199,335,0.34880203,2.0712625871417507,1.1612695965047546,1.3510658189977562,1.3836652623515897,3.9855375,-19.761404666982408,-12.375442765713494,7.385961901268914,0,21.665612938158823,79.88345020831996,"{""type"":""MultiPoint"",""coordinates"":[]}",PALAEOPROTEROZOIC,,SAUSAR,MANSAR,MUSCOVITE SCHIST,,PALAEOPROTEROZOIC-MUSCOVITE-SCHIST
2_1449_0,208.39766,1616.0,857.0,414.0,557.0,501.0,941.0,1814.0,2115.0,2271.0,2424.0,463409.5000105199,483,0.63852817,4.532934131736527,0.8994614003590664,0.7115808014090709,1.885647607934656,2.107778,-14.52563742136676,-7.411052431030727,7.1145849903360325,0,22.358483516800213,80.45154479399714,"{""type"":""MultiPoint"",""coordinates"":[]}",ARCHAEAN,,TIRODI GNEISSIC COMPLEX,,GNEISS/MIGMATITE,,ARCHAEAN-GNEISS-MIGMATITE
2_1450_0,270.0,2129.5,1571.0,705.5,853.5,981.0,1292.5,1852.0,2115.5,2206.0,2348.0,463409.5000105199,323,0.38437402,2.2487257900101936,1.149384885764499,0.96532184950136,1.3555060471037557,2.9919999,-16.37204274096836,-8.57584066993741,7.796202071030951,0,21.70118622340996,79.93249822283288,"{""type"":""MultiPoint"",""coordinates"":[]}",ARCHAEAN,,TIRODI GNEISSIC COMPLEX,,GNEISS/MIGMATITE,,ARCHAEAN-GNEISS-MIGMATITE
2_1451_0,-0.0,3042.5,2269.5,784.0,1042.5,1230.0,1673.0,2127.0,2362.0,2413.0,2597.5,463409.5000105199,282,0.32473236,1.9617886178861788,1.1798561151079137,1.2608785743887276,1.3406036571932145,0.0,-18.332189803405377,-10.420452297488188,7.911737505917189,0,21.49367539277835,79.8626991252568,"{""type"":""MultiPoint"",""coordinates"":[]}",ARCHAEAN,,TIRODI GNEISSIC COMPLEX,,GNEISS/MIGMATITE,,ARCHAEAN-GNEISS-MIGMATITE
2_1452_0,107.17527,2288.0,1816.0,702.0,883.0,1142.0,1409.0,1924.0,2088.0,2145.0,2386.0,463409.5000105199,640,0.30514148,1.8782837127845884,1.2933182332955833,1.0666666666666669,1.2599118942731278,3.1377478,-18.771371850008368,-10.617398752733656,8.153973097274712,0,21.99197088087945,79.62204046064117,"{""type"":""MultiPoint"",""coordinates"":[]}",CENOZOIC,,,,LATERITE,,CENOZOIC-LATERITE
2_1453_0,206.9937,2560.0,1774.0,559.5,758.0,770.0,1287.5,2165.0,2498.5,2565.5,2803.5,463409.5000105199,335,0.5383001,3.331818181818182,1.0158311345646438,0.9978561683882284,1.4430665163472378,19.043236,-15.194148795006267,-8.906976879318075,6.287171915688193,0,21.57910517629812,79.7853541792941,"{""type"":""MultiPoint"",""coordinates"":[]}",ARCHAEAN,,TIRODI GNEISSIC COMPLEX,,GNEISS/MIGMATITE,,ARCHAEAN-GNEISS-MIGMATITE
2_1454_0,180.0,1563.0,768.5,372.5,505.5,448.5,789.0,1671.5,1989.5,2211.0,2239.0,463409.5000105199,609,0.66271853,4.929765886287625,0.887240356083086,0.7069199457259159,2.033832140533507,0.92740995,-16.2694935247275,-9.422382095166167,6.847111429561332,0,22.208105538238605,80.65582168960593,"{""type"":""MultiPoint"",""coordinates"":[]}",PALAEOPROTEROZOIC,,SAUSAR,JUNEWANI,GREY & PINK GNEISS/QTZ-BIOTITE-SILLIMANITE GNEISS,,PALAEOPROTEROZOIC-GREY-PINK-GNEISS-QTZ-BIOTITE-SILLIMANITE-GNEISS
2_1455_0,-0.0,2150.0,1218.0,527.0,728.0,650.0,1187.0,2267.0,2602.0,2747.0,2904.0,1971.4461696937096,302,0.6173094,4.226153846153847,0.8928571428571429,0.7826720058245359,1.7651888341543511,5.547545,-13.985814388792216,-7.760046199621204,6.225768189171012,0,21.869350844597136,80.158873674431,"{""type"":""MultiPoint"",""coordinates"":[]}",PALAEOPROTEROZOIC,,SAUSAR,MANSAR,MUSCOVITE SCHIST,,PALAEOPROTEROZOIC-MUSCOVITE-SCHIST
2_1456_0,47.18148,2101.0,1417.0,602.0,888.0,898.0,1309.0,2132.0,2328.0,2463.0,2476.0,463409.5000105199,603,0.46563524,2.742761692650334,1.0112612612612613,0.853024766544864,1.4827099505998589,1.3643447,-14.492044716180567,-8.181912116841529,6.310132599339038,0,22.08737196405294,79.52690887205291,"{""type"":""MultiPoint"",""coordinates"":[]}",LATE CRETACEOUS - PALAEOCENE,DECCAN TRAP,AMARKANTAK,PIPARDAHI,BASALT,,LATE-CRETACEOUS-PALAEOCENE-BASALT
2_1457_0,132.9275,2835.5,2128.25,823.875,1076.25,1320.4,1633.3333333333333,2008.3809523809523,2279.909090909091,2389.333333333333,2535.0,463409.5000105199,283,0.2881429,1.809552660809856,1.2268524970963997,1.186732700892857,1.3323152825091038,1.361553,-18.740738277098483,-11.060180714217276,7.680557562881209,0,21.541375934365096,80.06239461291656,"{""type"":""MultiPoint"",""coordinates"":[]}",ARCHAEAN,,AMGAON GNEISSIC COMPLEX,,GRANITE GNEISS/MIGMATITE,,ARCHAEAN-GRANITE-GNEISS-MIGMATITE
2_1458_0,344.95743,2152.0,1313.0,693.0,897.0,1029.0,1396.0,2107.0,2460.0,2669.0,2828.0,463409.5000105199,306,0.44348297,2.593780369290573,1.1471571906354514,0.8062944923192207,1.638994668697639,3.835862,-18.108610128910783,-11.384210309577972,6.724399819332811,0,21.526553732177124,80.44265147268436,"{""type"":""MultiPoint"",""coordinates"":[]}",ARCHAEAN,,AMGAON GNEISSIC COMPLEX,,GRANITE GNEISS/MIGMATITE,,ARCHAEAN-GRANITE-GNEISS-MIGMATITE
2_1459_0,227.02748,3090.0,2251.5,856.0,1098.0,1346.0,1687.0,2114.0,2353.5,2459.5,2664.0,463409.5000105199,332,0.2926028,1.827265973254086,1.2258652094717668,1.2563529172596055,1.3724183877415057,1.3604047,-18.060385106803796,-10.601503741477549,7.458881365326244,0,21.311497053158917,80.15456176106723,"{""type"":""MultiPoint"",""coordinates"":[]}",ARCHAEAN,,AMGAON GNEISSIC COMPLEX,,GRANITE GNEISS/MIGMATITE,,ARCHAEAN-GRANITE-GNEISS-MIGMATITE
2_1460_0,180.0,3031.0,2076.0,725.0,990.5,1133.0,1643.0,2308.5,2588.5,2683.5,2912.5,463409.5000105199,371,0.40626228,2.3684907325684024,1.143866733972741,1.1294950624184834,1.460019267822736,2.7802885,-16.932410188100675,-8.136740733542915,8.79566945455776,0,21.793892360731096,79.74088757273019,"{""type"":""MultiPoint"",""coordinates"":[]}",ARCHAEAN,,TIRODI GNEISSIC COMPLEX,,GNEISS/MIGMATITE,,ARCHAEAN-GNEISS-MIGMATITE
2_1461_0,47.09998,2380.0,1562.6666666666667,610.75,849.9090909090909,940.25,1329.1666666666667,1871.111111111111,2153.333333333333,2151.777777777778,2355.3636363636365,463409.5000105199,294,0.39182305,2.288516647463736,1.106294790886726,1.1060621708148302,1.523037542662116,1.3622556,-16.202861691983625,-10.470451922759722,5.732409769223903,0,21.6804351403468,80.07802529886024,"{""type"":""MultiPoint"",""coordinates"":[]}",ARCHAEAN,,TIRODI GNEISSIC COMPLEX,,GNEISS/MIGMATITE,,ARCHAEAN-GNEISS-MIGMATITE
2_1462_0,287.20743,2100.5,1181.0,519.5,698.5,694.0,1085.0,1857.0,2184.5,2334.5,2450.5,463409.5000105199,311,0.5416873,3.3638328530259365,0.9935576234788832,0.8997644035125294,1.7785774767146485,3.1320746,-15.101110217147204,-8.658055312363722,6.443054904783484,0,21.70819308262609,80.44211248351388,"{""type"":""MultiPoint"",""coordinates"":[]}",NEOPROTEROZOIC,,,,GRANITE,ACID  INTRUSIVE,NEOPROTEROZOIC-GRANITE
2_1463_0,270.0,1971.0,1326.0,557.0,741.5,755.5,1118.0,1863.0,2165.5,2279.0,2356.0,463409.5000105199,445,0.50205964,3.0165453342157518,1.0188806473364802,0.8648530057042563,1.486425339366516,3.0055232,-15.74778446864581,-8.908412618883496,6.839371849762314,0,22.34123586334512,79.89827241050793,"{""type"":""MultiPoint"",""coordinates"":[]}",LATE CRETACEOUS - PALAEOCENE,DECCAN TRAP,AMARKANTAK,DHUMA,BASALT,,LATE-CRETACEOUS-PALAEOCENE-BASALT
2_1464_0,132.78818,3795.5,2785.5,908.5,1221.0,1616.5,1898.0,2301.5,2570.5,2763.5,2978.0,463409.5000105199,512,0.26187214,1.7095576863594184,1.323914823914824,1.3734394789216573,1.3625919942559683,2.7287016,-18.64963219948278,-11.66891959395364,6.980712605529142,0,22.236941458858844,80.48496212256639,"{""type"":""MultiPoint"",""coordinates"":[]}",PALAEOPROTEROZOIC,,SAUSAR,JUNEWANI,GREY & PINK GNEISS/QTZ-BIOTITE-SILLIMANITE GNEISS,,PALAEOPROTEROZOIC-GREY-PINK-GNEISS-QTZ-BIOTITE-SILLIMANITE-GNEISS
2_1465_0,270.0,2462.5,1670.5,671.7058823529412,868.5,927.8,1367.5,1958.0,2200.0,2286.625,2372.5,2708.3574357901875,308,0.42272723,2.464566716964863,1.068278641335636,1.076914666812442,1.4741095480395092,2.9934723,-15.5492696076378,-9.014910392496096,6.534359215141706,0,21.77206329932699,80.10901717616237,"{""type"":""MultiPoint"",""coordinates"":[]}",PALAEOPROTEROZOIC,,SAUSAR,MANSAR,PHYLLITE,,PALAEOPROTEROZOIC-PHYLLITE
2_1466_0,47.201763,3428.0,2552.5,694.0,944.5,1206.0,1599.0,2194.0,2489.0,2710.0,2855.0,463409.5000105199,588,0.38406536,2.2470978441127696,1.276866066701959,1.2649446494464944,1.3429970617042115,1.364866,-17.398363588005502,-10.216812412561517,7.181551175443985,0,22.18762394976068,80.26155111140586,"{""type"":""MultiPoint"",""coordinates"":[]}",NEOPROTEROZOIC,,,,GRANITE,ACID  INTRUSIVE,NEOPROTEROZOIC-GRANITE
2_1467_0,270.0,1307.0,616.0,358.0,486.0,444.0,809.0,1660.0,1920.0,2163.0,2229.0,463409.5000105199,651,0.6593786,4.871621621621622,0.9135802469135802,0.6042533518261674,2.1217532467532467,8.922025,-17.600823611211624,-11.528310798286318,6.072512812925305,0,21.871506801279025,80.61647548016148,"{""type"":""MultiPoint"",""coordinates"":[]}",PALAEOPROTEROZOIC,,,,GRANITE,MALANJKHAND GRANITE,PALAEOPROTEROZOIC-GRANITE
2_1468_0,114.868675,3235.5,2294.0,747.0,971.0,1086.0,1534.5,2244.5,2534.0,2625.0,2825.5,463409.5000105199,337,0.41471303,2.4171270718232045,1.1184346035015449,1.2325714285714289,1.4104184829991282,2.2043889,-19.557184170872464,-12.197228279048453,7.359955891824011,0,22.02188477984063,80.02655183308019,"{""type"":""MultiPoint"",""coordinates"":[]}",ARCHAEAN,,TIRODI GNEISSIC COMPLEX,,GNEISS/MIGMATITE,,ARCHAEAN-GNEISS-MIGMATITE
2_1469_0,-0.0,1529.0,849.5,404.0,545.0,493.5,849.5,1701.0,1969.0,2135.5,2223.0,463409.5000105199,544,0.6245721,4.327254305977711,0.9055045871559632,0.7159915710606415,1.799882283696292,0.0,-14.992862931640564,-7.88956421806302,7.103298713577543,0,22.279791097911342,80.4256733138145,"{""type"":""MultiPoint"",""coordinates"":[]}",NEOPROTEROZOIC,,,,GRANITE,ACID  INTRUSIVE,NEOPROTEROZOIC-GRANITE
2_1470_0,280.49872,3622.5,2670.0,919.0,1234.5,1499.0,2001.0,2579.0,2840.0,2980.5,3187.0,463409.5000105199,361,0.3307289,1.9883255503669115,1.2142567841231269,1.2154001006542527,1.3567415730337078,5.076803,-18.66717701607037,-11.871416704556,6.795760311514371,0,22.09222286658719,79.9958294503633,"{""type"":""MultiPoint"",""coordinates"":[]}",ARCHAEAN,,TIRODI GNEISSIC COMPLEX,,GNEISS/MIGMATITE,,ARCHAEAN-GNEISS-MIGMATITE
2_1471_0,132.77371,1796.5,1356.0,563.0,753.5,844.5,1195.5,1914.5,2158.5,2292.5,2401.0,463409.5000105199,458,0.46158752,2.714624037892244,1.1207697412076971,0.7836423118865867,1.3248525073746311,1.3654971,-17.063965774905505,-9.31302146234522,7.750944312560284,0,22.307818534775876,79.81634605659623,"{""type"":""MultiPoint"",""coordinates"":[]}",LATE CRETACEOUS - PALAEOCENE,DECCAN TRAP,AMARKANTAK,DHUMA,BASALT,,LATE-CRETACEOUS-PALAEOCENE-BASALT
2_1472_0,197.08885,3564.0,2667.333333333333,883.2222222222222,1163.0,1415.0,1839.0,2312.0,2579.0,2638.714285714286,2899.428571428572,463409.5000105199,307,0.30187482,1.8648157496214035,1.2166809974204644,1.3506577878837096,1.3361659585103722,6.760762,-19.73189112062712,-11.580171184950672,8.15171993567645,0,21.662648497721232,80.36880995632974,"{""type"":""MultiPoint"",""coordinates"":[]}",ARCHAEAN,,AMGAON GNEISSIC COMPLEX,,GRANITE GNEISS/MIGMATITE,,ARCHAEAN-GRANITE-GNEISS-MIGMATITE
2_1473_0,322.47687,2171.5,1262.5,513.5,727.0,656.5,1195.5,2216.5,2583.0,2604.5,2897.0,463409.5000105199,281,0.59736276,3.967250571210968,0.9030261348005502,0.8337492800921482,1.72,8.131046,-14.511793191512265,-7.946775508302175,6.5650176832100895,0,21.549999761092646,79.82281392664189,"{""type"":""MultiPoint"",""coordinates"":[]}",PALAEOPROTEROZOIC,,SAUSAR,MANSAR,MUSCOVITE SCHIST,,PALAEOPROTEROZOIC-MUSCOVITE-SCHIST
2_1474_0,270.0,3025.0,2081.0,706.0,908.0,1048.0,1493.0,2154.0,2457.0,2517.0,2752.0,463409.5000105199,296,0.41206172,2.4017175572519083,1.1541850220264318,1.2018275725069527,1.4536280634310428,0.99630946,-17.677080738926872,-11.1509912800891,6.526089458837772,0,21.43492557319693,79.64198305994863,"{""type"":""MultiPoint"",""coordinates"":[]}",PALAEOPROTEROZOIC,,SAUSAR,MANSAR,MUSCOVITE SCHIST,,PALAEOPROTEROZOIC-MUSCOVITE-SCHIST
2_1475_0,75.190056,1400.0,641.0,324.0,466.5,377.5,762.0,2022.5,2474.5,2605.5,2762.0,463409.5000105199,768,0.74689907,6.901986754966887,0.8092175777063236,0.5373248896564958,2.18408736349454,7.21854,-13.362021366386692,-7.817385478047457,5.544635888339235,0,22.272784238695213,80.71241555250545,"{""type"":""MultiPoint"",""coordinates"":[]}",LATE CRETACEOUS - PALAEOCENE,DECCAN TRAP,AMARKANTAK,LINGA,BASALT,,LATE-CRETACEOUS-PALAEOCENE-BASALT
2_1476_0,151.64804,2511.0,1766.0,604.0,883.5,955.5,1392.5,2090.0,2333.0,2472.5,2497.5,463409.5000105199,569,0.4425321,2.5876504447933018,1.0814940577249577,1.0155712841253792,1.4218573046432617,2.106871,-16.71209720379607,-9.665622718276852,7.046474485519218,0,22.091144888246244,80.74556338648947,"{""type"":""MultiPoint"",""coordinates"":[]}",PALAEOPROTEROZOIC,,,,GRANITE,MALANJKHAND GRANITE,PALAEOPROTEROZOIC-GRANITE
2_1477_0,65.034546,3206.5,2382.5,835.0,1122.5,1390.5,1709.5,2172.5,2478.5,2558.5,2747.0,463409.5000105199,326,0.2957711,1.8399856166846456,1.2387527839643653,1.2532734023842096,1.3458551941238197,2.1963954,-16.009757096701836,-9.729862116652248,6.279894980049589,0,21.38560806409877,80.27502584066765,"{""type"":""MultiPoint"",""coordinates"":[]}",ARCHAEAN,,AMGAON GNEISSIC COMPLEX,,GRANITE GNEISS/MIGMATITE,,ARCHAEAN-GRANITE-GNEISS-MIGMATITE
2_1478_0,28.400717,1896.0,1066.0,506.0,685.0,643.0,1067.0,1932.0,2230.0,2385.0,2502.0,463409.5000105199,462,0.57529724,3.709175738724728,0.9386861313868612,0.7949685534591195,1.7786116322701688,2.1078389,-14.357418556713704,-7.3515869446690685,7.005831612044635,0,22.37627015942578,80.3790507505687,"{""type"":""MultiPoint"",""coordinates"":[]}",ARCHAEAN,,TIRODI GNEISSIC COMPLEX,,GNEISS/MIGMATITE,,ARCHAEAN-GNEISS-MIGMATITE
2_1479_0,47.079823,3084.0,2672.5,986.0,1221.0,1419.5,1794.0,2142.0,2357.5,2430.0,2577.5,463409.5000105199,285,0.26250163,1.7118703768932724,1.162571662571663,1.2691358024691357,1.153975678203929,2.7219439,-15.429741691763155,-6.9700224293851765,8.459719262377979,0,21.578566187127645,79.80826121903915,"{""type"":""MultiPoint"",""coordinates"":[]}",ARCHAEAN,,TIRODI GNEISSIC COMPLEX,,GNEISS/MIGMATITE,,ARCHAEAN-GNEISS-MIGMATITE
2_1480_0,287.23886,2754.0,1942.0,794.0,977.0,1171.0,1584.0,2162.0,2410.0,2570.0,2685.0,463409.5000105199,300,0.3739642,2.1947053800170795,1.1985670419651997,1.0715953307392996,1.4181256436663234,3.1265435,-17.17757176092736,-10.99001825391728,6.18755350701008,0,21.426571241054624,80.4181274654279,"{""type"":""MultiPoint"",""coordinates"":[]}",ARCHAEAN,,AMGAON GNEISSIC COMPLEX,,GRANITE GNEISS/MIGMATITE,,ARCHAEAN-GRANITE-GNEISS-MIGMATITE
2_1481_0,19.693201,2809.0,2065.5,756.0,986.2,1109.5,1559.6666666666667,2167.0,2416.0,2404.0,2681.0,463409.5000105199,337,0.36843604,2.1667417755745837,1.125025349827621,1.16846921797005,1.3599612684580005,2.9527116,-17.539498785902286,-10.119922055208946,7.41957673069334,0,21.35973658391613,80.12491735669128,"{""type"":""MultiPoint"",""coordinates"":[]}",ARCHAEAN,,AMGAON GNEISSIC COMPLEX,,GRANITE GNEISS/MIGMATITE,,ARCHAEAN-GRANITE-GNEISS-MIGMATITE
2_1482_0,-0.0,3635.5,2744.0,903.5,1163.5,1398.5,1816.5,2194.5,2374.5,2476.0,2762.5,463409.5000105199,319,0.2781004,1.7704683589560244,1.201976794155565,1.4682956381260095,1.3248906705539358,5.547545,-18.901126106257514,-11.98961279167617,6.911513314581345,0,21.343027919631503,80.47472132832743,"{""type"":""MultiPoint"",""coordinates"":[]}",PALAEOPROTEROZOIC,,NANDGAON,BIJLI,RHYOLITE,,PALAEOPROTEROZOIC-RHYOLITE
2_1483_0,69.63568,1470.0,746.0,359.0,486.0,420.0,785.0,1710.0,2020.0,2196.0,2339.0,463409.5000105199,735,0.6788991,5.228571428571429,0.8641975308641975,0.6693989071038251,1.970509383378016,5.3152857,-15.568453815284697,-8.639895253462894,6.928558561821802,0,21.87932214425086,80.45073631024144,"{""type"":""MultiPoint"",""coordinates"":[]}",ARCHAEAN,,TIRODI GNEISSIC COMPLEX,,GNEISS/MIGMATITE,,ARCHAEAN-GNEISS-MIGMATITE
2_1484_0,156.73515,2792.0,2029.0,758.0,1078.0,1253.0,1753.0,2340.0,2540.0,2572.0,2741.0,463409.5000105199,318,0.3448366,2.0526735833998404,1.1623376623376624,1.0855365474339036,1.3760473139477576,5.034905,-18.222087853429358,-11.76054107808724,6.4615467753421125,0,21.50876708955156,80.51891844030611,"{""type"":""MultiPoint"",""coordinates"":[]}",ARCHAEAN,,AMGAON GNEISSIC COMPLEX,,GRANITE GNEISS/MIGMATITE,,ARCHAEAN-GRANITE-GNEISS-MIGMATITE
2_1485_0,90.0,2303.0,1602.0,724.0,975.0,1131.0,1476.0,2180.0,2438.0,2495.0,2698.0,463409.5000105199,293,0.3761721,2.206012378426172,1.16,0.9230460921843688,1.437578027465668,0.9966379,-18.136691143109687,-10.587245722745376,7.549445420364311,0,21.483165103954157,80.33566212234572,"{""type"":""MultiPoint"",""coordinates"":[]}",ARCHAEAN,,AMGAON GNEISSIC COMPLEX,,GRANITE GNEISS/MIGMATITE,,ARCHAEAN-GRANITE-GNEISS-MIGMATITE
2_1486_0,294.9454,3495.0,2755.0,665.0,930.0,1353.0,1731.0,2190.0,2401.0,2523.0,2683.0,463409.5000105199,670,0.3018576,1.8647450110864745,1.4548387096774194,1.38525564803805,1.2686025408348458,4.38964,-16.884527508498902,-10.181212072378417,6.703315436120487,0,21.51900788379052,80.75068378360895,"{""type"":""MultiPoint"",""coordinates"":[]}",PALAEOPROTEROZOIC - MESOPROTEROZOIC,,KHAIRAGARH,KARUTOLA,SANDSTONE,,PALAEOPROTEROZOIC-MESOPROTEROZOIC-SANDSTONE
2_1487_0,-0.0,2348.0,1558.0,537.0,783.0,674.0,1162.0,2084.0,2261.0,2466.0,2592.0,463409.5000105199,291,0.57070065,3.658753709198813,0.8607918263090677,0.9521492295214924,1.5070603337612325,2.7802885,-14.415003029894171,-8.615875954321734,5.799127075572439,0,21.533830085978494,80.35695219457936,"{""type"":""MultiPoint"",""coordinates"":[]}",ARCHAEAN,,AMGAON GNEISSIC COMPLEX,,GRANITE GNEISS/MIGMATITE,,ARCHAEAN-GRANITE-GNEISS-MIGMATITE
2_1488_0,90.0,3317.333333333333,2403.5,842.8,1128.6,1334.0,1752.2,2301.75,2588.6666666666665,2713.6666666666665,2864.5,463409.5000105199,339,0.34085482,2.0342328835582206,1.1819953925217084,1.2224542439503747,1.3802094168226893,0.9977804,-17.08586653649865,-9.725541518105716,7.360325018392935,0,21.64917376845944,79.8236224103976,"{""type"":""MultiPoint"",""coordinates"":[]}",ARCHAEAN,,TIRODI GNEISSIC COMPLEX,,GNEISS/MIGMATITE,,ARCHAEAN-GNEISS-MIGMATITE
2_1489_0,147.12329,1862.5,957.0,401.0,563.5,416.5,1012.0,2109.0,2536.0,2512.0,2726.0,463409.5000105199,465,0.71555406,6.031212484993998,0.7391304347826086,0.7414410828025477,1.946185997910136,5.5048265,-12.751810530440029,-7.018526596114759,5.733283934325268,0,21.83081311890841,79.54685147136037,"{""type"":""MultiPoint"",""coordinates"":[]}",ARCHAEAN,,TIRODI GNEISSIC COMPLEX,,GNEISS/MIGMATITE,,ARCHAEAN-GNEISS-MIGMATITE
2_1490_0,107.16392,3756.5,2891.5,734.5,991.0,1318.5,1661.0,2297.5,2554.5,2750.5,2922.5,463409.5000105199,606,0.35192922,2.086082669700417,1.3304742684157416,1.3657516815124522,1.2991526889157876,3.1397572,-16.528363408672423,-9.872536993486976,6.655826415185448,0,22.09141438283148,80.78814353095673,"{""type"":""MultiPoint"",""coordinates"":[]}",PALAEOPROTEROZOIC,,,,GRANITE,MALANJKHAND GRANITE,PALAEOPROTEROZOIC-GRANITE
2_1491_0,180.0,2911.0,2182.0,775.0,1048.0,1191.0,1625.0,2289.0,2558.0,2735.0,2803.0,2288.4274076317124,279,0.3932756,2.2963895885810244,1.1364503816793894,1.0643510054844607,1.3340971585701191,4.6273675,-17.321910730773553,-10.46057566558986,6.861335065183692,0,21.46699542884,79.82604786166472,"{""type"":""MultiPoint"",""coordinates"":[]}",ARCHAEAN,,TIRODI GNEISSIC COMPLEX,,GNEISS/MIGMATITE,,ARCHAEAN-GNEISS-MIGMATITE
2_1492_0,245.12811,1825.0,1037.5,450.0,572.5,583.5,918.0,1710.5,1994.5,2118.5,2340.5,463409.5000105199,624,0.5680977,3.630676949443016,1.0192139737991266,0.8614585791833844,1.7590361445783131,2.2041223,-14.300317835520891,-7.730284247544889,6.570033587976004,0,22.00113369677747,80.65124028165691,"{""type"":""MultiPoint"",""coordinates"":[]}",PALAEOPROTEROZOIC - MESOPROTEROZOIC,,CHILPI,,PHYLLITE,,PALAEOPROTEROZOIC-MESOPROTEROZOIC-PHYLLITE
2_1493_0,270.0,2993.0,2283.0,659.0,926.0,1075.0,1502.0,2222.0,2586.0,2595.0,2837.0,463409.5000105199,303,0.41416892,2.413953488372093,1.1609071274298055,1.1533718689788055,1.310994305738064,0.9969844,-17.648402782821094,-11.081597177664872,6.566805605156223,0,21.533560591393258,80.53481862083503,"{""type"":""MultiPoint"",""coordinates"":[]}",ARCHAEAN,,AMGAON GNEISSIC COMPLEX,,GRANITE GNEISS/MIGMATITE,,ARCHAEAN-GRANITE-GNEISS-MIGMATITE
2_1494_0,90.0,2702.5,2002.5,802.5,1050.5,1182.5,1580.5,2012.0,2208.5,2296.0,2483.5,463409.5000105199,309,0.32010925,1.941649048625793,1.12565445026178,1.1770470383275262,1.3495630461922596,0.9955309,-18.39763259820856,-11.932538662306936,6.465093935901624,0,21.32065986905693,80.40492223075134,"{""type"":""MultiPoint"",""coordinates"":[]}",PALAEOPROTEROZOIC,,NANDGAON,BIJLI,RHYOLITE,,PALAEOPROTEROZOIC-RHYOLITE
2_1495_0,167.81712,1728.5,846.0,395.0,503.5,480.5,904.0,1703.0,2022.5,2251.5,2333.0,463409.5000105199,604,0.64824307,4.685744016649323,0.9543197616683218,0.7677104152787031,2.043144208037825,4.7335024,-14.457714156009471,-8.175800108863797,6.281914047145676,0,22.12294524930408,80.26128161682063,"{""type"":""MultiPoint"",""coordinates"":[]}",ARCHAEAN,,TIRODI GNEISSIC COMPLEX,,GNEISS/MIGMATITE,,ARCHAEAN-GNEISS-MIGMATITE
2_1496_0,340.2026,3039.5,2238.0,688.0,926.5,1023.0,1546.5,2307.5,2631.0,2702.0,2954.0,463409.5000105199,593,0.45073825,2.641251221896383,1.1041554236373448,1.1249074759437454,1.3581322609472744,2.9546363,-16.455618988930574,-9.922746555710807,6.532872433219767,0,22.18034759595931,80.35910815126124,"{""type"":""MultiPoint"",""coordinates"":[]}",ARCHAEAN,,TIRODI GNEISSIC COMPLEX,,GNEISS/MIGMATITE,,ARCHAEAN-GNEISS-MIGMATITE
2_1497_0,47.215565,2236.0,1787.0,726.5,927.0,1207.5,1412.5,1565.0,1697.0,1777.5,1867.5,463409.5000105199,567,0.19095477,1.4720496894409938,1.302588996763754,1.2579465541490855,1.251259093452714,1.365221,-19.89900122604259,-10.662471100641632,9.236530125400956,0,22.255267090654883,79.55817024394028,"{""type"":""MultiPoint"",""coordinates"":[]}",LATE CRETACEOUS - PALAEOCENE,DECCAN TRAP,AMARKANTAK,DHUMA,BASALT,,LATE-CRETACEOUS-PALAEOCENE-BASALT
2_1498_0,186.83797,1863.5,1106.5,491.5,701.0,698.0,1156.0,2001.0,2310.0,2361.0,2546.5,463409.5000105199,486,0.5436417,3.3825214899713467,0.9957203994293866,0.7892842016094875,1.684139177586986,16.355242,-14.592356285984122,-8.816106360297795,5.776249925686328,0,22.09168387741672,80.19175201382977,"{""type"":""MultiPoint"",""coordinates"":[]}",ARCHAEAN,,TIRODI GNEISSIC COMPLEX,,GNEISS/MIGMATITE,,ARCHAEAN-GNEISS-MIGMATITE
2_1499_0,270.0,2430.75,1828.25,747.8333333333333,1020.5,1173.25,1461.3333333333333,2145.0,2416.5,2419.083333333333,2585.25,463409.5000105199,331,0.34680337,2.061865189289012,1.1496815286624205,1.0048227634434532,1.3295501162313688,1.0002942,-17.814420409923205,-10.942707330350403,6.871713079572801,0,22.009218534334543,80.05754371038232,"{""type"":""MultiPoint"",""coordinates"":[]}",ARCHAEAN,,TIRODI GNEISSIC COMPLEX,,GNEISS/MIGMATITE,,ARCHAEAN-GNEISS-MIGMATITE
