system:index,Aspect,B11,B12,B2,B3,B4,B5,B6,B7,B8,B8A,Distance_Mn,Elevation,NDVI,NIR_Red_Ratio,Red_Green_Ratio,SWIR_NIR_Ratio,SWIR_Ratio,Slope,VH,VV,VV_VH_Difference,label,latitude,longitude,.geo,geo_age,geo_supergroup,geo_group,geo_formation,geo_lithology,geo_intrusive,geo_stratigraphy,NDMI,NBR,NDRE,Iron_Oxide_Index,Clay_Alteration_Index,Ferrous_Index,SWIR_Red_Ratio,SWIR_Green_Ratio,NIR_SWIR2_Ratio,BSI,B11_B12_NormDiff,B8_B12_NormDiff,B4_B2_NormDiff,Sausar_Group_Proxy,Metamorphic_Host_Proxy,Geology_Unknown,Geo_Boundary_Distance_km,Geo_Boundary_Density_1km,Geo_Boundary_Density_3km,Lithology_Diversity_3km,Formation_Diversity_3km,Aspect_Sin,Aspect_Cos
2_1375_0,252.81775,1726.5,908.5,405.5,558.5,494.0,892.0,1662.0,1913.5,2039.5,2181.0,463409.5000105199,643,0.61002564,4.1285425101214575,0.8845120859444942,0.8465310125030645,1.9003852504127683,6.254339,-17.067362340851627,-10.67384373933969,6.393518601511937,0,21.93052611544568,80.58117168949559,"{""type"":""MultiPoint"",""coordinates"":[]}",PALAEOPROTEROZOIC - MESOPROTEROZOIC,,CHILPI,,PHYLLITE,,PALAEOPROTEROZOIC-MESOPROTEROZOIC-PHYLLITE,0.0831120552089452,0.3836499320272558,0.4194598111228572,1.2182490722114696,1.9003852483209849,0.4454523165258875,3.4949392641802848,3.091316019532111,2.244909188503127,-0.0481191726399916,0.3104364325197585,0.3836499320272558,0.0983879932202468,0,1,0,0.6854316216064539,66,121,6,0,-0.9553699254341506,-0.2954120944984238
1_32_0,270.0,2510.0,1622.0,702.5,903.0,971.5,1323.5,1933.0,2141.0,2287.0,2358.5,50.0,354,0.40371338,2.354091610910962,1.075858250276855,1.0975076519457805,1.5474722564734895,0.99824005,-18.191651536553547,-10.895872445587738,7.295779090965809,1,21.715469436427465,79.7492419048725,"{""type"":""MultiPoint"",""coordinates"":[]}",ARCHAEAN,,TIRODI GNEISSIC COMPLEX,,GNEISS/MIGMATITE,,ARCHAEAN-GNEISS-MIGMATITE,-0.0464873879411116,0.1701202353107904,0.2810972296900876,1.382918147497625,1.5474722555194376,0.7092260600309462,2.583633553696723,2.779623474219686,1.4099876686744834,0.0760315252548243,0.2149080347979409,0.1701202353107904,0.1606929509195382,0,1,0,0.0784021383033509,44,77,3,1,-1.0,-1.8369701987210294e-16
2_240_0,220.80734,1992.0,1120.0,509.0,677.0,613.0,1072.5,1775.5,2081.75,2295.5,2333.0,463409.5000105199,337,0.5784769,3.744698205546493,0.9054652880354506,0.8677847963406665,1.7785714285714285,6.10362,-14.439209767158658,-7.827525673162569,6.6116840939960895,0,22.093839834098603,80.07856428803072,"{""type"":""MultiPoint"",""coordinates"":[]}",ARCHAEAN,,TIRODI GNEISSIC COMPLEX,,GNEISS/MIGMATITE,,ARCHAEAN-GNEISS-MIGMATITE,0.0707871719951516,0.3441663005872738,0.3701365437174757,1.204322198026872,1.7785714269834183,0.4879111302601128,3.2495921643562933,2.94239290555038,2.0495535695986127,-0.0368795637236566,0.2802056554369519,0.3441663005872738,0.0926916220207739,0,1,0,1.6098850404834728,22,77,3,1,-0.6535175751201373,-0.7569113415777938
2_1256_0,28.283451,2401.25,1512.5,512.3376470588236,705.1,665.1428571428571,1189.0,1983.0,2324.333333333333,2529.925,2587.5,2444.7699278255204,349,0.583644,3.803581400343643,0.9433312397430962,0.9491388084627014,1.587603305785124,2.1055152,-15.478063661327283,-9.14936554952778,6.328698111799504,0,21.68286059161392,79.60290634508944,"{""type"":""MultiPoint"",""coordinates"":[]}",PALAEOPROTEROZOIC,,SAUSAR,BICHUA,MARBLE,,PALAEOPROTEROZOIC-MARBLE,0.0260941864715622,0.2516867968480091,0.3703164304593363,1.2982509867525671,1.5876033047354687,0.5978438093627899,3.610126712785463,3.405545307891724,1.6726776848445106,0.0039501671134483,0.2270839986644308,0.2516867968480091,0.1297730275864404,1,1,0,0.2992047295562056,44,99,4,3,0.4738338770056122,0.8806142498289647
1_445_0,327.12573,2161.0,1296.0,633.0,804.0,859.0,1205.0,1850.0,2131.0,2267.0,2322.0,67.0820393249937,314,0.45041588,2.639115250291036,1.068407960199005,0.953242170269078,1.6674382716049383,5.5046763,-17.189974384992013,-11.067820521112134,6.122153863879879,1,21.81760788423185,80.16830598491426,"{""type"":""MultiPoint"",""coordinates"":[]}",PALAEOPROTEROZOIC,,SAUSAR,MANSAR,PHYLLITE,,PALAEOPROTEROZOIC-PHYLLITE,0.0239385727136543,0.2725231545684751,0.3166997447358379,1.357030013653981,1.6674382703183346,0.5716806349485308,2.515715945848992,2.687810941930584,1.749228393712015,0.0202702702668462,0.2502169510413026,0.2725231545684751,0.1514745307295747,1,1,0,0.7310124339038153,66,77,5,2,-0.5427973443999955,0.83986370496189
2_637_0,252.84488,1537.5,816.5,361.5,547.5,462.0,872.0,1710.0,1957.5,2169.0,2277.0,463409.5000105199,556,0.64880276,4.694805194805195,0.8438356164383561,0.7088520055325035,1.883037354562156,3.141314,-16.203756814341894,-8.83745956317956,7.366297251162333,0,22.167950845038465,80.39683739319426,"{""type"":""MultiPoint"",""coordinates"":[]}",PALAEOPROTEROZOIC,,SAUSAR,JUNEWANI,GREY & PINK GNEISS/QTZ-BIOTITE-SILLIMANITE GNEISS,,PALAEOPROTEROZOIC-GREY-PINK-GNEISS-QTZ-BIOTITE-SILLIMANITE-GNEISS,0.170376365797821,0.4530229440787061,0.4461733882355753,1.278008295219894,1.883037352255925,0.3764407559352509,3.3279220707187838,2.808219172953024,2.656460498889822,-0.1172185430204815,0.3062871706430386,0.4530229440787061,0.1220400727115481,1,1,0,1.0973599613478209,33,44,4,2,-0.9555096982660012,-0.2949596862617249
1_37_0,65.04438,1151.0,900.0,694.0,856.0,837.0,1129.0,1128.0,1182.0,1092.0,1191.0,41.23105625617661,282,0.13219285,1.3046594982078854,0.977803738317757,1.054029304029304,1.278888888888889,2.197205,-26.055303343302786,-15.246630193485974,10.808673149816808,1,21.451095248311084,79.76702854749807,"{""type"":""MultiPoint"",""coordinates"":[]}",PALAEOPROTEROZOIC,,SAUSAR,CHORBAOLI,QUARTZITE,,PALAEOPROTEROZOIC-QUARTZITE,-0.0263040570547017,0.0963855421202883,0.0267241379195154,1.2060518714610204,1.2788888874679012,0.8241758234210843,1.3751493412483282,1.344626166653474,1.2133333319851851,0.0535241123334594,0.122379327097816,0.0963855421202883,0.0934030045111672,1,1,0,0.4237653772129668,66,165,7,2,0.9066348655622152,0.4219161297544622
1_413_0,28.305605,1969.0,1077.0,566.0,743.0,713.0,1204.0,1991.0,2315.0,2485.0,2541.0,40.0,314,0.5540963,3.485273492286115,0.9596231493943472,0.792354124748491,1.828226555246054,8.367607,-14.60654995562857,-7.661973793164845,6.944576162463725,1,21.8157214221352,80.16668901740285,"{""type"":""MultiPoint"",""coordinates"":[]}",PALAEOPROTEROZOIC,,SAUSAR,MANSAR,PHYLLITE,,PALAEOPROTEROZOIC-PHYLLITE,0.1158509204948695,0.3952835484572478,0.3570093456990629,1.2597173122619836,1.828226553548536,0.4334004022400803,2.76157082361631,2.650067291184297,2.3073351882011743,-0.0643642072101231,0.2928430727863286,0.3952835484572478,0.1149335417396923,1,1,0,0.5436238957398847,66,77,5,2,0.4741743400959667,0.8804309712831293
2_1381_0,-0.0,2143.0,1563.5,669.5,897.3333333333334,1011.0,1336.5,1881.5,2059.25,2074.5,2217.5,4208.336963694804,328,0.3446767,2.051928783382789,1.12667161961367,1.0330200048204388,1.3706427886152863,0.0,-17.713565900047755,-9.80334153232827,7.910224367719485,0,21.96017051982162,80.0416435298534,"{""type"":""MultiPoint"",""coordinates"":[]}",ARCHAEAN,,TIRODI GNEISSIC COMPLEX,,GNEISS/MIGMATITE,,ARCHAEAN-GNEISS-MIGMATITE,-0.0162418494330191,0.1404617921549033,0.2478897016747637,1.5100821486033127,1.3706427877386358,0.7536755841148829,2.119683479604665,2.388187218735304,1.3268308274212786,0.0695150898491836,0.1563469580044929,0.1404617921549033,0.2032133292453357,0,1,0,1.4259307501656422,33,44,4,1,-0.0,1.0
2_1380_0,270.0,2584.0,1696.0,699.5,891.0,1031.5,1395.5,1987.5,2234.5,2371.0,2564.0,1501.5325504297268,344,0.3936811,2.298594280174503,1.1576879910213242,1.0898355124420076,1.5235849056603774,0.9983191,-15.982250696293203,-9.555077347327344,6.427173348965862,0,21.727057703592603,79.7891271034874,"{""type"":""MultiPoint"",""coordinates"":[]}",ARCHAEAN,,TIRODI GNEISSIC COMPLEX,,GNEISS/MIGMATITE,,ARCHAEAN-GNEISS-MIGMATITE,-0.0429868819287614,0.1659700024180059,0.2951130192460884,1.4746247298432813,1.5235849047620371,0.7153099954806791,2.505089672801658,2.900112230190671,1.3979952821945782,0.0815136105172728,0.2074766354655428,0.1659700024180059,0.191796649224843,0,1,0,2.553936436071419,22,33,2,1,-1.0,-1.8369701987210294e-16
1_305_0,186.82715,2050.0,1205.0,514.0,738.0,732.0,1226.0,2005.0,2333.0,2394.0,2647.0,10.0,355,0.53166986,3.2704918032786887,0.991869918699187,0.8563074352548037,1.7012448132780082,8.347464,-13.817268403927576,-7.178592191849602,6.638676212077974,1,21.864769436648125,79.9807377535901,"{""type"":""MultiPoint"",""coordinates"":[]}",ARCHAEAN,,TIRODI GNEISSIC COMPLEX,,GNEISS/MIGMATITE,,ARCHAEAN-GNEISS-MIGMATITE,0.0774077407566589,0.3303695470046208,0.3668990445734833,1.4241245108480067,1.7012448118661867,0.5033416873419626,2.8005464442615486,2.777777774013851,1.9867219900525128,-0.0221441124741398,0.2596006143595697,0.3303695470046208,0.1749598714486678,0,1,0,0.7470152811255311,44,88,5,2,-0.1188744785451093,-0.9929092900918132
2_616_0,132.95013,3095.0,2222.0,758.0,1021.0,1205.0,1683.0,2347.0,2544.0,2682.0,2892.0,463409.5000105199,285,0.37998456,2.2257261410788383,1.1802154750244858,1.1539895600298284,1.3928892889288929,1.3609755,-17.01204006096785,-10.6834825407393,6.328557520228548,0,21.426032251884152,79.68267674231925,"{""type"":""MultiPoint"",""coordinates"":[]}",PALAEOPROTEROZOIC,,SAUSAR,MANSAR,MUSCOVITE SCHIST,,PALAEOPROTEROZOIC-MUSCOVITE-SCHIST,-0.0714903929251358,0.0938009787736947,0.2642622950242049,1.589709760435739,1.39288928830203,0.8284862040162244,2.56846472815895,3.031341818774396,1.2070207015269934,0.1111111110967556,0.1641903328636091,0.0938009787736947,0.2277126845503246,1,1,0,0.0092576933340752,33,55,4,2,0.7319470329502173,-0.6813615346901918
2_563_0,312.91925,3933.5,2929.5,918.0,1227.0,1458.0,1902.0,2417.0,2708.5,2822.0,3041.0,463409.5000105199,300,0.31869158,1.935528120713306,1.1882640586797066,1.3938695960311835,1.342720600785117,4.079156,-19.049388031619724,-11.770513720310948,7.278874311308776,0,21.58341708966189,79.76379461247524,"{""type"":""MultiPoint"",""coordinates"":[]}",ARCHAEAN,,TIRODI GNEISSIC COMPLEX,,GNEISS/MIGMATITE,,ARCHAEAN-GNEISS-MIGMATITE,-0.1645326030398145,-0.0186907763159713,0.2304268662289243,1.5882352923875434,1.3427206003267724,1.038093550305424,2.697873797875258,3.2057864684549413,0.9633043178141988,0.1808574713704366,0.1462917091437721,-0.0186907763159713,0.2272727271770737,0,1,0,1.427943442954509,22,88,5,3,-0.7323141516533676,0.6809669472802689
2_51_0,132.89445,1897.5,1052.0,489.5,648.5,592.5,1097.0,2015.0,2361.0,2500.0,2608.0,463409.5000105199,379,0.61681485,4.219409282700422,0.9136468774094064,0.759,1.8037072243346008,4.081049,-14.333144559256604,-7.420834890081281,6.912309669175322,0,21.708732071796565,79.59562999128806,"{""type"":""MultiPoint"",""coordinates"":[]}",PALAEOPROTEROZOIC,,SAUSAR,SITASAONGI,QUARTZ MUSCOVITE SCHIST,,PALAEOPROTEROZOIC-QUARTZ-MUSCOVITE-SCHIST,0.1370096645509926,0.4076576575428892,0.4078272603487646,1.210418792215692,1.80370722262005,0.42079999983168,3.202531640164504,2.9259830332675665,2.376425853254348,-0.0911579523512805,0.2866587556241198,0.4076576575428892,0.0951940849397466,1,1,0,0.0962799047850187,44,99,5,4,0.7326088339040581,-0.6806499074309319
1_250_0,270.0,1551.0,816.5,370.0,526.0,407.0,842.0,1789.0,2162.5,2318.5,2440.0,22.36067977499789,445,0.7013392,5.696560196560196,0.7737642585551331,0.6689670045287902,1.8995713410900184,1.0002335,-13.953241801165852,-7.128201924946232,6.82503987621962,1,22.000594707607,80.23352367454133,"{""type"":""MultiPoint"",""coordinates"":[]}",PALAEOPROTEROZOIC,,SAUSAR,MANSAR,BIOTITE SCHIST,,PALAEOPROTEROZOIC-BIOTITE-SCHIST,0.1983460394887334,0.4791068579014013,0.4868982326365331,1.099999997027027,1.8995713387635376,0.352167349427575,3.81081080144764,2.9486691959150777,2.8395590902148693,-0.1572151081120811,0.3102428720970463,0.4791068579014013,0.0476190475577618,1,1,0,0.0656685789044666,55,143,6,3,-1.0,-1.8369701987210294e-16
2_264_0,238.28484,1633.0,796.5,352.0,514.5,437.0,835.0,1783.0,2137.5,2347.5,2341.5,1280.8200498118383,457,0.6861196,5.371853546910756,0.8493683187560739,0.6956336528221512,2.0502197112366605,7.021862,-17.250009610876745,-10.517969451554285,6.732040159322462,0,22.0329340578353,80.2437644687803,"{""type"":""MultiPoint"",""coordinates"":[]}",PALAEOPROTEROZOIC,,SAUSAR,JUNEWANI,GREY & PINK GNEISS/QTZ-BIOTITE-SILLIMANITE GNEISS,,PALAEOPROTEROZOIC-GREY-PINK-GNEISS-QTZ-BIOTITE-SILLIMANITE-GNEISS,0.1795000627610853,0.4933206105301143,0.4742641270347036,1.2414772692003486,2.0502197086626244,0.3392971244561035,3.736842096712032,3.173955290235267,2.9472692995012317,-0.1319844847191562,0.3443095285678907,0.4933206105301143,0.107731305313395,1,1,0,0.0528573248566326,55,99,4,3,-0.8506720440932801,-0.5256967504162077
2_17_0,-0.0,2748.9666666666667,1889.8333333333333,703.5,947.8571428571428,1050.8,1442.6666666666667,2151.0,2392.1428571428573,2533.833333333333,2660.125,463409.5000105199,322,0.41371968,2.41133739373176,1.1086058779201204,1.0849042952048935,1.4546079901225857,3.7047918,-17.211003020091788,-10.544714274505337,6.666288745586451,0,22.04263586290379,80.12545634586175,"{""type"":""MultiPoint"",""coordinates"":[]}",ARCHAEAN,,TIRODI GNEISSIC COMPLEX,,GNEISS/MIGMATITE,,ARCHAEAN-GNEISS-MIGMATITE,-0.0407233537693288,0.1455805892218565,0.2967390089357679,1.4936744825960562,1.454607989352884,0.7458396366194149,2.6160702931581614,2.900190903747601,1.3407707903655854,0.0799240217210796,0.1852059440260687,0.1455805892218565,0.1979707004514788,0,1,0,2.8508993802412306,22,33,3,2,-0.0,1.0
2_415_0,65.05358,2519.0,1635.0,472.0,635.0,662.0,1037.0,1893.0,2343.0,2430.0,2541.0,463409.5000105199,330,0.5717982,3.6706948640483374,1.04251968503937,1.036625514403292,1.5406727828746178,4.389475,-15.140342141054628,-8.158151717497384,6.982190423557244,0,21.512270519159625,79.67836482895547,"{""type"":""MultiPoint"",""coordinates"":[]}",PALAEOPROTEROZOIC,,SAUSAR,MANSAR,MUSCOVITE SCHIST,,PALAEOPROTEROZOIC-MUSCOVITE-SCHIST,-0.017983430992527,0.195571955671446,0.4203465622078405,1.4025423699098678,1.54067278193231,0.6728395058959509,3.805135945913692,3.966929127611136,1.4862385312010773,0.0458655268706451,0.2128069330253233,0.195571955671446,0.1675485007340842,1,1,0,0.6092803809583498,66,121,5,3,0.9067026010699324,0.4217705456916341
2_196_0,144.35207,2544.0,1660.0,730.0,980.5,1016.0,1517.0,2201.0,2625.0,2699.0,2848.0,463409.5000105199,296,0.45302826,2.656496062992126,1.0362060173380927,0.9425713227121156,1.5325301204819275,3.4200363,-17.424006467838005,-10.514477564595694,6.909528903242311,0,21.635968533782883,80.33539262776048,"{""type"":""MultiPoint"",""coordinates"":[]}",CENOZOIC,,,,LATERITE,,CENOZOIC-LATERITE,0.0295632271543842,0.238357421372251,0.3049255440309448,1.3917808200112591,1.5325301195587169,0.6150426081455937,2.5039370054095107,2.594594591948399,1.625903613478371,0.0187437401604315,0.2102759276378981,0.238357421372251,0.1638029781421517,0,0,1,1.4521373842296388,33,33,3,1,0.5828029547058756,-0.8126135096010286
2_382_0,340.22455,1980.0,968.0,410.0,652.0,603.0,1150.0,2097.0,2438.0,2520.0,2637.0,463409.5000105199,604,0.61383283,4.17910447761194,0.9248466257668712,0.7857142857142857,2.0454545454545454,8.800681,-15.274837946295552,-8.979134799765468,6.295703146530084,0,22.010566007260724,79.93276771741812,"{""type"":""MultiPoint"",""coordinates"":[]}",ARCHAEAN,,TIRODI GNEISSIC COMPLEX,,GRANITE GNEISS,,ARCHAEAN-GRANITE-GNEISS,0.1199999999733333,0.4449541283127998,0.3926590968067971,1.4707317037299228,2.0454545433414726,0.3841269839745528,3.283582084106829,3.0368098112932365,2.6033057824346013,-0.062942136756223,0.343283581973106,0.4449541283127998,0.1905231982324549,0,1,0,0.297544686999694,33,44,2,0,-0.338334742140662,0.9410258244387408
2_688_0,270.0,3554.0,2657.0,879.8571428571429,1135.5,1357.8,1851.0,2253.0,2522.4,2631.6666666666665,2827.25,463409.5000105199,293,0.3193075,1.93818431776894,1.195772787318362,1.3504749841671946,1.337598795634174,0.99677867,-18.03545992513041,-11.10718703248445,6.928272892645968,0,21.50364669243208,80.0799117609569,"{""type"":""MultiPoint"",""coordinates"":[]}",ARCHAEAN,,AMGAON GNEISSIC COMPLEX,,GRANITE GNEISS/MIGMATITE,,ARCHAEAN-GRANITE-GNEISS-MIGMATITE,-0.1491081532334254,-0.0047901172309107,0.2086784587808093,1.543205064003501,1.3375987951307495,1.0096263454048289,2.617469433924385,3.129898720273097,0.99046543683711,0.1662379628249284,0.1444211881912057,-0.0047901172309107,0.2135907453270553,0,1,0,0.1167904533932773,66,110,5,0,-1.0,-1.8369701987210294e-16
2_608_0,118.521805,1860.0,890.0,388.0,545.0,505.0,925.0,1783.0,2223.0,2361.0,2511.0,463409.5000105199,389,0.6475925,4.675247524752475,0.926605504587156,0.7878017789072427,2.0898876404494384,13.349969,-12.337211307942487,-6.017901615780588,6.3193096921619,0,21.31014958023273,79.99151753699954,"{""type"":""MultiPoint"",""coordinates"":[]}",PALAEOPROTEROZOIC,,SAKOLI,DHABETEKRI,PHYLLITE,,PALAEOPROTEROZOIC-PHYLLITE,0.1186922529924917,0.4524761610419944,0.4615832361869664,1.3015463883980762,2.0898876381012497,0.3769589155540199,3.683168309538281,3.4128440304351484,2.652808985783361,-0.0750879937279843,0.3527272725990082,0.4524761610419944,0.1310190368073695,0,1,0,0.5233508255110099,88,165,6,2,0.8786354571726388,-0.4774931762853036
2_570_0,312.91086,2148.0,1388.0,598.0,781.5555555555555,820.5,1241.0,1968.0,2204.0,2330.0,2466.0,463409.5000105199,286,0.4791303,2.839731870810481,1.0498294000568666,0.9218884120171674,1.5475504322766571,2.7224197,-16.531305096087106,-9.458682887231028,7.072622208856078,0,21.62572773954392,80.19471645426736,"{""type"":""MultiPoint"",""coordinates"":[]}",ARCHAEAN,,AMGAON GNEISSIC COMPLEX,,GRANITE GNEISS/MIGMATITE,,ARCHAEAN-GRANITE-GNEISS-MIGMATITE,0.0406431442517545,0.2533620225246471,0.3304558941649701,1.3720735763008802,1.547550431161707,0.5957081542507691,2.61791590174538,2.7483650803617734,1.6786743503755948,0.0068684813013027,0.2149321266360486,0.2533620225246471,0.1568558335164921,0,1,0,0.259777630711168,44,44,3,1,-0.7324138599192249,0.6808597049306281
1_521_0,215.65666,2816.5,2313.0,971.5,1250.5833333333337,1518.3333333333337,1743.5,2040.5,2156.5,2207.25,2322.416666666667,41.23105625617661,326,0.18491511,1.4537321624588364,1.214100086626241,1.2760221995696002,1.217682663207955,3.420409,-13.557555843734471,-2.0315561109083964,11.525999732826076,1,21.68232160244345,79.7244484030308,"{""type"":""MultiPoint"",""coordinates"":[]}",PALAEOPROTEROZOIC,,SAUSAR,MANSAR,SCHIST,,PALAEOPROTEROZOIC-SCHIST,-0.1212739487193284,-0.0233947237379802,0.142382816468025,1.5628752771697976,1.2176826626815034,1.0479102951419594,1.8549945103040648,2.252148995333791,0.9542801552294508,0.1538657764066592,0.0981577151577819,-0.0233947237379802,0.2196264809346169,1,1,0,0.1662539683866112,33,121,4,1,-0.5829267636209351,-0.8125247000888173
2_1236_0,180.0,2890.5,1983.0,910.0,1152.0,1254.5,1678.5,2367.5,2642.0,2764.5,2895.0,463409.5000105199,266,0.37571535,2.203666799521722,1.0889756944444444,1.0455778621812262,1.457639939485628,0.92740995,-16.887516314613357,-10.458255731173749,6.429260583439611,0,21.30368171018707,79.64252204911911,"{""type"":""MultiPoint"",""coordinates"":[]}",ARCHAEAN,,TIRODI GNEISSIC COMPLEX,,GNEISS/MIGMATITE,,ARCHAEAN-GNEISS-MIGMATITE,-0.0222811671048132,0.1646129541517403,0.2659888487447274,1.3785714270565148,1.4576399387505596,0.7173087354974467,2.304105219366994,2.5091145811552824,1.3940998480110438,0.0601700875938141,0.1862111418516033,0.1646129541517403,0.1591591590856275,0,1,0,4.761278768247402,11,11,1,0,1.2246467991473532e-16,-1.0
2_1097_0,321.0553,2813.5,2139.0,786.0,1056.0,1205.5,1570.5,2171.0,2381.0,2466.5,2623.5,463409.5000105199,482,0.3434096,2.046038987971796,1.1415719696969695,1.1406851814311778,1.315334268349696,4.7591305,-16.68752330651418,-9.975145914109994,6.712377392404186,0,21.874471241716616,80.70082728534031,"{""type"":""MultiPoint"",""coordinates"":[]}",PALAEOPROTEROZOIC,,,,GRANITE,MALANJKHAND GRANITE,PALAEOPROTEROZOIC-GRANITE,-0.06571969695725,0.0711106285808032,0.2510729613135257,1.5337150107713549,1.3153342677347666,0.8672207578077354,2.33388635227384,2.6642992399012315,1.1531089288671768,0.1054115381825742,0.1361938414666948,0.0711106285808032,0.2106452421739165,0,0,1,1.5802194726791778,33,55,5,2,-0.6285700223498826,0.7777529987104312
2_343_0,270.0,2099.0,1192.5,717.75,916.0,992.5,1395.0,2139.5,2533.333333333333,2547.0,2669.0,463409.5000105199,332,0.43918633,2.56624685138539,1.0835152838427948,0.8241067923046722,1.760167714884696,0.99784374,-17.164471263639168,-10.597459377005496,6.567011886633672,0,21.65833658435746,79.82335291581236,"{""type"":""MultiPoint"",""coordinates"":[]}",ARCHAEAN,,TIRODI GNEISSIC COMPLEX,,GNEISS/MIGMATITE,,ARCHAEAN-GNEISS-MIGMATITE,0.0964270339869937,0.3622141996624644,0.3134842518913671,1.382793449832402,1.7601677134086642,0.468197879674834,2.114861458826336,2.2914847136555845,2.135849054812705,-0.0272566371638534,0.2754063496049198,0.3622141996624644,0.1606490278259617,0,1,0,2.7508120893179275,33,66,4,2,-1.0,-1.8369701987210294e-16
2_1270_0,28.269152,2489.0,1654.0,641.5,808.0,773.0,1204.0,2019.0,2294.5,2477.0,2499.0,2757.5713952679453,300,0.52430767,3.204398447606727,0.9566831683168316,1.0048445700444086,1.5048367593712213,2.105233,-16.08436725977047,-10.16221636135576,5.922150898414712,0,21.59635282975321,79.69076157987632,"{""type"":""MultiPoint"",""coordinates"":[]}",ARCHAEAN,,TIRODI GNEISSIC COMPLEX,,GNEISS/MIGMATITE,,ARCHAEAN-GNEISS-MIGMATITE,-0.0024164317353168,0.1992253691117827,0.3497164460303223,1.204988306773206,1.5048367584614044,0.667743237518069,3.219922376170864,3.080445540742023,1.497581619408959,0.0224904004353122,0.2015447742694799,0.1992253691117827,0.0929657122000949,0,1,0,0.8359402126614954,22,55,4,2,0.4736140920829086,0.8807324745803814
1_236_0,103.07992,2662.0,1627.0,510.7,696.3333333333334,686.3333333333334,1148.5,1831.0,2077.166666666667,2226.6,2294.5,44.7213595499958,331,0.52876824,3.244196211753278,0.9856390617520344,1.1955447767897245,1.636140135218193,4.091355,-14.558066560561011,-6.731380132402048,7.826686428158963,1,21.6661519273293,79.66569858344938,"{""type"":""MultiPoint"",""coordinates"":[]}",ARCHAEAN,,TIRODI GNEISSIC COMPLEX,,GNEISS/MIGMATITE,,ARCHAEAN-GNEISS-MIGMATITE,-0.0890643537845059,0.155594768487753,0.332849259270157,1.3439070530437172,1.6361401342125752,0.7307104999862075,3.8785818301914783,3.822881756118408,1.3685310378804356,0.1004058739270513,0.2413149917833259,0.155594768487753,0.1467238449388289,0,1,0,0.1524563130489628,33,77,3,2,0.9740553401600636,-0.2263099518484838
1_148_0,61.363792,1734.0,944.0,433.0,566.0,469.0,921.0,2058.0,2528.0,2595.0,2779.0,50.0,665,0.6938642,5.533049040511727,0.8286219081272085,0.6682080924855491,1.836864406779661,18.663704,-11.352588783244428,-3.8640038378617536,7.488584945382673,1,21.83404705393124,80.36557602130691,"{""type"":""MultiPoint"",""coordinates"":[]}",ARCHAEAN,,TIRODI GNEISSIC COMPLEX,,GNEISS/MIGMATITE,,ARCHAEAN-GNEISS-MIGMATITE,0.1988911988452549,0.4665159648300322,0.5021621620264427,1.0831408750966725,1.83686440483383,0.3637764931160784,3.6972281371061233,3.063604234869957,2.7489406750540883,-0.1577136302508672,0.2949962657598968,0.4665159648300322,0.0399113081597435,0,1,0,1.9979456780955387,22,44,4,0,0.8776802913801408,0.4792466026200614
2_567_0,347.82794,1482.0,741.0,421.0,554.0,445.0,903.0,1871.0,2244.0,2309.0,2392.0,463409.5000105199,375,0.6768337,5.18876404494382,0.8032490974729242,0.6418362927674318,2.0,4.73331,-15.800104185387823,-8.785349985811822,7.014754199576002,0,21.993587848390863,79.97561735647062,"{""type"":""MultiPoint"",""coordinates"":[]}",ARCHAEAN,,TIRODI GNEISSIC COMPLEX,,GNEISS/MIGMATITE,,ARCHAEAN-GNEISS-MIGMATITE,0.2181482457878796,0.5140983604871809,0.4518968132164198,1.0570071233800309,1.9999999973009448,0.3209181462447301,3.330337071167782,2.6750902478788983,3.1160593750120658,-0.1724286020673333,0.3333333331833858,0.5140983604871809,0.0277136258340489,0,1,0,0.713800717129118,22,77,3,1,-0.2108481393810758,0.9775188295473076
1_265_0,124.91682,2932.0,2103.0,715.0,996.0,1073.0,1490.0,2004.0,2212.0,2273.0,2471.0,50.0,287,0.35863718,2.118359739049394,1.0773092369477912,1.289925208974923,1.3941987636709463,9.63062,-23.918690311486568,-14.421355323567822,9.497334987918746,1,21.45136474289632,79.76675905291283,"{""type"":""MultiPoint"",""coordinates"":[]}",PALAEOPROTEROZOIC,,SAUSAR,CHORBAOLI,QUARTZITE,,PALAEOPROTEROZOIC-QUARTZITE,-0.1266090297547341,0.0388482632452357,0.2476647310659771,1.5006992986004206,1.3941987630079893,0.9252089745159662,2.7325256265307307,2.943775097446009,1.0808368991531925,0.1454311454103487,0.1646474676932179,0.0388482632452357,0.2002237135345504,1,1,0,0.4317388476290776,66,165,7,2,0.8199838788871082,-0.5723866161653784
2_1358_0,4.745196,1744.0,875.0,413.5,533.5,442.5,828.0,1798.5,2169.5,2308.0,2425.5,463409.5000105199,605,0.6782403,5.215819209039548,0.8294283036551078,0.755632582322357,1.993142857142857,11.923683,-15.512868649038058,-9.098714953963544,6.414153695074514,0,22.07659218064351,80.30359226670265,"{""type"":""MultiPoint"",""coordinates"":[]}",PALAEOPROTEROZOIC,,SAUSAR,MANSAR,PHYLLITE,,PALAEOPROTEROZOIC-PHYLLITE,0.1391905231640694,0.4502042097234671,0.4910096817301338,1.0701330082947207,1.99314285486498,0.3791161176866914,3.941242928946344,3.2689784381087565,2.637714282699755,-0.1090057049492653,0.3318060327102688,0.4502042097234671,0.0338785046333195,1,1,0,1.1749734772605258,55,55,3,2,0.082724649571525,0.9965724421000556
2_393_0,132.8849,2711.0,1759.0,656.0,842.5,941.0,1431.0,2020.5,2362.0,2372.5,2581.0,463409.5000105199,335,0.43202052,2.52125398512221,1.116913946587537,1.142676501580611,1.541216600341103,1.3626424,-17.08450749461606,-9.263720624774878,7.82078686984118,0,21.756702107968547,79.84922439599501,"{""type"":""MultiPoint"",""coordinates"":[]}",ARCHAEAN,,TIRODI GNEISSIC COMPLEX,,GNEISS/MIGMATITE,,ARCHAEAN-GNEISS-MIGMATITE,-0.0665879807088447,0.1484932832752043,0.2866400796892722,1.4344512173255315,1.5412165994649136,0.741412012332387,2.880977680254009,3.2178041504833184,1.3487777138437875,0.0933313374607692,0.2129753914512359,0.1484932832752043,0.1784596116603258,0,1,0,0.4911558590587839,44,55,4,2,0.7327222737344199,-0.6805277875101515
1_336_0,340.2259,1591.5,798.5,374.5,528.0,442.5,853.0,1742.5,2165.5,2276.0,2390.0,70.0,445,0.67445284,5.143502824858757,0.8380681818181818,0.6992530755711776,1.9931120851596744,5.892785,-14.907370013524272,-8.215466197437934,6.691903816086338,1,22.000055718436524,80.23514064205276,"{""type"":""MultiPoint"",""coordinates"":[]}",PALAEOPROTEROZOIC,,SAUSAR,MANSAR,BIOTITE SCHIST,,PALAEOPROTEROZOIC-BIOTITE-SCHIST,0.1769877181184259,0.4805659455259177,0.473943878978124,1.181575430756808,1.993112082663604,0.3508347977368916,3.596610161363593,3.014204539745825,2.8503443921723925,-0.1316042266769977,0.3317991630410882,0.4805659455259177,0.0832313340474524,1,1,0,0.0057207398620103,55,143,6,3,-0.3383125696481216,0.9410337960020804
1_485_0,331.7162,2534.0,1961.0,623.6,818.625,982.5,1309.5625,1678.6,1836.6666666666663,1946.0,2044.75,72.11102550927978,322,0.329008,1.9806615776081424,1.2001832340815393,1.3021582733812949,1.2921978582355942,4.205374,-13.622926871722216,-6.396230263368773,7.226696608353443,1,21.68501654829581,79.7236399192751,"{""type"":""MultiPoint"",""coordinates"":[]}",ARCHAEAN,,TIRODI GNEISSIC COMPLEX,,GNEISS/MIGMATITE,,ARCHAEAN-GNEISS-MIGMATITE,-0.1312499999707031,-0.0038392628605479,0.2191768059120381,1.5755291828487343,1.2921978575766455,1.007708118701075,2.579134857425817,3.0954344136870557,0.992350840901402,0.1555840357280386,0.1274749721629644,-0.0038392628605479,0.2234605564887238,0,1,0,0.0359493390656581,33,110,3,1,-0.4738392409935386,0.880611363596148
1_482_0,132.92905,2612.5,1837.5,679.0,880.5,982.5,1385.5,1954.0,2225.5,2330.5,2498.0,14.142135623730953,277,0.406882,2.372010178117048,1.1158432708688246,1.1210040763784597,1.4217687074829932,2.7214918,-17.445242484488887,-10.297174552764847,7.148067931724038,1,21.533560591393258,79.98316320485722,"{""type"":""MultiPoint"",""coordinates"":[]}",ARCHAEAN,,TIRODI GNEISSIC COMPLEX,,GNEISS/MIGMATITE,,ARCHAEAN-GNEISS-MIGMATITE,-0.057050374255098,0.1182821496837134,0.2864683918407446,1.446980852066302,1.4217687067092415,0.7884574122340883,2.659033076174012,2.9670641647165654,1.26829931903766,0.088651676873548,0.17415730333165,0.1182821496837134,0.1826662653128701,0,1,0,0.3512278091738727,33,77,4,1,0.7321976668116351,-0.6810921939910909
2_1314_0,103.06842,2370.5,1541.5,526.0,700.5,755.0,1214.0,1852.0,2077.0,2272.5,2374.0,463409.5000105199,412,0.50123864,3.009933774834437,1.0778015703069237,1.043124312431243,1.5377878689588065,4.0948777,-14.6599473734131,-8.622811072991288,6.03713630042181,0,21.79685680116869,79.55116338472415,"{""type"":""MultiPoint"",""coordinates"":[]}",ARCHAEAN,,TIRODI GNEISSIC COMPLEX,,GNEISS/MIGMATITE,,ARCHAEAN-GNEISS-MIGMATITE,-0.0211070428556736,0.1916622967510062,0.3232998884271739,1.4353612140012144,1.5377878679612145,0.6783278324847842,3.1397350951791587,3.3840114155831387,1.4742134275224044,0.0551991897273465,0.211912065385503,0.1916622967510062,0.1787665884631017,0,1,0,5.216099106098628,11,11,1,0,0.974100743858113,-0.2261144418542764
1_2_0,-0.0,1215.0,1108.0,760.0,786.0,842.0,952.0,1043.0,1092.0,1072.0,1112.0,53.85164807134504,303,0.12016719,1.2731591448931117,1.0712468193384224,1.1333955223880596,1.0965703971119134,0.92740995,-18.026294642301885,-9.263367236385282,8.762927405916603,1,21.850486223630625,80.22543883698425,"{""type"":""MultiPoint"",""coordinates"":[]}",PALAEOPROTEROZOIC,,SAUSAR,MANSAR,PHYLLITE,,PALAEOPROTEROZOIC-PHYLLITE,-0.0625273283504471,-0.0165137614603147,0.0775193798074034,1.1078947353843491,1.0965703961222288,1.0335820885880762,1.4429928723954957,1.5458015247508887,0.9675090243975548,0.0578554898282706,0.0460611278320873,-0.0165137614603147,0.0511860174462009,1,1,0,0.8060710883838921,44,88,5,1,-0.0,1.0
1_396_0,270.0,2197.0,2005.0,1369.0,1406.0,1411.0,1577.0,1701.0,1753.0,1757.0,1807.0,70.71067811865476,307,0.109217174,1.2452161587526578,1.003556187766714,1.2504268639726808,1.0957605985037406,3.9906838,-15.401059832007356,-8.931526046559222,6.469533785448135,1,21.851294707386334,80.22543883698425,"{""type"":""MultiPoint"",""coordinates"":[]}",PALAEOPROTEROZOIC,,SAUSAR,MANSAR,PHYLLITE,,PALAEOPROTEROZOIC-PHYLLITE,-0.1112797167143956,-0.0659223816943321,0.0679669030532012,1.0306793272237549,1.0957605979572265,1.1411496863169324,1.557051735253684,1.5625889035827958,0.8763092264956063,0.0715770715664423,0.045692527357046,-0.0659223816943321,0.0151079136636302,1,1,0,0.8491726328061282,44,88,5,1,-1.0,-1.8369701987210294e-16
2_697_0,28.304539,1566.0,776.0,392.0,596.0,454.0,913.0,2125.0,2486.0,2606.0,2719.0,2868.327038536575,711,0.703268,5.740088105726873,0.761744966442953,0.6009209516500383,2.018041237113402,8.367525,-14.801968376173452,-7.4898185635942305,7.312149812579221,0,21.809523046674773,80.44022602141723,"{""type"":""MultiPoint"",""coordinates"":[]}",ARCHAEAN,,AMGAON GNEISSIC COMPLEX,,GRANITE GNEISS/MIGMATITE,,ARCHAEAN-GRANITE-GNEISS-MIGMATITE,0.249280920362109,0.5410999407034004,0.4972466958983352,1.1581632623516245,2.0180412345128333,0.2977743667314756,3.4493391994507947,2.6275167741149046,3.3582474183527737,-0.1948983658439819,0.3373185310259101,0.5410999407034004,0.0732860519228297,0,1,0,0.0323895500874258,55,88,5,1,0.4741579594109407,0.8804397932438383
1_597_0,114.922844,2232.75,1309.0,525.4285714285714,659.2857142857143,632.0,1055.375,1803.8,2156.0,2434.0,2466.5,70.71067811865476,333,0.5877365,3.85126582278481,0.9586132177681472,0.9173171733771568,1.7056913674560734,2.1999068,-15.326689854532686,-7.063366588812178,8.263323265720508,1,21.66803838942595,79.66542908886414,"{""type"":""MultiPoint"",""coordinates"":[]}",PALAEOPROTEROZOIC,,SAUSAR,MANSAR,SCHIST,,PALAEOPROTEROZOIC-SCHIST,0.0431242299152248,0.3005610472079719,0.4006743565854341,1.2028276214193057,1.705691366153024,0.5377978633780617,3.5328322728910884,3.386619713173057,1.8594346815435945,-0.0162561244046973,0.2608173924582996,0.3005610472079719,0.0920760305301737,1,1,0,0.0242484761600784,33,77,3,2,0.90687607395427,-0.4213974210757458
2_542_0,270.0,3276.5,2163.0,688.5,888.0,1129.5,1532.0,2027.5,2297.0,2533.0,2684.5,463409.5000105199,437,0.3832082,2.2425852146967684,1.2719594594594594,1.293525463876826,1.5147942672214516,3.9898028,-17.24457685394784,-10.221090251336667,7.023486602611172,0,21.819763840913737,79.61341663391363,"{""type"":""MultiPoint"",""coordinates"":[]}",ARCHAEAN,,TIRODI GNEISSIC COMPLEX,,GNEISS/MIGMATITE,,ARCHAEAN-GNEISS-MIGMATITE,-0.1279800326830226,0.0787904599491502,0.2733309616332667,1.6405228734342443,1.5147942665211307,0.8539281481034631,2.900841077555696,3.689752248097126,1.1710587142066304,0.1552933464234292,0.2047063148810173,0.0787904599491502,0.2425742572923133,0,1,0,2.700214911482182,11,33,3,0,-1.0,-1.8369701987210294e-16
1_533_0,238.27434,1855.5,1127.0,373.5,567.5,588.0,976.5,1766.5,2061.5,2242.0,2455.0,36.05551275463989,672,0.5844523,3.812925170068027,1.036123348017621,0.8276092774308653,1.6464063886424134,7.0198026,-16.734989311226087,-10.072518567951834,6.662470743274254,1,21.974992722009592,80.46609750159988,"{""type"":""MultiPoint"",""coordinates"":[]}",ARCHAEAN,,TIRODI GNEISSIC COMPLEX,,GNEISS/MIGMATITE,,ARCHAEAN-GNEISS-MIGMATITE,0.0943258083967478,0.330958741368074,0.4308611393178315,1.5742971845400344,1.6464063871815382,0.5026761817561659,3.155612239531272,3.269603518467659,1.9893522608790128,-0.0339988139881401,0.2442581725920341,0.330958741368074,0.2230889233249205,0,1,0,0.1014786861414449,44,143,7,3,-0.8505756908481056,-0.5258526353820696
2_1479_0,47.079823,3084.0,2672.5,986.0,1221.0,1419.5,1794.0,2142.0,2357.5,2430.0,2577.5,463409.5000105199,285,0.26250163,1.7118703768932724,1.162571662571663,1.2691358024691357,1.153975678203929,2.7219439,-15.429741691763155,-6.9700224293851765,8.459719262377979,0,21.578566187127645,79.80826121903915,"{""type"":""MultiPoint"",""coordinates"":[]}",ARCHAEAN,,TIRODI GNEISSIC COMPLEX,,GNEISS/MIGMATITE,,ARCHAEAN-GNEISS-MIGMATITE,-0.1186071816977498,-0.0475257226756441,0.1792290975227658,1.4396551709536969,1.1539756777721326,1.0997942382305377,2.172595982971049,2.5257985237298946,0.9092609912406882,0.1373192751894287,0.0714844089166187,-0.0475257226756441,0.1802120140593589,0,1,0,0.5409138863215524,44,77,5,3,0.7323031340556113,0.6809787954498505
2_1201_0,132.85884,1954.0,1384.0,644.0,798.0,914.0,1218.0,1853.0,2065.0,2080.0,2234.0,2687.322087134328,309,0.38944554,2.2757111597374178,1.1453634085213034,0.9394230769230768,1.4118497109826589,1.3633101,-16.52156557864413,-9.133776839778507,7.38778873886562,0,21.887137487222702,80.14944136394774,"{""type"":""MultiPoint"",""coordinates"":[]}",PALAEOPROTEROZOIC,,SAUSAR,MANSAR,MUSCOVITE SCHIST,,PALAEOPROTEROZOIC-MUSCOVITE-SCHIST,0.0312345066853657,0.2009237874708649,0.2943221320120736,1.4192546561812815,1.4118497099625362,0.665384615064719,2.1378555775296983,2.448621550816264,1.5028901723245012,0.0257510729567684,0.1707609346402753,0.2009237874708649,0.1732991013008349,1,1,0,2.501176478494032,55,77,5,1,0.733031724294726,-0.6801944510046379
1_161_0,19.737871,2936.5,2163.0,771.5,1039.0,1212.0,1647.0,2209.0,2436.0,2552.0,2770.0,44.7213595499958,358,0.35600424,2.1056105610561056,1.1665062560153994,1.150666144200627,1.3576051779935274,2.9535353,-17.593034418797643,-11.21739549785251,6.375638920945134,1,21.71600842559793,79.75112836696916,"{""type"":""MultiPoint"",""coordinates"":[]}",ARCHAEAN,,TIRODI GNEISSIC COMPLEX,,GNEISS/MIGMATITE,,ARCHAEAN-GNEISS-MIGMATITE,-0.0700555707260534,0.0825026510959697,0.2542449625867681,1.5709656492923323,1.3576051773658784,0.8475705325832404,2.4228547834794925,2.8262752619573863,1.1798428103653062,0.110412205552675,0.1516815373758836,0.0825026510959697,0.2220821778562731,0,1,0,0.1166951857639614,44,77,3,1,0.3377174719555678,0.9412475280902152
1_196_0,15.034934,1300.0,905.0,618.0,853.0,818.0,1049.0,1175.0,1271.0,1293.0,1342.0,67.0820393249937,286,0.22501184,1.580684596577017,0.958968347010551,1.005413766434648,1.4364640883977902,3.8357248,-15.934696619287823,-9.352335375163994,6.582361244123831,1,21.449208786214434,79.76837602042424,"{""type"":""MultiPoint"",""coordinates"":[]}",PALAEOPROTEROZOIC,,SAUSAR,CHORBAOLI,QUARTZITE,,PALAEOPROTEROZOIC-QUARTZITE,-0.0026995757799076,0.176524112749534,0.1225428690411782,1.3236245933274684,1.436464086810537,0.6999226599381881,1.5892420518468924,1.5240328235357177,1.4287292801892495,0.0513775130177767,0.179138321914223,0.176524112749534,0.1392757659197243,1,1,0,0.3695579339782437,66,165,7,2,0.2594079348012811,0.9657678413377276
1_573_0,180.0,2814.5,1987.5,708.5,904.0,1095.0,1455.5,1941.0,2215.0,2292.0,2470.0,53.85164807134504,356,0.3534101,2.0931506849315067,1.211283185840708,1.2279668411867364,1.4161006289308176,2.7802885,-16.204520831770914,-10.157329236883344,6.04719159488757,1,21.71600842559793,79.74870291570203,"{""type"":""MultiPoint"",""coordinates"":[]}",ARCHAEAN,,TIRODI GNEISSIC COMPLEX,,GNEISS/MIGMATITE,,ARCHAEAN-GNEISS-MIGMATITE,-0.1023205718001917,0.0711531720829178,0.258438415422637,1.5455186993006087,1.4161006282183142,0.8671465964803026,2.570319632355872,3.1133849523082024,1.153207546589581,0.1315484804440595,0.1722199083356476,0.0711531720829178,0.2143055169313526,0,1,0,0.1341438532332602,44,88,3,1,1.2246467991473532e-16,-1.0
2_1404_0,321.04825,1954.0,975.0,429.0,610.0,449.0,1064.0,2096.0,2414.0,2509.0,2690.0,2594.5327132260254,555,0.6964165,5.587973273942094,0.7360655737704918,0.7787963332004783,2.0041025641025643,4.759601,-15.650890031961149,-8.760428287290697,6.89046174467045,0,21.910314021552985,79.92791681488387,"{""type"":""MultiPoint"",""coordinates"":[]}",ARCHAEAN,,TIRODI GNEISSIC COMPLEX,,GNEISS/MIGMATITE,,ARCHAEAN-GNEISS-MIGMATITE,0.1243558144467049,0.4402985073363092,0.4331379860327283,1.0466200441803728,2.0041025620470743,0.3886010361145472,4.351893086075962,3.2032786832733136,2.573333330694017,-0.1001685077513258,0.3342437690903913,0.4402985073363092,0.0227790432542379,0,1,0,0.5072507700871393,44,154,4,3,-0.6286657167629819,0.7776756499768308
2_458_0,312.94513,3003.5,2196.5,688.5,944.5,1044.5,1525.5,2262.5,2593.5,2673.5,2926.0,463409.5000105199,300,0.43813878,2.559597893729057,1.1058761249338274,1.1234337011408266,1.3674026860915092,1.3611032,-17.83979494609394,-11.066827547137404,6.772967398956535,0,21.45163423748156,80.03382818688156,"{""type"":""MultiPoint"",""coordinates"":[]}",ARCHAEAN,,AMGAON GNEISSIC COMPLEX,,GRANITE GNEISS/MIGMATITE,,ARCHAEAN-GRANITE-GNEISS-MIGMATITE,-0.0581292936307681,0.0979466118895386,0.314613051709623,1.5170660834901002,1.3674026854689725,0.8215821953164084,2.875538532431269,3.179989409020657,1.2171636689200258,0.0925775978282621,0.155192307662463,0.0979466118895386,0.2054241199045446,0,1,0,0.6441455922708466,44,77,5,1,-0.7320064901739782,0.6812976576674644
2_1162_0,180.0,2370.5,1467.0,716.0,969.0,969.5,1488.5,2364.0,2673.0,2752.5,2970.0,463409.5000105199,273,0.4790435,2.8390923156266115,1.000515995872033,0.8612170753860127,1.6158827539195637,1.8543341,-17.50625065475832,-12.368250387096955,5.138000267661363,0,21.313114020670326,79.62796934151636,"{""type"":""MultiPoint"",""coordinates"":[]}",ARCHAEAN,,TIRODI GNEISSIC COMPLEX,,GNEISS/MIGMATITE,,ARCHAEAN-GNEISS-MIGMATITE,0.0745656841548768,0.3046569498033755,0.3322866434154342,1.3540502774384773,1.6158827528180757,0.5329700270543252,2.445074778292857,2.4463364267839665,1.876278117330417,-0.0188734669870201,0.2354397393523284,0.3046569498033755,0.1504004745473743,0,1,0,5.931259683630067,11,11,1,0,1.2246467991473532e-16,-1.0
2_824_0,227.03749,2931.0,1953.0,792.0,1042.0,1164.0,1567.0,2169.0,2428.0,2478.0,2603.0,463409.5000105199,266,0.3607908,2.128865979381444,1.1170825335892514,1.1828087167070218,1.5007680491551458,2.719787,-17.480475536337728,-10.172158297051388,7.308317239286341,0,21.36270102435373,79.84679894472788,"{""type"":""MultiPoint"",""coordinates"":[]}",ARCHAEAN,,AMGAON GNEISSIC COMPLEX,,GRANITE GNEISS/MIGMATITE,,ARCHAEAN-GRANITE-GNEISS-MIGMATITE,-0.0837493066955538,0.1184834122955352,0.2484412469428198,1.4696969678412917,1.5007680483867034,0.788135592902286,2.518041234950136,2.8128598821373703,1.2688172036513992,0.1120162932638131,0.2002457002046999,0.1184834122955352,0.1901840489825234,0,1,0,3.635973680539293,22,33,3,0,-0.7317997928782065,-0.681519671868255
1_119_0,333.91055,1837.0,938.0,451.0,647.0,559.0,1084.0,2306.0,2714.0,2872.0,3063.0,30.0,679,0.6741475,5.137745974955277,0.8639876352395672,0.6396239554317549,1.9584221748400847,11.214438,-16.751186892880167,-9.55093082243332,7.200256070446846,1,21.832430086419823,80.36665399964785,"{""type"":""MultiPoint"",""coordinates"":[]}",ARCHAEAN,,TIRODI GNEISSIC COMPLEX,,GNEISS/MIGMATITE,,ARCHAEAN-GNEISS-MIGMATITE,0.2197918878276084,0.5076115484231991,0.4772124426146099,1.239467846475681,1.958422172752215,0.3266016711954729,3.286225396625715,2.839258109985691,3.061833685435145,-0.1620912746700312,0.3239639638472202,0.5076115484231991,0.1069306929634349,0,1,0,2.2058240658710213,22,44,4,0,-0.4397738065732596,0.8981085675195762
2_478_0,270.0,2224.0,1298.0,588.0,824.0,840.0,1331.0,2072.0,2386.0,2515.0,2619.0,3092.733418838423,313,0.49925485,2.994047619047619,1.019417475728155,0.8842942345924454,1.7134052388289676,3.992916,-16.308866482005644,-9.368769304687577,6.940097177318069,0,21.93133459920138,80.18609262753982,"{""type"":""MultiPoint"",""coordinates"":[]}",PALAEOPROTEROZOIC,,SAUSAR,MANSAR,MUSCOVITE SCHIST,,PALAEOPROTEROZOIC-MUSCOVITE-SCHIST,0.0614053597675869,0.3191712561449852,0.3260759492845377,1.4285714261418854,1.7134052375089326,0.5161033795164599,2.6476190444671204,2.699029122938072,1.9375963005103265,-0.0063239824864076,0.2629187960639072,0.3191712561449852,0.1764705881117152,1,1,0,0.893585872963215,44,66,5,1,-1.0,-1.8369701987210294e-16
2_169_0,65.100685,3267.5,2432.5,802.0,1052.5,1330.5,1708.0,2290.5,2567.5,2775.5,2921.0,2136.6328650472456,333,0.351924,2.0860578729800827,1.2641330166270783,1.1772653575932264,1.343268242548818,2.2018514,-16.691391798228942,-9.527692359551867,7.1636994386770745,0,21.82245878676609,79.94139154414567,"{""type"":""MultiPoint"",""coordinates"":[]}",ARCHAEAN,,TIRODI GNEISSIC COMPLEX,,GNEISS/MIGMATITE,,ARCHAEAN-GNEISS-MIGMATITE,-0.0814165149625324,0.0658602150411174,0.26204363787815,1.658977554041175,1.3432682419966009,0.8764186629881396,2.455843665948257,3.10451306118336,1.1410071937755366,0.1248241697602808,0.1464912280444752,0.0658602150411174,0.2478311839400557,0,1,0,0.4769319576877527,22,77,5,3,0.9070490479225712,0.4210249691678119
1_254_0,47.054375,2192.0,1218.0,533.0,805.0,713.0,1314.0,2262.0,2696.0,2796.0,3029.0,31.6227766016838,290,0.5936164,3.9214586255259465,0.8857142857142857,0.7839771101573677,1.799671592775041,2.7206469,-15.873217381618591,-8.575327861059176,7.297889520559416,1,21.449208786214434,79.76648955832759,"{""type"":""MultiPoint"",""coordinates"":[]}",PALAEOPROTEROZOIC,,SAUSAR,CHORBAOLI,QUARTZITE,,PALAEOPROTEROZOIC-QUARTZITE,0.1210906174576803,0.3931240656718675,0.3948883259509812,1.3377110669086096,1.799671591297478,0.4356223174407646,3.074333796529686,2.7229813630770416,2.2955665005783525,-0.0680141161264013,0.2856304984499617,0.3931240656718675,0.1444622791777991,1,1,0,0.3097610301412783,66,165,7,2,0.7320006041574405,0.6813039817241215
1_353_0,90.0,1549.5,753.0,355.5,490.5,413.5,800.0,1671.5,1924.0,2041.5,2192.5,50.99019513592785,445,0.6631365,4.937122128174123,0.8430173292558614,0.7590007347538574,2.057768924302789,1.9998537,-14.205581601029802,-7.562435717313804,6.643145883715999,1,22.00032521302176,80.23460165288228,"{""type"":""MultiPoint"",""coordinates"":[]}",PALAEOPROTEROZOIC,,SAUSAR,MANSAR,BIOTITE SCHIST,,PALAEOPROTEROZOIC-BIOTITE-SCHIST,0.1370091896026151,0.4610842725134785,0.4653299914902823,1.1631504889925444,2.057768921570028,0.3688464362631171,3.747279313791344,3.159021400287418,2.711155374885584,-0.0995412843808391,0.3459283386119747,0.4610842725134785,0.0754226266899575,1,1,0,0.0357033981349929,55,143,6,3,1.0,6.123233995736766e-17
1_127_0,356.14813,1769.0,944.0,483.0,627.0,613.0,1011.0,2039.0,2332.0,2447.0,2697.0,56.56854249492381,688,0.5993464,3.99184339314845,0.977671451355662,0.7229260318757662,1.8739406779661016,14.552249,-15.064799458269594,-8.669278931545941,6.395520526723653,1,21.832160591834587,80.3677319779888,"{""type"":""MultiPoint"",""coordinates"":[]}",ARCHAEAN,,TIRODI GNEISSIC COMPLEX,,GNEISS/MIGMATITE,,ARCHAEAN-GNEISS-MIGMATITE,0.1608159392407931,0.4432320847999905,0.4546925565116795,1.269151136088714,1.8739406759809951,0.3857785041333149,2.885807499370624,2.8213716063455,2.5921610142032194,-0.1031626505829889,0.3040914116092549,0.4432320847999905,0.1186131385779077,0,1,0,2.3036268612339263,22,44,4,0,-0.0671771850657255,0.9977410615017532
2_902_0,47.152363,1741.0,1138.0,603.9166666666666,796.4375,793.4285714285714,1250.5555555555557,1787.5,1996.2,2048.5,2112.828571428571,463409.5000105199,319,0.44162667,2.5818329132157003,0.9962220154482572,0.8498901635342934,1.5298769771528995,2.7256515,-16.628054936002485,-9.027722753135206,7.6003321828672785,0,21.94319236095176,80.09662042524153,"{""type"":""MultiPoint"",""coordinates"":[]}",PALAEOPROTEROZOIC,,SAUSAR,MANSAR,BIOTITE SCHIST,,PALAEOPROTEROZOIC-BIOTITE-SCHIST,0.0811452698031019,0.2857367016206695,0.2563706621253001,1.313804724903712,1.5298769758085438,0.5555284351693784,2.1942743940655527,2.185984459312897,1.8000878718804147,-0.0227475642320641,0.2094477248317305,0.2857367016206695,0.1356228220912758,1,1,0,0.2920915905149777,44,55,5,1,0.7331647081827656,0.6800511088699732
1_361_0,336.6906,2385.0,1590.0,594.0,775.0,811.0,1258.0,2063.0,2330.0,2607.0,2699.0,56.56854249492381,305,0.5254535,3.214549938347719,1.0464516129032255,0.9148446490218642,1.5,5.036582,-15.072373792908529,-7.773020177553923,7.299353615354605,1,21.817877378817087,80.16776699574379,"{""type"":""MultiPoint"",""coordinates"":[]}",PALAEOPROTEROZOIC,,SAUSAR,MANSAR,PHYLLITE,,PALAEOPROTEROZOIC-PHYLLITE,0.0444711538372453,0.2423159398993767,0.3641647711993518,1.365319863021347,1.4999999990566035,0.6098964324472972,2.9408138064848166,3.077419350867846,1.6396226404782246,-0.0007816163825571,0.1999999999496855,0.2423159398993767,0.1544483984665847,1,1,0,0.7892370089952974,66,77,5,2,-0.3956961784245988,0.918381475412134
1_253_0,208.28899,3094.0,2182.5,752.0,997.5,1131.5,1500.5,2201.0,2439.5,2527.5,2717.5,28.284271247461906,355,0.381525,2.23376049491825,1.1343358395989975,1.2241345202769536,1.4176403207331043,2.1056247,-18.05752548189101,-11.504212249565606,6.553313232325406,1,21.71600842559793,79.74951139945773,"{""type"":""MultiPoint"",""coordinates"":[]}",ARCHAEAN,,TIRODI GNEISSIC COMPLEX,,GNEISS/MIGMATITE,,ARCHAEAN-GNEISS-MIGMATITE,-0.1007738148001825,0.0732484076277604,0.2885253674043325,1.504654253318279,1.4176403200835554,0.8635014833378828,2.7344233294437266,3.101754382855384,1.1580756008439517,0.1260493004495604,0.1727470861039046,0.0732484076277604,0.2014865939997416,0,1,0,0.0505308402346762,44,77,3,1,-0.4739190071059496,-0.8805684383985783
2_1204_0,342.87704,1524.5,782.0,387.0,510.0,461.0,843.0,1634.5,1895.5,2026.5,2193.0,463409.5000105199,620,0.6293467,4.39587852494577,0.903921568627451,0.7522822600542808,1.9494884910485928,6.761989,-15.570874377831856,-8.507243089932217,7.063631287899639,0,21.965829906111573,80.3647675375512,"{""type"":""MultiPoint"",""coordinates"":[]}",PALAEOPROTEROZOIC,,SAUSAR,MANSAR,PHYLLITE,,PALAEOPROTEROZOIC-PHYLLITE,0.1413686285155256,0.4431191025660961,0.4446640314740896,1.1912144672061642,1.9494884885556412,0.3858869970955406,3.3069414244968733,2.9892156804133028,2.5914322217500865,-0.0972948397141862,0.3219163232942049,0.4431191025660961,0.0872641508404903,1,1,0,0.2316322301587013,55,99,6,2,-0.2944233142505121,0.9556751079868848
1_581_0,10.178654,1708.0,892.0,454.0,610.0,554.0,1017.0,2310.0,2717.0,2890.0,2926.0,53.85164807134504,687,0.67828107,5.216606498194946,0.9081967213114754,0.5910034602076124,1.9147982062780269,11.164382,-14.18589065200333,-7.2657791572943164,6.920111494709014,1,21.83189109724935,80.36611501047737,"{""type"":""MultiPoint"",""coordinates"":[]}",ARCHAEAN,,TIRODI GNEISSIC COMPLEX,,GNEISS/MIGMATITE,,ARCHAEAN-GNEISS-MIGMATITE,0.2570682905052048,0.5282919089031486,0.4841491249089147,1.2202643144928098,1.914798204131392,0.3086505189243424,3.0830324854096887,2.799999995409836,3.239910310269159,-0.1930074919384574,0.3138461537254438,0.5282919089031486,0.0992063491079302,0,1,0,2.2104060951175164,22,44,4,0,0.1767180581087065,0.9842615139983316
1_284_0,6.469544,1786.0,917.0,466.0,659.0,586.0,1116.0,2267.0,2640.0,2695.0,2999.0,10.0,657,0.6427918,4.598976109215017,0.8892261001517451,0.662708719851577,1.9476553980370768,17.199326,-15.352374619276556,-7.107532870927219,8.244841748349335,1,21.83323857017553,80.36692349423308,"{""type"":""MultiPoint"",""coordinates"":[]}",ARCHAEAN,,TIRODI GNEISSIC COMPLEX,,GNEISS/MIGMATITE,,ARCHAEAN-GNEISS-MIGMATITE,0.2028565051990947,0.4922480618792226,0.4575941675680208,1.257510726915213,1.9476553959131349,0.3402597401334843,3.047781564764878,2.7101669154625694,2.9389312945049824,-0.1425989517183085,0.3214946354711451,0.4922480618792226,0.1140684409562086,0,1,0,2.1592454897067803,22,44,4,0,0.1126750572509955,0.9936318893199256
1_198_0,191.42188,2344.0,1446.0,543.0,792.0,739.0,1232.0,2001.0,2263.0,2405.0,2542.0,30.0,353,0.5298982,3.2543978349120435,0.933080808080808,0.9746361746361748,1.6210235131396955,14.801392,-14.602483699865036,-8.157030521559712,6.445453178305325,1,21.86449994206289,79.98154623734581,"{""type"":""MultiPoint"",""coordinates"":[]}",ARCHAEAN,,TIRODI GNEISSIC COMPLEX,,GNEISS/MIGMATITE,,ARCHAEAN-GNEISS-MIGMATITE,0.0128448094308602,0.2490262268893726,0.3471118176080784,1.360957640219231,1.6210235120186558,0.6012474009974024,3.171853852270834,2.959595955859096,1.6632088508553189,0.0223843475340102,0.2369393139216519,0.2490262268893726,0.1528861153253618,0,1,0,0.8303422396008124,44,88,5,2,-0.1980316699929223,-0.980195622148872
2_825_0,208.27783,2536.6666666666665,1751.6,657.1333333333333,879.1333333333333,1034.8461538461538,1393.7222222222222,1875.8125,2131.9166666666665,2190.0,2388.7,463409.5000105199,286,0.35820433,2.116256597041552,1.1771208241216582,1.1582952815829528,1.4481997411890082,2.1054044,-17.445526738876396,-10.650897871649844,6.794628867226553,0,21.648904273874205,80.05754371038232,"{""type"":""MultiPoint"",""coordinates"":[]}",ARCHAEAN,,TIRODI GNEISSIC COMPLEX,,GNEISS/MIGMATITE,,ARCHAEAN-GNEISS-MIGMATITE,-0.0733427362327201,0.1112238684515872,0.2630530699796286,1.5747887069159456,1.448199740362221,0.7998173512329602,2.451250028603316,2.885417453303916,1.2502854525860438,0.1128554947109168,0.1830731919229821,0.1112238684515872,0.2232372337558457,0,1,0,5.953915531733594,11,22,2,0,-0.4737474821021866,-0.8806607310433674
2_683_0,72.81566,1454.0,676.0,368.0,503.0,354.0,743.0,1735.0,2127.0,2343.0,2307.0,1814.63494951464,543,0.7374861,6.61864406779661,0.7037773359840954,0.6205719163465643,2.1508875739644973,3.136145,-14.221992123332356,-7.016748151540084,7.205243971792272,0,21.912200483649634,79.96995797018067,"{""type"":""MultiPoint"",""coordinates"":[]}",ARCHAEAN,,TIRODI GNEISSIC COMPLEX,,GNEISS/MIGMATITE,,ARCHAEAN-GNEISS-MIGMATITE,0.2341322095775264,0.5521695923974265,0.5127868850777748,0.961956519125118,2.150887570782711,0.288518992621204,4.107344621165693,2.890656057871459,3.465976326233763,-0.1998229696393399,0.3652582157909586,0.5521695923974265,-0.0193905816905947,0,1,0,0.0199664562369752,66,99,4,3,0.9553591489389144,0.2954469436949948
2_1232_0,180.0,1846.5,1156.0,615.0,811.5,752.5,1259.0,2169.5,2441.0,2422.0,2663.5,463409.5000105199,277,0.5259096,3.218604651162791,0.9272951324707333,0.7623864574731627,1.597318339100346,0.92740995,-15.58772389149258,-8.796505722763536,6.791218168729044,0,21.47777521224944,79.87240093032528,"{""type"":""MultiPoint"",""coordinates"":[]}",ARCHAEAN,,AMGAON GNEISSIC COMPLEX,,GRANITE GNEISS/MIGMATITE,,ARCHAEAN-GRANITE-GNEISS-MIGMATITE,0.1348248799028171,0.353828954624419,0.3580624600744264,1.2235772337828013,1.597318337718583,0.4772914944354701,2.453820594745753,2.2754158936840225,2.095155707530142,-0.0777146912566155,0.2299750207393922,0.353828954624419,0.1005484459959426,0,1,0,1.5356036801081392,22,77,5,2,1.2246467991473532e-16,-1.0
1_69_0,-0.0,2198.0,2074.0,1229.0,1362.0,1463.0,1645.0,1776.0,1854.0,1911.0,1924.0,50.0,309,0.13278009,1.30622009569378,1.0741556534508077,1.15018315018315,1.059787849566056,0.0,-14.699365407356956,-3.235251558002449,11.464113849354508,1,21.851294707386334,80.22678630991044,"{""type"":""MultiPoint"",""coordinates"":[]}",PALAEOPROTEROZOIC,,SAUSAR,MANSAR,PHYLLITE,,PALAEOPROTEROZOIC-PHYLLITE,-0.0698466780068516,-0.0409033876936252,0.0781731577253647,1.1903986971599685,1.0597878490550685,1.085295656156308,1.5023923434706818,1.613803229358441,0.9214079069809992,0.0766063814032338,0.0290262172216698,-0.0409033876936252,0.0869242198785571,1,1,0,0.7266197561084845,44,88,5,1,-0.0,1.0
2_1464_0,132.78818,3795.5,2785.5,908.5,1221.0,1616.5,1898.0,2301.5,2570.5,2763.5,2978.0,463409.5000105199,512,0.26187214,1.7095576863594184,1.323914823914824,1.3734394789216573,1.3625919942559683,2.7287016,-18.64963219948278,-11.66891959395364,6.980712605529142,0,22.236941458858844,80.48496212256639,"{""type"":""MultiPoint"",""coordinates"":[]}",PALAEOPROTEROZOIC,,SAUSAR,JUNEWANI,GREY & PINK GNEISS/QTZ-BIOTITE-SILLIMANITE GNEISS,,PALAEOPROTEROZOIC-GREY-PINK-GNEISS-QTZ-BIOTITE-SILLIMANITE-GNEISS,-0.1573410580641346,-0.0039646783197036,0.2214930270259448,1.7793065472985068,1.3625919937667952,1.0079609187595582,2.347974016487489,3.1085176059717297,0.9921019562045944,0.1915455746156378,0.1534721166762692,-0.0039646783197036,0.2803960394929125,1,1,0,1.4539530700214498,11,77,3,2,0.7338700162147304,-0.6792899228613593
2_328_0,-0.0,2582.0,1760.0,605.5,807.0,957.5,1225.0,1877.5,2168.0,2398.0,2488.5,463409.5000105199,568,0.42929518,2.50443864229765,1.1864931846344486,1.0767306088407005,1.4670454545454543,1.8543341,-17.760592489419032,-10.76485669448333,6.995735794935703,0,22.229126115887,80.3362011115162,"{""type"":""MultiPoint"",""coordinates"":[]}",ARCHAEAN,,TIRODI GNEISSIC COMPLEX,,GNEISS/MIGMATITE,,ARCHAEAN-GNEISS-MIGMATITE,-0.0369477911572393,0.1534391534022512,0.3402450517462649,1.5813377347954785,1.467045453711906,0.7339449538223749,2.696605741309028,3.199504333086116,1.3624999992258522,0.081919608729647,0.1893136802880438,0.1534391534022512,0.2252079333172054,0,1,0,1.8940936396969492,22,55,3,1,-0.0,1.0
2_1149_0,270.0,3191.0,2234.0,836.0,1119.0,1308.0,1740.0,2344.0,2581.0,2674.0,2903.0,463409.5000105199,274,0.34304368,2.04434250764526,1.168900804289544,1.193343305908751,1.428379588182632,0.99592143,-18.18348968981178,-11.02933977107539,7.154149918736389,0,21.37806221571217,79.8912655512918,"{""type"":""MultiPoint"",""coordinates"":[]}",ARCHAEAN,,AMGAON GNEISSIC COMPLEX,,GRANITE GNEISS/MIGMATITE,,ARCHAEAN-GRANITE-GNEISS-MIGMATITE,-0.0881500426107161,0.0896495517339752,0.2504846004198827,1.5645932995638836,1.42837958754325,0.8354525052971382,2.439602444618041,2.8516532592925348,1.1969561319619713,0.1234860781466492,0.1764055299213998,0.0896495517339752,0.2201492536286617,0,1,0,4.8166001916612,11,22,2,0,-1.0,-1.8369701987210294e-16
2_82_0,199.79424,1351.5,659.5,347.0,514.5,418.0,801.5,1723.5,1998.0,2090.0,2242.0,463409.5000105199,556,0.6666667,5.0,0.8124392614188533,0.6466507177033493,2.049279757391964,5.8935246,-15.534418201666206,-8.832155337145391,6.702262864520815,0,22.15582358870285,80.61593649099102,"{""type"":""MultiPoint"",""coordinates"":[]}",PALAEOPROTEROZOIC,,SAUSAR,JUNEWANI,GREY & PINK GNEISS/QTZ-BIOTITE-SILLIMANITE GNEISS,,PALAEOPROTEROZOIC-GREY-PINK-GNEISS-QTZ-BIOTITE-SILLIMANITE-GNEISS,0.2145866627300344,0.5202764137042094,0.4733037619604719,1.2046109475371445,2.0492797542846404,0.3155502390834688,3.2332535807816902,2.62682215232882,3.169067470554864,-0.1586829905720473,0.3441074090780172,0.5202764137042094,0.092810457395019,1,1,0,5.998385299939772,33,66,5,4,-0.3386433308821548,-0.9409148178496496
2_398_0,180.0,1772.0,915.5,406.0,558.5,451.0,847.5,1807.5,2142.5,2349.0,2438.5,463409.5000105199,585,0.67785716,5.208425720620842,0.8075201432408237,0.7543635589612601,1.9355543418896777,2.7802885,-14.955318483856924,-8.234282817254645,6.72103566660228,0,22.093570339513366,80.297124396657,"{""type"":""MultiPoint"",""coordinates"":[]}",PALAEOPROTEROZOIC,,SAUSAR,JUNEWANI,GREY & PINK GNEISS/QTZ-BIOTITE-SILLIMANITE GNEISS,,PALAEOPROTEROZOIC-GREY-PINK-GNEISS-QTZ-BIOTITE-SILLIMANITE-GNEISS,0.1400145595389433,0.4391177820679682,0.4841752889579503,1.1108374356875923,1.935554339775473,0.3897403148617538,3.92904655448105,3.1727842378284974,2.565811029420196,-0.106870228986165,0.3186976743000195,0.4391177820679682,0.052508751397306,1,1,0,0.6752339752518303,44,55,3,2,1.2246467991473532e-16,-1.0
1_215_0,340.24738,2092.0,1180.0,515.0,726.0,662.0,1273.0,2545.0,3003.0,3117.0,3278.0,41.23105625617661,681,0.64964277,4.70845921450151,0.9118457300275482,0.6711581649021495,1.7728813559322034,11.66195,-14.005952866168098,-6.790376520937609,7.215576345230489,1,21.832160591834587,80.36638450506261,"{""type"":""MultiPoint"",""coordinates"":[]}",ARCHAEAN,,TIRODI GNEISSIC COMPLEX,,GNEISS/MIGMATITE,,ARCHAEAN-GNEISS-MIGMATITE,0.1967748127861825,0.4507796135790599,0.4405625136364398,1.2854368907078897,1.7728813544297617,0.3785691368692431,3.1601208411478536,2.88154269575545,2.6415254214902326,-0.1374882555375057,0.2787286062717822,0.4507796135790599,0.124893797684882,0,1,0,2.2092327593865795,22,44,4,0,-0.3379597553952215,0.9411605621429332
2_395_0,180.0,2536.5,1906.0,738.5,982.0,1135.5,1475.5,2111.5,2405.0,2378.5,2578.0,2297.1504086585187,348,0.35372794,2.094671950682519,1.156313645621181,1.066428421273912,1.330797481636936,0.92740995,-18.05954462215692,-10.435887277999427,7.623657344157486,0,21.77044633181557,79.78050327675986,"{""type"":""MultiPoint"",""coordinates"":[]}",ARCHAEAN,,TIRODI GNEISSIC COMPLEX,,GNEISS/MIGMATITE,,ARCHAEAN-GNEISS-MIGMATITE,-0.0321464903291665,0.1102812463273937,0.2719871715130166,1.5375761658258955,1.330797480938721,0.8013453854104077,2.2338176994858494,2.5829938873900264,1.2479013634586036,0.0817498895151347,0.1419245919770569,0.1102812463273937,0.211846317923241,0,1,0,2.276085657709288,11,33,2,1,1.2246467991473532e-16,-1.0
2_460_0,90.0,1889.0,1094.0,452.35,629.0,588.0,1057.0,1708.0,2015.25,2029.0,2265.428571428572,463409.5000105199,735,0.5506305,3.450680272108844,0.9348171701112876,0.9310004928536224,1.726691042047532,1.9951247,-14.900365036677965,-8.11645679796561,6.783908238712355,0,21.66130102479505,80.5609595956029,"{""type"":""MultiPoint"",""coordinates"":[]}",CENOZOIC,,,,LATERITE,,CENOZOIC-LATERITE,0.0357325165809769,0.299391610534937,0.3637184502495581,1.2998784098598908,1.7266910404692035,0.5391818627209551,3.2125850285500253,3.0031796454639434,1.85466178989519,-0.0008773079752584,0.2665102245167582,0.299391610534937,0.1303888113323508,0,0,1,0.3291021190892652,44,231,3,0,1.0,6.123233995736766e-17
1_501_0,121.8044,2029.0,1293.5,691.5,895.0,907.0,1356.5,1941.0,2239.0,2217.0,2426.5,50.0,275,0.41933417,2.444321940463065,1.0134078212290505,0.9152007216959857,1.568612292230383,3.5153315,-17.070804422716442,-10.429010234786968,6.641794187929474,1,21.53409958056373,79.98235472110152,"{""type"":""MultiPoint"",""coordinates"":[]}",ARCHAEAN,,TIRODI GNEISSIC COMPLEX,,GNEISS/MIGMATITE,,ARCHAEAN-GNEISS-MIGMATITE,0.0442769665463313,0.2630679389650853,0.2828443033880929,1.311641357466896,1.5686122910176945,0.5834460980679089,2.2370452015027067,2.267039103612247,1.7139543859961697,0.0047052784661296,0.2213694506481958,0.2630679389650853,0.134813887935681,0,1,0,0.432914429682052,33,77,4,1,0.8498522231807949,-0.5270210610162182
1_237_0,297.9405,1035.0,817.0,608.0,678.0,652.0,796.0,1007.0,1007.0,930.0,1010.0,60.0,318,0.17572694,1.4263803680981595,0.9616519174041298,1.1129032258064515,1.266829865361077,7.8680615,-11.196752397465742,-4.628906195105757,6.567846202359985,1,21.84994723446016,80.22840327742185,"{""type"":""MultiPoint"",""coordinates"":[]}",PALAEOPROTEROZOIC,,SAUSAR,MANSAR,PHYLLITE,,PALAEOPROTEROZOIC-PHYLLITE,-0.0534351144766233,0.0646823124987508,0.1184939091259723,1.0723684192888678,1.2668298638104898,0.8784946227112961,1.5874233104487372,1.526548670314825,1.1383108921195706,0.0462015503732708,0.1177105830897891,0.0646823124987508,0.0349206348929201,1,1,0,0.5077183853060668,44,88,5,1,-0.8834346492350154,0.4685543944207602
2_1222_0,208.35092,1780.5,828.5,457.0,666.5,531.5,1078.5,2122.5,2539.0,2670.0,2764.5,463409.5000105199,522,0.66796815,5.0235183443085605,0.7974493623405852,0.6668539325842696,2.149064574532287,27.249954,-15.352814690325538,-9.698143017715708,5.65467167260983,0,22.08494651278582,80.22489984781379,"{""type"":""MultiPoint"",""coordinates"":[]}",ARCHAEAN,,TIRODI GNEISSIC COMPLEX,,GNEISS/MIGMATITE,,ARCHAEAN-GNEISS-MIGMATITE,0.1998651836423176,0.5263684434682383,0.4387197500809993,1.1630196911093662,2.149064571938365,0.3102996253519477,3.349952957008555,2.6714178504554877,3.222691607456015,-0.1498437212447428,0.364890762604488,0.5263684434682383,0.0753667171721125,0,1,0,2.0873056507619854,33,66,3,1,-0.4748705210113851,-0.8800556733948004
1_258_0,256.9012,3341.0,2433.0,746.0,1071.0,1110.0,1625.0,2203.0,2468.0,2491.0,2690.0,60.82762530298219,287,0.38350457,2.244144144144144,1.0364145658263306,1.3412284223203532,1.3732018084669133,4.085587,-18.942518391687628,-12.27380591786645,6.668712473821177,1,21.449747775384907,79.76514208540142,"{""type"":""MultiPoint"",""coordinates"":[]}",PALAEOPROTEROZOIC,,SAUSAR,CHORBAOLI,QUARTZITE,,PALAEOPROTEROZOIC-QUARTZITE,-0.1457475994263121,0.0117790414273397,0.2468134414259991,1.4879356548419094,1.3732018079025066,0.976716177849572,3.009909907198279,3.1195144695429367,1.023838881617822,0.1579084286995436,0.1572566677940324,0.0117790414273397,0.1961206895495039,1,1,0,0.2701802154791703,55,165,7,2,-0.973980714039317,-0.2266309084821891
2_886_0,180.0,2027.0,1050.0,433.0,624.0,575.5,1163.5,2006.0,2328.5,2417.0,2635.0,463409.5000105199,585,0.61537176,4.199826238053866,0.9222756410256412,0.8386429458005792,1.9304761904761905,1.8543341,-14.869540408227008,-8.536269931506977,6.333270476720029,0,21.86503893123336,79.5290648287348,"{""type"":""MultiPoint"",""coordinates"":[]}",ARCHAEAN,,TIRODI GNEISSIC COMPLEX,,GNEISS/MIGMATITE,,ARCHAEAN-GNEISS-MIGMATITE,0.08775877585784,0.3942890105583245,0.3873897590134554,1.32909930408984,1.9304761886376416,0.4344228380494734,3.5221546420118948,3.248397430691671,2.3019047597124715,-0.045392021999928,0.3175170619702577,0.3942890105583245,0.1412989587096688,0,1,0,2.7493953402384297,11,44,2,0,1.2246467991473532e-16,-1.0
2_736_0,270.0,1666.0,870.0,449.0,584.0,559.0,920.0,1785.0,2035.0,2115.0,2225.0,463409.5000105199,331,0.58189976,3.783542039355993,0.9571917808219178,0.7877068557919622,1.914942528735632,0.99666643,-14.391415251612614,-8.045487462235448,6.345927789377166,0,21.48720752273269,79.61961500937406,"{""type"":""MultiPoint"",""coordinates"":[]}",ARCHAEAN,,TIRODI GNEISSIC COMPLEX,,GNEISS/MIGMATITE,,ARCHAEAN-GNEISS-MIGMATITE,0.1187516529704438,0.4170854269959513,0.4149443559888889,1.2449888613697353,1.9149425265345488,0.4113475175360059,2.980321998246293,2.852739721142569,2.431034479964328,-0.0707872206993553,0.3138801260591956,0.4170854269959513,0.1091269840187232,0,1,0,0.0271631184826403,44,132,5,3,-1.0,-1.8369701987210294e-16
2_668_0,28.296104,3826.5,2665.5,739.0,979.0,1198.5,1675.0,2301.5,2537.5,2739.0,2930.0,463409.5000105199,421,0.3912381,2.285356695869837,1.2242083758937692,1.397042716319825,1.4355655599324704,2.1057653,-19.68015639207468,-12.36817893649957,7.311977455575109,0,21.75885806465044,79.56436861940071,"{""type"":""MultiPoint"",""coordinates"":[]}",ARCHAEAN,,TIRODI GNEISSIC COMPLEX,,GNEISS/MIGMATITE,,ARCHAEAN-GNEISS-MIGMATITE,-0.165638565202096,0.0135997779602923,0.2725298587898958,1.6217861953697077,1.4355655593938978,0.97316538847274,3.1927409234937496,3.908580179868662,1.0275745634861848,0.1819357873477671,0.1788354898060943,0.0135997779602923,0.2371612902001748,0,1,0,0.9860797568869476,22,55,3,2,0.4740283372276981,0.8805095885367425
2_918_0,227.20284,1562.0,794.0,378.5,518.5,408.0,859.0,1723.5,2023.5,2248.0,2281.0,463409.5000105199,581,0.6927711,5.509803921568627,0.7868852459016393,0.6948398576512456,1.9672544080604533,1.3648936,-14.01691109553714,-7.290379263997671,6.72653183153947,0,22.19274434688016,80.211425118552,"{""type"":""MultiPoint"",""coordinates"":[]}",NEOPROTEROZOIC,,,,GRANITE,ACID  INTRUSIVE,NEOPROTEROZOIC-GRANITE,0.1800524933910623,0.4779750162794297,0.4528662418939916,1.0779392309697775,1.967254405582803,0.3532028468179702,3.828431363165609,3.012536156195688,2.831234253361166,-0.1428260632779666,0.3259762307614702,0.4779750162794297,0.0375079465511659,0,0,1,0.223272492387029,55,154,3,1,-0.733763541706951,-0.6794049343813096
2_816_0,270.0,1914.0,1533.0,771.0,1036.0,1178.0,1472.0,1449.0,1599.0,1559.0,1527.0,463409.5000105199,284,0.1392035,1.3234295415959254,1.1370656370656371,1.22771007055805,1.24853228962818,2.989714,-24.33547739622064,-15.70214973897392,8.633327657246719,0,21.59069344346326,80.33081121981148,"{""type"":""MultiPoint"",""coordinates"":[]}",ARCHAEAN,,AMGAON GNEISSIC COMPLEX,,GRANITE GNEISS/MIGMATITE,,ARCHAEAN-GRANITE-GNEISS-MIGMATITE,-0.1022171033394134,0.0084087968924939,0.0183394464760455,1.527885860534519,1.248532288813743,0.9833226420889528,1.6247877745120645,1.8474903457070555,1.0169602080776514,0.1405385466358283,0.1105308963996139,0.0084087968924939,0.2088250383741277,0,1,0,1.87569865955724,11,22,2,0,-1.0,-1.8369701987210294e-16
2_119_0,180.0,2133.5,1329.75,460.4166666666667,668.1538461538462,671.2857142857143,1115.6666666666667,1877.75,2152.75,2296.833333333333,2458.0,463409.5000105199,338,0.5476693,3.4215435908349288,1.004687345810993,0.9288875988680068,1.6044369242338783,1.8543341,-15.117808925418997,-8.449827915618695,6.667981009800302,0,21.61440896696401,79.81284262698816,"{""type"":""MultiPoint"",""coordinates"":[]}",PALAEOPROTEROZOIC,,SAUSAR,LOHANGI ( INCLUDES UTEKATA),CALC GNEISS,,PALAEOPROTEROZOIC-CALC-GNEISS,0.0368670528846134,0.266665134695191,0.3756179459820115,1.457996118358845,1.604436923027308,0.5789492777393734,3.1782294057783345,3.193126866047588,1.727267028844569,0.0085464597350707,0.2320796938621007,0.266665134695191,0.1863290658231736,1,1,0,0.0285109721577036,44,88,4,2,1.2246467991473532e-16,-1.0
1_153_0,139.21667,1883.5,1057.0,296.5,555.5,409.5,911.5,1733.0,2118.0,2270.0,2371.5,14.142135623730953,663,0.69434595,5.543345543345543,0.7371737173717372,0.8297356828193833,1.781929990539262,12.067533,-13.019582725079996,-5.732618132853103,7.286964592226893,1,21.973914743668647,80.46690598535558,"{""type"":""MultiPoint"",""coordinates"":[]}",PALAEOPROTEROZOIC,,SAUSAR,MANSAR,SCHIST,,PALAEOPROTEROZOIC-SCHIST,0.0930540507781259,0.3645927260701554,0.4447151993771809,1.3811129801648805,1.7819299888534246,0.4656387663146966,4.599511588279581,3.39063905780263,2.147587509794146,-0.0562815104318795,0.2810746470732614,0.3645927260701554,0.1600566569970868,1,1,0,0.0209779580204607,44,143,7,3,0.6532003313613568,-0.7571851339728044
2_681_0,90.0,2577.0,1895.5,693.5,931.5,1081.0,1476.5,2028.0,2217.5,2254.0,2454.5,463409.5000105199,298,0.35172415,2.0851063829787235,1.160493827160494,1.1433007985803016,1.3595357425481402,0.9982015,-16.721905363546448,-9.95155280323138,6.770352560315068,0,21.710079544722745,79.98963107490289,"{""type"":""MultiPoint"",""coordinates"":[]}",PALAEOPROTEROZOIC,,SAUSAR,MANSAR,MUSCOVITE SCHIST,,PALAEOPROTEROZOIC-MUSCOVITE-SCHIST,-0.0668598633684827,0.0863959512986152,0.2487916560038688,1.5587599112346648,1.3595357418308964,0.8409494228744679,2.3839037905791822,2.7665056331009064,1.1891321544768492,0.107561880235022,0.1523756288088595,0.0863959512986152,0.2183713720944652,1,1,0,0.2231469469808614,33,99,4,1,1.0,6.123233995736766e-17
1_435_0,299.11917,1896.0,1052.0,547.0,731.0,668.0,1114.0,1896.0,2111.0,2308.0,2309.0,64.03124237432849,315,0.5510753,3.455089820359281,0.9138166894664844,0.8214904679376083,1.8022813688212929,5.699,-15.361752113199858,-8.688761303477353,6.672990809722505,1,21.815451927549965,80.1656110390619,"{""type"":""MultiPoint"",""coordinates"":[]}",PALAEOPROTEROZOIC,,SAUSAR,MANSAR,PHYLLITE,,PALAEOPROTEROZOIC-PHYLLITE,0.0980019029262602,0.373809523698271,0.3491089686388814,1.2212065791202804,1.8022813671080973,0.4558058923501707,2.838323349044426,2.593707246793834,2.193916347724414,-0.0536999446293227,0.2862957936613651,0.373809523698271,0.0995884772842893,1,1,0,0.5288771131441056,66,77,5,2,-0.8736094562263212,0.4866276995732479
1_188_0,312.83603,1469.5,711.0,347.5,491.0,400.5,788.0,1634.5,1898.5,1917.5,2182.5,31.6227766016838,444,0.6544435,4.787765293383271,0.8156822810590632,0.7663624511082138,2.0668073136427565,4.0855207,-14.495516530353454,-7.894149797456386,6.601366732897068,1,22.00086420219224,80.23352367454133,"{""type"":""MultiPoint"",""coordinates"":[]}",PALAEOPROTEROZOIC,,SAUSAR,MANSAR,BIOTITE SCHIST,,PALAEOPROTEROZOIC-BIOTITE-SCHIST,0.1322704457832092,0.4590070380601077,0.469449587453476,1.1525179822949123,2.0668073107358547,0.3707953061951524,3.669163536406583,2.9928716843322367,2.696905762732903,-0.0955259975585185,0.3478559961715863,0.4590070380601077,0.0708556148785352,1,1,0,0.0956687146817246,55,143,6,3,-0.733302458140445,0.6799025701416203
2_1015_0,312.9597,1952.0,1129.0,576.0,814.0,723.0,1318.0,2232.0,2450.0,2544.0,2691.0,3686.475281349381,275,0.5573921,3.5186721991701244,0.8882063882063882,0.7672955974842768,1.7289636846767051,1.3607317,-15.218998593882816,-9.62345348452777,5.5955451093550455,0,21.37725373195646,79.69911591201863,"{""type"":""MultiPoint"",""coordinates"":[]}",ARCHAEAN,,TIRODI GNEISSIC COMPLEX,,GNEISS/MIGMATITE,,ARCHAEAN-GNEISS-MIGMATITE,0.131672597835482,0.3852436699196178,0.3424794212166427,1.2552083311541522,1.7289636831452933,0.4437893080016551,2.699861683679306,2.39803439508841,2.2533215214762428,-0.076790336483729,0.2671210645027195,0.3852436699196178,0.1131639721992579,0,1,0,2.0885226988093315,22,33,3,2,-0.7318332162798553,0.6814837808411015
1_556_0,227.15855,1884.0,1174.0,391.5,581.0,565.0,939.0,1624.5,1942.5,2221.5,2197.5,14.142135623730953,666,0.59447336,3.931858407079646,0.9724612736660928,0.8480756245779878,1.604770017035775,2.725969,-16.839925004606354,-9.974349514109544,6.865575490496809,1,21.973914743668647,80.46636699618512,"{""type"":""MultiPoint"",""coordinates"":[]}",PALAEOPROTEROZOIC,,SAUSAR,MANSAR,SCHIST,,PALAEOPROTEROZOIC-SCHIST,0.0822067957417593,0.3084965394467688,0.4012434240710207,1.4431673015500197,1.60477001566885,0.5284717530819394,3.3345132684344896,3.242685020236342,1.892248720705069,-0.0323982615502966,0.2321778939724729,0.3084965394467688,0.1813904859577726,1,1,0,0.0177831777204165,44,143,7,3,-0.7332381382211847,-0.6799719351987483
2_795_0,180.0,2279.0,1505.0,712.0,954.0,957.0,1433.0,2013.0,2200.0,2391.0,2602.0,2892.5421345245777,306,0.4283154,2.498432601880878,1.0031446540880504,0.9531576746131326,1.5142857142857142,0.92740995,-16.123955840010478,-10.575585752085075,5.5483700879254005,0,21.788502469026376,80.27475634608243,"{""type"":""MultiPoint"",""coordinates"":[]}",ARCHAEAN,,TIRODI GNEISSIC COMPLEX,,GNEISS/MIGMATITE,,ARCHAEAN-GNEISS-MIGMATITE,0.0239828693738794,0.2274127309477893,0.2897149937324126,1.3441011217077232,1.5142857132795442,0.6294437471227755,2.3814002064980144,2.3888888863848123,1.5887043178812594,0.0209812273196117,0.2045454544913992,0.2274127309477893,0.1467944876292423,0,1,0,0.5466903077620778,55,297,5,1,1.2246467991473532e-16,-1.0
2_147_0,327.10828,2084.0,946.0,586.0,812.0,585.0,1273.0,2761.0,3259.0,3448.0,3562.0,1925.66871501824,490,0.7098934,5.894017094017094,0.7204433497536946,0.6044083526682135,2.202959830866808,21.08472,-16.506201960274673,-9.568213621247706,6.937988339026967,0,21.912739472820107,79.96160363803835,"{""type"":""MultiPoint"",""coordinates"":[]}",ARCHAEAN,,TIRODI GNEISSIC COMPLEX,,GNEISS/MIGMATITE,,ARCHAEAN-GNEISS-MIGMATITE,0.2465654374102376,0.5694128355554363,0.4734229575029114,0.9982935136547892,2.2029598285380976,0.2743619488763451,3.5623931563036013,2.56650245989347,3.6448202921302113,-0.2036401610915052,0.3755775576318226,0.5694128355554363,-0.0008539709642579,0,1,0,0.1603060086800843,77,110,4,3,-0.5430531080737249,0.839698351678427
1_34_0,227.07095,2373.0,1666.5,672.5,871.0,940.5,1362.0,2068.0,2362.5,2420.5,2563.0,22.36067977499789,277,0.44034514,2.5736310473152577,1.0797933409873708,0.9803759553811195,1.423942394239424,1.3615139,-18.58654766113085,-10.537375344827051,8.049172316303805,1,21.533560591393258,79.982893710272,"{""type"":""MultiPoint"",""coordinates"":[]}",ARCHAEAN,,TIRODI GNEISSIC COMPLEX,,GNEISS/MIGMATITE,,ARCHAEAN-GNEISS-MIGMATITE,0.009909252110168,0.1844873990250826,0.3059872610685383,1.398513009072843,1.4239423933849729,0.6884941125021714,2.523125994127457,2.7244546466998223,1.452445243652898,0.0344181690416891,0.1748978833581141,0.1844873990250826,0.1661500308951332,0,1,0,0.3592959104479184,33,77,4,1,-0.7321976668116349,-0.6810921939910911
2_126_0,132.97058,2829.5,1963.5,660.5,945.0,1023.5,1462.5,2153.5,2403.0,2483.0,2638.0,463409.5000105199,264,0.416227,2.425989252564729,1.083068783068783,1.13954893274265,1.4410491469315,2.7193763,-17.315812350238364,-11.642929131959132,5.672883218279232,0,21.32146835281264,79.66893251847222,"{""type"":""MultiPoint"",""coordinates"":[]}",ARCHAEAN,,TIRODI GNEISSIC COMPLEX,,GNEISS/MIGMATITE,,ARCHAEAN-GNEISS-MIGMATITE,-0.0652235293994873,0.1168334644963828,0.2866723569597189,1.5495836464048696,1.4410491461975812,0.7907772852232069,2.7645334609042176,2.99417989101145,1.264578558052163,0.101407846766039,0.1806801585268766,0.1168334644963828,0.2155581946463431,0,1,0,6.504128579359832,11,11,1,0,0.7317037948888531,-0.6816227376967785
1_106_0,151.71922,2058.0,1231.0,461.5,637.4,598.6666666666666,1033.0,1733.5,2024.5,2177.5,2315.25,60.0,329,0.56870985,3.637249443207127,0.9392322978767912,0.9451205510907004,1.6718115353371243,2.1054626,-14.28657469791912,-7.815202966215679,6.471371731703442,1,21.66669091649977,79.66839352930174,"{""type"":""MultiPoint"",""coordinates"":[]}",ARCHAEAN,,TIRODI GNEISSIC COMPLEX,,GNEISS/MIGMATITE,,ARCHAEAN-GNEISS-MIGMATITE,0.0282139062617839,0.277688132528183,0.3829612482989737,1.2972192099012945,1.6718115339790318,0.5653272098437074,3.437639192476104,3.2287417583483813,1.76888708223486,0.0033360609296903,0.251444207889497,0.277688132528183,0.1293821724923293,0,1,0,0.293866572697489,33,77,3,2,0.4737928242408122,-0.8806363379386039
1_218_0,326.01703,1845.0,873.5,464.5,651.5,530.5,1111.0,2417.5,2808.0,2911.5,3086.5,67.0820393249937,482,0.691749,5.488218661639962,0.8142747505755947,0.633693972179289,2.112192329708071,8.876551,-15.047252673181738,-8.383891111421056,6.6633615617606825,1,21.99843875092511,80.23406266371181,"{""type"":""MultiPoint"",""coordinates"":[]}",PALAEOPROTEROZOIC,,SAUSAR,MANSAR,BIOTITE SCHIST,,PALAEOPROTEROZOIC-BIOTITE-SCHIST,0.2242194890730117,0.5384412151813894,0.4706372839855539,1.142088264494966,2.1121923272899914,0.3000171731753333,3.4778510773273306,2.831926319521218,3.3331425262356698,-0.1739546205035287,0.3573661944611491,0.5384412151813894,0.0663316582247923,1,1,0,0.1743150298088161,55,154,6,3,-0.5589464642907672,0.8292037445989074
2_439_0,270.0,2128.5,1252.5,565.0,759.5,669.0,1206.0,2281.5,2602.0,2680.5,2925.5,463409.5000105199,356,0.6005374,4.006726457399103,0.8808426596445029,0.7940682708449917,1.6994011976047905,0.9989435,-14.103251179677663,-8.807261375770768,5.295989803906895,0,21.816529905890903,79.83170724795467,"{""type"":""MultiPoint"",""coordinates"":[]}",ARCHAEAN,,TIRODI GNEISSIC COMPLEX,,GNEISS/MIGMATITE,,ARCHAEAN-GNEISS-MIGMATITE,0.1147847785163683,0.363081616993877,0.4161926660011635,1.1840707943644764,1.699401196247983,0.4672635700551152,3.1816143450200083,2.8025016421296884,2.1401197587703638,-0.0741353632179157,0.2590949422481233,0.363081616993877,0.0842787681650901,0,1,0,0.8166193721526424,22,22,2,1,-1.0,-1.8369701987210294e-16
2_317_0,319.2727,1717.0,992.0,415.25,599.0,520.8333333333334,864.0,1690.0,1998.0,2198.5,2323.0,463409.5000105199,463,0.61694044,4.22112,0.8695047301057318,0.7809870366158744,1.7308467741935485,6.0963283,-15.700409200503383,-8.822364181415647,6.878045019087736,0,21.691214923756235,80.6143195234796,"{""type"":""MultiPoint"",""coordinates"":[]}",PALAEOPROTEROZOIC,,,,GRANITE,MALANJKHAND GRANITE,PALAEOPROTEROZOIC-GRANITE,0.1229728003772257,0.3781538942553976,0.4577973013938509,1.2542644962771077,1.730846772448743,0.4512167384802289,3.296639993670451,2.8664440686703774,2.216229836475575,-0.077483295815287,0.2676264303183365,0.3781538942553976,0.1127926643502615,0,0,1,2.045467013707859,22,55,4,1,-0.6524595617655808,0.7578235416379371
2_1053_0,141.14891,2259.0,1350.0,497.0,736.0,687.0,1148.0,2093.0,2414.0,2544.0,2680.0,463409.5000105199,266,0.57474464,3.703056768558952,0.9334239130434784,0.8879716981132075,1.6733333333333331,4.752889,-15.844723776029603,-8.549930688394397,7.294793087635206,0,21.391267450388725,79.88129425163807,"{""type"":""MultiPoint"",""coordinates"":[]}",ARCHAEAN,,AMGAON GNEISSIC COMPLEX,,GRANITE GNEISS/MIGMATITE,,ARCHAEAN-GRANITE-GNEISS-MIGMATITE,0.0593379137915182,0.3066255777332754,0.4002089863113351,1.3822937597941776,1.673333332093827,0.5306603771498977,3.288209602200568,3.069293474090634,1.88444444304856,-0.0158677133763374,0.2518703241197367,0.3066255777332754,0.1604729728374383,0,1,0,3.051814289618004,22,33,3,0,0.6272984890316743,-0.7787789196290423
2_156_0,47.1474,3101.0,2185.0,782.0,1065.0,1220.0,1642.0,2430.0,2734.0,2928.0,3003.0,3226.716597409819,310,0.4117647,2.4,1.1455399061032865,1.059084699453552,1.4192219679633866,1.36347,-17.271278712196846,-10.909947033663952,6.361331678532894,0,21.91839885911006,80.1731568874485,"{""type"":""MultiPoint"",""coordinates"":[]}",PALAEOPROTEROZOIC,,SAUSAR,MANSAR,MUSCOVITE SCHIST,,PALAEOPROTEROZOIC-MUSCOVITE-SCHIST,-0.0286946425561959,0.1453158615010139,0.2930032292157151,1.5601022997952656,1.4192219673138573,0.7462431691440427,2.541803276605079,2.911737086467852,1.340045765977096,0.0760801892571186,0.173287930349359,0.1453158615010139,0.2187812186719374,1,1,0,0.710650650112474,55,77,5,1,0.7331057989355053,0.6801146135521089
2_1127_0,331.67773,1967.0,1156.0,668.0,830.0,841.0,1358.0,2223.0,2557.0,2652.0,2779.0,3324.8759375351137,304,0.5184655,3.153388822829964,1.0132530120481928,0.7417043740573153,1.7015570934256057,2.106283,-16.79836308373664,-10.24219186946902,6.556171214267618,0,21.91516492408723,80.16534154447666,"{""type"":""MultiPoint"",""coordinates"":[]}",PALAEOPROTEROZOIC,,SAUSAR,MANSAR,MUSCOVITE SCHIST,,PALAEOPROTEROZOIC-MUSCOVITE-SCHIST,0.1483004979111711,0.3928571427539766,0.343485617514265,1.25898203404344,1.7015570919536702,0.4358974357330704,2.33888228021536,2.3698795152170127,2.2941176450742926,-0.0835509138244858,0.2596861990843144,0.3928571427539766,0.1146454604939393,1,1,0,0.4545267949757066,55,66,5,1,-0.4744304014124036,0.8802930161120589
2_1126_0,132.82846,1969.5,1032.0,472.25,691.5,603.5,1123.25,2227.75,2544.5,2760.5,2867.0,463409.5000105199,322,0.64120096,4.574150787075394,0.8727404193781634,0.713457706937149,1.90843023255814,1.3640895,-13.953078444703902,-7.06005503039528,6.8930234143086215,0,22.03832394954002,80.05484876452996,"{""type"":""MultiPoint"",""coordinates"":[]}",ARCHAEAN,,TIRODI GNEISSIC COMPLEX,,GNEISS/MIGMATITE,,ARCHAEAN-GNEISS-MIGMATITE,0.1672304439392747,0.4557679629648601,0.4370026939572702,1.2779248252452624,1.9084302307088847,0.3738453177417695,3.263463126324005,2.8481561780937725,2.674903098183233,-0.1136373422703979,0.3123438279818945,0.4557679629648601,0.1220079013506782,0,1,0,0.0180616134931304,22,66,2,1,0.733392281435898,-0.6798056792424205
2_134_0,180.0,2305.0,1531.5,442.0,605.5,633.5,1092.5,1696.5,1900.0,2079.0,2230.0,463409.5000105199,373,0.53290325,3.281767955801105,1.046242774566474,1.1087061087061088,1.505060398302318,0.92740995,-15.208778022640706,-7.2612063230087,7.947571699632006,0,22.125101205985963,79.963490100135,"{""type"":""MultiPoint"",""coordinates"":[]}",ARCHAEAN,,TIRODI GNEISSIC COMPLEX,,GNEISS/MIGMATITE,,ARCHAEAN-GNEISS-MIGMATITE,-0.051551094878752,0.1516410469044063,0.3423626786027501,1.4332579153093712,1.5050603973195815,0.7366522362979067,3.63851617420913,3.806771257131674,1.3574926533741476,0.0764722044003164,0.2016160562487642,0.1516410469044063,0.1780567176401146,0,1,0,1.870889127960205,11,99,2,0,1.2246467991473532e-16,-1.0
2_118_0,270.0,2846.0,1926.0,670.0,876.0,1014.0,1493.0,2111.0,2435.0,2504.0,2724.0,463409.5000105199,296,0.4235361,2.4694280078895465,1.1575342465753424,1.1365814696485623,1.4776739356178608,0.9971447,-16.284861230433357,-9.658592374142492,6.626268856290865,0,21.557006620308776,80.27152241105959,"{""type"":""MultiPoint"",""coordinates"":[]}",ARCHAEAN,,AMGAON GNEISSIC COMPLEX,,GRANITE GNEISS/MIGMATITE,,ARCHAEAN-GRANITE-GNEISS-MIGMATITE,-0.0639252336329111,0.1304740406026018,0.2919136826436059,1.5134328335620406,1.4776739348506365,0.7691693287663062,2.8067061116304672,3.248858443779842,1.300103841484889,0.0975263008107014,0.1927912824407394,0.1304740406026018,0.2042755343205014,0,1,0,2.228289241081645,11,33,2,0,-1.0,-1.8369701987210294e-16
2_34_0,312.84686,2487.0,1686.0,635.0,832.0,917.0,1369.0,2098.0,2431.0,2629.0,2695.0,463409.5000105199,352,0.4827975,2.866957470010905,1.1021634615384617,0.9459870673259796,1.4750889679715302,2.7256916,-15.788662791493229,-9.911212391737797,5.877450399755434,0,21.946965285145065,79.99609894494854,"{""type"":""MultiPoint"",""coordinates"":[]}",ARCHAEAN,,TIRODI GNEISSIC COMPLEX,,GNEISS/MIGMATITE,,ARCHAEAN-GNEISS-MIGMATITE,0.0277560594159976,0.2185399767743824,0.3262795274787698,1.444094485914812,1.4750889670966256,0.6413084820687301,2.7121046862463416,2.9891826887149247,1.5593119800953072,0.0209958008366832,0.1919482386312129,0.2185399767743824,0.1817010308107596,0,1,0,0.402794320122791,44,88,5,3,-0.7331739304300827,0.6800411662081232
2_346_0,151.72516,3596.333333333333,2677.25,797.3636363636364,1082.388888888889,1242.4,1710.25,2272.875,2537.0,2703.4,2902.0,2294.907405539492,307,0.37026712,2.175949774629749,1.147831442796284,1.3303001159034302,1.3432938027204533,2.1053452,-16.927492033793158,-9.50487524205825,7.422616791734908,0,21.630848136663403,79.76595056915713,"{""type"":""MultiPoint"",""coordinates"":[]}",ARCHAEAN,,TIRODI GNEISSIC COMPLEX,,GNEISS/MIGMATITE,,ARCHAEAN-GNEISS-MIGMATITE,-0.1417414493510188,0.004860007618994,0.2583879884528401,1.558134760330694,1.3432938022187093,0.9903269952687996,2.8946662350600985,3.32258892060737,1.0097674849155789,0.1604376980615266,0.1465005379467076,0.004860007618994,0.2181803594712407,0,1,0,0.3414789787278478,55,121,5,1,0.4737015238733715,-0.8806854525198231
2_1215_0,12.133384,2333.0,1697.5,762.0,942.0,1066.5,1370.6666666666667,2134.2,2343.0,2583.5,2796.0,463409.5000105199,290,0.41561645,2.422409751523676,1.132165605095541,0.903038513644281,1.3743740795287187,4.7326255,-18.734435176438552,-11.443632690129055,7.290802486309497,0,21.522780807983825,80.08934407144015,"{""type"":""MultiPoint"",""coordinates"":[]}",ARCHAEAN,,AMGAON GNEISSIC COMPLEX,,GRANITE GNEISS/MIGMATITE,,ARCHAEAN-GRANITE-GNEISS-MIGMATITE,0.0509508796804737,0.2069609903744543,0.3420799999179007,1.3996062973758447,1.3743740787190726,0.6570543833338284,2.187529299402222,2.476645432615026,1.5219440344495174,0.0080059303175676,0.1576727452778383,0.2069609903744543,0.1665299424848072,0,1,0,0.8376520661110528,22,121,5,0,0.2101882431717913,0.9776609342877294
2_638_0,294.91678,2622.5,1796.5,739.6666666666666,1012.1666666666666,1081.6666666666667,1580.0833333333337,2261.5,2524.666666666667,2655.0,2824.5,463409.5000105199,307,0.42105263,2.4545454545454546,1.068664580931994,0.987758945386064,1.459782911216254,2.2004087,-17.988551189570252,-10.6630609421485,7.325490247421751,0,21.707923588040856,80.12545634586175,"{""type"":""MultiPoint"",""coordinates"":[]}",ARCHAEAN,,TIRODI GNEISSIC COMPLEX,,GNEISS/MIGMATITE,,ARCHAEAN-GNEISS-MIGMATITE,0.0061582188524569,0.1928563405160381,0.2825276699765331,1.4623704351567774,1.4597829104036832,0.676647834020095,2.4244992273425274,2.5909764505934696,1.477873642372461,0.0435987133974693,0.1869201176313826,0.1928563405160381,0.1877745240550286,0,1,0,2.474457494222503,11,44,3,1,-0.9069206682152168,0.4213014378851143
1_583_0,47.070847,2507.5,1622.0,725.0,975.5,967.5,1433.0,2422.5,2755.0,2930.0,3033.0,22.36067977499789,275,0.5035279,3.02842377260982,0.9917990773962072,0.85580204778157,1.5459309494451294,1.3615111,-15.644122233106438,-9.002087244204368,6.64203498890207,1,21.533021602222785,79.982893710272,"{""type"":""MultiPoint"",""coordinates"":[]}",ARCHAEAN,,TIRODI GNEISSIC COMPLEX,,GNEISS/MIGMATITE,,ARCHAEAN-GNEISS-MIGMATITE,0.0777011494109974,0.2873462213779995,0.3582624271477244,1.3344827567800237,1.5459309484920276,0.5535836175585039,2.591731263471079,2.5704766759913102,1.806411836124284,-0.0252454417916906,0.2144327399892401,0.2873462213779995,0.1432791727366149,0,1,0,0.3018135626978995,33,77,4,1,0.7321964424184183,0.681093510253777
2_714_0,208.32881,1498.5,991.5,627.5,937.0,892.5,1227.5,1325.0,1437.5,1204.0,1445.0,463409.5000105199,626,0.14858097,1.3490196078431371,0.9525080042689434,1.2446013289036544,1.5113464447806355,2.1064124,-22.38565232332344,-15.055246924702905,7.330405398620531,0,21.954241638946428,80.39495093109761,"{""type"":""MultiPoint"",""coordinates"":[]}",PALAEOPROTEROZOIC,,SAUSAR,MANSAR,PHYLLITE,,PALAEOPROTEROZOIC-PHYLLITE,-0.108973172947651,0.0967888863143753,0.0813844714382097,1.422310754705481,1.5113464432563324,0.82350498270473,1.6789915947574323,1.5992529331918326,1.2143217335206034,0.1325044404659551,0.2036144577495524,0.0967888863143753,0.1743421051484591,1,1,0,0.5555702578984495,33,88,6,2,-0.4745308789568129,-0.8802388567408703
1_159_0,54.17145,1829.0,937.0,438.0,602.0,505.0,1018.0,2439.0,2946.0,3081.0,3236.0,70.71067811865476,660,0.71834916,6.100990099009901,0.8388704318936877,0.593638429081467,1.951974386339381,21.164423,-11.459269313253431,-4.6084254084077205,6.850843904845711,1,21.83458604310171,80.36530652672167,"{""type"":""MultiPoint"",""coordinates"":[]}",ARCHAEAN,,TIRODI GNEISSIC COMPLEX,,GNEISS/MIGMATITE,,ARCHAEAN-GNEISS-MIGMATITE,0.2549898166486782,0.5335988052430067,0.5213916312831707,1.1529680338973332,1.951974384256164,0.3041220382005446,3.621782171045976,3.0382059750195918,3.2881536784544783,-0.202460276746547,0.3224873462319279,0.5335988052430067,0.0710498408578474,0,1,0,1.935252755108636,22,44,4,0,0.8107722388719296,0.5853617485577604
2_413_0,151.62212,2603.0,1814.0,732.0,944.0,992.5,1371.0,2208.5,2468.5,2650.5,2792.5,463409.5000105199,359,0.4551194,2.670528967254408,1.0513771186440677,0.982078853046595,1.4349503858875414,2.1073854,-15.674451275106424,-8.262973068752867,7.411478206353557,0,22.243409328904505,80.15375327731152,"{""type"":""MultiPoint"",""coordinates"":[]}",NEOPROTEROZOIC,,,,GRANITE,ACID  INTRUSIVE,NEOPROTEROZOIC-GRANITE,0.0090415913183512,0.1873670063417253,0.3414194787218879,1.3558743150876034,1.434950385096499,0.6843991697097155,2.622670022546428,2.757415251316297,1.4611356111019098,0.0305245055846195,0.1786280280329119,0.1873670063417253,0.1510582776740746,0,0,1,0.733673506350484,44,55,2,0,0.4752845704968724,-0.8798321300382269
1_75_0,270.0,3102.5,2561.5,1001.5,1250.0,1516.5,1718.5,2148.5,2386.0,2558.0,2601.5,56.56854249492381,281,0.2556142,1.6867787668974612,1.2132,1.2128616106333072,1.2112043724380246,1.9933465,-16.254154386863554,-6.305522589285804,9.94863179757775,1,21.53221311846708,79.98235472110152,"{""type"":""MultiPoint"",""coordinates"":[]}",ARCHAEAN,,TIRODI GNEISSIC COMPLEX,,GNEISS/MIGMATITE,,ARCHAEAN-GNEISS-MIGMATITE,-0.0961929158031635,-0.0006836605135885,0.2043981481008337,1.5142286555025175,1.211204371965175,1.0013682560588866,2.045829210652272,2.4819999980144,0.9986336127274512,0.1295469829272425,0.0955155367063002,-0.0006836605135885,0.2045274026193298,0,1,0,0.2317262021043844,33,77,4,1,-1.0,-1.8369701987210294e-16
2_470_0,342.86325,1981.5,953.0,612.5,796.5,724.5,1268.0,2113.5,2457.5,2774.0,2711.5,463409.5000105199,380,0.5858225,3.828847481021394,0.9096045197740112,0.714311463590483,2.0792235047219307,19.582321,-17.008338376236242,-10.163962344307196,6.844376031929047,0,22.08683297488247,80.17342638203374,"{""type"":""MultiPoint"",""coordinates"":[]}",ARCHAEAN,,TIRODI GNEISSIC COMPLEX,,GNEISS/MIGMATITE,,ARCHAEAN-GNEISS-MIGMATITE,0.1666491430624226,0.488596726458654,0.3627340117193783,1.1828571409259476,2.0792235025401644,0.3435472241011005,2.7349896442581234,2.4877589422627007,2.910807971762006,-0.1116947065881502,0.350485602197824,0.488596726458654,0.0837696334451984,0,1,0,1.4820755283863494,44,66,4,2,-0.2946533184694957,0.9556042182383426
1_57_0,306.57257,3184.5,2471.5,782.5,1089.5,1387.5,1794.0,2116.5,2334.0,2496.0,2613.0,50.99019513592785,615,0.2854384,1.798918918918919,1.2735199632859109,1.2758413461538465,1.2884887720008091,6.202101,-18.719664824021905,-10.533731476503576,8.18593334751833,1,21.96636889528204,80.46798396369653,"{""type"":""MultiPoint"",""coordinates"":[]}",ARCHAEAN,,TIRODI GNEISSIC COMPLEX,,GNEISS/MIGMATITE,,ARCHAEAN-GNEISS-MIGMATITE,-0.1212041193343536,0.0049320583784736,0.1858407079224323,1.7731629370311015,1.2884887714794706,0.9901842944750864,2.2951351334809837,2.9229004103507106,1.0099130078859344,0.1647665753563764,0.126060820345463,0.0049320583784736,0.2788018431894922,0,1,0,0.6044063012264936,33,99,6,2,-0.8031028221496173,0.595840462754352
2_1040_0,180.0,2964.0,1993.0,552.0,708.5,816.5,1248.0,1910.0,2181.5,2365.0,2543.0,3012.4574685794323,366,0.48672011,2.8965094917330068,1.1524347212420607,1.253276955602537,1.4872052182639235,0.92740995,-16.696897948475904,-9.094742937046098,7.602155011429806,0,21.74565282997388,79.64791194082382,"{""type"":""MultiPoint"",""coordinates"":[]}",ARCHAEAN,,TIRODI GNEISSIC COMPLEX,,GNEISS/MIGMATITE,,ARCHAEAN-GNEISS-MIGMATITE,-0.1124038280892467,0.0853602569790362,0.3415985227270909,1.479166663987017,1.4872052175177093,0.8427061307219001,3.630128593227032,4.183486232627401,1.186653285907349,0.1289287047213245,0.1958846075860632,0.0853602569790362,0.1932773107831367,0,1,0,0.4839269673075246,33,187,7,4,1.2246467991473532e-16,-1.0
1_80_0,294.87186,1567.5,778.5,340.5,481.5,393.0,783.0,1623.0,1996.5,1981.5,2153.5,53.85164807134504,442,0.6689829,5.041984732824427,0.8161993769470405,0.7910673732021196,2.013487475915221,2.204126,-14.523619966147985,-7.832840889679963,6.69077907646802,1,22.001403191362705,80.23379316912657,"{""type"":""MultiPoint"",""coordinates"":[]}",PALAEOPROTEROZOIC,,SAUSAR,MANSAR,BIOTITE SCHIST,,PALAEOPROTEROZOIC-BIOTITE-SCHIST,0.1166525781581706,0.4358695650594675,0.4667120720358549,1.1541850186367548,2.013487473328853,0.3928841784542597,3.988549608171629,3.255451706634576,2.5452793801602063,-0.0844133099627756,0.3363171354065145,0.4358695650594675,0.0715746420292097,1,1,0,0.1556777249871759,55,143,6,3,-0.9072506905857004,0.4205902809525794
1_366_0,132.9025,2060.0,1159.0,490.57142857142856,654.75,558.8333333333334,1044.6,1763.0833333333337,2094.75,2306.5,2371.7,58.30951894845301,332,0.60993487,4.127348643006263,0.8535064273895889,0.8931281161933666,1.7773943054357204,1.3621923,-13.735516650246913,-6.5445758692846905,7.190940780962222,1,21.66803838942595,79.66596807803462,"{""type"":""MultiPoint"",""coordinates"":[]}",ARCHAEAN,,TIRODI GNEISSIC COMPLEX,,GNEISS/MIGMATITE,,ARCHAEAN-GNEISS-MIGMATITE,0.0564525363434209,0.3311210502579365,0.3884612006005148,1.1391477359811588,1.7773943039021618,0.5024929544753987,3.6862511118050976,3.1462390177224298,1.990077651432202,-0.0329101236157075,0.2799005901584652,0.3311210502579365,0.0650482132108446,0,1,0,0.0133010283452363,33,77,3,2,0.732513196038933,-0.6807528315246494
1_175_0,215.65681,2305.5,2022.5,904.0833333333331,1123.75,1281.2,1483.0,1553.3333333333333,1697.4166666666663,1575.35,1743.1666666666667,31.6227766016838,317,0.10297386,1.2295894473930689,1.140111234705228,1.4634843050750628,1.1399258343634115,3.4204156,-20.33956569506029,-10.757755768579925,9.58180992648037,1,21.68313008619916,79.72552638137175,"{""type"":""MultiPoint"",""coordinates"":[]}",PALAEOPROTEROZOIC,,SAUSAR,MANSAR,SCHIST,,PALAEOPROTEROZOIC-SCHIST,-0.1881417730166995,-0.1242825576040461,0.0806426615444616,1.4171260008290618,1.1399258337997893,1.2838416851595889,1.799484856541145,2.0516129014001216,0.7789122369449135,0.1825325303022465,0.0653881700403446,-0.1242825576040461,0.1725710624072069,1,1,0,0.2317814644511589,33,121,4,1,-0.5829288908036281,-0.8125231739873342
2_992_0,270.0,1699.5,848.5,408.5,539.0,510.0,999.0,1855.5,2197.5,2277.0,2490.0,463409.5000105199,600,0.6340151,4.464705882352941,0.9461966604823748,0.7463768115942029,2.0029463759575723,3.0011907,-15.433758749987396,-8.866524413657086,6.56723433633031,0,22.138575935247754,80.25804768179779,"{""type"":""MultiPoint"",""coordinates"":[]}",ARCHAEAN,,TIRODI GNEISSIC COMPLEX,,GNEISS/MIGMATITE,,ARCHAEAN-GNEISS-MIGMATITE,0.1452282157311132,0.4570468723541683,0.4273430781234328,1.248470009183672,2.002946373596999,0.3726394376931755,3.3323529346424454,3.1530612186399605,2.6835592189940374,-0.097242083739072,0.33398744099922,0.4570468723541683,0.1105062600865473,0,1,0,0.8298201794809273,44,55,3,1,-1.0,-1.8369701987210294e-16
2_722_0,180.0,1467.5,716.5,339.0,482.5,371.0,785.5,1732.5,2105.5,2261.0,2373.5,1836.1372497719228,753,0.7180851,6.09433962264151,0.7689119170984456,0.6490490933215392,2.048150732728541,0.92740995,-15.020707610424612,-8.525974273096743,6.494733337327869,0,22.023501747352043,80.4706789095489,"{""type"":""MultiPoint"",""coordinates"":[]}",LATE CRETACEOUS - PALAEOCENE,DECCAN TRAP,AMARKANTAK,MANDLA,BASALT,,LATE-CRETACEOUS-PALAEOCENE-BASALT,0.2128201689116749,0.5187237613707057,0.5026907247538175,1.0943952770076837,2.048150729869992,0.3168951789841242,3.9555255958072086,3.0414507708985474,3.155617581080785,-0.1715669707848221,0.3438644687070218,0.5187237613707057,0.0450704224717318,0,0,0,0.2765945654259412,66,176,5,3,1.2246467991473532e-16,-1.0
2_1210_0,-0.0,2257.0,1520.0,462.0,621.0,642.0,992.0,1705.0,1980.0,2073.0,2265.0,463409.5000105199,602,0.52707183,3.2289719626168223,1.0338164251207729,1.0887602508441871,1.4848684210526315,0.0,-15.150842391222715,-8.686279465412005,6.4645629258107125,0,21.840784418562134,80.46501952325893,"{""type"":""MultiPoint"",""coordinates"":[]}",ARCHAEAN,,AMGAON GNEISSIC COMPLEX,,GRANITE GNEISS/MIGMATITE,,ARCHAEAN-GRANITE-GNEISS-MIGMATITE,-0.0424942263181306,0.1539103812541301,0.3908504757780625,1.3896103866025749,1.4848684200757445,0.733236854446099,3.515576318511563,3.634460541651432,1.3638157885764368,0.0669856459206872,0.1951284087383827,0.1539103812541301,0.1630434781131852,0,1,0,1.1335126820285726,33,77,4,0,-0.0,1.0
2_491_0,294.8879,1546.0,876.5,427.0,679.5,623.0,961.0,1739.5,1991.0,2190.0,2210.0,463409.5000105199,538,0.55705655,3.5152487961476724,0.9168506254598968,0.7059360730593607,1.7638334284084427,2.202795,-14.89799662296641,-7.586849399203196,7.311147223763214,0,21.8968392922912,80.7285852276196,"{""type"":""MultiPoint"",""coordinates"":[]}",PALAEOPROTEROZOIC,,,,GRANITE,MALANJKHAND GRANITE,PALAEOPROTEROZOIC-GRANITE,0.1723768736155308,0.4283384965177438,0.3938820560094979,1.4590163900257227,1.7638334263960829,0.4002283103195305,2.4815409269959217,2.275202351324205,2.498573870509328,-0.0936063518400321,0.2763673889468039,0.4283384965177438,0.1866666664888888,0,0,1,2.2119108981514994,22,66,4,1,-0.9071329104448256,0.4208442500354495
2_173_0,312.93292,163.0,120.0,400.0,426.0,303.0,348.0,256.0,252.0,227.5,222.5,2524.638587996309,296,-0.14231856,0.7508250825082509,0.7112676056338029,0.7164835164835165,1.3583333333333334,1.3614148,-30.24133027829944,-22.579469510734217,7.661860767565223,0,21.51388748667104,79.79020508182835,"{""type"":""MultiPoint"",""coordinates"":[]}",PALAEOPROTEROZOIC,,SAUSAR,MANSAR,MUSCOVITE SCHIST,,PALAEOPROTEROZOIC-MUSCOVITE-SCHIST,0.1651728548907225,0.3093525170953884,-0.2199824711306179,0.75749999810625,1.3583333220138891,0.5274725251539669,0.5379537936041129,0.3826291070830303,1.8958333175347224,-0.1476909006422579,0.1519434623606238,0.3093525170953884,-0.1379800851522331,1,1,0,0.1563902155309445,33,99,5,2,-0.7321516612854339,0.681141648173843
2_326_0,19.748304,2415.5,1477.5,525.5,710.0,689.0,1249.5,2051.0,2286.5,2490.5,2600.0,3395.173044190826,334,0.56659853,3.614658925979681,0.9704225352112676,0.9698855651475607,1.6348561759729272,2.953728,-14.165124689760829,-7.940154728395425,6.224969961365402,0,21.798204274094868,79.9176760206449,"{""type"":""MultiPoint"",""coordinates"":[]}",PALAEOPROTEROZOIC,,SAUSAR,LOHANGI ( INCLUDES UTEKATA),CALC GNEISS,,PALAEOPROTEROZOIC-CALC-GNEISS,0.0152874031766637,0.2552923386453396,0.3508247823481427,1.311132252500224,1.6348561748664254,0.5932543663548467,3.5058055101512258,3.40211267126463,1.6856175961518662,0.0144596029712507,0.2409452863496159,0.2552923386453396,0.1346233016594291,1,1,0,0.4799281347893221,33,66,4,2,0.3378888583072479,0.941186017443855
1_514_0,344.92847,2272.0,1571.0,632.0,804.0,901.0,1230.0,1857.0,2071.0,2327.0,2396.0,53.85164807134504,316,0.44175962,2.5826859045504995,1.1206467661691542,0.9763644177052,1.446212603437301,3.8363822,-15.995969417906869,-8.727097333560081,7.2688720843467856,1,21.81733838964661,80.16803649032902,"{""type"":""MultiPoint"",""coordinates"":[]}",PALAEOPROTEROZOIC,,SAUSAR,MANSAR,PHYLLITE,,PALAEOPROTEROZOIC-PHYLLITE,0.0119591215455622,0.1939456130851858,0.3215664643349237,1.4256329091366569,1.4462126025167328,0.6751181776213502,2.5216426165131605,2.8258706432514047,1.4812221505530094,0.0348988910575833,0.1824095758047334,0.1939456130851858,0.1754729287831226,1,1,0,0.7179127690651286,66,77,5,2,-0.2600247377497289,0.9656019551337832
1_179_0,308.48022,1752.5,946.5,357.0,565.5,468.0,869.0,1869.5,2200.5,2490.0,2418.5,50.99019513592785,657,0.68356997,5.32051282051282,0.8275862068965517,0.7038152610441767,1.8515583729529848,8.871756,-17.995134420786965,-11.085987221701352,6.909147199085613,1,21.97445373283912,80.46528901784417,"{""type"":""MultiPoint"",""coordinates"":[]}",ARCHAEAN,,TIRODI GNEISSIC COMPLEX,,GNEISS/MIGMATITE,,ARCHAEAN-GNEISS-MIGMATITE,0.173836181455784,0.4491488431691696,0.4713307983357169,1.310924366075842,1.851558370996769,0.380120481775052,3.7446581116567135,3.0990274038920824,2.63074484666588,-0.1236309817220264,0.2986291217863545,0.4491488431691696,0.1345454543823691,0,1,0,0.0875503532201893,44,143,7,3,-0.7828230185285161,0.6222444227648027
2_154_0,270.0,3414.0,2471.5,852.5,1065.0,1211.5,1556.5,2023.0,2228.0,2352.0,2555.5,463409.5000105199,560,0.3200505,1.9413949649195208,1.1375586854460094,1.451530612244898,1.381347359902893,5.9843397,-18.86525950932424,-11.010550744254886,7.854708765069347,0,22.09922972580332,80.69301194236847,"{""type"":""MultiPoint"",""coordinates"":[]}",PALAEOPROTEROZOIC,,SAUSAR,SITASAONGI,SCHISTOSE GRIT,,PALAEOPROTEROZOIC-SCHISTOSE-GRIT,-0.1841831425278905,-0.0247745413030424,0.242947470758038,1.42111436783447,1.3813473593439825,1.0508078226824795,2.817994219712757,3.2056337998069164,0.9516487958925152,0.1814814814583037,0.1601393254336693,-0.0247745413030424,0.1739341084428614,1,1,0,0.267213778919121,55,55,5,3,-1.0,-1.8369701987210294e-16
1_5_0,19.704397,323.0,222.0,468.0,624.0,515.0,566.0,457.0,456.0,393.0,377.0,50.99019513592785,281,-0.13436124,0.7631067961165049,0.8253205128205128,0.821882951653944,1.454954954954955,2.9529178,-27.383312633349966,-21.587510006435355,5.795802626914611,1,21.449747775384907,79.76810652583902,"{""type"":""MultiPoint"",""coordinates"":[]}",PALAEOPROTEROZOIC,,SAUSAR,CHORBAOLI,QUARTZITE,,PALAEOPROTEROZOIC-QUARTZITE,0.0977653629919478,0.278048780035693,-0.2004241779422861,1.1004273480760098,1.454954948401104,0.5648854947458385,0.6271844648015835,0.5176282042986727,1.77027026229608,-0.0135373749184594,0.1853211005773924,0.278048780035693,0.0478128178557346,1,1,0,0.419621975706741,66,165,7,2,0.3371675078826891,0.9414446726325328
2_1163_0,90.0,1647.0,979.0,580.0,798.0,649.0,1120.0,2336.0,2629.0,2742.0,2850.0,463409.5000105199,321,0.6172221,4.224961479198767,0.8132832080200502,0.600656455142232,1.682328907048008,0.99641186,-13.15624179984423,-7.168142541824844,5.9880992580193855,0,21.450017269970143,80.15429226648199,"{""type"":""MultiPoint"",""coordinates"":[]}",ARCHAEAN,,AMGAON GNEISSIC COMPLEX,,GRANITE GNEISS/MIGMATITE,,ARCHAEAN-GRANITE-GNEISS-MIGMATITE,0.2494873546936688,0.4737973661720512,0.4357682618549702,1.1189655153121283,1.6823289053295925,0.3570386577837204,2.5377503812977653,2.063909771849737,2.800817157506826,-0.1826272694584145,0.2543792839853849,0.4737973661720512,0.0561432058127394,0,1,0,1.0729269761661209,11,110,4,0,1.0,6.123233995736766e-17
2_1068_0,-0.0,3499.5,2519.5,648.0,849.0,1058.0,1436.0,1863.0,2142.5,2281.5,2531.5,463409.5000105199,610,0.3663722,2.156427221172023,1.2461719670200235,1.5338593030900722,1.388966064695376,1.8543341,-16.276283073155405,-9.076392322034255,7.199890751121149,0,21.998977740095583,80.36746248340356,"{""type"":""MultiPoint"",""coordinates"":[]}",PALAEOPROTEROZOIC,,SAUSAR,MANSAR,MUSCOVITE SCHIST,,PALAEOPROTEROZOIC-MUSCOVITE-SCHIST,-0.2106901919718577,-0.0495730056135028,0.2761184624382814,1.6327160468630926,1.3889660641440895,1.1043173346025346,3.3076559515050508,4.1219081223534655,0.9055368125002832,0.2174435688236351,0.1628177437842136,-0.0495730056135028,0.2403282530830432,1,1,0,0.0667211894872727,88,154,7,3,-0.0,1.0
1_136_0,160.2955,295.0,215.0,469.0,628.0,494.0,562.0,422.0,424.0,369.0,362.0,53.85164807134504,283,-0.14484356,0.7469635627530364,0.7866242038216561,0.7994579945799458,1.372093023255814,2.9529197,-27.3336939342762,-21.571751030631127,5.761942903645071,1,21.45055625914061,79.76810652583902,"{""type"":""MultiPoint"",""coordinates"":[]}",PALAEOPROTEROZOIC,,SAUSAR,CHORBAOLI,QUARTZITE,,PALAEOPROTEROZOIC-QUARTZITE,0.11144578296469,0.2636986296854475,-0.2164502162159629,1.05330490180532,1.372093016873986,0.5826558249792525,0.597165990693996,0.4697452221819344,1.7162790617847483,-0.0301167793299835,0.1568627447904652,0.2636986296854475,0.0259605399522735,1,1,0,0.3602274118206485,66,165,7,2,0.3371692003069985,-0.9414440665086478
2_432_0,124.807335,2879.0,2078.0,654.5,903.0,1016.0,1446.5,2147.0,2415.0,2707.0,2718.0,463409.5000105199,593,0.4542036,2.6643700787401574,1.1251384274640088,1.0635389730328777,1.3854667949951878,4.86282,-16.292622897316903,-8.93858715248128,7.354035744835624,0,22.0367069820286,80.66552349467442,"{""type"":""MultiPoint"",""coordinates"":[]}",PALAEOPROTEROZOIC,,,,GRANITE,MALANJKHAND GRANITE,PALAEOPROTEROZOIC-GRANITE,-0.0307912638684584,0.1314524555629148,0.3053187656848796,1.5523300205464785,1.3854667943284569,0.7676394529857261,2.8336614145337977,3.1882613475213053,1.3026948983143911,0.0735202921417322,0.1615896711394815,0.1314524555629148,0.2164022746384901,0,0,1,1.8061838435799384,44,66,6,2,0.8210761397107322,-0.5708186864475637
1_81_0,283.05054,1578.5,746.0,363.0,498.5,386.0,846.0,1697.0,2014.5,2152.0,2274.5,36.05551275463989,444,0.6958235,5.575129533678757,0.7743229689067201,0.733503717472119,2.1159517426273458,8.159175,-16.138790444579193,-9.073617901393291,7.0651725431859,1,21.99924723468082,80.23271519078563,"{""type"":""MultiPoint"",""coordinates"":[]}",PALAEOPROTEROZOIC,,SAUSAR,MANSAR,BIOTITE SCHIST,,PALAEOPROTEROZOIC-BIOTITE-SCHIST,0.1537327435588439,0.485162180646942,0.4577792019042528,1.0633608786133308,2.1159517397909493,0.3466542749318521,4.089378227747725,3.1664994921434317,2.884718494792603,-0.1228931800149808,0.3581415356600811,0.485162180646942,0.0307076101058643,1,1,0,0.0843583162375967,55,143,6,3,-0.9741712587997796,0.2258104482269423
1_456_0,141.05714,2511.0,1530.0,555.0,749.0,713.0,1255.0,2116.0,2477.0,2556.0,2777.0,63.24555320336759,346,0.56378096,3.584852734922861,0.951935914552737,0.9823943661971832,1.6411764705882352,4.759007,-15.88954815930997,-8.71987715975005,7.169670999559919,1,21.86503893123336,79.97912078607868,"{""type"":""MultiPoint"",""coordinates"":[]}",ARCHAEAN,,TIRODI GNEISSIC COMPLEX,,GNEISS/MIGMATITE,,ARCHAEAN-GNEISS-MIGMATITE,0.0088809946696504,0.251101321524449,0.3774801586365376,1.2846846823699376,1.6411764695155708,0.598591549061584,3.521739125495457,3.352469955470668,1.6705882342022298,0.0178374112047612,0.2427616925902594,0.251101321524449,0.124605678135169,0,1,0,0.5801643160626491,44,88,5,2,0.6285450452206663,-0.7777731842436781
2_1495_0,167.81712,1728.5,846.0,395.0,503.5,480.5,904.0,1703.0,2022.5,2251.5,2333.0,463409.5000105199,604,0.64824307,4.685744016649323,0.9543197616683218,0.7677104152787031,2.043144208037825,4.7335024,-14.457714156009471,-8.175800108863797,6.281914047145676,0,22.12294524930408,80.26128161682063,"{""type"":""MultiPoint"",""coordinates"":[]}",ARCHAEAN,,TIRODI GNEISSIC COMPLEX,,GNEISS/MIGMATITE,,ARCHAEAN-GNEISS-MIGMATITE,0.1314070351428625,0.4537530264878925,0.4414581401169422,1.216455693122897,2.043144205622761,0.3757495001662227,3.597294477424985,3.4329692086733483,2.6613475145846954,-0.0901040057480992,0.3427850066642902,0.4537530264878925,0.0976584807565294,0,1,0,1.1634098157693853,33,55,3,1,0.2110327347971761,-0.9774789945794358
2_1440_0,160.24791,3316.0,2680.0,659.0,926.0,1142.0,1599.0,2331.0,2603.0,2725.0,2933.0,2048.828933805846,644,0.40936127,2.3861646234676006,1.2332613390928726,1.216880733944954,1.2373134328358208,2.9537978,-17.486152486445818,-10.67342558892524,6.812726897520577,0,21.828118173056048,80.42163089503596,"{""type"":""MultiPoint"",""coordinates"":[]}",ARCHAEAN,,TIRODI GNEISSIC COMPLEX,,GNEISS/MIGMATITE,,ARCHAEAN-GNEISS-MIGMATITE,-0.0978314848373064,0.0083256244202912,0.2943512797232234,1.732928677188272,1.2373134323741368,0.9834862381711976,2.9036777557761138,3.580993516651195,1.01679104439672,0.1369548584370116,0.1060707137915158,0.0083256244202912,0.2681843418832957,0,1,0,1.107886408490076,33,66,4,0,0.3379510494149454,-0.9411636883132164
2_684_0,160.29408,2331.0,1572.5,592.0,819.25,785.8333333333334,1300.5,1894.0,2071.6,2162.0,2386.5,3811.836827567518,303,0.46684006,2.7512195121951217,0.9592106601566474,1.078168362627197,1.4823529411764709,2.952946,-14.955596711631689,-8.44210603440489,6.513490677226798,0,21.46187503172052,80.05727421579708,"{""type"":""MultiPoint"",""coordinates"":[]}",ARCHAEAN,,AMGAON GNEISSIC COMPLEX,,GRANITE GNEISS/MIGMATITE,,ARCHAEAN-GRANITE-GNEISS-MIGMATITE,-0.0376140663170233,0.1578524567792603,0.2945484132642939,1.3274211689289055,1.4823529402337976,0.7273357998485959,2.9662778329167194,2.845285318467763,1.3748807622417292,0.0618026969376631,0.1943127961587517,0.1578524567792603,0.1406798111958293,0,1,0,0.0857630032964893,55,88,6,1,0.3371925326475773,-0.9414357099275088
2_661_0,47.0285,1576.0,776.0,426.0,577.0,490.0,900.0,1720.0,2044.0,2125.0,2263.0,463409.5000105199,333,0.625239,4.336734693877551,0.8492201039861352,0.7416470588235294,2.0309278350515463,1.360431,-14.307502412763997,-8.069165769181701,6.238336643582294,0,21.3166174502784,80.01577204967076,"{""type"":""MultiPoint"",""coordinates"":[]}",PALAEOPROTEROZOIC,,SAKOLI,DHABETEKRI,PHYLLITE,,PALAEOPROTEROZOIC-PHYLLITE,0.1483382869093925,0.4650120646449459,0.4309200125099842,1.150234739083956,2.030927832434372,0.3651764704163875,3.216326524048313,2.731369146046154,2.7384020583268014,-0.105046567012119,0.340136054277153,0.4650120646449459,0.0698689955569115,0,1,0,0.790944863643665,88,198,7,2,0.73169284995838,0.6816344865980474
2_713_0,90.0,3740.0,2746.0,926.0,1215.0,1519.0,1874.0,2451.0,2728.0,2952.0,3128.0,463409.5000105199,373,0.32050994,1.9433838051349568,1.2502057613168724,1.2669376693766938,1.3619810633648943,0.99658847,-17.53457988624453,-10.23305017801054,7.301529708233989,0,21.475888750152784,79.54334804175231,"{""type"":""MultiPoint"",""coordinates"":[]}",ARCHAEAN,,TIRODI GNEISSIC COMPLEX,,GNEISS/MIGMATITE,,ARCHAEAN-GNEISS-MIGMATITE,-0.1177525403290865,0.0361530361466912,0.2506997200618353,1.64038876712701,1.361981062868907,0.9302168018529076,2.462146147161194,3.0781892978780334,1.0750182079115012,0.151143701417189,0.1532531606300874,0.0361530361466912,0.2425357872218667,0,1,0,0.4261987386543719,55,176,6,3,1.0,6.123233995736766e-17
2_65_0,23.30903,2157.0,1289.5,473.5,632.5,554.0,1062.0,1884.5,2164.5,2395.0,2424.5,463409.5000105199,510,0.62427944,4.323104693140794,0.8758893280632412,0.9006263048016702,1.6727413726250484,5.036568,-15.57048683200085,-8.933185161291972,6.637301670708878,0,21.81518243296473,79.73846212146307,"{""type"":""MultiPoint"",""coordinates"":[]}",ARCHAEAN,,TIRODI GNEISSIC COMPLEX,,GNEISS/MIGMATITE,,ARCHAEAN-GNEISS-MIGMATITE,0.0522847100060885,0.3000407110055528,0.3907930588295445,1.1700105571911077,1.6727413713278467,0.538413360944295,3.89350179802617,3.410276674450156,1.8573090330691668,-0.0282283358673307,0.251704627810328,0.3000407110055528,0.0783454987072063,0,1,0,0.590485582101247,22,77,5,2,0.39569024776755,0.9183840306874108
1_92_0,324.31128,2050.0,1843.0,1220.0,1394.0,1491.0,1731.0,1812.0,1854.0,1789.0,1896.0,67.0820393249937,309,0.09085366,1.1998658618376927,1.069583931133429,1.145891559530464,1.112316874660879,3.4217794,-11.874267990317437,-4.418988869529692,7.455279120787743,1,21.85156420197157,80.22597782615473,"{""type"":""MultiPoint"",""coordinates"":[]}",PALAEOPROTEROZOIC,,SAUSAR,MANSAR,PHYLLITE,,PALAEOPROTEROZOIC-PHYLLITE,-0.0679864547882296,-0.014867841405598,0.0454921422537931,1.2221311465392366,1.112316874057343,1.030184460016666,1.3749161627264144,1.4705882342391765,0.9706999452139446,0.0812213740334013,0.0531723606336572,-0.014867841405598,0.0999631132054728,1,1,0,0.8145186521799488,44,88,5,1,-0.583381322614827,0.8121983947436582
1_178_0,302.72375,1179.0,937.0,625.0,730.0,661.0,875.0,1191.0,1276.0,1281.0,1331.0,60.82762530298219,321,0.3192585,1.9379727685325263,0.9054794520547944,0.9203747072599532,1.2582710779082178,15.08298,-13.01526763786407,-5.51987616826554,7.49539146959853,1,21.84967773987492,80.22840327742185,"{""type"":""MultiPoint"",""coordinates"":[]}",PALAEOPROTEROZOIC,,SAUSAR,MANSAR,PHYLLITE,,PALAEOPROTEROZOIC-PHYLLITE,0.0414634146172913,0.1550946798218689,0.2067089754276024,1.05759999830784,1.2582710765653458,0.7314597964625605,1.7836611168174568,1.6150684909382624,1.3671291340799048,-0.0176187933749015,0.1143667296245904,0.1550946798218689,0.0279937791384185,1,1,0,0.4933506852933486,44,88,5,1,-0.841286771562977,0.5405890934833436
2_1242_0,47.092056,2156.0,1384.1666666666663,529.2,829.8,683.8,1273.6666666666663,2108.2833333333333,2399.166666666667,2452.5,2640.6666666666665,463409.5000105199,348,0.56394476,3.586575021936239,0.8240539889129911,0.8791029561671764,1.557615894039735,4.0800185,-14.878760816421066,-7.998027090214177,6.880733726206889,0,21.64054994173189,79.87320941408099,"{""type"":""MultiPoint"",""coordinates"":[]}",ARCHAEAN,,TIRODI GNEISSIC COMPLEX,,GNEISS/MIGMATITE,,ARCHAEAN-GNEISS-MIGMATITE,0.0643376369611939,0.2784535186068324,0.3492293280211456,1.2921390754116795,1.557615892914426,0.5643900779214175,3.1529686996885515,2.5982164345646948,1.7718242010077132,-0.0243751610367816,0.2180217503268147,0.2784535186068324,0.1274525967621989,0,1,0,0.2412936321290851,44,55,4,2,0.7324485105089922,0.6808224287236422
1_311_0,324.2832,1734.5,828.5,395.0,590.5,466.0,949.0,1960.5,2307.5,2551.0,2554.0,41.23105625617661,449,0.69108385,5.4742489270386265,0.7891617273497037,0.6799294394355155,2.0935425467712734,6.821703,-15.964111358126573,-9.014857372853909,6.949253985272666,1,21.998977740095583,80.23298468537087,"{""type"":""MultiPoint"",""coordinates"":[]}",PALAEOPROTEROZOIC,,SAUSAR,MANSAR,BIOTITE SCHIST,,PALAEOPROTEROZOIC-BIOTITE-SCHIST,0.1905261929318571,0.5096907825093384,0.4581787038372313,1.1797468324563372,2.0935425442443663,0.3247745980694729,3.7221029963045,2.9373412312661453,3.079058535812844,-0.1448557271650916,0.3534920014227499,0.5096907825093384,0.0824622530981855,1,1,0,0.114349713262759,55,154,6,3,-0.5837793015942674,0.8119123887650129
2_1411_0,301.76273,2003.5,1091.5,507.5,688.0,637.0,1136.5,1844.5,2066.0,2228.0,2352.5,463409.5000105199,380,0.5553229,3.497645211930926,0.9258720930232558,0.8992369838420108,1.8355474118185984,3.5194495,-15.868485752548583,-7.719802104368792,8.14868364817979,0,21.768559869718924,79.66596807803462,"{""type"":""MultiPoint"",""coordinates"":[]}",ARCHAEAN,,TIRODI GNEISSIC COMPLEX,,GNEISS/MIGMATITE,,ARCHAEAN-GNEISS-MIGMATITE,0.0530544723967731,0.3423708388786351,0.3485239322589499,1.2551724113198572,1.835547410136924,0.4899012565126117,3.1452119259886784,2.912063949255721,2.0412276664762,-0.0176711309490939,0.2946688205833057,0.3423708388786351,0.1131498469959372,0,1,0,0.3258961804357336,66,99,3,1,-0.8502352895807805,0.5264028422714739
2_230_0,215.75003,1613.0,845.5,478.0,613.5,662.5,1054.0,1807.5,2115.5,2276.5,2399.0,463409.5000105199,388,0.5491664,3.43622641509434,1.0798696006519968,0.7085438172633428,1.907746895328208,3.4244075,-14.508881229194506,-7.972542361645155,6.53633886754935,0,22.171723769231765,80.13246320507788,"{""type"":""MultiPoint"",""coordinates"":[]}",ARCHAEAN,,TIRODI GNEISSIC COMPLEX,,GNEISS/MIGMATITE,,ARCHAEAN-GNEISS-MIGMATITE,0.170587479066567,0.4583600254777835,0.3895163624704557,1.38598326069878,1.9077468930718544,0.3714034700762559,2.434716977457031,2.6291768498301926,2.6924896479095333,-0.0952286282116841,0.312182224806922,0.4583600254777835,0.1617711528612265,0,1,0,0.6665589220649355,22,55,3,1,-0.5842500905764976,-0.8115736760524914
1_565_0,342.07068,1660.0,791.0,448.0,619.5,498.0,953.0,2036.0,2487.5,2500.5,2677.5,63.24555320336759,459,0.6678339,5.021084337349397,0.8038740920096852,0.6638672265546891,2.0986093552465235,18.792437,-15.242739986917869,-8.554119613903119,6.68862037301475,1,21.99843875092511,80.23271519078563,"{""type"":""MultiPoint"",""coordinates"":[]}",PALAEOPROTEROZOIC,,SAUSAR,MANSAR,BIOTITE SCHIST,,PALAEOPROTEROZOIC-BIOTITE-SCHIST,0.2020189880538351,0.5193680691115394,0.4750034429210843,1.111607140375877,2.098609352593414,0.3163367325269599,3.333333326639893,2.6795803023735587,3.1611883651565256,-0.1548027024077543,0.3545491634620362,0.5193680691115394,0.0528541225656933,1,1,0,0.1743587235691507,55,154,6,3,-0.3078435374501053,0.9514369955231956
2_293_0,28.24212,2064.0,1213.0,590.0,827.0,812.0,1226.0,2248.0,2654.0,2802.0,2915.0,463409.5000105199,290,0.5506364,3.450738916256157,0.9818621523579202,0.7366167023554604,1.7015663643858203,2.1046996,-15.677222199554512,-9.318045189575429,6.359177009979083,0,21.43196113275934,79.66327313218227,"{""type"":""MultiPoint"",""coordinates"":[]}",PALAEOPROTEROZOIC,,SAUSAR,MANSAR,MUSCOVITE SCHIST,,PALAEOPROTEROZOIC-MUSCOVITE-SCHIST,0.1516646115594606,0.3957658778590869,0.4078724944680336,1.3762711841080149,1.7015663629830449,0.4329050676542095,2.541871918051882,2.4957678325323243,2.309975266026401,-0.082322910006011,0.2596887396217001,0.3957658778590869,0.1583452209997537,1,1,0,2.088978302565861,22,55,4,2,0.4731985120921878,0.8809558264486022
1_511_0,270.0,1331.0,1221.0,653.0,740.0,749.0,917.0,1107.0,1184.0,1240.0,1266.0,36.05551275463989,308,0.24685772,1.6555407209612818,1.012162162162162,1.0733870967741936,1.09009009009009,1.9977337,-15.273712462473146,-8.598758486765952,6.674953975707194,1,21.849138750704444,80.22624732073997,"{""type"":""MultiPoint"",""coordinates"":[]}",PALAEOPROTEROZOIC,,SAUSAR,MANSAR,PHYLLITE,,PALAEOPROTEROZOIC-PHYLLITE,-0.0353947880064586,0.0077204388428604,0.1598717360696877,1.1470137807855838,1.090090089197305,0.984677418560744,1.7770360456915406,1.7986486462180424,1.0155610147292702,0.0470677070105543,0.043103448258972,0.0077204388428604,0.0684736090809745,1,1,0,0.6606387848886266,44,88,5,1,-1.0,-1.8369701987210294e-16
1_41_0,-0.0,1868.0,1109.5,721.5,964.5,895.5,1381.0,2216.0,2598.0,2692.5,2743.0,70.71067811865476,278,0.50083613,3.006700167504188,0.9284603421461898,0.6937790157845868,1.683641279855791,0.92740995,-16.853220003144873,-9.165653210291143,7.687566792853728,1,21.533021602222785,79.98154623734581,"{""type"":""MultiPoint"",""coordinates"":[]}",ARCHAEAN,,TIRODI GNEISSIC COMPLEX,,GNEISS/MIGMATITE,,ARCHAEAN-GNEISS-MIGMATITE,0.1807915798309853,0.4163598105164756,0.3302618815882003,1.241164239443986,1.6836412783383132,0.4120705662350713,2.085985480640999,1.9367547932226488,2.4267688125941693,-0.10530149735244,0.2547439125928652,0.4163598105164756,0.1076066789687033,0,1,0,0.3421540786290337,33,77,4,1,-0.0,1.0
1_186_0,312.8994,2806.5,2424.5,1334.5,1552.5,1701.5,2002.6666666666667,2290.833333333333,2445.333333333333,2358.0,2495.5,50.99019513592785,335,0.16171943,1.3858360270349692,1.09597423510467,1.190203562340967,1.157558259434935,1.3622711,-16.66945477624989,-8.78627723187561,7.883177544374279,1,21.68366907536963,79.7319942514174,"{""type"":""MultiPoint"",""coordinates"":[]}",ARCHAEAN,,TIRODI GNEISSIC COMPLEX,,GNEISS/MIGMATITE,,ARCHAEAN-GNEISS-MIGMATITE,-0.086842869573658,-0.0139048614712169,0.1095631553352336,1.2750093658486252,1.157558258957493,1.0282018655520773,1.6494269752280768,1.8077294674346347,0.9725716638595292,0.0994451557710572,0.0730261900070682,-0.0139048614712169,0.1208827404081414,0,1,0,0.1943034739267318,33,132,5,2,-0.7325500272394829,0.6807131977502955
2_287_0,312.90817,2939.75,1980.5,632.5,830.25,959.75,1337.5,1892.5,2166.5,2316.75,2470.5,463409.5000105199,345,0.41416144,2.4139098723625945,1.1559771153267089,1.2689111902449552,1.484347387023479,2.722557,-19.11919693332296,-11.956091601746824,7.16310533157613,0,21.63947196339095,79.82928179668755,"{""type"":""MultiPoint"",""coordinates"":[]}",ARCHAEAN,,TIRODI GNEISSIC COMPLEX,,GNEISS/MIGMATITE,,ARCHAEAN-GNEISS-MIGMATITE,-0.118519927686004,0.0782477165447093,0.2975315125269087,1.5173913019487884,1.4843473862739978,0.8548613355541766,3.063037246092173,3.5408009593004506,1.1697803579046804,0.1387479466853443,0.1949596056714679,0.0782477165447093,0.2055267701645302,0,1,0,0.8327260507261062,55,77,4,2,-0.7324458250372762,0.680825317820558
2_74_0,294.94672,2532.0,1729.0,603.0,838.0,870.5,1348.0,2046.5,2394.5,2467.0,2673.5,1390.1438774457845,280,0.47835207,2.834003446295233,1.0387828162291168,1.026347790839076,1.4644303065355695,2.1979384,-16.340206605552133,-9.082503987816889,7.257702617735244,0,21.51038405706297,79.95378829506652,"{""type"":""MultiPoint"",""coordinates"":[]}",ARCHAEAN,,AMGAON GNEISSIC COMPLEX,,GRANITE GNEISS/MIGMATITE,,ARCHAEAN-GRANITE-GNEISS-MIGMATITE,-0.0130026005175029,0.1758817921411149,0.3296033817407426,1.4436152546540375,1.4644303056885886,0.7008512360353258,2.908673172994057,3.0214797099982342,1.4268363207479258,0.0513711857780809,0.1884534146471594,0.1758817921411149,0.1815405495883674,0,1,0,1.155953232249977,33,44,3,1,-0.9067003926720903,0.4217752931695702
1_152_0,331.6887,815.0,687.0,651.0,698.0,695.0,781.0,773.0,798.0,800.0,803.0,60.0,306,0.07023411,1.1510791366906474,0.995702005730659,1.01875,1.1863173216885008,2.1060662,-21.56144569367948,-12.326759964723228,9.23468572895625,1,21.84994723446016,80.22516934239903,"{""type"":""MultiPoint"",""coordinates"":[]}",PALAEOPROTEROZOIC,,SAUSAR,MANSAR,PHYLLITE,,PALAEOPROTEROZOIC-PHYLLITE,-0.0092879256908433,0.0759919300094203,0.0138888888801206,1.0675883240129211,1.1863173199616923,0.8587499989265625,1.172661868816314,1.1676217748314874,1.1644832588581029,0.0199257007700352,0.0852197070005194,0.0759919300094203,0.0326894501985962,1,1,0,0.8025248053749563,44,88,5,1,-0.4742618495113119,0.8803838356638027
2_669_0,151.68658,1965.0,1072.0,393.0,553.0,513.0,927.0,1988.0,2284.0,2591.0,2590.0,463409.5000105199,526,0.66945875,5.050682261208577,0.9276672694394212,0.7583944423002702,1.8330223880597007,2.1061077,-13.385899400926512,-6.907523346896591,6.478376054029921,0,21.86261347996624,79.84679894472788,"{""type"":""MultiPoint"",""coordinates"":[]}",ARCHAEAN,,TIRODI GNEISSIC COMPLEX,,GNEISS/MIGMATITE,,ARCHAEAN-GNEISS-MIGMATITE,0.1374012291182174,0.4146874145742049,0.4728461755834955,1.3053435081288969,1.8330223863497923,0.4137398686168507,3.830409349258461,3.553345382362848,2.416977609685655,-0.0926400585696374,0.294040171124781,0.4146874145742049,0.1324503309796354,0,1,0,0.8131487558024254,22,33,2,1,0.4742944242514757,-0.8803662869078763
2_194_0,-0.0,2005.0,1146.0,388.0,579.0,462.0,1004.0,1959.0,2216.0,2189.0,2462.0,463409.5000105199,551,0.6514523,4.738095238095238,0.7979274611398963,0.9159433531292828,1.74956369982548,1.8543341,-15.33160782296846,-8.091683191896118,7.239924631072343,0,21.90546311901874,79.82766482917613,"{""type"":""MultiPoint"",""coordinates"":[]}",ARCHAEAN,,TIRODI GNEISSIC COMPLEX,,GNEISS/MIGMATITE,,ARCHAEAN-GNEISS-MIGMATITE,0.0438721983681754,0.3127436280921308,0.4206578186899429,1.1907216464156658,1.74956369829881,0.5235267242925872,4.339826830433275,3.462867006109038,1.910122162382092,-0.0218080888140745,0.2726118691613418,0.3127436280921308,0.0870588234269896,0,1,0,1.7339583541677648,11,33,2,1,-0.0,1.0
2_210_0,208.29147,1985.0,1141.5,514.0,713.5,684.5,1082.5,2057.0,2348.5,2572.0,2770.5,463409.5000105199,320,0.57961,3.757487216946677,0.959355290819902,0.7717729393468118,1.738939991239597,4.205675,-14.506221382605696,-7.8974914391619855,6.608729943443709,0,21.73110012237114,80.45855165321328,"{""type"":""MultiPoint"",""coordinates"":[]}",ARCHAEAN,,AMGAON GNEISSIC COMPLEX,,AMPHIBOLITE,,ARCHAEAN-AMPHIBOLITE,0.1288128154204931,0.3852161033027558,0.4381001815629119,1.3317120596659298,1.7389399897162154,0.4438180402629012,2.899926949744445,2.782060262393749,2.2531756441058466,-0.0723655633615905,0.2697905004734398,0.3852161033027558,0.1422611596643628,0,1,0,0.1986928051390027,55,110,7,3,-0.4739571213319665,-0.8805479243849909
2_845_0,304.92072,2320.0,1557.0,611.0,829.0,811.0,1235.0,2029.0,2240.0,2315.0,2582.0,463409.5000105199,321,0.48112604,2.854500616522812,0.9782870928829916,1.0021598272138228,1.4900449582530508,4.849094,-15.838641032077138,-9.65730261621966,6.181338415857479,0,21.430344165247924,80.15995165277195,"{""type"":""MultiPoint"",""coordinates"":[]}",ARCHAEAN,,AMGAON GNEISSIC COMPLEX,,GRANITE GNEISS/MIGMATITE,,ARCHAEAN-GRANITE-GNEISS-MIGMATITE,-0.0010787486513314,0.1957644627593583,0.3528949435805882,1.327332240053466,1.4900449572960532,0.6725701940939222,2.86066584110892,2.798552469483049,1.4868336535087772,0.0338451378514371,0.1968016507101362,0.1957644627593583,0.1406469759911062,0,1,0,2.01933455966105,11,88,4,0,-0.8199449158664699,0.572442429371485
2_424_0,160.22697,1620.0,830.5,352.0,561.0,477.5,956.5,1856.0,2129.0,2316.0,2394.5,1355.949851580065,799,0.65813494,4.850261780104712,0.8511586452762924,0.6994818652849741,1.950632149307646,14.468438,-12.3396965712501,-5.587614976116598,6.752081595133504,0,21.991701386294213,80.49870634641341,"{""type"":""MultiPoint"",""coordinates"":[]}",LATE CRETACEOUS - PALAEOCENE,DECCAN TRAP,AMARKANTAK,MANDLA,BASALT,,LATE-CRETACEOUS-PALAEOCENE-BASALT,0.1768292682477568,0.4721118701820715,0.429125634011004,1.3565340870553009,1.9506321469589016,0.3585924005360136,3.3926701499629943,2.887700529611942,2.788681513800504,-0.1197146154402025,0.3221791469813592,0.4721118701820715,0.1512959612401495,0,0,0,0.0126284362201462,165,275,10,3,0.3382949957613482,-0.941040113833002
2_710_0,212.89732,1787.0,856.0,390.0,514.0,380.0,861.0,1745.0,2138.0,2210.0,2397.0,3508.532456740282,395,0.7065637,5.815789473684211,0.7392996108949417,0.8085972850678733,2.0876168224299065,5.506099,-13.81520766059256,-7.609319487725695,6.205888172866864,0,21.943461855536995,79.92872529863958,"{""type"":""MultiPoint"",""coordinates"":[]}",ARCHAEAN,,TIRODI GNEISSIC COMPLEX,,GNEISS/MIGMATITE,,ARCHAEAN-GNEISS-MIGMATITE,0.1058293720025445,0.4416177428435689,0.4714548801499524,0.974358971860618,2.087616819991102,0.3873303165668189,4.702631566572022,3.4766536897341367,2.5817756979184865,-0.0908328088754284,0.3522512295299844,0.4416177428435689,-0.0129870129701467,0,1,0,0.6293792390654,33,88,4,3,-0.5431351762851321,-0.839645270505181
2_216_0,304.83737,1639.0,761.0,418.0,591.0,469.0,989.0,2232.0,2523.0,2628.0,2805.0,2623.756848490348,482,0.69712627,5.603411513859276,0.7935702199661591,0.6236681887366818,2.1537450722733245,9.64944,-15.219430539842689,-8.688073786765713,6.531356753076974,0,21.877705176739447,80.31167710425973,"{""type"":""MultiPoint"",""coordinates"":[]}",ARCHAEAN,,TIRODI GNEISSIC COMPLEX,,GNEISS/MIGMATITE,,ARCHAEAN-GNEISS-MIGMATITE,0.231778767229487,0.5508999703302154,0.4786505006645623,1.122009566693757,2.153745069443173,0.2895738202855503,3.494669502143562,2.7732656467457435,3.4533508496013785,-0.1819945672910371,0.3658333331809028,0.5508999703302154,0.0574971814458881,0,1,0,1.0802823343601196,44,88,6,2,-0.820776798251718,0.5712490240268762
1_400_0,90.0,2564.0,1807.0,653.0,814.0,862.0,1278.0,1617.0,1787.0,1840.0,1946.0,36.05551275463989,342,0.36195412,2.1345707656612527,1.058968058968059,1.3934782608695653,1.4189263973436634,2.9953926,-22.962348685039903,-14.404087318921295,8.55826136611861,1,21.863960952892416,79.9799292698344,"{""type"":""MultiPoint"",""coordinates"":[]}",ARCHAEAN,,TIRODI GNEISSIC COMPLEX,,GNEISS/MIGMATITE,,ARCHAEAN-GNEISS-MIGMATITE,-0.164396003595732,0.0090485330383744,0.2071960297124082,1.3200612537211929,1.418926396558425,0.9820652168575732,2.9744779547859883,3.149877146007522,1.018262312662832,0.1576279776723047,0.1731869137100922,0.0090485330383744,0.1379537952884793,0,1,0,0.6628972934571952,44,88,5,2,1.0,6.123233995736766e-17
2_690_0,90.0,3513.5,2649.2,872.5,1194.75,1547.2,1848.3333333333333,2242.4,2484.875,2598.333333333333,2770.5,463409.5000105199,346,0.25355804,1.6793778007583593,1.294998953756016,1.3522129570237331,1.3262494337913333,0.997579,-18.76340029842314,-10.651560862420624,8.111839436002514,0,21.620068353253966,79.83089876419896,"{""type"":""MultiPoint"",""coordinates"":[]}",ARCHAEAN,,TIRODI GNEISSIC COMPLEX,,GNEISS/MIGMATITE,,ARCHAEAN-GNEISS-MIGMATITE,-0.1497368492569491,-0.0096934432667361,0.1996535921337307,1.7732951269073982,1.3262494332907109,1.0195766513074112,2.2708764204557417,2.9407825880386835,0.9807992346189544,0.1863518085627806,0.1402469696496265,-0.0096934432667361,0.2788362192508013,0,1,0,1.2334813187492677,66,88,4,2,1.0,6.123233995736766e-17
2_975_0,148.33554,1678.0,785.0,409.0,562.5,452.5,934.5,2022.5,2389.0,2510.5,2649.0,463409.5000105199,556,0.6945663,5.548066298342541,0.8044444444444444,0.6683927504481179,2.137579617834395,7.5833645,-12.934149476959448,-5.539728578212864,7.394420898746584,0,22.10327214458185,80.27475634608243,"{""type"":""MultiPoint"",""coordinates"":[]}",ARCHAEAN,,TIRODI GNEISSIC COMPLEX,,GNEISS/MIGMATITE,,ARCHAEAN-GNEISS-MIGMATITE,0.1987585053840853,0.5235927778717667,0.4784428629891327,1.1063569655101295,2.137579615111364,0.312686715669115,3.7082872846225694,2.9831111058078026,3.198089167900523,-0.1562376237314381,0.3625659763042769,0.5235927778717667,0.0504933255362816,0,1,0,0.7934521619449851,33,77,4,2,0.5249438003791426,-0.851136890543174
2_195_0,144.25957,3284.5,2364.5,632.0,823.0,997.0,1451.5,2018.5,2260.0,2405.5,2638.0,463409.5000105199,544,0.41396034,2.412738214643932,1.2114216281895505,1.36541259613386,1.3890886022414888,3.4239957,-17.07313996761997,-11.125457163593993,5.947682804025977,0,22.121867270963133,80.55449172555724,"{""type"":""MultiPoint"",""coordinates"":[]}",PALAEOPROTEROZOIC,,SAUSAR,JUNEWANI,GREY & PINK GNEISS/QTZ-BIOTITE-SILLIMANITE GNEISS,,PALAEOPROTEROZOIC-GREY-PINK-GNEISS-QTZ-BIOTITE-SILLIMANITE-GNEISS,-0.1544815465457853,0.0085953878388688,0.2901332680547418,1.5775316430735258,1.389088601654012,0.982955726051567,3.294383146144049,3.9908869939357383,1.017339817713115,0.169968574918709,0.1628606832779499,0.0085953878388688,0.2240638427108263,1,1,0,2.897742128354174,44,55,5,3,0.5841141019015611,-0.8116715567024217
2_174_0,8.772476,3581.5,2678.5,649.5,885.5,1142.0,1578.5,2116.0,2402.0,2626.5,2758.0,463409.5000105199,537,0.3939233,2.299912434325744,1.2896668548842465,1.3636017513801637,1.3371289901064027,6.5407243,-17.191596093788576,-9.34418599307243,7.847410100716146,0,22.21942431081852,80.44345995644007,"{""type"":""MultiPoint"",""coordinates"":[]}",PALAEOPROTEROZOIC,,SAUSAR,JUNEWANI,GREY & PINK GNEISS/QTZ-BIOTITE-SILLIMANITE GNEISS,,PALAEOPROTEROZOIC-GREY-PINK-GNEISS-QTZ-BIOTITE-SILLIMANITE-GNEISS,-0.153833762861818,-0.0098020735137036,0.2719935431172619,1.7582755939056574,1.3371289896071947,1.0197982101580818,3.136164620721397,4.0446075617791,0.9805861485978772,0.1809488092779612,0.1442492012549122,-0.0098020735137036,0.2749092937343514,1,1,0,0.2355819973810101,22,22,2,1,0.1525110891289595,0.988301759430134
2_1297_0,-0.0,2088.0,1290.0,702.625,948.8947368421052,966.2857142857144,1454.4,2142.7272727272725,2399.4,2527.1666666666665,2593.125,3396.2332075403774,291,0.44680184,2.615341021092056,1.0183276150329232,0.8262217239332587,1.6186046511627907,0.0,-16.94333020431132,-10.511267651868158,6.432062552443162,0,21.484782071465567,80.0610471399904,"{""type"":""MultiPoint"",""coordinates"":[]}",ARCHAEAN,,AMGAON GNEISSIC COMPLEX,,GRANITE GNEISS/MIGMATITE,,ARCHAEAN-GRANITE-GNEISS-MIGMATITE,0.0951572712949715,0.3241060122278899,0.2813385957390408,1.3752509701625526,1.6186046499080582,0.5104530763659753,2.160851564883802,2.2004548204665464,1.95904392612994,-0.0279286746030527,0.2362344581893918,0.3241060122278899,0.1579837146893602,0,1,0,0.3301630634549778,33,88,3,0,-0.0,1.0
2_1371_0,227.03148,2637.0,1756.0,703.5,917.0,1019.5,1437.0,2163.0,2427.5,2548.0,2712.0,463409.5000105199,268,0.4284513,2.499264345267288,1.1117775354416577,1.0349293563579278,1.5017084282460136,1.3605068,-17.378047372735242,-11.3985521178175,5.979495254917742,0,21.33197864163684,79.6349762007325,"{""type"":""MultiPoint"",""coordinates"":[]}",ARCHAEAN,,TIRODI GNEISSIC COMPLEX,,GNEISS/MIGMATITE,,ARCHAEAN-GNEISS-MIGMATITE,-0.0171648987430733,0.1840148698457214,0.3073029644957091,1.4491826560779208,1.5017084273908266,0.6891679746117866,2.586562037678703,2.875681567202092,1.451025056121284,0.0586276780459427,0.200546323651139,0.1840148698457214,0.1834010445830522,0,1,0,4.850096065746517,11,22,2,1,-0.7317283013316408,-0.6815964297370632
2_958_0,-0.0,2458.0,1921.0,696.0,930.0,1098.0,1396.0,2004.0,2203.0,2320.0,2350.0,463409.5000105199,279,0.35751903,2.1129326047358834,1.1806451612903226,1.0594827586206896,1.2795419052576782,0.0,-17.48813522222416,-10.108366317950429,7.379768904273732,0,21.60632412940694,80.1739653712042,"{""type"":""MultiPoint"",""coordinates"":[]}",ARCHAEAN,,AMGAON GNEISSIC COMPLEX,,GRANITE GNEISS/MIGMATITE,,ARCHAEAN-GRANITE-GNEISS-MIGMATITE,-0.0288823775577893,0.0940815845097661,0.2546716496917587,1.577586204629905,1.279541904591597,0.8280172410224064,2.2386156628063607,2.643010749846225,1.2077043200376345,0.0821667680946185,0.1226307375833225,0.0940815845097661,0.224080267433623,0,1,0,1.1469992839945329,22,33,2,0,-0.0,1.0
2_106_0,47.203514,3449.0,2491.0,749.5,998.0,1227.0,1671.0,2326.0,2618.5,2820.0,2924.0,463409.5000105199,571,0.3936249,2.2982885085574574,1.2294589178356714,1.223049645390071,1.3845845042151743,1.364911,-19.60038166590936,-12.476601627646948,7.123780038262412,0,22.196247776488228,80.30844316923691,"{""type"":""MultiPoint"",""coordinates"":[]}",ARCHAEAN,,TIRODI GNEISSIC COMPLEX,,GNEISS/MIGMATITE,,ARCHAEAN-GNEISS-MIGMATITE,-0.1003349816397615,0.0619469026432033,0.2726877039667709,1.6370913920785972,1.3845845036593398,0.8833333330200946,2.810920943104384,3.455911820184457,1.132075471243647,0.1341944090553399,0.1612794612523098,0.0619469026432033,0.2415886667130844,0,1,0,0.3800546623294726,33,44,4,2,0.7337715338491433,0.6793963026928211
2_765_0,180.0,2984.5,2303.5,972.5,1249.0,1416.5,1763.0,2222.5,2463.0,2487.5,2645.5,463409.5000105199,322,0.274334,1.7560889516413696,1.134107285828663,1.1997989949748744,1.295637074017799,0.92740995,-16.9544718480711,-9.562302075906066,7.392169772165035,0,21.57883568171288,79.74762493736108,"{""type"":""MultiPoint"",""coordinates"":[]}",ARCHAEAN,,TIRODI GNEISSIC COMPLEX,,GNEISS/MIGMATITE,,ARCHAEAN-GNEISS-MIGMATITE,-0.0908260233752145,0.0384053433441024,0.2001814675739635,1.456555268425136,1.2956370734553346,0.9260301503814956,2.1069537577783595,2.38951160737429,1.079878445374483,0.1197048721384423,0.1287821482358581,0.0384053433441024,0.1858518207677472,0,1,0,0.2458613748843968,44,143,5,2,1.2246467991473532e-16,-1.0
2_465_0,331.76114,2901.0,1879.0,610.0,987.0,1049.0,1532.0,2073.0,2296.0,2259.0,2403.0,463409.5000105199,282,0.36577994,2.1534795042898,1.0628166160081054,1.2841965471447545,1.543906333155934,2.1046352,-18.38390874658835,-10.401717278642897,7.982191467945455,0,21.412018533451885,79.93142024449195,"{""type"":""MultiPoint"",""coordinates"":[]}",ARCHAEAN,,AMGAON GNEISSIC COMPLEX,,GRANITE GNEISS/MIGMATITE,,ARCHAEAN-GRANITE-GNEISS-MIGMATITE,-0.1244186046270506,0.0918318027810942,0.2213468868560744,1.7196721283284064,1.54390633233427,0.8317839748420611,2.765490941119646,2.9392097234658463,1.2022352308662931,0.1585276433262168,0.2138075313360235,0.0918318027810942,0.2646172391412795,0,1,0,5.258557796704535,11,11,1,0,-0.47314838693632,0.8809827489454934
1_524_0,119.14164,2385.428571428572,2070.0,735.9230769230769,949.6,1071.7777777777778,1355.25,1568.8333333333337,1692.3333333333337,1764.375,1831.875,10.0,325,0.24420308,1.6462134563549655,1.128662360760086,1.3519963564596935,1.1523809523809525,5.695016,-13.867155500908506,-5.329674023378529,8.537481477529976,1,21.68313008619916,79.72471789761603,"{""type"":""MultiPoint"",""coordinates"":[]}",PALAEOPROTEROZOIC,,SAUSAR,MANSAR,SCHIST,,PALAEOPROTEROZOIC-SCHIST,-0.1496585466249226,-0.0797066014462052,0.1495470054831401,1.4563720175789985,1.152380951824247,1.1732199780810657,2.225674592870213,2.512035139971079,0.8523550720520024,0.1606223350713229,0.0707964601611013,-0.0797066014462052,0.185791083627323,1,1,0,0.2010083569414332,33,121,4,1,0.87341854559686,-0.4869702703527861
1_537_0,312.94547,3140.0,2258.0,782.0,1088.0,1143.0,1623.0,2184.0,2392.0,2453.0,2682.0,40.0,288,0.36429366,2.146106736657918,1.0505514705882353,1.280065226253567,1.3906111603188662,2.7206552,-22.026383989728902,-13.837061917187546,8.189322072541357,1,21.450017269970143,79.76568107457189,"{""type"":""MultiPoint"",""coordinates"":[]}",PALAEOPROTEROZOIC,,SAUSAR,CHORBAOLI,QUARTZITE,,PALAEOPROTEROZOIC-QUARTZITE,-0.1228321115460697,0.0413924856630455,0.2459930313017437,1.4616368267754003,1.3906111597030066,0.9205055030898878,2.7471566030208603,2.886029409112105,1.0863596097934636,0.1393987762517426,0.1633938495436469,0.0413924856630455,0.187532467435048,1,1,0,0.3444564433437526,66,165,7,2,-0.7320024472594034,0.6813020014694249
2_803_0,180.0,2016.5,1130.5,473.5,652.0,645.5,1117.0,2116.0,2395.0,2517.0,2742.0,463409.5000105199,372,0.59177864,3.899302865995352,0.9900306748466258,0.8011521652761223,1.7837240159221583,10.992985,-13.398718762650876,-8.22496698674374,5.173751775907135,0,21.54838279358123,79.70639226582,"{""type"":""MultiPoint"",""coordinates"":[]}",PALAEOPROTEROZOIC,,SAUSAR,SITASAONGI,QUARTZITE,,PALAEOPROTEROZOIC-QUARTZITE,0.110400352903849,0.3801233720685062,0.4210935474420592,1.3632523730448736,1.7837240143443396,0.4491458083237402,3.123934929320008,3.0927914062993995,2.226448472157056,-0.0581158779198379,0.281537972582924,0.3801233720685062,0.1537086683166142,1,1,0,0.1411896218110739,44,110,4,2,1.2246467991473532e-16,-1.0
2_27_0,132.86418,1892.0,1030.0,413.5,538.5,462.0,893.5,1722.0,2027.0,2139.0,2247.0,463409.5000105199,526,0.644752,4.62987012987013,0.8579387186629527,0.884525479195886,1.836893203883495,6.785254,-13.219265858842702,-6.027796736161751,7.191469122680951,0,21.86045752328436,79.62473540649354,"{""type"":""MultiPoint"",""coordinates"":[]}",ARCHAEAN,,TIRODI GNEISSIC COMPLEX,,GNEISS/MIGMATITE,,ARCHAEAN-GNEISS-MIGMATITE,0.0612751178215641,0.3499526663458653,0.4309823275175984,1.1172914120500812,1.8368932021001037,0.4815334266098488,4.095238086373944,3.513463317523745,2.0766990271100005,-0.0404565372382642,0.2950034222125245,0.3499526663458653,0.0553969159846979,0,1,0,1.94028101667796,22,33,3,0,0.7329683265923878,-0.6802627670337065
1_147_0,65.12798,1472.5,705.0,355.0,500.5,398.0,811.0,1683.5,1968.0,2231.5,2215.0,60.82762530298219,444,0.6972808,5.60678391959799,0.7952047952047953,0.6598700425722608,2.088652482269504,2.2041116,-14.924648579722358,-8.295603495755874,6.629045083966485,1,22.00032521302176,80.23487114746752,"{""type"":""MultiPoint"",""coordinates"":[]}",PALAEOPROTEROZOIC,,SAUSAR,MANSAR,BIOTITE SCHIST,,PALAEOPROTEROZOIC-BIOTITE-SCHIST,0.2049136068561248,0.5198365399217312,0.4639788498136223,1.1211267574052768,2.088652479306876,0.315930987983002,3.6997487344227418,2.942057936179705,3.1652482224606406,-0.1606461745208332,0.3524684269334244,0.5198365399217312,0.0571049136027823,1,1,0,0.035712136887139,55,143,6,3,0.9072495160725306,0.4205928144728095
2_585_0,208.2459,2023.0,1122.0,636.0,845.0,803.0,1289.0,2086.0,2356.0,2471.0,2668.0,463409.5000105199,278,0.50946856,3.0772104607721045,0.9502958579881656,0.8186968838526912,1.803030303030303,2.1047742,-17.44995579006855,-10.5825048421625,6.86745094790605,0,21.455137667089623,79.958908692186,"{""type"":""MultiPoint"",""coordinates"":[]}",ARCHAEAN,,AMGAON GNEISSIC COMPLEX,,GRANITE GNEISS/MIGMATITE,,ARCHAEAN-GRANITE-GNEISS-MIGMATITE,0.0996884734980666,0.3754522681949757,0.3484963355197128,1.2625786143670148,1.803030301423324,0.4540671790958854,2.519302612055663,2.3940828374034524,2.202317288589734,-0.0473622113522059,0.2864864863953938,0.3754522681949757,0.116052814373834,0,1,0,4.257305925591849,11,11,1,0,-0.4732566307537513,-0.8809246059950916
2_322_0,342.90497,2871.0,2048.0,738.0,993.0,1221.0,1577.0,1957.0,2189.0,2351.0,2437.0,463409.5000105199,584,0.3163494,1.9254709254709248,1.229607250755287,1.2211824755423224,1.40185546875,6.7609844,-17.048490570552804,-9.9968969929124,7.051593577640404,0,21.71816438227982,80.54559840424446,"{""type"":""MultiPoint"",""coordinates"":[]}",PALAEOPROTEROZOIC,,,,GRANITE,MALANJKHAND GRANITE,PALAEOPROTEROZOIC-GRANITE,-0.0995787054577597,0.0688792907322393,0.2142501245106502,1.6544715424736158,1.4018554680655004,0.8711186725346156,2.3513513494255927,2.891238667783244,1.147949218189478,0.1396741400724586,0.1673104289149602,0.0688792907322393,0.2465543643458119,0,0,1,0.1216435838622758,44,143,4,0,-0.293957415902854,0.95581851710234
2_1075_0,180.0,2089.0,1262.0,415.5,530.0,539.0,934.5,1610.5,1892.5,2003.0,2187.5,463409.5000105199,586,0.57592446,3.716141001855288,1.0169811320754718,1.0429355966050924,1.6553090332805072,1.8543341,-13.75146786291354,-7.31886653487223,6.43260132804131,0,21.88740698180794,79.51208666986494,"{""type"":""MultiPoint"",""coordinates"":[]}",ARCHAEAN,,TIRODI GNEISSIC COMPLEX,,GNEISS/MIGMATITE,,ARCHAEAN-GNEISS-MIGMATITE,-0.0210166177856753,0.2269525267298767,0.4013452913512667,1.2972322471787432,1.6553090319688517,0.630054917309009,3.87569572564806,3.941509426525454,1.5871632317058928,0.0415139205307611,0.2467920023136998,0.2269525267298767,0.1293871135365247,0,1,0,0.6846409259179422,44,77,4,1,1.2246467991473532e-16,-1.0
1_168_0,-0.0,1632.0,795.5,409.5,571.5,453.0,880.0,1766.0,2112.0,2298.5,2338.0,10.0,444,0.67072505,5.073951434878588,0.7926509186351706,0.7100282793125952,2.0515399120050284,0.0,-15.106050049123423,-8.175009811549398,6.931040237574027,1,22.00032521302176,80.2332541799561,"{""type"":""MultiPoint"",""coordinates"":[]}",PALAEOPROTEROZOIC,,SAUSAR,MANSAR,BIOTITE SCHIST,,PALAEOPROTEROZOIC-BIOTITE-SCHIST,0.1695713013180075,0.4857789267983908,0.453076444856098,1.106227103525697,2.051539909426097,0.346095279379554,3.602648998669649,2.855643039622672,2.8893777462107133,-0.1299812225891964,0.3445932027416712,0.4857789267983908,0.0504347825502205,1,1,0,0.0356597043746584,55,143,6,3,-0.0,1.0
2_646_0,47.102623,2284.75,1581.75,699.5,941.0,1033.0,1415.3333333333333,2034.0,2294.958333333333,2433.75,2481.0,463409.5000105199,294,0.4040528,2.356001936108422,1.0977683315621678,0.9387776065742168,1.4444444444444444,1.3623233,-17.071298137785536,-10.394695288755338,6.676602849030198,0,21.6939098696086,79.982893710272,"{""type"":""MultiPoint"",""coordinates"":[]}",PALAEOPROTEROZOIC,,SAUSAR,MANSAR,MUSCOVITE SCHIST,,PALAEOPROTEROZOIC-MUSCOVITE-SCHIST,0.0315778319314235,0.2121778109296033,0.273505004635083,1.4767691186893936,1.4444444435312505,0.6499229581304888,2.21176185652298,2.428002122818276,1.5386439060922117,0.0286002170161835,0.1818181817711578,0.2121778109296033,0.1924963923852834,1,1,0,0.6546214443900548,44,77,3,1,0.7325740614117748,0.6806873324417438
2_1492_0,245.12811,1825.0,1037.5,450.0,572.5,583.5,918.0,1710.5,1994.5,2118.5,2340.5,463409.5000105199,624,0.5680977,3.630676949443016,1.0192139737991266,0.8614585791833844,1.7590361445783131,2.2041223,-14.300317835520891,-7.730284247544889,6.570033587976004,0,22.00113369677747,80.65124028165691,"{""type"":""MultiPoint"",""coordinates"":[]}",PALAEOPROTEROZOIC - MESOPROTEROZOIC,,CHILPI,,PHYLLITE,,PALAEOPROTEROZOIC-MESOPROTEROZOIC-PHYLLITE,0.0744262710601176,0.342522179866121,0.4365505599396806,1.2966666637851851,1.7590361428828565,0.489733301633357,3.127677800980844,3.18777292019603,2.0419277088752503,-0.0321478802426867,0.2751091702095689,0.342522179866121,0.1291727139533887,0,1,0,0.1262031252678362,88,99,6,1,-0.90725047036502,-0.4205907559878723
2_826_0,227.1013,2564.0,1948.0,701.5,936.0,1103.0,1502.0,2052.0,2306.0,2390.5,2522.0,463409.5000105199,293,0.36854157,2.1672710788757934,1.1784188034188037,1.0725789583769083,1.3162217659137576,1.3622894,-17.435511504289956,-10.668926975694074,6.766584528595882,0,21.687172504977696,80.2235523748876,"{""type"":""MultiPoint"",""coordinates"":[]}",CENOZOIC,,,,LATERITE,,CENOZOIC-LATERITE,-0.035018669888986,0.1019937766274072,0.2534791251855171,1.5723449728120529,1.3162217652380792,0.8148922816084953,2.3245693541935,2.7393162363896195,1.2271560568649096,0.0850717561643628,0.1365248226647772,0.1019937766274072,0.2224993071640347,0,0,1,1.1534679055936068,22,77,4,1,-0.7325583436654053,-0.6807042479125556
2_981_0,180.0,2121.0,1193.5,418.5,565.0,559.5,977.5,1698.0,1973.0,2014.0,2151.5,463409.5000105199,523,0.5651836,3.59964253798034,0.9902654867256636,1.0531281032770603,1.7771260997067448,2.7802885,-14.181152081667728,-6.630387166532695,7.550764915135033,0,21.854259147823928,79.758943709941,"{""type"":""MultiPoint"",""coordinates"":[]}",ARCHAEAN,,TIRODI GNEISSIC COMPLEX,,GNEISS/MIGMATITE,,ARCHAEAN-GNEISS-MIGMATITE,-0.0258766626297758,0.2558067029599979,0.3751997442073507,1.3369175595294682,1.7771260982177408,0.5926017871933457,3.790884711723173,3.75398229424074,1.6874738150921875,0.0485038137984541,0.2798310453221206,0.2558067029599979,0.1441717789936893,0,1,0,0.9240627361263292,22,33,2,1,1.2246467991473532e-16,-1.0
2_265_0,312.974,2057.5,1304.5,610.0,881.5,947.0,1391.5,2093.5,2269.5,2288.5,2401.0,463409.5000105199,255,0.41461906,2.4165786694825764,1.0743051616562678,0.8990605199912607,1.577232656190111,1.3603677,-18.2612134492994,-10.183903702349316,8.077309746950082,0,21.303951204772307,79.76271663413429,"{""type"":""MultiPoint"",""coordinates"":[]}",ARCHAEAN,,AMGAON GNEISSIC COMPLEX,,GRANITE GNEISS/MIGMATITE,,ARCHAEAN-GRANITE-GNEISS-MIGMATITE,0.0531523239638397,0.2738658501881809,0.2661832563569721,1.5524590138484278,1.5772326549810405,0.570024032960444,2.1726504728905485,2.334089617318106,1.7543119955888753,0.0179569710286368,0.2239738250374854,0.2738658501881809,0.2164418752624008,0,1,0,0.6018933864196874,22,44,3,1,-0.7316631073466536,0.6816664120725321
2_290_0,180.0,2215.0,1338.0,604.0,860.0,849.0,1298.0,2157.0,2452.0,2550.0,2631.0,1696.1426826773743,315,0.5004413,3.0035335689045937,0.9872093023255814,0.8686274509803922,1.655455904334828,1.8543341,-16.581524055926145,-9.75255268015412,6.828971375772024,0,21.843748858999728,80.12976825922553,"{""type"":""MultiPoint"",""coordinates"":[]}",PALAEOPROTEROZOIC,,SAUSAR,MANSAR,MUSCOVITE SCHIST,,PALAEOPROTEROZOIC-MUSCOVITE-SCHIST,0.0703043021888133,0.3117283949815513,0.3392720793231682,1.405629136745647,1.6554559030975664,0.5247058821471742,2.6089517048186672,2.575581392353975,1.905829594988169,-0.014474107427714,0.2468336616248709,0.3117283949815513,0.1686166550800986,1,1,0,0.8185353662274543,44,88,5,1,1.2246467991473532e-16,-1.0
2_1307_0,110.354004,1805.0,883.0,362.0,514.0,403.0,890.0,1880.0,2279.0,2450.0,2457.0,463409.5000105199,516,0.7174904,6.079404466501241,0.7840466926070039,0.736734693877551,2.044167610419026,5.3178506,-14.050414979769076,-6.7874740216544645,7.262940958114612,0,21.95801456313973,79.88857060543944,"{""type"":""MultiPoint"",""coordinates"":[]}",ARCHAEAN,,TIRODI GNEISSIC COMPLEX,,GNEISS/MIGMATITE,,ARCHAEAN-GNEISS-MIGMATITE,0.1515863689420478,0.4701470145604119,0.4681804599736539,1.1132596654329845,2.0441676081040003,0.3604081631182008,4.478908177471692,3.511673144918924,2.774631933437563,-0.1203187250756337,0.343005952253346,0.4701470145604119,0.0535947711717715,0,1,0,2.7581908213955493,11,77,3,2,0.9375615146830066,-0.3478195023073122
2_323_0,270.0,1731.5,959.0,371.5,505.0,458.5,913.5,1836.5,2168.5,2248.0,2405.0,463409.5000105199,603,0.66118604,4.902944383860414,0.907920792079208,0.7702402135231317,1.805526590198123,3.9921787,-15.15064055121243,-8.450615099778409,6.700025451434021,0,21.90492412984827,79.5891621212424,"{""type"":""MultiPoint"",""coordinates"":[]}",ARCHAEAN,,TIRODI GNEISSIC COMPLEX,,GNEISS/MIGMATITE,,ARCHAEAN-GNEISS-MIGMATITE,0.1297901746124412,0.4019332708444237,0.4494500525992316,1.2341857301906172,1.805526588315405,0.4266014232977752,3.776444920880164,3.4287128644975984,2.344108443853901,-0.0893024222706513,0.2871213528016646,0.4019332708444237,0.1048192769821454,0,1,0,1.3045479453843425,22,77,3,1,-1.0,-1.8369701987210294e-16
2_539_0,76.902725,2294.0,1549.0,698.0,914.0,994.0,1376.0,1829.0,2005.0,2100.0,2241.0,463409.5000105199,316,0.35746607,2.112676056338028,1.087527352297593,1.0923809523809525,1.4809554551323434,4.0860434,-16.35576069503025,-9.62969672449166,6.72606397053859,0,21.46699542884,80.14674641809539,"{""type"":""MultiPoint"",""coordinates"":[]}",ARCHAEAN,,AMGAON GNEISSIC COMPLEX,,GRANITE GNEISS/MIGMATITE,,ARCHAEAN-GRANITE-GNEISS-MIGMATITE,-0.0441511151469842,0.151000274006303,0.2391484655130913,1.4240687658680964,1.4809554541762713,0.7376190472678005,2.3078470801731923,2.509846824387476,1.3557133625850784,0.0805126519749404,0.1938589643003229,0.151000274006303,0.1749408982417606,0,1,0,1.1322408832202553,55,121,5,1,0.9739867457640178,0.2266049846671925
1_373_0,-0.0,784.0,548.0,634.0,770.0,677.0,836.0,754.0,842.0,692.0,707.0,58.30951894845301,286,0.010956903,1.0221565731166913,0.8792207792207792,1.1329479768786128,1.4306569343065694,3.7047918,-22.664979033262817,-15.676511292274808,6.988467740988009,1,21.449208786214434,79.76810652583902,"{""type"":""MultiPoint"",""coordinates"":[]}",PALAEOPROTEROZOIC,,SAUSAR,CHORBAOLI,QUARTZITE,,PALAEOPROTEROZOIC-QUARTZITE,-0.0623306232640036,0.116129032164412,-0.0836033700041455,1.0678233421643164,1.4306569316958817,0.791907513306492,1.1580502198551696,1.018181816859504,1.2627737203234055,0.0484391818986583,0.1771771770441612,0.116129032164412,0.0327993897537762,1,1,0,0.3618893310851278,66,165,7,2,-0.0,1.0
1_357_0,19.7741,1520.5,726.0,389.5,527.5,461.5,838.0,1618.0,1896.0,2002.5,2169.0,50.0,446,0.62540585,4.33911159263272,0.8748815165876778,0.7593008739076155,2.0943526170798896,2.9542048,-14.281622371626796,-7.608042899419471,6.673579472207325,1,22.000055718436524,80.23460165288228,"{""type"":""MultiPoint"",""coordinates"":[]}",PALAEOPROTEROZOIC,,SAUSAR,MANSAR,BIOTITE SCHIST,,PALAEOPROTEROZOIC-BIOTITE-SCHIST,0.1368152142671543,0.4678394720660291,0.4426338541926725,1.184852371797555,2.0943526141951065,0.3625468162983536,3.2946912171295963,2.882464449511916,2.758264459010655,-0.0937357109982314,0.353661250677204,0.4678394720660291,0.0846063453764907,1,1,0,0.0057032623577183,55,143,6,3,0.3383125696481219,0.94103379600208
2_369_0,47.12074,2331.0,1586.5,653.0,868.5,1000.5,1328.0,2192.5,2552.0,2592.5,2759.0,3050.852339920764,354,0.44308376,2.5912043978010995,1.151986183074266,0.899132111861138,1.4692719823510874,1.3627869,-16.597063945860075,-9.156455125676052,7.440608820184023,0,21.78499903941832,79.79559497353307,"{""type"":""MultiPoint"",""coordinates"":[]}",ARCHAEAN,,TIRODI GNEISSIC COMPLEX,,GNEISS/MIGMATITE,,ARCHAEAN-GNEISS-MIGMATITE,0.0531126231231618,0.2407274466999934,0.3501345729507867,1.5321592625847484,1.4692719814249782,0.611957569677162,2.3298350801301,2.683937820743883,1.6341002195814054,0.0130758704556673,0.1900446712980103,0.2407274466999934,0.2101602659751071,0,1,0,3.688333331120584,11,22,2,1,0.7327892590054252,0.6804556575459416
2_445_0,90.0,2956.0,2281.0,898.0,1165.0,1473.0,1752.0,2108.0,2378.0,2482.0,2634.0,463409.5000105199,317,0.2551201,1.6849966055668704,1.2643776824034334,1.1909750201450444,1.2959228408592722,4.966078,-17.782016175749984,-10.382737351554065,7.399278824195921,0,21.33224813622208,80.03086374644397,"{""type"":""MultiPoint"",""coordinates"":[]}",PALAEOPROTEROZOIC,,SAKOLI,DHABETEKRI,PHYLLITE,,PALAEOPROTEROZOIC-PHYLLITE,-0.087164398659955,0.0422002939235355,0.2010943911990208,1.640311802182281,1.2959228402911342,0.9190169214669552,2.0067888648969525,2.5373390536160176,1.088119245467725,0.1343321807998037,0.1288905861888694,0.0422002939235355,0.242513707194216,0,1,0,0.4143110988664633,99,165,6,2,1.0,6.123233995736766e-17
2_1168_0,114.867004,2680.0,1966.5,674.5,961.5,1035.5,1514.0,2326.0,2551.0,2669.0,2721.0,463409.5000105199,558,0.44095019,2.5774987928536937,1.076963078523141,1.004121393780442,1.3628273582506991,2.2045274,-17.372706761712323,-10.383256054120793,6.98945070759153,0,22.032664563250066,80.57308685193851,"{""type"":""MultiPoint"",""coordinates"":[]}",PALAEOPROTEROZOIC,,SAUSAR,MANSAR,MUSCOVITE SCHIST,,PALAEOPROTEROZOIC-MUSCOVITE-SCHIST,-0.0020564591508587,0.1515478373095571,0.2850059031204236,1.5352112653295609,1.3628273575576773,0.7367928060184366,2.5881216778482647,2.7873114895607785,1.357233663179642,0.0526986825254712,0.1535564402983844,0.1515478373095571,0.2111111109876543,1,1,0,0.0024743892033105,66,77,5,3,0.9072863336945736,-0.4205133870533239
2_141_0,28.238214,2058.0,1238.0,565.0,835.0,808.0,1367.0,2117.0,2312.0,2322.0,2521.0,1598.780785473731,271,0.48370606,2.873762376237624,0.9676646706586828,0.8863049095607235,1.6623586429725363,2.1046226,-16.720254495937358,-8.953353405674463,7.766901090262895,0,21.40797611467335,79.77619136339608,"{""type"":""MultiPoint"",""coordinates"":[]}",NEOPROTEROZOIC,,,,GRANITE,ACID  INTRUSIVE,NEOPROTEROZOIC-GRANITE,0.0602739725889785,0.3044943819369398,0.2968106995121372,1.4300884930440911,1.6623586416297589,0.5331610678151761,2.5470296998180326,2.464670655730933,1.875605814316958,-0.0036502694240135,0.2487864076915089,0.3044943819369398,0.1769847048965879,0,0,1,0.110220749236147,55,143,7,2,0.4731384539781904,0.8809880835556902
2_532_0,31.6111,1765.0,949.0,464.0,607.0,516.0,968.0,1988.0,2354.0,2649.0,2670.0,463409.5000105199,584,0.6739336,5.133720930232558,0.8500823723228995,0.6662891657229143,1.8598524762908324,7.579065,-13.045356317558872,-6.91562739627649,6.129728921282382,0,21.80682810082241,80.66255905423682,"{""type"":""MultiPoint"",""coordinates"":[]}",PALAEOPROTEROZOIC - MESOPROTEROZOIC,,KHAIRAGARH,SITAGOTA,BASALT,,PALAEOPROTEROZOIC-MESOPROTEROZOIC-BASALT,0.2002718622110847,0.4724847135985312,0.4678394721088951,1.112068963120541,1.85985247433103,0.3582483954857499,3.4205426290299563,2.9077429935622026,2.791359322664532,-0.1542454578876074,0.3006632275973975,0.4724847135985312,0.0530612244356518,0,0,0,1.3748036579063456,22,33,3,2,0.5241509025124992,0.8516254055600576
2_874_0,90.0,2185.0,1071.0,485.0,744.0,582.0,1191.0,2198.0,2531.0,2547.0,2823.0,463409.5000105199,480,0.62799615,4.376288659793815,0.782258064516129,0.8578720062819003,2.0401493930905694,1.9981765,-14.428782990581418,-8.22392385355925,6.204859137022169,0,21.88093911176228,79.8920740350475,"{""type"":""MultiPoint"",""coordinates"":[]}",PALAEOPROTEROZOIC,,SAUSAR,LOHANGI ( INCLUDES UTEKATA),CALC GNEISS,,PALAEOPROTEROZOIC-CALC-GNEISS,0.0765004226381021,0.4079601988922166,0.4065769804667222,1.1999999975257731,2.040149391185668,0.420494699481549,3.754295526195369,2.936827953041898,2.378151258283705,-0.0456975340497158,0.342137592032513,0.4079601988922166,0.0909090908238902,1,1,0,0.0249237582894481,77,231,3,2,1.0,6.123233995736766e-17
2_556_0,331.7164,2171.0,1389.0,518.7142857142857,732.5,766.0,1180.0,2008.0,2349.0,2562.0,2629.0,463409.5000105199,310,0.53966343,3.3446475195822454,1.0457337883959044,0.847384855581577,1.5629949604031677,2.105518,-15.2446825541124,-8.290298854821174,6.954383699291228,0,21.68366907536963,80.39279497441572,"{""type"":""MultiPoint"",""coordinates"":[]}",ARCHAEAN,,AMGAON GNEISSIC COMPLEX,,GRANITE GNEISS/MIGMATITE,,ARCHAEAN-GRANITE-GNEISS-MIGMATITE,0.0826114514932154,0.2968868640098995,0.3804148069360948,1.476728171209833,1.562994959277901,0.5421545665331169,2.834203651652476,2.963822521551096,1.8444924392768232,-0.0238818725627392,0.2196629212866115,0.2968868640098995,0.1924830422164593,0,1,0,0.4312641008507688,44,66,5,2,-0.4738361670771063,0.8806130176017594
2_1275_0,331.72263,2680.0,1813.0,720.0769230769231,915.0,1034.5555555555557,1425.2727272727273,2009.0,2254.0,2349.25,2511.428571428572,463409.5000105199,283,0.3885254,2.2707818709053806,1.130661809350334,1.140789613706502,1.4782129067843353,2.1053953,-17.828187759898064,-10.78700938725158,7.041178372646483,0,21.646209328021847,80.06886248296223,"{""type"":""MultiPoint"",""coordinates"":[]}",ARCHAEAN,,TIRODI GNEISSIC COMPLEX,,GNEISS/MIGMATITE,,ARCHAEAN-GNEISS-MIGMATITE,-0.0657652731389838,0.1288365667298128,0.275905069109068,1.4367292173426711,1.4782129059689944,0.7717356599886195,2.590484370817918,2.9289617454328285,1.2957804736371867,0.0951120003059941,0.1929668372595221,0.1288365667298128,0.179227636629924,0,1,0,7.128875108889619,11,22,2,0,-0.4737404116894181,0.8806645345035422
1_8_0,87.34261,1848.0,944.0,396.0,564.0,469.0,928.0,2049.0,2417.0,2390.0,2726.0,31.6227766016838,656,0.67191327,5.095948827292111,0.8315602836879432,0.7732217573221757,1.957627118644068,19.246607,-12.35740797430669,-6.44666380763681,5.910744166669881,1,21.833508064760768,80.36584551589215,"{""type"":""MultiPoint"",""coordinates"":[]}",ARCHAEAN,,TIRODI GNEISSIC COMPLEX,,GNEISS/MIGMATITE,,ARCHAEAN-GNEISS-MIGMATITE,0.1278905143634048,0.4337132572184423,0.4920634919288277,1.1843434313526682,1.9576271165703103,0.3949790793326447,3.940298499061197,3.276595738871284,2.531779658334979,-0.0919067215183408,0.3237822348410522,0.4337132572184423,0.0843930634862508,0,1,0,2.0608548915266978,22,44,4,0,0.9989246310833086,0.0463635785404409
2_980_0,19.726576,3629.75,2599.75,742.75,1015.625,1240.375,1669.0,2269.25,2588.0,2674.0,2923.0,463409.5000105199,278,0.3662462,2.155799657361685,1.2212923076923077,1.3574233358264771,1.3961919415328397,2.9533267,-21.05687853048172,-12.284075765475308,8.772802765006414,0,21.626536223299627,80.02709082225067,"{""type"":""MultiPoint"",""coordinates"":[]}",ARCHAEAN,,TIRODI GNEISSIC COMPLEX,,GNEISS/MIGMATITE,,ARCHAEAN-GNEISS-MIGMATITE,-0.1516161015028171,0.0140791656764012,0.2730836236339103,1.6699764366610883,1.3961919409957912,0.9722326099580282,2.926332759910242,3.573907688788768,1.0285604381080642,0.1753827588595963,0.165342322792304,0.0140791656764012,0.2509297193818192,0,1,0,2.8034592762693027,22,22,2,0,0.3375319126205045,0.941314085713554
1_476_0,82.437355,2599.0,1549.0,527.8,684.1666666666666,673.8333333333333,1119.0,1843.25,2030.0,2251.75,2245.6666666666665,56.56854249492381,332,0.5393511,3.341701706653476,0.9848964677222898,1.1542133895858775,1.6778566817301486,7.0120435,-16.11115098673516,-8.183072975991545,7.928078010743617,1,21.665612938158823,79.66569858344938,"{""type"":""MultiPoint"",""coordinates"":[]}",ARCHAEAN,,TIRODI GNEISSIC COMPLEX,,GNEISS/MIGMATITE,,ARCHAEAN-GNEISS-MIGMATITE,-0.0715868679953436,0.1848977175070978,0.3348523874574443,1.276683084609038,1.6778566806469613,0.6879094034915468,3.857036848097398,3.7987819676509886,1.453679792476643,0.0815023282704329,0.2531340404404208,0.1848977175070978,0.1215290298303456,0,1,0,0.1983773170162979,33,77,3,2,0.9913015564815738,0.131610121636632
1_182_0,227.13632,1570.0,952.0,507.0,760.0,518.0,807.0,1231.0,1380.0,1385.0,1452.0,70.71067811865476,336,0.45559642,2.6737451737451736,0.6815789473684211,1.1335740072202165,1.649159663865546,2.7248306,-24.35029973939472,-19.08372230969527,5.266577429699449,1,21.86315246913671,79.97939028066392,"{""type"":""MultiPoint"",""coordinates"":[]}",ARCHAEAN,,TIRODI GNEISSIC COMPLEX,,GNEISS/MIGMATITE,,ARCHAEAN-GNEISS-MIGMATITE,-0.0626057529398965,0.1852802737760888,0.2855245682667001,1.021696250450303,1.6491596621332356,0.6873646204423359,3.030888025036896,2.0657894709660667,1.4548319312449245,0.0492462311434054,0.2450436160804744,0.1852802737760888,0.0107317073066032,0,1,0,0.6108755566965847,44,88,5,2,-0.7329742629770104,-0.6802563706524978
2_1354_0,324.3907,2760.0,2066.0,963.0,1339.0,1417.0,1835.0,2558.0,2903.0,2818.0,3088.0,3213.6116753584274,268,0.33081463,1.9887085391672548,1.058252427184466,0.979418026969482,1.3359148112294288,3.4183888,-16.28164582547538,-5.653162185741958,10.62848363973342,0,21.429266186906982,79.85084136350642,"{""type"":""MultiPoint"",""coordinates"":[]}",ARCHAEAN,,AMGAON GNEISSIC COMPLEX,,GRANITE GNEISS/MIGMATITE,,ARCHAEAN-GRANITE-GNEISS-MIGMATITE,0.0103979921100039,0.1539721539406281,0.254519601817079,1.4714434044948668,1.33591481058281,0.7331440735510489,1.9477769922739752,2.061239729603256,1.3639883826892605,0.0497612465381048,0.1438043928421457,0.1539721539406281,0.1907563024408587,0,1,0,1.888729791803005,33,44,3,0,-0.5822549414428052,0.8130062626852487
1_546_0,344.9134,3191.0,2457.0,746.5,1045.5,1336.0,1800.5,2206.5,2425.5,2493.0,2653.0,41.23105625617661,614,0.30216765,1.8660179640718564,1.2778574844571975,1.2799839550742078,1.2987382987382987,3.836653,-18.070449749230683,-10.199249742210435,7.871200007020247,1,21.96636889528204,80.4677144691113,"{""type"":""MultiPoint"",""coordinates"":[]}",ARCHAEAN,,TIRODI GNEISSIC COMPLEX,,GNEISS/MIGMATITE,,ARCHAEAN-GNEISS-MIGMATITE,-0.1228008444541166,0.007272727271258,0.1914224766607336,1.7896851951913126,1.2987382982097118,0.9855595663916727,2.388473052104436,3.0521281654212067,1.014652014239051,0.1657760895943119,0.1299575070591435,0.007272727271258,0.2830732291557872,0,1,0,0.5948346713828367,33,99,6,2,-0.2602787024585791,0.9655335297370456
2_277_0,331.65646,1795.6666666666667,1050.75,552.6,753.0,722.0,1093.3333333333333,1910.5,2326.5,2462.0,2468.5,463409.5000105199,324,0.5464824,3.409972299168975,0.9588313413014607,0.7293528296777688,1.7089380601157904,6.2974796,-15.86145223653203,-9.528328882582326,6.333123353949704,0,22.041288389977613,80.11440706786709,"{""type"":""MultiPoint"",""coordinates"":[]}",ARCHAEAN,,TIRODI GNEISSIC COMPLEX,,GNEISS/MIGMATITE,,ARCHAEAN-GNEISS-MIGMATITE,0.1565019963618956,0.4017507649557325,0.3860839454252724,1.3065508481604218,1.7089380584893918,0.4267871647332302,2.487072942077,2.384683485102236,2.343088268053211,-0.0898245444742676,0.261703311088783,0.4017507649557325,0.1329044405045469,0,1,0,3.170526093791993,22,22,2,1,-0.474757161238487,0.8801168319335639
2_954_0,270.0,2852.0,2023.0,783.125,1036.7142857142858,1262.5454545454545,1646.4615384615386,1966.1666666666667,2223.0,2417.0,2540.0,463409.5000105199,294,0.31374922,1.9143865207373272,1.2178335650844951,1.1799751758378154,1.4097874443895204,1.993377,-18.184562609868184,-10.917661090375464,7.26690151949272,0,21.53436907514897,80.09823739275294,"{""type"":""MultiPoint"",""coordinates"":[]}",ARCHAEAN,,AMGAON GNEISSIC COMPLEX,,GRANITE GNEISS/MIGMATITE,,ARCHAEAN-GRANITE-GNEISS-MIGMATITE,-0.0825583602044869,0.0887387387187525,0.2134352491038023,1.6121889263313849,1.4097874436926408,0.8369880013086521,2.258928569639385,2.7509990327605074,1.1947602564534057,0.1250118457287719,0.1700512820163997,0.0887387387187525,0.2343585953670248,0,1,0,0.6887262522797708,33,88,4,0,-1.0,-1.8369701987210294e-16
2_241_0,111.694176,2022.5,1239.0,400.5,556.5,490.0,904.0,1667.5,1878.5,2040.5,2118.0,463409.5000105199,521,0.6127248,4.164285714285715,0.8805031446540881,0.9911786326880666,1.632364810330912,7.484407,-12.201771582664373,-6.48898599188234,5.712785590782031,0,21.83296907559029,79.7034278253824,"{""type"":""MultiPoint"",""coordinates"":[]}",ARCHAEAN,,TIRODI GNEISSIC COMPLEX,,GNEISS/MIGMATITE,,ARCHAEAN-GNEISS-MIGMATITE,0.0044302239713437,0.2443970116650718,0.401720714625506,1.2234706586180508,1.6323648090134262,0.6072041163405028,4.12755101198459,3.634321646658901,1.6468926540380202,0.0144342384143667,0.2402268893943808,0.2443970116650718,0.1005053339691124,0,1,0,2.289711206359471,22,66,4,1,0.9291701507433232,-0.3696523109188285
2_692_0,-0.0,3150.0,2919.5,970.5,1157.5,1428.5,1756.5,1989.0,2247.5,2266.5,2397.5,463409.5000105199,361,0.22679296,1.5866293314665734,1.2341252699784018,1.3898080741230974,1.0789518753211167,0.92740995,-13.846874714765418,-1.488139688426836,12.358735026338582,0,21.80655860623718,79.80206284357872,"{""type"":""MultiPoint"",""coordinates"":[]}",ARCHAEAN,,TIRODI GNEISSIC COMPLEX,,GNEISS/MIGMATITE,,ARCHAEAN-GNEISS-MIGMATITE,-0.1631127111302293,-0.1259159274728276,0.1543090996258283,1.4719216883339292,1.0789518749515494,1.2881094192419549,2.205110253969121,2.72138228706576,0.7763315633579957,0.1716460878802832,0.0379767690851014,-0.1259159274728276,0.1909128802872393,0,1,0,1.7453280875251196,11,22,2,1,-0.0,1.0
2_673_0,270.0,3107.0,2507.0,732.5,974.5,1152.0,1563.0,2149.5,2370.5,2492.0,2547.5,463409.5000105199,397,0.3677278,2.1631944444444446,1.1821446895844023,1.2467897271268058,1.2393298763462306,0.9983789,-16.287012368004994,-7.41326933953276,8.873743028472234,0,21.73568153032015,79.53337674209858,"{""type"":""MultiPoint"",""coordinates"":[]}",ARCHAEAN,,TIRODI GNEISSIC COMPLEX,,GNEISS/MIGMATITE,,ARCHAEAN-GNEISS-MIGMATITE,-0.1098410430237826,-0.0030006001194237,0.239508575540808,1.5726962435867629,1.239329875851883,1.0060192612335397,2.697048608769923,3.188301689904257,0.9940167526948478,0.1382374557174801,0.1068756679538874,-0.0030006001194237,0.222605465522629,0,1,0,0.6963908217017463,22,44,3,2,-1.0,-1.8369701987210294e-16
1_116_0,270.0,2369.0,1525.5,645.0,838.0,885.5,1309.5,1876.5,2067.0,2071.5,2319.5,56.56854249492381,353,0.4010822,2.339356295878035,1.0566825775656326,1.143615737388366,1.5529334644378892,1.9958744,-17.724992871146753,-10.03965556455382,7.685337306592935,1,21.715469436427465,79.74897241028727,"{""type"":""MultiPoint"",""coordinates"":[]}",ARCHAEAN,,TIRODI GNEISSIC COMPLEX,,GNEISS/MIGMATITE,,ARCHAEAN-GNEISS-MIGMATITE,-0.0669969597867364,0.1517931609252729,0.278313584932953,1.3728682149257858,1.552933463419906,0.7364228816140851,2.6753246723034163,2.826968970373545,1.3579154366713106,0.090102160427047,0.2165874951299043,0.1517931609252729,0.157138190031272,0,1,0,0.1062732470569422,44,77,3,1,-1.0,-1.8369701987210294e-16
2_574_0,270.0,3477.0,2808.0,793.5,993.0,1241.5,1624.0,2034.5,2276.5,2497.0,2615.5,463409.5000105199,576,0.33582988,2.011276681433749,1.2502517623363545,1.39247096515819,1.2382478632478633,1.002041,-20.83795468919703,-13.80101557034355,7.03693911885348,0,22.254997596069646,80.28553612949186,"{""type"":""MultiPoint"",""coordinates"":[]}",NEOPROTEROZOIC,,,,GRANITE,ACID  INTRUSIVE,NEOPROTEROZOIC-GRANITE,-0.164044191469025,-0.0586239396684969,0.2338719188031909,1.564587269609846,1.2382478628068918,1.124549458900861,2.800644379540359,3.501510570491933,0.8892450139283316,0.1782994131379324,0.1064439140642094,-0.0586239396684969,0.2201474200392396,0,0,1,0.5554872866370353,55,132,5,3,-1.0,-1.8369701987210294e-16
1_58_0,287.19144,1197.0,1188.0,720.0,760.0,786.0,874.0,915.0,917.0,907.0,926.0,22.36067977499789,307,0.07147076,1.153944020356234,1.0342105263157897,1.3197353914002206,1.0075757575757576,3.134894,-17.09348083715036,-9.136255883912938,7.957224953237421,1,21.84967773987492,80.22624732073997,"{""type"":""MultiPoint"",""coordinates"":[]}",PALAEOPROTEROZOIC,,SAUSAR,MANSAR,PHYLLITE,,PALAEOPROTEROZOIC-PHYLLITE,-0.137832699554262,-0.1341288782175995,0.0288888888728395,1.091666665150463,1.0075757567276298,1.309812567464374,1.5229007614212458,1.5749999979276317,0.7634680128253636,0.0986149584214363,0.0037735849040781,-0.1341288782175995,0.043824701166119,1,1,0,0.6894368742767578,44,88,5,1,-0.955322530298153,0.2955653279813698
2_815_0,215.65071,2242.0,1489.0,695.3333333333334,887.0,980.0,1355.4,1928.0,2130.0,2154.0,2354.0,463409.5000105199,294,0.37460116,2.1979591836734693,1.104847801578354,1.0408542246982355,1.5057085292142378,3.4201543,-17.085957159801197,-9.856023062609172,7.229934097192025,0,21.65052124138562,80.25616121970114,"{""type"":""MultiPoint"",""coordinates"":[]}",PALAEOPROTEROZOIC,,SAUSAR,MANSAR,PHYLLITE,,PALAEOPROTEROZOIC-PHYLLITE,-0.0200181983575936,0.1825418610533785,0.2692079580877748,1.4093959711274266,1.5057085282030165,0.6912720516753612,2.2877550997063723,2.5276211921898297,1.44660846108354,0.061381354991537,0.2018225676221328,0.1825418610533785,0.1699164344389674,1,1,0,0.6374801086881844,44,99,4,1,-0.5828423821518237,-0.8125852309558594
1_101_0,197.11151,2041.0,1173.0,521.0,753.0,694.0,1244.0,2013.0,2301.0,2439.0,2657.0,14.142135623730953,355,0.5569742,3.5144092219020173,0.9216467463479416,0.8368183681836818,1.7399829497016197,13.339899,-13.497225509185444,-8.95468755598306,4.542537953202384,1,21.864769436648125,79.98100724817533,"{""type"":""MultiPoint"",""coordinates"":[]}",ARCHAEAN,,TIRODI GNEISSIC COMPLEX,,GNEISS/MIGMATITE,,ARCHAEAN-GNEISS-MIGMATITE,0.0888392856944555,0.3504983387733947,0.3622148166208114,1.3320537402455783,1.7399829482182585,0.4809348091509082,2.940922185964089,2.710491364262296,2.07928388569541,-0.0395083406427553,0.2700684504449071,0.3504983387733947,0.1423868311585293,0,1,0,0.7748567740380911,44,88,5,2,-0.2942323260686267,-0.9557339265173364
2_1183_0,320.1595,2178.0,1121.0,617.0,938.0,762.0,1382.0,2984.0,3313.0,3445.0,3710.0,3097.4182797936737,388,0.63774663,4.520997375328084,0.8123667377398721,0.6322206095791001,1.9429081177520071,33.166885,-20.14241488665934,-13.436620892371984,6.705793994287355,0,21.89306636809789,80.30844316923691,"{""type"":""MultiPoint"",""coordinates"":[]}",PALAEOPROTEROZOIC,,SAUSAR,CHORBAOLI,QUARTZ MICA SCHIST,,PALAEOPROTEROZOIC-QUARTZ-MICA-SCHIST,0.2253245598034279,0.5089794129415288,0.4571877453933252,1.2350081017260808,1.942908116018815,0.3253991290782586,2.8582677127844254,2.321961617993644,3.073148971388805,-0.1602399314252728,0.3204001211517429,0.5089794129415288,0.1051486583719008,1,1,0,0.312439586624825,33,99,6,2,-0.6406526071463007,0.767830864811156
1_590_0,273.79303,1342.0,1010.0,642.0,792.0,673.0,1035.0,1657.0,1716.0,1816.0,1840.0,58.30951894845301,318,0.45922056,2.698365527488856,0.8497474747474747,0.7389867841409692,1.3287128712871288,13.750311,-16.051101965126698,-9.705607951767515,6.345494013359183,1,21.849138750704444,80.22813378283662,"{""type"":""MultiPoint"",""coordinates"":[]}",PALAEOPROTEROZOIC,,SAUSAR,MANSAR,PHYLLITE,,PALAEOPROTEROZOIC-PHYLLITE,0.1500949967859104,0.2852087755537124,0.2799999999026087,1.0482866027285256,1.3287128699715711,0.5561674005747976,1.9940564606329028,1.6944444423049945,1.7980198001999803,-0.0990386764813237,0.1411564625250185,0.2852087755537124,0.0235741444687649,1,1,0,0.4891260087302121,44,88,5,1,-0.9978095230924612,0.0661525179112256
2_792_0,28.353367,2333.5,1645.0,575.5,750.3333333333334,771.5,1228.0,1839.5,2071.5,2138.5,2367.75,463409.5000105199,342,0.46975946,2.7718729747245625,1.028209684584629,1.0911854103343466,1.4185410334346504,2.106899,-15.319962681614056,-8.391841338935706,6.928121342678351,0,22.099499220388555,80.04299100277959,"{""type"":""MultiPoint"",""coordinates"":[]}",ARCHAEAN,,TIRODI GNEISSIC COMPLEX,,GNEISS/MIGMATITE,,ARCHAEAN-GNEISS-MIGMATITE,-0.0436046511530401,0.130434782574221,0.3169714245103326,1.340573412092835,1.4185410325723151,0.7692307688710636,3.024627345399057,3.109951128685094,1.2999999992097264,0.0671936758777807,0.1730551715035679,0.130434782574221,0.1455085373826959,0,1,0,0.1264959394674051,55,143,2,1,0.4749081061779853,0.8800353917237871
1_25_0,72.763756,1345.0,824.0,586.0,881.0,871.0,1122.0,1292.0,1265.0,1275.0,1367.0,22.36067977499789,287,0.18825722,1.4638346727898968,0.9886492622020432,1.0549019607843138,1.6322815533980584,3.1270041,-24.00747610143081,-16.379101566978452,7.628374534452359,1,21.45028676455538,79.76622006374237,"{""type"":""MultiPoint"",""coordinates"":[]}",PALAEOPROTEROZOIC,,SAUSAR,CHORBAOLI,QUARTZITE,,PALAEOPROTEROZOIC-QUARTZITE,-0.0267175572417108,0.2148642209552814,0.0984331056253784,1.486348120330464,1.632281551417134,0.6462745092970396,1.5442020648172192,1.5266742320923108,1.5473300952095508,0.0870738287743257,0.2402028583493763,0.2148642209552814,0.1956074123571671,1,1,0,0.3988602043526861,66,165,7,2,0.9550911128548524,0.296312278087965
1_375_0,336.70996,2946.25,2541.25,981.0,1144.0,1386.6666666666667,1645.8333333333337,1988.6,2232.8,2273.5,2384.2,58.30951894845301,337,0.24229315,1.6395432692307692,1.2121212121212122,1.2959093908071255,1.159370388588293,5.0358524,-12.79618763873948,-0.6648188927188059,12.131368746020671,1,21.6842080645401,79.73468919726976,"{""type"":""MultiPoint"",""coordinates"":[]}",ARCHAEAN,,TIRODI GNEISSIC COMPLEX,,GNEISS/MIGMATITE,,ARCHAEAN-GNEISS-MIGMATITE,-0.1288854829965256,-0.055610363974119,0.1832160196731499,1.413523613917577,1.1593703881320727,1.1177699577225555,2.124699517698534,2.5753933543921383,0.8946384649701374,0.1421322584355063,0.0738041002143409,-0.055610363974119,0.1713360551155838,0,1,0,0.439350618053636,33,132,5,2,-0.3953858386503257,0.918515127036446
1_462_0,132.90271,2190.5,1241.5,451.0,625.625,576.5,1024.5,1664.0,1913.0,2065.1666666666665,2263.0,60.82762530298219,330,0.5635331,3.582249204972535,0.9214785214785216,1.060689209910419,1.7643979057591623,2.722835,-13.790203869904696,-7.881503481508414,5.908700388396282,1,21.666960411085007,79.66839352930174,"{""type"":""MultiPoint"",""coordinates"":[]}",ARCHAEAN,,TIRODI GNEISSIC COMPLEX,,GNEISS/MIGMATITE,,ARCHAEAN-GNEISS-MIGMATITE,-0.0294509281672787,0.2490927418601533,0.376730037908219,1.2782705071435243,1.7643979043379798,0.6011621335156991,3.799653072333646,3.50129869570222,1.6634447563457282,0.0474778384086291,0.2765151514345818,0.2490927418601533,0.122141119102539,0,1,0,0.2720994972045408,33,77,3,2,0.7325107009445694,-0.6807555163211647
2_9_0,60.93201,3462.0,2547.0,803.5,1086.0,1334.5,1748.5,2232.5,2489.5,2579.0,2797.0,463409.5000105199,558,0.31800178,1.9325590108654929,1.2288213627992637,1.342380767739434,1.35924617196702,5.708094,-18.03054952098708,-11.247044282689023,6.783505238298057,0,22.11405192799129,80.70513919870409,"{""type"":""MultiPoint"",""coordinates"":[]}",ARCHAEAN,,TIRODI GNEISSIC COMPLEX,,GNEISS/MIGMATITE,,ARCHAEAN-GNEISS-MIGMATITE,-0.1461678529802735,0.0062426843530544,0.2306676932723203,1.6608587409323476,1.3592461714333546,0.9875920895744118,2.594230046763409,3.1878453009320022,1.012563800152115,0.1728817703664406,0.1522715925857427,0.0062426843530544,0.2483629559175103,0,1,0,0.03023607212188,55,66,6,4,0.8740437924576041,0.4858471455780394
2_559_0,275.87354,3054.5,2104.5,669.5,902.5,1041.5,1413.5,2180.0,2484.5,2693.5,2859.0,463409.5000105199,551,0.44230255,2.586173787806049,1.1540166204986149,1.1340263597549656,1.451413637443573,8.988974,-22.202959402600108,-16.119206802923106,6.083752599677002,0,22.20190716277818,80.6008447942178,"{""type"":""MultiPoint"",""coordinates"":[]}",PALAEOPROTEROZOIC,,SAUSAR,JUNEWANI,GREY & PINK GNEISS/QTZ-BIOTITE-SILLIMANITE GNEISS,,PALAEOPROTEROZOIC-GREY-PINK-GNEISS-QTZ-BIOTITE-SILLIMANITE-GNEISS,-0.0628044537121077,0.1227594830923802,0.3383265066498943,1.555638533897478,1.451413636753902,0.7813254127412937,2.932789243463476,3.384487530875914,1.2798764546068535,0.0982705456363761,0.1841442139592664,0.1227594830923802,0.217416715244058,1,1,0,4.100452926156074,11,22,2,2,-0.994750182089146,0.1023331580359499
2_653_0,144.2959,1906.0,1008.0,348.0,567.0,437.0,1013.0,2100.0,2550.0,2703.0,2810.0,3730.0,518,0.721656,6.185354691075515,0.7707231040564374,0.7051424343322235,1.890873015873016,6.820627,-12.361543065301476,-5.434503850999793,6.927039214301685,0,21.93241257754233,79.90662674265025,"{""type"":""MultiPoint"",""coordinates"":[]}",ARCHAEAN,,TIRODI GNEISSIC COMPLEX,,GNEISS/MIGMATITE,,ARCHAEAN-GNEISS-MIGMATITE,0.1729225428134253,0.4567502019787792,0.4700496990661654,1.2557471228283128,1.8908730139971497,0.3729189787743548,4.361556054092549,3.361552022290032,2.6815476163873537,-0.1312569521447428,0.3081674672930105,0.4567502019787792,0.1133757960339161,0,1,0,0.1163812057165297,55,220,3,2,0.5835993213405384,-0.8120417674792738
2_1078_0,10.75871,2646.5,1462.0,688.0,962.5,838.0,1524.0,2617.5,3090.5,3135.0,3384.0,463409.5000105199,503,0.57815254,3.7410501193317423,0.8706493506493507,0.8441786283891547,1.8101915184678523,15.648408,-14.042775388240088,-7.81206733024424,6.230708057995848,0,21.76290048342897,79.61368612849887,"{""type"":""MultiPoint"",""coordinates"":[]}",ARCHAEAN,,TIRODI GNEISSIC COMPLEX,,GNEISS/MIGMATITE,,ARCHAEAN-GNEISS-MIGMATITE,0.0844936435035036,0.3639329997032993,0.3789731050572589,1.218023254043571,1.810191517229691,0.4663476872515638,3.1581145547039204,2.7496103867536514,2.1443228439505315,-0.0463222716323883,0.2883047340176938,0.3639329997032993,0.0982961991492161,0,1,0,1.4360818153131245,11,55,4,3,0.1866733841722073,0.9824220313295582
2_1024_0,287.19754,2625.8,1764.5,694.5,1000.75,1109.75,1575.5,2139.25,2370.0,2505.5,2596.5,3451.6228067388824,309,0.38607287,2.2577157017346248,1.1089183112665502,1.048014368389543,1.4881269481439503,3.1338134,-17.51617437531108,-10.664781710836358,6.851392664474723,0,21.79550932824251,80.07613883676359,"{""type"":""MultiPoint"",""coordinates"":[]}",PALAEOPROTEROZOIC,,SAUSAR,MANSAR,PHYLLITE,,PALAEOPROTEROZOIC-PHYLLITE,-0.023444351329401,0.1735362997251671,0.2447267497016474,1.5979121647258283,1.4881269473005798,0.7042506482920573,2.366118493024448,2.623832123283705,1.419948993244574,0.077218100932555,0.1961824931790122,0.1735362997251671,0.2301510321573224,1,1,0,0.216370595245478,44,77,6,1,-0.9552910574964298,0.2956670347998789
2_18_0,-0.0,2211.5,1519.0,666.5,856.5,997.0,1357.0,1840.0,2126.0,2198.0,2262.0,463409.5000105199,298,0.37589985,2.2046138415245737,1.164039696438996,1.0061419472247497,1.455892034233048,0.92740995,-18.025904350986245,-10.922850506672424,7.103053844313822,0,21.559162576990666,79.77538287964038,"{""type"":""MultiPoint"",""coordinates"":[]}",PALAEOPROTEROZOIC,,SAUSAR,MANSAR,MUSCOVITE SCHIST,,PALAEOPROTEROZOIC-MUSCOVITE-SCHIST,-0.0030615716060638,0.1826741995742065,0.250069079787215,1.495873966247751,1.4558920332745937,0.6910828022333564,2.2181544611653417,2.5820198452048806,1.4470046073423273,0.0566441626779772,0.185631952771577,0.1826741995742065,0.1986774871062954,1,1,0,0.6913958079578104,22,143,3,3,-0.0,1.0
2_193_0,245.07872,3365.75,2360.0,705.8181818181819,954.65,1171.3,1574.5,2023.8333333333333,2283.0,2395.454545454545,2624.8809523809523,463409.5000105199,368,0.34321246,2.0451246866341206,1.2269418111349708,1.405056925996205,1.4261652542372882,4.393603,-18.78556355291109,-12.513219339650954,6.272344213260132,0,21.678279183664912,79.56275165188929,"{""type"":""MultiPoint"",""coordinates"":[]}",PALAEOPROTEROZOIC,,SAUSAR,BICHUA,MARBLE,,PALAEOPROTEROZOIC-MARBLE,-0.1684188517733806,0.0074555534298983,0.2501275697636536,1.6594925272727434,1.426165253632981,0.9851992405754388,2.873516603027818,3.525637664562261,1.015023112050645,0.1879702290416248,0.1756538444438451,0.0074555534298983,0.2479768308903035,1,1,0,0.0904826376433796,33,66,4,2,-0.9068875764805242,-0.421372665968358
1_248_0,199.73811,2593.0,1677.0,673.0,903.0,875.5,1347.0,2351.5,2575.0,2605.5,2836.5,60.82762530298219,354,0.49698362,2.976013706453456,0.969545957918051,0.9952024563423528,1.546213476446035,2.9535398,-17.1309543491913,-11.287458399141016,5.843495950050283,1,21.71816438227982,79.75031988321345,"{""type"":""MultiPoint"",""coordinates"":[]}",ARCHAEAN,,TIRODI GNEISSIC COMPLEX,,GNEISS/MIGMATITE,,ARCHAEAN-GNEISS-MIGMATITE,0.0024045397706252,0.2168126094064652,0.3560415918833413,1.30089152852765,1.5462134755240229,0.6436384568629291,2.96173614738808,2.8715393102197795,1.5536672620431322,0.0281606639946404,0.2145199062729461,0.2168126094064652,0.1307717144780292,0,1,0,0.0330816769594326,44,66,3,1,-0.3377213982131871,-0.9412461193486696
2_99_0,-0.0,807.0,687.0,673.0,874.0,849.0,989.0,782.0,851.0,739.0,770.0,463409.5000105199,254,-0.06926952,0.8704358068315665,0.971395881006865,1.0920162381596752,1.1746724890829694,0.0,-31.41488276794327,-18.96237975187485,12.452503016068416,0,21.43061365983316,79.88210273539377,"{""type"":""MultiPoint"",""coordinates"":[]}",ARCHAEAN,,AMGAON GNEISSIC COMPLEX,,AMPHIBOLITE,,ARCHAEAN-AMPHIBOLITE,-0.0439844760388198,0.0364656381230956,-0.124502558200965,1.261515599908595,1.1746724873731114,0.9296346401493442,0.9505300342161012,0.923340960041944,1.075691410370173,0.0795306388267501,0.0803212850867996,0.0364656381230956,0.1156373192407113,0,1,0,0.011539412627157,55,77,3,0,-0.0,1.0
1_16_0,312.86606,1975.0,1850.0,1199.0,1294.0,1325.0,1452.0,1561.0,1706.0,1670.0,1771.0,40.0,309,0.11519199,1.260377358490566,1.0239567233384854,1.1826347305389222,1.0675675675675675,1.3631248,-11.276311220083992,3.1708245885231285,14.447135808607122,1,21.851025212801098,80.22678630991044,"{""type"":""MultiPoint"",""coordinates"":[]}",PALAEOPROTEROZOIC,,SAUSAR,MANSAR,PHYLLITE,,PALAEOPROTEROZOIC-PHYLLITE,-0.0836762688384976,-0.0511363636218362,0.0989761091843077,1.1050875720558069,1.067567566990504,1.1077844304743805,1.4905660366108937,1.5262751147401272,0.9027027022147552,0.0698654563025019,0.0326797385535477,-0.0511363636218362,0.0499207606775274,1,1,0,0.7122524481520279,44,88,5,1,-0.7329460052867011,0.6802868169634534
2_96_0,180.0,2859.0,2122.0,743.0,966.0,1155.0,1526.0,2017.0,2258.0,2290.0,2510.0,463409.5000105199,263,0.32946298,1.9826839826839824,1.1956521739130437,1.248471615720524,1.3473138548539114,1.8543341,-18.818253305451623,-10.185941757483343,8.63231154796828,0,21.322276836568346,79.83251573171039,"{""type"":""MultiPoint"",""coordinates"":[]}",ARCHAEAN,,AMGAON GNEISSIC COMPLEX,,GRANITE GNEISS/MIGMATITE,,ARCHAEAN-GRANITE-GNEISS-MIGMATITE,-0.1105068945211678,0.0380779691663467,0.2438057482052017,1.5545087462254257,1.347313854218985,0.9266375541805076,2.475324673181537,2.95962732612875,1.0791705932708904,0.139208173671178,0.1479622565452796,0.0380779691663467,0.2170706005178763,0,1,0,4.114836995461365,22,33,3,1,1.2246467991473532e-16,-1.0
2_903_0,208.30923,1437.0,709.0,348.0,466.0,379.0,737.0,1570.0,1833.0,2047.0,2116.0,463409.5000105199,529,0.6875515,5.401055408970977,0.8133047210300429,0.7020029311187103,2.026798307475317,2.106025,-14.21928517102668,-7.399504537788109,6.819780633238572,0,21.837550483539303,80.51864894572087,"{""type"":""MultiPoint"",""coordinates"":[]}",ARCHAEAN,,AMGAON GNEISSIC COMPLEX,,GRANITE GNEISS/MIGMATITE,,ARCHAEAN-GRANITE-GNEISS-MIGMATITE,0.1750861078716744,0.4854862117251501,0.4833508585757621,1.0890804566405734,2.0267983046166456,0.3463605274321639,3.7915567182280823,3.083690980507101,2.887165017084393,-0.1374970315512949,0.3392357873535714,0.4854862117251501,0.0426409903127359,0,1,0,0.5311940850463481,66,121,8,0,-0.474230042416812,-0.8804009693709729
2_944_0,35.65462,2489.0,1527.0,551.4,814.0,789.6666666666666,1269.8,2008.3333333333333,2340.0,2489.0,2689.0,463409.5000105199,295,0.5183001,3.151962853524694,0.97010647010647,1.0,1.629993451211526,3.4203217,-14.940913903856178,-9.214351021969698,5.72656288188648,0,21.67127232444878,80.32407385518059,"{""type"":""MultiPoint"",""coordinates"":[]}",PALAEOPROTEROZOIC,,SAUSAR,MANSAR,PHYLLITE,,PALAEOPROTEROZOIC-PHYLLITE,0.0,0.2395418326096758,0.3584924723758481,1.4321121966531638,1.6299934501440776,0.6134993971018484,3.1519628495331835,3.057739553983121,1.6299934501440776,0.0377059903301585,0.2395418326096758,0.2395418326096758,0.1776695166700614,1,1,0,1.8613493552819809,33,44,4,1,0.582897833539663,0.812545454516095
2_155_0,270.0,2542.5,1526.0,538.3333333333334,736.9166666666667,696.875,1188.0,2072.0,2378.0,2607.0,2656.0,1067.3331251301067,321,0.5781469,3.740986547085202,0.9456632364582156,0.9752589182968928,1.6661205766710354,2.9910505,-15.450859173464291,-8.661499293065653,6.789359880398639,0,21.655372143919863,79.71825002757038,"{""type"":""MultiPoint"",""coordinates"":[]}",ARCHAEAN,,TIRODI GNEISSIC COMPLEX,,GNEISS/MIGMATITE,,ARCHAEAN-GNEISS-MIGMATITE,0.0125254879090153,0.2615533510134156,0.3818938604625666,1.2945046415581956,1.6661205755792132,0.5853471420846387,3.648430488038127,3.4501865835799794,1.708387941213376,0.014729203237204,0.2498463806685888,0.2615533510134156,0.1283521672092948,0,1,0,0.6088734389249651,44,99,3,1,-1.0,-1.8369701987210294e-16
1_180_0,238.2281,338.0,247.5,432.0,532.5,434.0,583.0,534.5,562.0,518.0,495.5,76.15773105863909,354,0.0882353,1.1935483870967742,0.8150234741784037,0.6525096525096525,1.3656565656565656,3.518542,-27.32485073681449,-22.768696490589143,4.556154246225344,1,21.71735589852411,79.74816392653156,"{""type"":""MultiPoint"",""coordinates"":[]}",ARCHAEAN,,TIRODI GNEISSIC COMPLEX,,GNEISS/MIGMATITE,,ARCHAEAN-GNEISS-MIGMATITE,0.210280373586121,0.3533638140387148,-0.081131200666545,1.004629627304098,1.3656565601387614,0.4777992268768354,0.7788018415234981,0.6347417828455554,2.092929284473013,-0.1033681764788802,0.154568744398687,0.3533638140387148,0.002309468819504,0,1,0,0.1898840832805927,44,88,3,1,-0.8501510296579956,-0.5265389128748699
1_71_0,227.13388,1385.0,1154.0,605.0,715.0,672.0,944.0,1244.0,1332.0,1369.0,1378.0,36.05551275463989,312,0.34149927,2.037202380952381,0.9398601398601398,1.0116873630387144,1.2001733102253034,2.7247055,-14.64587387246436,-7.190879789237261,7.454994083227099,1,21.85075571821586,80.22732529908092,"{""type"":""MultiPoint"",""coordinates"":[]}",PALAEOPROTEROZOIC,,SAUSAR,MANSAR,PHYLLITE,,PALAEOPROTEROZOIC-PHYLLITE,-0.0058097312978178,0.0852160126495378,0.1869078379901344,1.1107437998169525,1.2001733091852915,0.8429510585515331,2.061011901694923,1.9370629343537584,1.1863084911730428,0.0205904242072462,0.0909807010275775,0.0852160126495378,0.0524667188312711,1,1,0,0.6488638185674513,44,88,5,1,-0.7329452928916106,-0.6802875845023421
2_133_0,132.8998,1761.0,914.0,432.8,617.6,507.0,991.0,1979.0,2296.0,2461.0,2565.6666666666665,463409.5000105199,333,0.6583558,4.854043392504931,0.8209196891191709,0.7155627793579845,1.9266958424507656,1.3622612,-15.33452537053222,-8.335202368195514,6.9993230023367055,0,21.68178261327298,80.4534312560938,"{""type"":""MultiPoint"",""coordinates"":[]}",NEOPROTEROZOIC,,,,GRANITE,ACID  INTRUSIVE,NEOPROTEROZOIC-GRANITE,0.1657981998659881,0.4583703702345569,0.4427366446740197,1.1714417717850236,1.926695840342784,0.3713937422302342,3.473372774214255,2.851360099010104,2.6925601721087964,-0.1212367778446982,0.3166355139003232,0.4583703702345569,0.0789529686327378,0,0,1,0.1371134946576276,44,66,4,1,0.7325452749470059,-0.6807183118976714
2_888_0,114.84057,1924.0,1364.0,485.0,715.5,801.5,1126.5,1820.0,2112.5,2209.0,2318.0,463409.5000105199,568,0.4675303,2.756082345601996,1.1201956673654787,0.8709823449524672,1.4105571847507332,2.2067223,-16.252761827085617,-9.438702060789744,6.814059766295873,0,22.20325463570436,80.29496843997511,"{""type"":""MultiPoint"",""coordinates"":[]}",NEOPROTEROZOIC,,,,GRANITE,ACID  INTRUSIVE,NEOPROTEROZOIC-GRANITE,0.0689571739489578,0.2364959417194246,0.3459137754838398,1.652577316180253,1.4105571837166002,0.6174739698427009,2.4004990612595147,2.6890286475345517,1.619501465088342,0.0058123443111334,0.1703163016513636,0.2364959417194246,0.2460163231667187,0,0,1,1.1685431010966425,33,33,3,1,0.9074802453251224,-0.4200947563879557
2_180_0,-0.0,4029.0,3785.0,1573.0,2115.0,2723.0,3135.0,3167.0,3289.0,3413.0,3384.0,2227.1281956816047,291,0.11245111,1.2533969886154976,1.2874704491725768,1.1804863756226194,1.06446499339498,0.0,-28.701846042221668,-18.3683502094544,10.333495832767266,0,21.87689669298374,80.1731568874485,"{""type"":""MultiPoint"",""coordinates"":[]}",PALAEOPROTEROZOIC,,SAUSAR,MANSAR,MUSCOVITE SCHIST,,PALAEOPROTEROZOIC-MUSCOVITE-SCHIST,-0.0827734479867275,-0.0516810224990718,0.0381960423319226,1.731087093622958,1.0644649931137478,1.108995018719896,1.4796180677636366,1.9049645381064,0.9017173049136812,0.1504515249488455,0.0312260046031192,-0.0516810224990718,0.2676908751704629,1,1,0,1.0859918835694822,55,66,4,1,-0.0,1.0
1_434_0,132.90277,2302.5,1424.125,543.2916666666667,691.75,659.0,1109.3333333333333,1782.0,1997.2,2161.125,2335.333333333333,10.0,331,0.5326448,3.279400606980273,0.9526563064691002,1.0654173173694257,1.616782234705521,2.7228322,-14.67440760856466,-8.258309489896323,6.416098118668337,1,21.66669091649977,79.66650706720509,"{""type"":""MultiPoint"",""coordinates"":[]}",ARCHAEAN,,TIRODI GNEISSIC COMPLEX,,GNEISS/MIGMATITE,,ARCHAEAN-GNEISS-MIGMATITE,-0.0316726875506628,0.2055644654611074,0.3559125216694661,1.2129764530169924,1.6167822335702398,0.6589739137444739,3.493930191966722,3.3285146319790173,1.5175107511506989,0.0453736523871617,0.2357025458060034,0.2055644654611074,0.0962398197085511,0,1,0,0.1622713677860185,33,77,3,2,0.7325099880586581,-0.6807562834042038
2_1046_0,90.0,2106.5,1289.5,745.0,885.5,875.5,1311.0,2217.0,2490.0,2714.0,2828.0,1869.358178627092,274,0.5121883,3.09994288977727,0.9887069452286844,0.7761606484893147,1.6335789065529276,0.99692154,-16.704010497079082,-10.000854579888465,6.703155917190619,0,21.52439777549524,79.93384569575906,"{""type"":""MultiPoint"",""coordinates"":[]}",ARCHAEAN,,TIRODI GNEISSIC COMPLEX,,GNEISS/MIGMATITE,,ARCHAEAN-GNEISS-MIGMATITE,0.1260242713150037,0.3558136629559601,0.3665136505517,1.175167783657493,1.633578905286096,0.4751289607681913,2.406053680861161,2.378881984891155,2.104691739352701,-0.074056823463118,0.2405771495169089,0.3558136629559601,0.0805307003514158,0,1,0,0.8504926401497512,33,44,3,1,1.0,6.123233995736766e-17
2_1481_0,19.693201,2809.0,2065.5,756.0,986.2,1109.5,1559.6666666666667,2167.0,2416.0,2404.0,2681.0,463409.5000105199,337,0.36843604,2.166741775574584,1.125025349827621,1.16846921797005,1.3599612684580005,2.9527116,-17.539498785902286,-10.119922055208946,7.41957673069334,0,21.35973658391613,80.12491735669128,"{""type"":""MultiPoint"",""coordinates"":[]}",ARCHAEAN,,AMGAON GNEISSIC COMPLEX,,GRANITE GNEISS/MIGMATITE,,ARCHAEAN-GRANITE-GNEISS-MIGMATITE,-0.0776903893961844,0.0757355408712975,0.2644238326683483,1.4675925906513323,1.3599612677995832,0.8591930112898531,2.531771065766768,2.848306628626742,1.1638828365219642,0.1071554707766962,0.152528464426602,0.0757355408712975,0.1894934332942945,0,1,0,1.5757797045440654,22,99,5,1,0.3369835365081649,0.9415105395705616
2_663_0,312.94623,2728.0,2173.0,940.0,1174.0,1340.0,1587.0,2043.0,2248.0,2221.0,2406.0,463409.5000105199,309,0.24740241,1.6574626865671642,1.141396933560477,1.2282755515533543,1.2554072710538426,2.7206163,-15.163597413449168,-1.898372994650349,13.26522441879882,0,21.44624434577684,80.19471645426736,"{""type"":""MultiPoint"",""coordinates"":[]}",ARCHAEAN,,AMGAON GNEISSIC COMPLEX,,GRANITE GNEISS/MIGMATITE,,ARCHAEAN-GRANITE-GNEISS-MIGMATITE,-0.102444938350688,0.010923987252862,0.2051089405947636,1.4255319133770936,1.2554072704761128,0.9783881130218874,2.0358208940031184,2.3236797254483137,1.02208927702619,0.1254668695358325,0.1132421954472062,0.010923987252862,0.1754385964142813,0,1,0,4.694337670825648,11,11,1,0,-0.731993410063031,0.6813117110576445
2_743_0,270.0,3003.0,2117.5,644.5,888.0,982.0,1439.5,2019.5,2287.0,2236.0,2627.0,2308.527669316528,353,0.38968304,2.276985743380856,1.1058558558558558,1.3430232558139534,1.4181818181818182,1.9960439,-16.86326213001284,-8.696138702239276,8.167123427773562,0,21.72786618734831,79.67809533437024,"{""type"":""MultiPoint"",""coordinates"":[]}",ARCHAEAN,,TIRODI GNEISSIC COMPLEX,,GNEISS/MIGMATITE,,ARCHAEAN-GNEISS-MIGMATITE,-0.1464019850837178,0.0272194785742001,0.2920201646890397,1.5236617509330306,1.4181818175120748,0.9470035773940056,3.058044803403213,3.381756752948472,1.0559622190998998,0.160876847984724,0.1729323307932951,0.0272194785742001,0.2075007683937898,0,1,0,0.6253176439345414,33,121,5,2,-1.0,-1.8369701987210294e-16
1_419_0,47.054268,2134.0,1141.0,516.0,776.0,610.0,1269.0,2386.0,2753.0,2909.0,3128.0,53.85164807134504,291,0.6533106,4.768852459016394,0.7860824742268041,0.733585424544517,1.870289219982472,1.3610878,-14.69404697717469,-7.831834677712655,6.862212299462035,1,21.44866979704396,79.7672980420833,"{""type"":""MultiPoint"",""coordinates"":[]}",PALAEOPROTEROZOIC,,SAUSAR,CHORBAOLI,QUARTZITE,,PALAEOPROTEROZOIC-QUARTZITE,0.1536783660214795,0.4365432097687547,0.4227882646297957,1.1821705403446308,1.8702892183433049,0.392231007084142,3.498360650002688,2.749999996456185,2.549517964461421,-0.1103906629744868,0.303206106777647,0.4365432097687547,0.0834813498370503,1,1,0,0.2811508482944472,66,165,7,2,0.7319993318194115,0.6813053487357451
1_9_0,28.245031,1772.0,1345.0,694.0,988.0,1017.0,1316.0,1366.0,1507.0,1392.0,1430.0,10.0,284,0.15566625,1.368731563421829,1.029352226720648,1.2729885057471264,1.317472118959108,4.203849,-25.442450753307767,-15.131351944055872,10.311098809251895,1,21.449747775384907,79.76675905291283,"{""type"":""MultiPoint"",""coordinates"":[]}",PALAEOPROTEROZOIC,,SAUSAR,CHORBAOLI,QUARTZITE,,PALAEOPROTEROZOIC-QUARTZITE,-0.1201011377622942,0.0171720862195206,0.0415149307933303,1.4654178653236054,1.3174721179795743,0.9662356314897732,1.742379545976028,1.7935222653911718,1.0349442371487405,0.1442051281755476,0.1369906961382769,0.0171720862195206,0.188778491999545,1,1,0,0.3757299888213447,66,165,7,2,0.4732432697940459,0.880931783735063
2_1462_0,287.20743,2100.5,1181.0,519.5,698.5,694.0,1085.0,1857.0,2184.5,2334.5,2450.5,463409.5000105199,311,0.5416873,3.3638328530259365,0.9935576234788832,0.8997644035125294,1.7785774767146485,3.1320746,-15.101110217147204,-8.658055312363722,6.443054904783484,0,21.70819308262609,80.44211248351388,"{""type"":""MultiPoint"",""coordinates"":[]}",NEOPROTEROZOIC,,,,GRANITE,ACID  INTRUSIVE,NEOPROTEROZOIC-GRANITE,0.0527621194920491,0.3281183330029531,0.3862254276944632,1.3358999011820984,1.7785774752086556,0.5058899119700622,3.0266570561575548,3.0071581918294084,1.9767146469291152,-0.010533770025576,0.2802072222214818,0.3281183330029531,0.1437989286000832,0,0,1,0.1321355775826841,55,77,5,2,-0.9552400072725944,0.2958319261098332
2_1171_0,76.94459,3711.0,2888.5,925.5,1273.5,1557.5,1954.0,2367.5,2568.5,2690.0,2875.5,1322.800060477773,594,0.26662743,1.7271268057784912,1.2230074597565763,1.379553903345725,1.2847498701748312,4.0988736,-18.05497308959444,-11.003175804359788,7.051797285234645,0,21.944270339292704,80.49439443304965,"{""type"":""MultiPoint"",""coordinates"":[]}",ARCHAEAN,,TIRODI GNEISSIC COMPLEX,,GNEISS/MIGMATITE,,ARCHAEAN-GNEISS-MIGMATITE,-0.1595063271114659,-0.0355830420300111,0.1908065016687428,1.6828741202778237,1.2847498697300503,1.073791821162159,2.3826645249549503,2.914016487700026,0.9312792103405646,0.1860648356386689,0.124630653818527,-0.0355830420300111,0.2545308094021221,0,1,0,0.5788006809021148,44,88,6,1,0.9741520619494334,0.2258932495663988
2_1389_0,157.41632,2760.0,1782.0,571.0,777.0,859.0,1387.0,2079.0,2402.0,2531.0,2701.0,463409.5000105199,423,0.49321535,2.946449359720605,1.1055341055341057,1.090478071908337,1.5488215488215489,28.52392,-11.580981732655449,-4.188045829194587,7.392935903460862,0,21.45783261294198,79.64791194082382,"{""type"":""MultiPoint"",""coordinates"":[]}",PALAEOPROTEROZOIC,,SAUSAR,CHORBAOLI,QUARTZITE,,PALAEOPROTEROZOIC-QUARTZITE,-0.0432810432728631,0.1736610247684532,0.321428571349944,1.5043782810781463,1.5488215479524008,0.7040695374539433,3.2130384130232383,3.552123547551965,1.420314252850553,0.0769230769116317,0.2153236459235306,0.1736610247684532,0.2013986012577632,1,1,0,0.1487922021995913,33,66,4,2,0.3840323419677535,-0.9233196414691732
1_267_0,340.226,1636.5,793.0,396.5,543.0,448.5,863.0,1725.5,2021.5,2189.5,2266.5,58.30951894845301,436,0.6599697,4.8818283166109255,0.8259668508287292,0.7474309203014387,2.0636822194199245,2.954203,-14.270904773829203,-7.462133889766838,6.808770884062367,1,21.99924723468082,80.23190670702992,"{""type"":""MultiPoint"",""coordinates"":[]}",PALAEOPROTEROZOIC,,SAUSAR,MANSAR,BIOTITE SCHIST,,PALAEOPROTEROZOIC-BIOTITE-SCHIST,0.1445373758116734,0.4682313493819844,0.4484741970127898,1.1311475381307754,2.0636822168175506,0.3621831466717592,3.6488294233024985,3.013812149145834,2.761034044437536,-0.1072575465409425,0.3471907798529777,0.4682313493819844,0.0615384614656349,1,1,0,0.0843845324936393,55,143,6,3,-0.3383109272337953,0.9410343864674712
2_1254_0,132.94225,1769.0,1013.0,475.7272727272728,620.6,532.3333333333334,977.2,1809.0,2095.0,2259.0,2482.333333333333,463409.5000105199,301,0.6185813,4.243581715716969,0.8577720485551616,0.7830898627711377,1.746298124383021,2.7208188,-14.16231084876043,-7.112198027436708,7.050112821323722,0,21.46645643966953,80.07910327720118,"{""type"":""MultiPoint"",""coordinates"":[]}",ARCHAEAN,,AMGAON GNEISSIC COMPLEX,,MICA SCHIST,,ARCHAEAN-MICA-SCHIST,0.1216484607443772,0.3808068458493867,0.4350683135196264,1.1189884682510591,1.7462981226591332,0.4484285079909568,3.323105817176382,2.850467285126543,2.23000986946692,-0.086058126223961,0.2717469445464605,0.3808068458493867,0.056153429872751,0,1,0,0.2367957837944003,44,110,6,1,0.732040735004673,-0.6812608621473994
2_67_0,90.0,1826.5,914.0,471.5,631.5,536.5,978.5,1868.0,2193.5,2375.0,2422.0,463409.5000105199,478,0.63146144,4.426840633737186,0.8495645288994458,0.7690526315789473,1.99835886214442,3.0027716,-13.958659386584271,-8.05571390575799,5.902945480826283,0,22.212686946187617,80.16372457696525,"{""type"":""MultiPoint"",""coordinates"":[]}",ARCHAEAN,,TIRODI GNEISSIC COMPLEX,,GNEISS/MIGMATITE,,ARCHAEAN-GNEISS-MIGMATITE,0.1305486135593124,0.4442079658120377,0.4244963974637564,1.1378578979048612,1.998358859958032,0.3848421051011191,3.404473432610488,2.892319868737419,2.598468268491829,-0.0928112102710795,0.3329684362952131,0.4442079658120377,0.0644841269201546,0,1,0,1.362438351817795,33,44,3,1,1.0,6.123233995736766e-17
2_177_0,208.27168,3478.5,2648.6666666666665,919.5,1248.7,1505.25,1822.5,2330.5,2626.0,2806.25,2944.5,3281.234523773027,299,0.30175114,1.864308254442784,1.2054536718186917,1.239554565701559,1.313302290460609,2.1052828,-18.000261098392233,-10.758581837131755,7.241679261260476,0,21.611714021111656,79.73603667019594,"{""type"":""MultiPoint"",""coordinates"":[]}",PALAEOPROTEROZOIC,,SAUSAR,MANSAR,SCHIST,,PALAEOPROTEROZOIC-SCHIST,-0.1069652730646461,0.0288883117623755,0.2353681560236274,1.6370309933256868,1.313302289964774,0.9438455824402034,2.310911807134421,2.785697122779132,1.0594953431690806,0.1444399793163281,0.1354350841658023,0.0288883117623755,0.2415712959102706,1,1,0,0.1212473080373001,44,132,5,2,-0.4736529512327521,-0.880711576958373
2_1444_0,-0.0,1876.0,1204.0,453.0,621.0,621.0,1086.0,1747.0,2067.0,2053.0,2268.0,463409.5000105199,525,0.5355273,3.3059581320450886,1.0,0.9137847053093034,1.558139534883721,0.92740995,-15.946936683487788,-8.777447319075417,7.169489364412371,0,22.01002701809025,79.87267042491052,"{""type"":""MultiPoint"",""coordinates"":[]}",ARCHAEAN,,TIRODI GNEISSIC COMPLEX,,GRANITE GNEISS,,ARCHAEAN-GRANITE-GNEISS,0.045049630937885,0.2606693275220542,0.3524150267285584,1.370860924126135,1.558139533589585,0.5864588404352369,3.0209339725910884,3.0209339725910884,1.7051495002448922,-0.0017989206472518,0.2181818181109799,0.2606693275220542,0.1564245808599398,0,1,0,0.1585336441440437,33,55,3,0,-0.0,1.0
1_582_0,203.336,1477.5,669.0,354.5,480.0,373.5,798.0,1725.0,2061.0,2181.0,2357.5,41.23105625617661,441,0.70757484,5.839357429718875,0.778125,0.6774415405777167,2.208520179372197,5.037585,-15.652268686896946,-7.831858710239832,7.820409976657114,1,21.999786223851288,80.23217620161516,"{""type"":""MultiPoint"",""coordinates"":[]}",PALAEOPROTEROZOIC,,SAUSAR,MANSAR,BIOTITE SCHIST,,PALAEOPROTEROZOIC-BIOTITE-SCHIST,0.1922919228666688,0.5305263156033241,0.4942164473160461,1.053596611978571,2.208520176070971,0.3067400273696745,3.955823282581464,3.0781249935872395,3.260089681225576,-0.1560469622350286,0.3766596783709948,0.5305263156033241,0.0260989010630509,1,1,0,0.024375522187693,55,143,6,3,-0.3961225013283134,-0.9181976714963942
2_1022_0,256.95328,1542.0,848.5,377.5,524.5,447.0,868.0,1677.0,1955.0,2155.0,2260.5,2864.349838968697,636,0.65641814,4.821029082774049,0.8522402287893232,0.7155452436194896,1.8173246906305245,8.161482,-15.808467181249858,-8.671445815463471,7.137021365786387,0,22.04182737914808,80.5038267435329,"{""type"":""MultiPoint"",""coordinates"":[]}",PALAEOPROTEROZOIC,,SAUSAR,JUNEWANI,GREY & PINK GNEISS/QTZ-BIOTITE-SILLIMANITE GNEISS,,PALAEOPROTEROZOIC-GREY-PINK-GNEISS-QTZ-BIOTITE-SILLIMANITE-GNEISS,0.1658101162656721,0.434992508594975,0.4451014861930313,1.1841059571281962,1.817324688488716,0.3937354986571993,3.449664421812831,2.9399427970639795,2.53977607243397,-0.1202034722724309,0.2901066721229422,0.434992508594975,0.0842935111166846,1,1,0,0.1513046666719861,110,143,6,3,-0.9741863117734072,-0.2257454981906085
1_478_0,28.305698,2156.0,1255.0,605.0,805.0,849.0,1293.0,1961.0,2186.0,2474.0,2437.0,28.284271247461906,307,0.48901594,2.9140164899882213,1.0546583850931677,0.8714632174616006,1.7179282868525896,4.2062354,-15.196684382546724,-8.03951253109462,7.157171851452103,1,21.81626041130567,80.16615002823237,"{""type"":""MultiPoint"",""coordinates"":[]}",PALAEOPROTEROZOIC,,SAUSAR,MANSAR,PHYLLITE,,PALAEOPROTEROZOIC-PHYLLITE,0.0686825053847337,0.3268972914113979,0.3067024127864068,1.4033057828044533,1.7179282854837223,0.5072756667310931,2.539458183110179,2.678260866238185,1.971314739465088,-0.0121630506225899,0.2641454118252285,0.3268972914113979,0.1678129297332785,1,1,0,0.6075989087365554,66,77,5,2,0.4741757691723356,0.8804302016229474
1_173_0,331.71082,3450.0,2401.0,771.0,1013.0,1198.0,1655.5,2199.0,2444.5,2526.0,2682.0,31.6227766016838,356,0.3566058,2.108514190317196,1.1826258637709772,1.3657957244655583,1.4369012911286965,4.2055845,-18.36431873754805,-11.069330987695473,7.294987749852579,1,21.71735589852411,79.74978089404297,"{""type"":""MultiPoint"",""coordinates"":[]}",ARCHAEAN,,TIRODI GNEISSIC COMPLEX,,GNEISS/MIGMATITE,,ARCHAEAN-GNEISS-MIGMATITE,-0.1546184738697091,0.0253704079510106,0.2366570604641712,1.553826197725258,1.436901290530237,0.950514647287999,2.879799663706344,3.405725564258909,1.0520616405447474,0.1700440528420334,0.1792855921758185,0.0253704079510106,0.2168613508294254,0,1,0,0.0226596236517696,44,77,3,1,-0.473921927178866,0.8805668668187951
1_167_0,203.2897,2520.0,2009.0,741.5,964.3333333333334,1103.5,1395.0,1775.5,1896.5,2008.0,2121.5,50.99019513592785,323,0.29069582,1.8196647032170368,1.144313861043899,1.254980079681275,1.254355400696864,5.0358405,-12.961743966311731,-3.906261489188836,9.055482477122895,1,21.68205210785821,79.7244484030308,"{""type"":""MultiPoint"",""coordinates"":[]}",PALAEOPROTEROZOIC,,SAUSAR,MANSAR,SCHIST,,PALAEOPROTEROZOIC-SCHIST,-0.1130742049220242,-0.0002489419964528,0.2065974690156128,1.4881995934076877,1.254355400072496,1.0004980074698715,2.2836429521670656,2.6132042834982325,0.999502239422846,0.1371410638416536,0.1128284389240829,-0.0002489419964528,0.1962059619532759,1,1,0,0.1370493252097327,33,121,4,1,-0.3953803880648777,-0.9185174732870718
2_490_0,90.0,1917.0,1095.0,430.5,611.0,506.0,940.5,1929.0,2279.5,2405.5,2437.5,463409.5000105199,431,0.65241283,4.753952569169961,0.8281505728314239,0.7969237164830597,1.7506849315068491,0.99895126,-13.879047069437329,-7.346364869748254,6.532682199689073,0,21.817877378817087,79.55978721145169,"{""type"":""MultiPoint"",""coordinates"":[]}",ARCHAEAN,,TIRODI GNEISSIC COMPLEX,,GNEISS/MIGMATITE,,ARCHAEAN-GNEISS-MIGMATITE,0.1130133024608413,0.374375089166012,0.443161633971829,1.1753774653301337,1.75068492990805,0.4552068175201801,3.788537541919886,3.13747953659987,2.1968036509618227,-0.0785320402969134,0.2729083664432575,0.374375089166012,0.0806193271963488,0,1,0,6.178777413603655,11,11,1,0,1.0,6.123233995736766e-17
2_1399_0,245.15196,2058.0,1396.0,636.25,802.0,873.5,1235.0,1863.0,2078.5,2024.0,2256.5,463409.5000105199,333,0.39706644,2.3171150543789354,1.089152119700748,1.016798418972332,1.4742120343839542,2.2061017,-15.21538986711926,-8.83741521103855,6.37797465608071,0,22.15528459953238,80.04002656234199,"{""type"":""MultiPoint"",""coordinates"":[]}",ARCHAEAN,,TIRODI GNEISSIC COMPLEX,,GNEISS/MIGMATITE,,ARCHAEAN-GNEISS-MIGMATITE,-0.0083292503654264,0.1836257309404603,0.2925676642438586,1.3728880135593116,1.4742120333279285,0.6897233198173304,2.3560389211722508,2.566084784830318,1.4498567324857758,0.0485089640902205,0.1916618412878802,0.1836257309404603,0.1571452226149063,0,1,0,0.793045058700394,22,22,2,1,-0.9074254672987162,-0.4202130665480389
1_441_0,47.097446,2131.6666666666665,1207.0,474.875,663.1428571428571,591.75,1044.25,1770.25,2025.75,2205.5,2306.75,56.56854249492381,332,0.5769059,3.7270806928601607,0.8923416630762603,0.9665230862238344,1.7660867163766911,1.3621908,-15.185643832344232,-7.633934552888101,7.551709279456131,1,21.66776889484072,79.66569858344938,"{""type"":""MultiPoint"",""coordinates"":[]}",ARCHAEAN,,TIRODI GNEISSIC COMPLEX,,GNEISS/MIGMATITE,,ARCHAEAN-GNEISS-MIGMATITE,0.0170234023708973,0.2926007325149888,0.3767532078851826,1.2461173966915138,1.7660867149134876,0.547268192905342,3.602309527780916,3.2144908755202994,1.827257662114948,0.0079650862419815,0.2769568689266303,0.2926007325149888,0.1095745926547993,0,1,0,0.0168103397707105,33,77,3,2,0.7325125544441794,0.6807535219017695
2_522_0,312.9192,2082.8,1398.0,647.3333333333334,837.5,787.0,1270.5,1967.0,2199.333333333333,2278.5,2376.0,3689.078475717208,284,0.4865438,2.8951715374841167,0.9397014925373134,0.9141101601931096,1.489842632331903,1.3617655,-16.63685057555672,-10.246611330075954,6.390239245480768,0,21.583686584247125,80.06913197754746,"{""type"":""MultiPoint"",""coordinates"":[]}",ARCHAEAN,,TIRODI GNEISSIC COMPLEX,,GNEISS/MIGMATITE,,ARCHAEAN-GNEISS-MIGMATITE,0.0448719418419113,0.2394940839821857,0.3031674207313403,1.215756949718192,1.489842631266207,0.6135615533844365,2.6465057145533604,2.4869253701648653,1.6298283250144288,-0.0096681984695946,0.1967363823842978,0.2394940839821857,0.0973739251005991,0,1,0,1.4702006138115906,22,22,2,0,-0.7323147459088544,0.6809663082153551
2_350_0,180.0,3131.5,2264.5,786.0,1079.5,1228.0,1664.0,2282.5,2582.5,2712.0,2907.0,463409.5000105199,296,0.37664974,2.208469055374593,1.1375636868920798,1.1546828908554572,1.3828659748288803,0.92740995,-18.208838292584023,-10.633356828384157,7.57548146419987,0,21.58045264922429,79.83898360175604,"{""type"":""MultiPoint"",""coordinates"":[]}",PALAEOPROTEROZOIC,,SAUSAR,MANSAR,MUSCOVITE SCHIST,,PALAEOPROTEROZOIC-MUSCOVITE-SCHIST,-0.0717891674387286,0.0899226363729684,0.2719317435414719,1.5623409649334083,1.382865974218209,0.8349926250608435,2.550081431148142,2.9008800343669474,1.1976153671019585,0.1096404708737333,0.1606745737285629,0.0899226363729684,0.2194637536149633,1,1,0,0.7360532752670562,55,77,5,3,1.2246467991473532e-16,-1.0
2_390_0,180.0,3241.0,2621.0,758.0,1030.5,1288.5,1634.0,2005.5,2233.5,2311.0,2460.0,2237.8561169118984,594,0.28406724,1.793558401241754,1.250363901018923,1.402423193422761,1.2365509347577262,0.92740995,-18.446817156670534,-10.58729883993334,7.859518316737194,0,21.998977740095583,80.41165959538223,"{""type"":""MultiPoint"",""coordinates"":[]}",PALAEOPROTEROZOIC,,SAUSAR,MANSAR,PHYLLITE,,PALAEOPROTEROZOIC-PHYLLITE,-0.1675072045807804,-0.0628548256158039,0.2017586711769031,1.699868071636058,1.2365509342859402,1.134141063983496,2.515327898707545,3.145075203158588,0.8817245322847294,0.1922089885908786,0.1057659501696066,-0.0628548256158039,0.2592230636407412,1,1,0,0.1137979725596954,66,121,5,3,1.2246467991473532e-16,-1.0
2_447_0,90.0,2513.0,1666.0,633.0,934.5,890.0,1436.0,2425.5,2792.0,2947.5,3107.0,463409.5000105199,263,0.53615636,3.311797752808989,0.9523809523809524,0.8525869380831212,1.5084033613445378,0.9955158,-16.935420157488625,-9.650464753448782,7.284955404039843,0,21.318234417789807,79.6597697025742,"{""type"":""MultiPoint"",""coordinates"":[]}",ARCHAEAN,,TIRODI GNEISSIC COMPLEX,,GNEISS/MIGMATITE,,ARCHAEAN-GNEISS-MIGMATITE,0.0795714677997305,0.2777717567404851,0.3678186219749463,1.406003157336488,1.5084033604391336,0.5652247665597202,2.8235955024453983,2.6891385739014035,1.76920768201128,-0.0254170544819335,0.2026800669531753,0.2777717567404851,0.1687458961465883,0,1,0,6.222299396618916,11,11,1,0,1.0,6.123233995736766e-17
2_1200_0,227.08745,3094.0,2197.333333333333,750.8,1022.5,1280.5,1651.5,2076.5,2343.0,2419.5,2638.0,463409.5000105199,353,0.30783784,1.889496290511519,1.252322738386308,1.278776606736929,1.4080703883495145,1.3619351,-17.447875588108246,-10.327679083384057,7.120196504724191,0,21.61710391281637,79.83844461258558,"{""type"":""MultiPoint"",""coordinates"":[]}",ARCHAEAN,,TIRODI GNEISSIC COMPLEX,,GNEISS/MIGMATITE,,ARCHAEAN-GNEISS-MIGMATITE,-0.1223360841348805,0.0481210064514377,0.2299801841170345,1.7055141160022456,1.4080703877087062,0.9081766201385232,2.416243652935381,3.025916867456316,1.1011074024115108,0.1596066164564194,0.1694594934793765,0.0481210064514377,0.260768965558623,0,1,0,1.3267109671744386,55,77,4,2,-0.7323937769189452,-0.6808813079607945
2_1176_0,192.13222,2585.0,1896.0,795.0,1015.0,1218.0,1516.0,2041.0,2320.0,2303.0,2522.0,463409.5000105199,305,0.3081511,1.8908045977011487,1.2,1.1224489795918366,1.363396624472574,4.732605,-17.554863917088586,-11.011805681613176,6.54305823547541,0,21.50822810038109,80.2723308948153,"{""type"":""MultiPoint"",""coordinates"":[]}",ARCHAEAN,,AMGAON GNEISSIC COMPLEX,,GRANITE GNEISS/MIGMATITE,,ARCHAEAN-GRANITE-GNEISS-MIGMATITE,-0.0576923076805048,0.0969278399388121,0.2491332342126961,1.5320754697709742,1.3633966237534827,0.8232739900897639,2.1223316895547355,2.546798027047489,1.214662446616739,0.1021591073609391,0.1537603213225261,0.0969278399388121,0.2101341280625265,0,1,0,0.9159521344228408,22,55,2,0,-0.2101683813281733,-0.9776652041930792
1_593_0,141.06628,1970.0,1208.0,523.0,652.0,717.0,1056.0,1630.0,1878.0,2057.0,2157.0,63.24555320336759,310,0.48305696,2.868898186889819,1.0996932515337423,0.95770539620807,1.630794701986755,4.758396,-14.976216051300147,-7.606081436320043,7.370134614980106,1,21.81841636798756,80.16615002823237,"{""type"":""MultiPoint"",""coordinates"":[]}",PALAEOPROTEROZOIC,,SAUSAR,MANSAR,PHYLLITE,,PALAEOPROTEROZOIC-PHYLLITE,0.0216041718347146,0.2600306277917211,0.3426704013872796,1.3709368998643654,1.6307947006367591,0.587263004089809,2.7475592709239063,3.0214723880038767,1.702814568126809,0.0203151699220969,0.2397734423411663,0.2600306277917211,0.1564516127770551,1,1,0,0.8464101972890471,66,77,5,2,0.628420964439211,-0.7778734417971164
2_7_0,190.20645,3140.0,2201.0,735.0,990.5,1094.5,1474.0,2027.0,2252.5,2345.0,2548.0,463409.5000105199,585,0.36357027,2.1425308359981727,1.104997476022211,1.3390191897654584,1.4266242616992275,5.636173,-20.17455165850927,-11.766560256585086,8.407991401924184,0,22.226431170034644,80.25481374677497,"{""type"":""MultiPoint"",""coordinates"":[]}",NEOPROTEROZOIC,,,,GRANITE,ACID  INTRUSIVE,NEOPROTEROZOIC-GRANITE,-0.1449407474667382,0.0316761988491693,0.2670313276312702,1.4891156442324958,1.4266242610510569,0.9385927501327964,2.868889901444596,3.170116099777773,1.065424806421888,0.1578371727175012,0.1758097734177476,0.0316761988491693,0.1965017763342433,0,0,1,0.1041497572098886,110,176,4,2,-0.1771955337745506,-0.9841756666420644
2_1186_0,90.0,3103.0,2159.0,696.0,972.0,1137.0,1638.0,2226.0,2491.0,2623.0,2770.0,1841.7654573805,316,0.39521277,2.306948109058927,1.1697530864197532,1.182996568814335,1.4372394627142195,2.9951832,-17.25728748582683,-10.075061866879771,7.182225618947058,0,21.85398965323869,80.02924677893256,"{""type"":""MultiPoint"",""coordinates"":[]}",PALAEOPROTEROZOIC,,SAUSAR,MANSAR,MUSCOVITE SCHIST,,PALAEOPROTEROZOIC-MUSCOVITE-SCHIST,-0.08382815227317,0.0970305311382202,0.2568058075642455,1.6336206873080164,1.4372394620485227,0.8231033164990076,2.729111695049154,3.1923868279913714,1.2149143116188448,0.1218415134115833,0.1793994678488408,0.0970305311382202,0.2405891979047522,1,1,0,2.085105457198228,22,44,4,1,1.0,6.123233995736766e-17
1_143_0,107.236244,316.0,216.0,470.0,631.0,524.0,599.0,409.0,417.0,378.0,383.0,41.23105625617661,283,-0.16186252,0.7213740458015268,0.8304278922345484,0.8359788359788359,1.462962962962963,3.1270041,-28.5082053904578,-21.87171487678452,6.636490513673273,1,21.45028676455538,79.76783703125378,"{""type"":""MultiPoint"",""coordinates"":[]}",PALAEOPROTEROZOIC,,SAUSAR,CHORBAOLI,QUARTZITE,,PALAEOPROTEROZOIC-QUARTZITE,0.0893371756637792,0.2727272722681359,-0.2199592665784528,1.1148936146491626,1.4629629561899864,0.5714285699168556,0.6030534339636385,0.5007923922332925,1.749999991898148,-0.0047393364900833,0.1879699244587031,0.2727272722681359,0.0543259556797525,1,1,0,0.3998448488399698,66,165,7,2,0.9550911128548524,-0.2963122780879651
1_291_0,208.31114,1307.0,1110.0,640.0,713.0,703.0,906.0,1183.0,1319.0,1233.0,1317.0,40.0,308,0.27376032,1.7539118065433854,0.9859747545582048,1.0600162206001622,1.1774774774774774,2.1060627,-14.94866862862127,-8.992799953461118,5.955868675160152,1,21.848869256119208,80.22678630991044,"{""type"":""MultiPoint"",""coordinates"":[]}",PALAEOPROTEROZOIC,,SAUSAR,MANSAR,PHYLLITE,,PALAEOPROTEROZOIC-PHYLLITE,-0.0291338582562465,0.0524967989532664,0.1848852900652788,1.0984374982836913,1.1774774764166869,0.9002433082723087,1.8591749617934925,1.8330995766716696,1.1108108098100802,0.0352819984457167,0.0815059991388059,0.0524967989532664,0.0469099031668578,1,1,0,0.5972776458707632,44,88,5,1,-0.4742593910140039,-0.8803851600492969
1_146_0,180.0,415.0,282.0,549.0,721.0,596.0,749.0,689.0,707.0,640.0,642.0,67.0820393249937,284,0.035598706,1.0738255033557047,0.826629680998613,0.6484375,1.4716312056737588,2.7802885,-26.51741756237699,-19.595492413839285,6.9219251485377065,1,21.45163423748156,79.76756753666854,"{""type"":""MultiPoint"",""coordinates"":[]}",PALAEOPROTEROZOIC,,SAUSAR,CHORBAOLI,QUARTZITE,,PALAEOPROTEROZOIC-QUARTZITE,0.2132701419779429,0.3882863336352642,-0.0769230768677763,1.085610198386867,1.4716312004552086,0.4406249993115234,0.6963087236639115,0.5755894582862837,2.269503538051406,-0.080909090872314,0.1908177902570763,0.3882863336352642,0.041048034898648,1,1,0,0.344530832411252,66,165,7,2,1.2246467991473532e-16,-1.0
2_1491_0,180.0,2911.0,2182.0,775.0,1048.0,1191.0,1625.0,2289.0,2558.0,2735.0,2803.0,2288.4274076317124,279,0.3932756,2.2963895885810244,1.1364503816793894,1.0643510054844607,1.3340971585701191,4.6273675,-17.321910730773553,-10.46057566558986,6.861335065183692,0,21.46699542884,79.82604786166472,"{""type"":""MultiPoint"",""coordinates"":[]}",ARCHAEAN,,TIRODI GNEISSIC COMPLEX,,GNEISS/MIGMATITE,,ARCHAEAN-GNEISS-MIGMATITE,-0.0311725115070541,0.1124669513702528,0.2660343269498567,1.5367741915654527,1.334097157958709,0.7978062154304182,2.4441645655380646,2.777671753074741,1.253437212991092,0.0777719390333983,0.1431376398697942,0.1124669513702528,0.2115971514691774,0,1,0,1.527266131472502,33,44,3,0,1.2246467991473532e-16,-1.0
1_500_0,340.262,3301.5,2339.0,831.0,1111.0,1340.5,1680.0,2207.5,2473.5,2640.5,2761.5,36.05551275463989,355,0.3265511,1.969787392763894,1.2065706570657069,1.2503313766332134,1.4115006412997009,2.953538,-20.83391794947301,-11.800728000705876,9.033189948767138,1,21.71735589852411,79.74951139945773,"{""type"":""MultiPoint"",""coordinates"":[]}",ARCHAEAN,,TIRODI GNEISSIC COMPLEX,,GNEISS/MIGMATITE,,ARCHAEAN-GNEISS-MIGMATITE,-0.1112420060398448,0.0605482478038862,0.2434988179120795,1.613116724893963,1.4115006406962376,0.885817079762993,2.462886980631938,2.9716471620417213,1.1289012393634454,0.1442657299384648,0.170640900599124,0.0605482478038862,0.2346304396801149,0,1,0,0.05053036692373,44,77,3,1,-0.3377195911497406,0.9412467677254738
2_618_0,47.12074,2643.5,2031.0,735.5,995.5,1063.0,1503.5,2217.0,2488.0,2548.0,2651.5,3314.89064676348,346,0.4112434,2.396989651928504,1.0678051230537418,1.037480376766091,1.3015755785327423,1.3627869,-18.00242741480438,-10.442844381537189,7.559583033267192,0,21.78499903941832,79.80745273528345,"{""type"":""MultiPoint"",""coordinates"":[]}",ARCHAEAN,,TIRODI GNEISSIC COMPLEX,,GNEISS/MIGMATITE,,ARCHAEAN-GNEISS-MIGMATITE,-0.0183954541041326,0.112906748173639,0.2762936220755009,1.445275320944561,1.3015755778918878,0.7970957610686438,2.486829724847761,2.655449520185385,1.254554406078506,0.0605150214505701,0.1310300566625243,0.112906748173639,0.1820961911692542,0,1,0,3.8960930680474006,11,22,2,1,0.7327892590054252,0.6804556575459416
2_357_0,294.91943,2042.5,1360.0,641.0,850.6666666666666,873.0,1236.0,1874.0,2169.0,2239.0,2457.0,463409.5000105199,295,0.438946,2.564719358533792,1.026253918495298,0.9122376060741404,1.5018382352941178,2.2001889,-16.187865914552447,-9.05478782785349,7.133078086698957,0,21.69067593458576,80.2647850464287,"{""type"":""MultiPoint"",""coordinates"":[]}",ARCHAEAN,,TIRODI GNEISSIC COMPLEX,,GNEISS/MIGMATITE,,ARCHAEAN-GNEISS-MIGMATITE,0.0458951302006551,0.2442345095181343,0.3306255076277754,1.3619344752543925,1.5018382341898249,0.6074140238466217,2.339633445200878,2.401057990907847,1.6463235282012323,0.0061254421523379,0.2005878030270131,0.2442345095181343,0.1532364596081661,0,1,0,0.0691722182498611,44,77,4,1,-0.9069011815375212,0.4213433836265237
2_1133_0,-0.0,308.0,202.0,464.0,587.0,531.0,664.0,500.0,515.0,419.0,432.0,463409.5000105199,307,-0.11789474,0.7890772128060264,0.9045996592844976,0.7350835322195705,1.5247524752475248,0.0,-28.07513896900204,-21.28888627165905,6.786252697342981,0,21.340063479193912,80.02978576810303,"{""type"":""MultiPoint"",""coordinates"":[]}",PALAEOPROTEROZOIC,,SAKOLI,DHABETEKRI,PHYLLITE,,PALAEOPROTEROZOIC-PHYLLITE,0.1526822556359253,0.3494363923519543,-0.2116788319236506,1.144396549257766,1.5247524676992452,0.4821002375128873,0.5800376636910779,0.5247018730413937,2.074257415473973,-0.025551684073431,0.2078431368473664,0.3494363923519543,0.0673366833494103,0,1,0,0.5443426704202614,110,165,6,2,-0.0,1.0
2_1426_0,47.190315,2694.0,2043.0,767.5,1010.5,1154.5,1595.5,2219.5,2434.0,2480.5,2692.0,463409.5000105199,339,0.3647868,2.148549155478562,1.1425037110341416,1.0860713565813345,1.3186490455212925,1.3645716,-18.35508611844477,-9.434252347907847,8.920833770536927,0,22.131030086861152,80.08045075012737,"{""type"":""MultiPoint"",""coordinates"":[]}",ARCHAEAN,,TIRODI GNEISSIC COMPLEX,,GNEISS/MIGMATITE,,ARCHAEAN-GNEISS-MIGMATITE,-0.0412600251152265,0.096717143783195,0.2557434401735875,1.5042345257273817,1.3186490448758448,0.8236242689685047,2.33347769395108,2.6660069246254263,1.214145863331304,0.0846191784563349,0.137428752345909,0.096717143783195,0.2013527574394626,0,1,0,1.2140256054484635,22,44,3,1,0.7336150045663697,0.6795653206830711
2_23_0,270.0,2607.0,1956.0,631.5,861.0,1116.5,1380.0,2014.5,2288.0,2462.0,2551.0,463409.5000105199,584,0.37599552,2.2051052395879984,1.2967479674796747,1.0588952071486597,1.3328220858895703,4.000337,-18.047175323708657,-10.444513770359023,7.602661553349634,0,22.19463080897681,80.35264028121559,"{""type"":""MultiPoint"",""coordinates"":[]}",ARCHAEAN,,TIRODI GNEISSIC COMPLEX,,GNEISS/MIGMATITE,,ARCHAEAN-GNEISS-MIGMATITE,-0.0286052475777065,0.1145314621741667,0.2978885778942028,1.7680126654504946,1.3328220852081687,0.7944760354206027,2.334975367366793,3.027874560943235,1.2586912059004645,0.0924160187630312,0.1426692964841838,0.1145314621741667,0.2774599540746796,0,1,0,1.8669760732805467,22,44,4,2,-1.0,-1.8369701987210294e-16
2_251_0,238.16441,3735.0,2738.0,898.0,1203.0,1510.0,1972.0,2470.0,2676.0,2804.0,2999.0,463409.5000105199,275,0.29995364,1.856953642384106,1.255195344970906,1.3320256776034236,1.3641344046749453,3.5122569,-18.70172699974461,-11.324081295070014,7.377645704674597,0,21.357041638063773,79.83359371005132,"{""type"":""MultiPoint"",""coordinates"":[]}",ARCHAEAN,,AMGAON GNEISSIC COMPLEX,,GRANITE GNEISS/MIGMATITE,,ARCHAEAN-GRANITE-GNEISS-MIGMATITE,-0.1423765101479772,0.0119090580996194,0.2065982699242409,1.6815144747421888,1.3641344041767225,0.9764621965133872,2.473509932136748,3.1047381520326365,1.0241051858933143,0.1724600424530613,0.154024409060092,0.0119090580996194,0.2541528238147206,0,1,0,3.5341600422480277,22,33,3,0,-0.8495652037707275,-0.527483615425164
2_1370_0,121.69743,2253.0,1361.0,440.0,601.0,553.5,949.0,1450.5,1637.0,1816.0,1941.0,463409.5000105199,562,0.53281283,3.280939476061427,0.9209650582362728,1.2406387665198235,1.6554004408523144,3.5259259,-15.043688193599356,-6.859053362013694,8.184634831585662,0,22.13076059227592,80.31221609343021,"{""type"":""MultiPoint"",""coordinates"":[]}",PALAEOPROTEROZOIC,,SAUSAR,JUNEWANI,GREY & PINK GNEISS/QTZ-BIOTITE-SILLIMANITE GNEISS,,PALAEOPROTEROZOIC-GREY-PINK-GNEISS-QTZ-BIOTITE-SILLIMANITE-GNEISS,-0.1073973949109369,0.1432168712171177,0.3432525950369368,1.2579545425955578,1.6554004396360025,0.749449338794356,4.070460697253007,3.748752073629365,1.3343130041628852,0.108740740719261,0.2468179302028727,0.1432168712171177,0.1142425766338776,1,1,0,0.2903572682970056,55,66,5,3,0.8508346785789644,-0.5254334874438725
2_368_0,219.65332,1551.0,859.0,383.0,515.0,436.0,839.0,1671.0,2045.0,2345.0,2357.0,463409.5000105199,620,0.68644375,5.378440366972477,0.8466019417475729,0.661407249466951,1.80558789289872,15.287179,-14.96405993719902,-8.993126657960216,5.970933279238803,0,21.86261347996624,80.61108558845677,"{""type"":""MultiPoint"",""coordinates"":[]}",PALAEOPROTEROZOIC,,,,GRANITE,MALANJKHAND GRANITE,PALAEOPROTEROZOIC-GRANITE,0.203798767914836,0.4637952557853323,0.4749687107399973,1.1383811980721117,1.8055878907967544,0.3663113004834493,3.557339441382249,3.0116504795890284,2.729918506717208,-0.1571580063293408,0.287136929341437,0.4637952557853323,0.0647130646340499,0,0,1,1.2653627131399516,22,110,7,2,-0.6381407606173892,-0.7699197163592189
2_1421_0,107.216805,1580.0,822.0,366.46153846153845,492.0,431.8,835.5,1837.0,2124.0,2255.0,2375.0,463409.5000105199,670,0.67857677,5.222325150532654,0.8776422764227643,0.7006651884700665,1.9221411192214115,3.1304216,-13.971720463012534,-7.54552569137198,6.426194771640555,0,21.62438026661774,80.549640823023,"{""type"":""MultiPoint"",""coordinates"":[]}",ARCHAEAN,,AMGAON GNEISSIC COMPLEX,,GRANITE GNEISS/MIGMATITE,,ARCHAEAN-GRANITE-GNEISS-MIGMATITE,0.1760104302018225,0.4657133570147178,0.4795203237877214,1.1782955467426866,1.92214111688304,0.3645232814348012,3.659101427375865,3.211382107293939,2.743308999095732,-0.1315836659055494,0.3155703579035927,0.4657133570147178,0.0818509452209549,0,1,0,0.0968494828951218,44,154,3,0,0.955191589099766,-0.29598822292967
2_117_0,218.87685,3126.5,2261.5,668.0,831.5,944.5,1298.5,1870.5,2191.0,2346.5,2510.5,463409.5000105199,338,0.42601034,2.4843832715722605,1.1358989777510524,1.332409972299169,1.3824894981207163,4.754604,-16.70704243211484,-10.402348750031004,6.304693682083837,0,21.525475753836183,79.63767114658485,"{""type"":""MultiPoint"",""coordinates"":[]}",PALAEOPROTEROZOIC,,SAUSAR,MANSAR,MUSCOVITE SCHIST,,PALAEOPROTEROZOIC-MUSCOVITE-SCHIST,-0.1425178147008007,0.0184461805515524,0.3181937515573133,1.4139221535719728,1.382489497509401,0.9637758359412846,3.310217042551385,3.760072154227213,1.037585672766931,0.1491073318539118,0.160541945033307,0.0184461805515524,0.1714728681107145,1,1,0,0.1054033783349554,66,154,5,3,-0.6276485621417676,-0.7784968095254929
2_504_0,218.97932,1703.5,957.0,383.0,510.5,496.5,856.0,1612.5,1881.5,1992.5,2135.5,463409.5000105199,527,0.6010446,4.013091641490433,0.9725759059745348,0.8549560853199498,1.7800417972831766,4.7614455,-14.396991240255629,-8.352547676782638,6.04444356347299,0,22.04991221670516,80.33027223064101,"{""type"":""MultiPoint"",""coordinates"":[]}",PALAEOPROTEROZOIC,,SAUSAR,MANSAR,PHYLLITE,,PALAEOPROTEROZOIC-PHYLLITE,0.0781926406714846,0.3510764535171804,0.4277118500993776,1.2963446441348705,1.7800417954231538,0.4803011289935753,3.431017112928465,3.336924577204849,2.082027166058488,-0.0383564637660678,0.2805863558426663,0.3510764535171804,0.1290505967833421,1,1,0,0.2277460068335302,55,55,4,3,-0.6290398515942079,-0.7773730540135392
2_212_0,270.0,5982.0,5726.0,1794.5,2467.5,3223.0,3637.5,3764.5,3977.0,4054.5,4216.0,3415.75760264103,291,0.11425627,1.2579894508222154,1.3061803444782167,1.4753977062523125,1.044708347886832,0.9974238,-27.676676343890364,-14.245214287815225,13.43146205607514,0,21.59743080809416,79.7274128434684,"{""type"":""MultiPoint"",""coordinates"":[]}",ARCHAEAN,,TIRODI GNEISSIC COMPLEX,,GNEISS/MIGMATITE,,ARCHAEAN-GNEISS-MIGMATITE,-0.1920490210539482,-0.1709012831480086,0.0736614248330475,1.796043465145699,1.044708347704382,1.4122579846066696,1.8560347496568308,2.4243161084399936,0.7080859237324334,0.222930782501466,0.0218653911836466,-0.1709012831480086,0.2847035375615937,0,1,0,0.2870122556406976,55,132,5,2,-1.0,-1.8369701987210294e-16
2_1142_0,58.292984,1672.5,778.0,390.0,531.5,429.0,920.0,2033.5,2475.0,2457.0,2770.5,463409.5000105199,666,0.7027027,5.727272727272728,0.8071495766698025,0.6807081807081807,2.1497429305912594,13.841977,-11.740411109840956,-3.729353491144261,8.011057618696695,0,22.07793965356969,80.45747367487233,"{""type"":""MultiPoint"",""coordinates"":[]}",PALAEOPROTEROZOIC,,SAUSAR,JUNEWANI,GREY & PINK GNEISS/QTZ-BIOTITE-SILLIMANITE GNEISS,,PALAEOPROTEROZOIC-GREY-PINK-GNEISS-QTZ-BIOTITE-SILLIMANITE-GNEISS,0.1899745731468762,0.5190108190049426,0.5014225713314124,1.0999999971794872,2.1497429278280937,0.3166463165174414,3.89860138951375,3.1467544625649024,3.15809768231607,-0.15065171260975,0.3650275452499377,0.5190108190049426,0.0476190475609047,1,1,0,0.4098610083455763,77,99,5,3,0.8507467578330137,0.5255758309098847
2_98_0,90.0,4181.0,3317.0,1092.0,1455.0,1862.0,2239.0,2569.0,2839.0,3084.0,3226.0,1500.7331541616586,318,0.24706833,1.6562835660580022,1.2797250859106528,1.3557068741893643,1.2604763340367802,1.9976988,-22.050319164761632,-12.788439846903827,9.261879317857804,0,21.84671329943732,80.13947006429402,"{""type"":""MultiPoint"",""coordinates"":[]}",PALAEOPROTEROZOIC,,SAUSAR,MANSAR,MUSCOVITE SCHIST,,PALAEOPROTEROZOIC-MUSCOVITE-SCHIST,-0.1509979352854785,-0.0364005624064364,0.1806038426019023,1.7051282035667323,1.2604763336567752,1.0755512318172662,2.245435014905781,2.873539516925402,0.9297558031565404,0.1826988941987768,0.1152307281788169,-0.0364005624064364,0.2606635070207639,1,1,0,0.8175918297793855,44,77,5,1,1.0,6.123233995736766e-17
2_513_0,55.13237,1544.0,795.0,399.0,545.0,460.0,862.0,1792.0,2106.0,2286.0,2409.0,463409.5000105199,656,0.66496724,4.969565217391304,0.8440366972477065,0.6754155730533683,1.9421383647798744,9.642261,-14.471887720175346,-6.3824492041800776,8.089438515995269,0,21.716277920183167,80.578207249058,"{""type"":""MultiPoint"",""coordinates"":[]}",PALAEOPROTEROZOIC,,,,GRANITE,MALANJKHAND GRANITE,PALAEOPROTEROZOIC-GRANITE,0.1937336814115577,0.4839337875741857,0.4729440536615885,1.1528822026243557,1.9421383623369328,0.3477690287192612,3.356521731833648,2.8330275177375643,2.875471694496262,-0.1452335252409397,0.3202223170926797,0.4839337875741857,0.0710128055052237,0,0,1,0.5461766719956725,44,99,4,0,0.8204749862614218,0.5716824266315343
1_115_0,132.89264,2652.0,1884.5,702.0,931.0,1015.0,1399.0,2192.5,2530.0,2629.0,2733.5,64.03124237432849,353,0.44291988,2.5901477832512314,1.0902255639097744,1.00874857360213,1.407269832846909,2.72335,-15.994999482287886,-8.672360540384181,7.322638941903705,1,21.717894887694584,79.74897241028727,"{""type"":""MultiPoint"",""coordinates"":[]}",ARCHAEAN,,TIRODI GNEISSIC COMPLEX,,GNEISS/MIGMATITE,,ARCHAEAN-GNEISS-MIGMATITE,-0.00435523574998,0.1649495956209261,0.3229280096012273,1.4458689438093035,1.4072698321001489,0.7168124759540463,2.612807879199204,2.8485499432346404,1.3950650032395515,0.0480137181983404,0.1691832910461405,0.1649495956209261,0.1822946999520706,0,1,0,0.1062714552762322,44,66,3,1,0.7326303355818063,-0.6806267636416377
2_489_0,132.9357,2115.0,1154.0,463.0,703.0,586.0,1091.0,2157.0,2518.0,2697.0,2822.0,2276.2249449472256,334,0.6430094,4.602389078498294,0.833570412517781,0.7842046718576196,1.8327556325823224,1.3613437,-15.002521187746307,-7.665320580019273,7.337200607727036,0,21.49960427365354,79.73064677849122,"{""type"":""MultiPoint"",""coordinates"":[]}",PALAEOPROTEROZOIC,,SAUSAR,MANSAR,MUSCOVITE SCHIST,,PALAEOPROTEROZOIC-MUSCOVITE-SCHIST,0.1209476308975586,0.4006751492078226,0.4423715817934138,1.265658744566612,1.8327556309941455,0.4278828326185084,3.609215010905777,3.008534846360548,2.337088386189698,-0.0783142808260852,0.2939736921707024,0.4006751492078226,0.1172545280102435,1,1,0,0.0440522568880768,44,165,5,3,0.7321186113265054,-0.6811771714828304
2_1382_0,62.07466,1980.5,1185.5,460.5,640.5,673.0,1112.5,1887.0,2202.0,2523.5,2468.0,463409.5000105199,693,0.57891446,3.74962852897474,1.0507416081186574,0.78482266693085,1.6706031210459722,7.871938,-14.028639991321809,-6.953942823872934,7.074697167448873,0,21.94103640426988,80.38983053397813,"{""type"":""MultiPoint"",""coordinates"":[]}",PALAEOPROTEROZOIC,,SAUSAR,MANSAR,PHYLLITE,,PALAEOPROTEROZOIC-PHYLLITE,0.1205595026375311,0.3607441357884216,0.378578410730742,1.4614549371086756,1.670603119636775,0.4697840299307375,2.9427934577373054,3.0921155299108265,2.128637703813886,-0.0586252771514633,0.2511054958145592,0.3607441357884216,0.1874724303595302,1,1,0,0.1143359552824487,55,143,9,2,0.8835585940137481,0.4683206283567365
2_1208_0,-0.0,3316.5,2374.5,781.5,1039.5,1244.5,1609.5,2161.0,2354.0,2537.0,2613.0,2197.3848092675985,362,0.3417956,2.038569706709522,1.1972101972101972,1.3072526606227828,1.3967150979153506,0.0,-18.28055816878909,-12.105016624451942,6.175541544337147,0,21.753737667530952,79.70396681455287,"{""type"":""MultiPoint"",""coordinates"":[]}",ARCHAEAN,,TIRODI GNEISSIC COMPLEX,,GNEISS/MIGMATITE,,ARCHAEAN-GNEISS-MIGMATITE,-0.1331681899490615,0.0330856153857099,0.2376554173504664,1.592450413829238,1.3967150973271365,0.9359479696744392,2.664925670819666,3.190476187406949,1.0684354596469003,0.1576876705174582,0.1655245123588957,0.0330856153857099,0.228529121308722,0,1,0,0.4160771495456204,33,110,3,1,-0.0,1.0
1_251_0,277.54648,2443.5,1565.5,487.0,693.5,744.5,1164.0,1981.0,2248.0,2506.5,2625.5,44.7213595499958,673,0.54198706,3.366689053055742,1.0735400144196108,0.9748653500897666,1.5608431810923027,7.0268245,-15.945661658684626,-9.718353229486077,6.227308429198551,1,21.975262216594825,80.46609750159988,"{""type"":""MultiPoint"",""coordinates"":[]}",ARCHAEAN,,TIRODI GNEISSIC COMPLEX,,GNEISS/MIGMATITE,,ARCHAEAN-GNEISS-MIGMATITE,0.0127272727247015,0.2310903732241919,0.3856709327389706,1.5287474301257753,1.5608431800952771,0.6245761018852679,3.2820684979421517,3.5234318622589305,1.6010859140203857,0.0314648548036132,0.2190072336694918,0.2310903732241919,0.2090945999114132,0,1,0,0.126807254202031,44,143,7,3,-0.991338648517074,0.1313304380421433
1_523_0,47.107365,2481.5,1692.0,657.5,906.5,932.5,1315.5,2158.0,2432.5,2598.5,2740.0,70.71067811865476,358,0.471821,2.7865951742627346,1.0286817429674573,0.9549740234750818,1.4666075650118204,1.3624445,-17.498627736670354,-10.116066394812922,7.382561341857432,1,21.717894887694584,79.7513978615544,"{""type"":""MultiPoint"",""coordinates"":[]}",ARCHAEAN,,TIRODI GNEISSIC COMPLEX,,GNEISS/MIGMATITE,,ARCHAEAN-GNEISS-MIGMATITE,0.0230314960584583,0.2112807364616523,0.3512513869186903,1.4182509484133066,1.466607564145031,0.6511448910328479,2.661126002508176,2.737451734431934,1.5357565002743754,0.0236881559184875,0.1891697615456643,0.2112807364616523,0.1729559747339899,0,1,0,0.1445642943086191,44,66,3,1,0.7326303949776937,0.6806266997075773
1_346_0,12.127453,2215.0,1540.0,629.0,969.0,939.0,1517.0,2123.0,2388.0,2403.0,2589.0,20.0,287,0.43806103,2.559105431309904,0.9690402476780186,0.9217644610903036,1.4383116883116882,4.7325206,-18.315943543585472,-10.012796081979094,8.303147461606379,1,21.44947828079967,79.76675905291283,"{""type"":""MultiPoint"",""coordinates"":[]}",PALAEOPROTEROZOIC,,SAUSAR,CHORBAOLI,QUARTZITE,,PALAEOPROTEROZOIC-QUARTZITE,0.0407102641748137,0.218868881506754,0.2610813443105013,1.4928457845900702,1.4383116873777195,0.6408655844191155,2.3588924362525105,2.2858617107473047,1.5603896093763705,0.0197219527934494,0.1797603195260292,0.218868881506754,0.1977040815065662,1,1,0,0.3524126460851072,66,165,7,2,0.2100870390069688,0.9776826867860984
1_408_0,312.893,2454.0,1633.0,727.0,1018.0,1223.0,1539.0,2195.0,2563.5,2626.5,2809.0,31.6227766016838,359,0.3645928,2.1475878986099755,1.201375245579568,0.934323243860651,1.5027556644213105,1.3624346,-17.256228528924865,-10.053611213787317,7.202617315137548,1,21.71573893101269,79.75031988321345,"{""type"":""MultiPoint"",""coordinates"":[]}",ARCHAEAN,,TIRODI GNEISSIC COMPLEX,,GNEISS/MIGMATITE,,ARCHAEAN-GNEISS-MIGMATITE,0.0339533510414421,0.2332433383652439,0.2920883164001636,1.6822558436282589,1.5027556635010682,0.621739957882452,2.0065412902644795,2.410609034960109,1.6083894662532825,0.0460137970206935,0.2008808416440223,0.2332433383652439,0.2543589742285338,0,1,0,0.033082234737827,44,77,3,1,-0.7326260590632643,0.6806313668803623
1_483_0,153.90549,1867.0,943.0,427.0,601.0,556.0,1052.0,1945.0,2347.0,2472.0,2619.0,70.0,350,0.6327609,4.446043165467626,0.9251247920133112,0.7552588996763754,1.9798515376458112,11.2149105,-13.998243113795432,-7.824097621827503,6.174145491967929,1,21.86449994206289,79.98262421568676,"{""type"":""MultiPoint"",""coordinates"":[]}",ARCHAEAN,,TIRODI GNEISSIC COMPLEX,,GNEISS/MIGMATITE,,ARCHAEAN-GNEISS-MIGMATITE,0.1394330490575171,0.4477306001617187,0.4268591663233835,1.302107725287804,1.979851535546287,0.3814724917550677,3.357913663025335,3.1064891795233125,2.62142099403879,-0.0894400601109657,0.3288256226587809,0.4477306001617187,0.1312309256040377,0,1,0,0.941708421439482,44,88,5,2,0.439853120113003,-0.8980697259828193
2_384_0,-0.0,2000.5,1245.0,655.5,914.5,883.5,1344.5,2121.5,2426.5,2385.5,2609.0,463409.5000105199,267,0.45946774,2.7000565930956424,0.9661016949152542,0.8386082582267869,1.6068273092369478,0.92740995,-17.15401294338082,-10.04250558459313,7.111507358787691,0,21.33494308207443,79.63632367365868,"{""type"":""MultiPoint"",""coordinates"":[]}",ARCHAEAN,,TIRODI GNEISSIC COMPLEX,,GNEISS/MIGMATITE,,ARCHAEAN-GNEISS-MIGMATITE,0.0877792977456043,0.3141440572058548,0.3198431768509313,1.3478260849003416,1.6068273079463231,0.5219031647361546,2.264289754086825,2.187534169286458,1.9160642554891048,-0.0264978902908864,0.2327838544961381,0.3141440572058548,0.1481481480518855,0,1,0,4.735659729279301,11,22,2,1,-0.0,1.0
1_158_0,312.89948,3632.75,3346.0,1078.5,1379.0,1715.5,1999.5,2212.0,2399.5,2409.5,2569.5,40.0,342,0.16824242,1.4045467793646167,1.2440174039158811,1.5076779414816353,1.0856993424985055,1.3622696,-22.83460832078825,-15.52048074540008,7.314127575388174,1,21.6833995807844,79.73441970268453,"{""type"":""MultiPoint"",""coordinates"":[]}",ARCHAEAN,,TIRODI GNEISSIC COMPLEX,,GNEISS/MIGMATITE,,ARCHAEAN-GNEISS-MIGMATITE,-0.2024494186433117,-0.1627139257818236,0.1247537754158998,1.590635139925234,1.0856993421740289,1.3886698479399586,2.117604195792711,2.63433647379671,0.7201135682247121,0.2105248266843372,0.0410890202341266,-0.1627139257818236,0.2279885468045853,0,1,0,0.4402012779646084,33,132,5,2,-0.7325490767838436,0.6807142205824249
2_1195_0,185.13077,1860.0,1051.0,362.0,547.0,502.0,871.0,1850.0,2211.0,2333.0,2467.0,463409.5000105199,654,0.64585537,4.647410358565737,0.9177330895795248,0.7972567509644235,1.769743101807802,11.036125,-14.387155268659871,-7.878822957494524,6.508332311165347,0,21.858840555772936,80.44938883731525,"{""type"":""MultiPoint"",""coordinates"":[]}",ARCHAEAN,,TIRODI GNEISSIC COMPLEX,,GNEISS/MIGMATITE,,ARCHAEAN-GNEISS-MIGMATITE,0.1128070593577851,0.378841607453061,0.4781306169927709,1.3867403276609382,1.769743100123936,0.4504929273679842,3.70517927548769,3.4003656244965894,2.219790673435023,-0.0658493177643169,0.277911370567533,0.378841607453061,0.1620370368494941,0,1,0,0.2971335828676096,44,88,5,1,-0.0894291957350187,-0.9959931821805748
1_222_0,245.10507,1405.0,1268.0,801.0,881.0,965.0,1114.0,1193.0,1231.0,1247.0,1267.0,50.0,313,0.12748644,1.2922279792746114,1.0953461975028378,1.1267040898155574,1.1080441640378549,2.2022135,-17.50867781989601,-9.306799060456246,8.201878759439765,1,21.851025212801098,80.22759479366614,"{""type"":""MultiPoint"",""coordinates"":[]}",PALAEOPROTEROZOIC,,SAUSAR,MANSAR,PHYLLITE,,PALAEOPROTEROZOIC-PHYLLITE,-0.0595776772022708,-0.0083499005931014,0.0642587147987153,1.2047440684085593,1.108044163164003,1.0168404161853726,1.4559585477140329,1.5947786588027484,0.983438485028834,0.0728836577471969,0.0512532734563212,-0.0083499005931014,0.0928652321104953,1,1,0,0.6387206229891901,44,88,5,1,-0.9070812674386116,-0.4209555490333415
1_160_0,-0.0,2590.5,1793.5,699.0,978.5,1085.0,1513.5,2479.0,2786.0,2925.5,3140.5,31.6227766016838,356,0.45892033,2.6963133640553,1.1088400613183444,0.8854896598871987,1.4443824923334263,0.92740995,-16.17350265555288,-9.431468950720468,6.742033704832412,1,21.71681690935364,79.75085887238392,"{""type"":""MultiPoint"",""coordinates"":[]}",ARCHAEAN,,TIRODI GNEISSIC COMPLEX,,GNEISS/MIGMATITE,,ARCHAEAN-GNEISS-MIGMATITE,0.0607324147823182,0.2398813307395886,0.3495917489579734,1.5522174512843814,1.4443824915280832,0.6130575967824107,2.387557601486122,2.6474195169673798,1.631168106143759,0.0069863013689059,0.181797445214006,0.2398813307395886,0.2163677128832019,0,1,0,0.0888236822389007,44,77,3,1,-0.0,1.0
2_594_0,58.29833,1484.5,791.5,375.5,504.0,486.0,847.0,1730.5,2019.5,2189.0,2281.5,463409.5000105199,627,0.63663554,4.504115226337449,0.9642857142857144,0.6781635449977158,1.8755527479469365,7.0245132,-13.239513988975062,-6.258594860602386,6.980919128372676,0,22.10758405794564,80.41273757372318,"{""type"":""MultiPoint"",""coordinates"":[]}",PALAEOPROTEROZOIC,,SAUSAR,MANSAR,PHYLLITE,,PALAEOPROTEROZOIC-PHYLLITE,0.1917789573453711,0.4688810600674782,0.458526450229015,1.294274297485288,1.875552745577318,0.3615806302596708,3.054526742686159,2.945436502092388,2.765634867004884,-0.1309812568619666,0.3044815464391557,0.4688810600674782,0.1282646545231983,1,1,0,0.4128537937958458,77,165,6,3,0.8507957931412212,0.5254964494391949
2_1181_0,132.83708,2578.0,1704.0,644.0,906.0,978.0,1374.0,2105.0,2367.0,2431.0,2673.0,463409.5000105199,532,0.4262247,2.485685071574642,1.0794701986754969,1.060468942821884,1.5129107981220655,1.3638681,-16.083360950843215,-9.446116966259291,6.637243984583924,0,21.99547431048752,79.80529677860156,"{""type"":""MultiPoint"",""coordinates"":[]}",ARCHAEAN,,TIRODI GNEISSIC COMPLEX,,GNEISS/MIGMATITE,,ARCHAEAN-GNEISS-MIGMATITE,-0.0293471750789883,0.1758162031013745,0.3209785025152017,1.518633538014544,1.512910797234207,0.7009461124224821,2.635991817345612,2.8454746105458337,1.426643191651031,0.0725380787102189,0.2041102288173493,0.1758162031013745,0.205918618861949,0,1,0,0.5037997565292862,22,66,2,0,0.7332899981519456,-0.6799160084968727
1_363_0,294.95575,3231.0,2493.0,823.0,1128.0,1307.0,1769.0,2201.0,2426.0,2471.0,2689.0,60.82762530298219,285,0.30809954,1.8905891354246365,1.158687943262411,1.3075677863213273,1.296028880866426,2.1971948,-17.97607219880839,-11.973469938819736,6.002602259988652,1,21.45028676455538,79.76514208540142,"{""type"":""MultiPoint"",""coordinates"":[]}",PALAEOPROTEROZOIC,,SAUSAR,CHORBAOLI,QUARTZITE,,PALAEOPROTEROZOIC-QUARTZITE,-0.1332865660937764,-0.0044319097493086,0.206370569715933,1.588092343149341,1.296028880346559,1.0089032776167934,2.472073448758933,2.8643616995883314,0.9911752904166968,0.1588355464557155,0.1289308175875382,-0.0044319097493086,0.227230046841676,1,1,0,0.2973463833108574,55,165,7,2,-0.9066339082625492,0.4219181868426335
2_1408_0,-0.0,1586.0,916.0,418.0,572.5,527.5,876.0,1841.5,2179.5,2358.5,2422.5,463409.5000105199,544,0.63444215,4.471090047393365,0.9213973799126638,0.6724613101547594,1.7314410480349345,3.7047918,-13.934693039514933,-6.951979054937448,6.982713984577483,0,22.150972686168604,80.53589659917597,"{""type"":""MultiPoint"",""coordinates"":[]}",PALAEOPROTEROZOIC,,SAUSAR,JUNEWANI,GREY & PINK GNEISS/QTZ-BIOTITE-SILLIMANITE GNEISS,,PALAEOPROTEROZOIC-GREY-PINK-GNEISS-QTZ-BIOTITE-SILLIMANITE-GNEISS,0.1958423120304621,0.4405252708992135,0.4688494768928757,1.2619617194689912,1.731441046144715,0.3883824463055406,3.0066350653902654,2.770305672016933,2.5747816565777493,-0.135582822058163,0.267785771275865,0.4405252708992135,0.1158117396977136,1,1,0,3.086231229745325,22,44,4,2,-0.0,1.0
1_452_0,270.0,1260.0,1261.0,738.0,795.0,839.0,925.0,990.0,1022.0,1001.0,1016.0,22.36067977499789,305,0.08804348,1.193087008343266,1.0553459119496855,1.2587412587412588,0.999206978588422,3.9906528,-17.560545329066148,-9.068259717337664,8.492285611728484,1,21.85021672904539,80.22624732073997,"{""type"":""MultiPoint"",""coordinates"":[]}",PALAEOPROTEROZOIC,,SAUSAR,MANSAR,PHYLLITE,,PALAEOPROTEROZOIC-PHYLLITE,-0.1145510835406673,-0.1149425286848176,0.046883049950086,1.13685636702323,0.9992069777960292,1.259740258481778,1.5017878408798715,1.5849056583837664,0.7938144323601788,0.0937988535451279,-0.0003966679887359,-0.1149425286848176,0.0640456562688359,1,1,0,0.7181717068043861,44,88,5,1,-1.0,-1.8369701987210294e-16
2_829_0,164.89734,1976.5,1017.0,462.5,692.0,577.5,1134.5,2202.5,2582.0,2737.0,2812.5,463409.5000105199,581,0.65153116,4.739393939393939,0.8345375722543352,0.7221410303251735,1.94346116027532,3.8369422,-13.966659416508124,-8.288617823936402,5.678041592571722,0,22.12429272223025,80.19444695968214,"{""type"":""MultiPoint"",""coordinates"":[]}",ARCHAEAN,,TIRODI GNEISSIC COMPLEX,,GNEISS/MIGMATITE,,ARCHAEAN-GNEISS-MIGMATITE,0.1613450726293953,0.458177943404854,0.4251330123067816,1.2486486459488677,1.943461158364345,0.3715747167074992,3.422510816584397,2.856213868704893,2.6912487682485264,-0.1121925784110206,0.3205278101484791,0.458177943404854,0.1105769229705991,0,1,0,1.2981114140949412,33,33,3,1,0.2605493311607091,-0.9654605357194602
2_1369_0,35.748745,3536.0,2661.0,901.3333333333334,1244.75,1551.3333333333337,1940.5,2467.0,2745.0,2953.25,3152.5,463409.5000105199,343,0.31122005,1.903685002148689,1.246301131418625,1.1973249809531872,1.3288237504697482,3.4243522,-18.319705271983963,-11.030547325149342,7.289157946834621,0,22.16498640460087,80.05457926994472,"{""type"":""MultiPoint"",""coordinates"":[]}",ARCHAEAN,,TIRODI GNEISSIC COMPLEX,,GNEISS/MIGMATITE,,ARCHAEAN-GNEISS-MIGMATITE,-0.0898023654367142,0.0520550385087847,0.2379736893308514,1.7211538442442824,1.328823749970378,0.90104122546312,2.2793296074692755,2.840731068213913,1.1098271322398243,0.1378619423347498,0.1411973535353885,0.0520550385087847,0.2650176677364702,0,1,0,2.589196273605068,11,22,2,1,0.5842318888764536,0.8115867791061231
2_964_0,47.142498,2131.0,1402.5,485.5,648.5,655.0,1143.5,2205.5,2669.0,2707.0,2908.0,463409.5000105199,580,0.61035097,4.132824427480916,1.010023130300694,0.7872183228666421,1.5194295900178254,2.7251465,-14.695679418758107,-6.493739550143813,8.201939868614295,0,21.8938748518536,79.64171356536339,"{""type"":""MultiPoint"",""coordinates"":[]}",ARCHAEAN,,TIRODI GNEISSIC COMPLEX,,GNEISS/MIGMATITE,,ARCHAEAN-GNEISS-MIGMATITE,0.1190574617364494,0.3174352110189961,0.4355177093828168,1.3491246110213706,1.519429588934453,0.5181012188702988,3.25343510953674,3.286044713514195,1.9301247758073976,-0.0679936438792349,0.2061695202472988,0.3174352110189961,0.1486190266123463,0,1,0,1.648658395586364,22,110,3,0,0.7330476083394334,0.6801773326918772
2_831_0,346.51077,1690.0,927.5,433.5,649.0,601.0,1074.0,1994.5,2318.5,2464.5,2593.0,463409.5000105199,586,0.6078943,4.100665557404327,0.926040061633282,0.685737472103875,1.8221024258760108,16.680632,-16.84752745054562,-9.89412345202466,6.95340399852096,0,22.121058787207424,80.65905562462875,"{""type"":""MultiPoint"",""coordinates"":[]}",PALAEOPROTEROZOIC,,SAUSAR,JUNEWANI,GREY & PINK GNEISS/QTZ-BIOTITE-SILLIMANITE GNEISS,,PALAEOPROTEROZOIC-GREY-PINK-GNEISS-QTZ-BIOTITE-SILLIMANITE-GNEISS,0.1864243590837828,0.4531249998664136,0.4142350694261699,1.386389846859539,1.82210242391148,0.3763440858687993,2.811980028599035,2.604006159315861,2.657142854278013,-0.1169782231418427,0.2913085003662622,0.4531249998664136,0.1619139679440174,1,1,0,0.2611896092009375,55,66,6,4,-0.2332625814525568,0.9724137844015218
2_997_0,132.89622,3290.5,2440.0,705.5,955.5,1105.0,1580.0,2166.5,2448.5,2601.5,2735.0,463409.5000105199,364,0.40375018,2.3542986425339367,1.1564625850340136,1.264847203536421,1.3485655737704918,2.723167,-16.301389020918336,-8.437546320293698,7.863842700624637,0,21.69983875048378,79.50858324025688,"{""type"":""MultiPoint"",""coordinates"":[]}",ARCHAEAN,,TIRODI GNEISSIC COMPLEX,,GNEISS/MIGMATITE,,ARCHAEAN-GNEISS-MIGMATITE,-0.1169382212971931,0.0320341168239543,0.2676709153493231,1.566265058020886,1.348565573217801,0.9379204301603228,2.977828051603775,3.443746725856885,1.0661885241532014,0.1413177539576348,0.1484163685283279,0.0320341168239543,0.2206572768734287,0,1,0,0.8877744422654755,22,33,2,1,0.7325878066944539,-0.6806725390983608
2_179_0,72.76113,3190.0,2111.0,701.0,990.0,1032.0,1574.0,2469.0,2794.0,2901.0,3151.0,463409.5000105199,317,0.47520977,2.811046511627907,1.0424242424242425,1.0996208204067563,1.5111321648507816,3.1265435,-17.619560407093843,-11.786382925955506,5.833177481138337,0,21.426571241054624,80.19848937846068,"{""type"":""MultiPoint"",""coordinates"":[]}",ARCHAEAN,,AMGAON GNEISSIC COMPLEX,,GRANITE GNEISS/MIGMATITE,,ARCHAEAN-GRANITE-GNEISS-MIGMATITE,-0.0474470530212695,0.1576217078695886,0.3337566136859774,1.472182594190895,1.5111321641349449,0.7276801100559531,3.091085268322592,3.2222222189674525,1.3742302219923117,0.0792433537731028,0.203546500621855,0.1576217078695886,0.1909982687876524,0,1,0,2.657753543088164,11,22,2,0,0.9550775311648232,0.2963560518432288
2_380_0,261.19437,1810.0,948.0,372.75,553.5,532.0,946.0,1918.0,2249.0,2495.0,2508.0,463409.5000105199,689,0.64849687,4.68984962406015,0.9611562782294488,0.7254509018036072,1.909282700421941,6.036313,-14.882908725948363,-8.813050487300915,6.06985823864745,0,21.650251746800382,80.49574190597582,"{""type"":""MultiPoint"",""coordinates"":[]}",ARCHAEAN,,AMGAON GNEISSIC COMPLEX,,AMPHIBOLITE,,ARCHAEAN-AMPHIBOLITE,0.1591173054218078,0.4493174555767303,0.4522292992321282,1.4272300431194365,1.9092826984079296,0.3799599196873908,3.402255632702527,3.2700993617523046,2.631856537308168,-0.1009165506788393,0.3125453225842838,0.4493174555767303,0.1760154736932683,0,1,0,0.4405710948571334,44,110,6,1,-0.988213343975805,-0.1530829408789806
2_955_0,114.95324,1686.0,807.0,452.0,626.0,476.0,932.0,2077.0,2473.0,2570.0,2824.0,463409.5000105199,393,0.687459,5.399159663865547,0.7603833865814696,0.6560311284046693,2.0892193308550184,4.388357,-13.866675060346672,-7.9757404440867425,5.89093461625993,0,21.46699542884,79.51343414279113,"{""type"":""MultiPoint"",""coordinates"":[]}",ARCHAEAN,,TIRODI GNEISSIC COMPLEX,,GNEISS/MIGMATITE,,ARCHAEAN-GNEISS-MIGMATITE,0.2077067668684899,0.5220610007337694,0.5037273694079534,1.053097342802882,2.089219328266147,0.3140077819789853,3.5420167992814773,2.6932907305219,3.184634444628706,-0.1658950616963936,0.3525872441425643,0.5220610007337694,0.0258620689376486,0,1,0,0.6187407149691887,99,187,6,3,0.9066523906850252,-0.4218784688332985
1_195_0,28.288986,2501.5,1772.5,693.0,925.5,1032.5,1404.0,2056.5,2277.0,2377.5,2570.5,53.85164807134504,357,0.39442816,2.3026634382566584,1.1156131820637494,1.0521556256572029,1.411283497884344,2.1056247,-17.556510490690908,-10.662447733151952,6.894062757538956,1,21.71600842559793,79.7513978615544,"{""type"":""MultiPoint"",""coordinates"":[]}",ARCHAEAN,,TIRODI GNEISSIC COMPLEX,,GNEISS/MIGMATITE,,ARCHAEAN-GNEISS-MIGMATITE,-0.0254150440611979,0.145783132494992,0.2934960371635436,1.4898989877490636,1.4112834970881334,0.7455310196653918,2.4227602882104016,2.7028633142054423,1.341325810244668,0.0701794231099735,0.1705662142792311,0.145783132494992,0.1967545637804957,0,1,0,0.1445661900973127,44,77,3,1,0.473918945630674,0.8805684714843646
1_475_0,107.20657,2477.5,1755.0,683.5,932.5,1123.0,1476.0,2025.5,2300.5,2365.5,2570.5,64.03124237432849,357,0.35617027,2.1064113980409616,1.204289544235925,1.0473472838723314,1.4116809116809117,3.1322234,-17.176220876151767,-9.717828043551249,7.45839283260052,1,21.715469436427465,79.7513978615544,"{""type"":""MultiPoint"",""coordinates"":[]}",ARCHAEAN,,TIRODI GNEISSIC COMPLEX,,GNEISS/MIGMATITE,,ARCHAEAN-GNEISS-MIGMATITE,-0.0231261614653879,0.1481616308340828,0.2704806622339106,1.6430138966451882,1.411680910876535,0.7419150282215536,2.206144254491412,2.656836458276851,1.3478632470952343,0.0829385667970616,0.1707028942301942,0.1481616308340828,0.2432881260762313,0,1,0,0.1445667317224404,44,77,3,1,0.955244447552372,-0.2958175880848935
2_347_0,180.0,3160.0,2273.5,584.0,784.0,1029.0,1385.0,1841.5,2068.5,2339.5,2472.5,463409.5000105199,536,0.38904557,2.2735665694849367,1.3125,1.3507159649497755,1.3899274246756104,6.464861,-19.416961628810967,-12.303170863570417,7.11379076524055,0,22.17657467176601,80.57766825988752,"{""type"":""MultiPoint"",""coordinates"":[]}",PALAEOPROTEROZOIC,,SAUSAR,JUNEWANI,GREY & PINK GNEISS/QTZ-BIOTITE-SILLIMANITE GNEISS,,PALAEOPROTEROZOIC-GREY-PINK-GNEISS-QTZ-BIOTITE-SILLIMANITE-GNEISS,-0.14919538137118,0.0143073921495106,0.2819183408212785,1.7619862983527632,1.38992742406425,0.9717888433546532,3.070942659795002,4.030612239756872,1.0290301293032638,0.1779261862667239,0.1631545044330257,0.0143073921495106,0.2758834468221429,1,1,0,7.712420060549687,22,22,2,2,1.2246467991473532e-16,-1.0
2_1306_0,-0.0,1661.0,771.0,408.0,568.0,429.0,928.0,2052.0,2429.0,2565.0,2750.0,2675.2383071420013,546,0.7134268,5.979020979020979,0.7552816901408451,0.6475633528265107,2.154345006485084,0.92740995,-15.487286532931568,-8.677019738999277,6.810266793932289,0,21.929987126275204,80.25023233882595,"{""type"":""MultiPoint"",""coordinates"":[]}",PALAEOPROTEROZOIC,,SAUSAR,MANSAR,PHYLLITE,,PALAEOPROTEROZOIC-PHYLLITE,0.2139138664898452,0.5377697840114599,0.495377922649435,1.0514705856581603,2.1543450036908625,0.3005847952044503,3.871794862769709,2.924295769499479,3.326848244712259,-0.1744025281109218,0.3659539472179466,0.5377697840114599,0.0250896057047913,1,1,0,0.0239924657540992,77,77,5,2,-0.0,1.0
2_198_0,248.30162,1848.0,1046.0,466.0,608.0,551.0,932.0,1933.0,2264.0,2511.0,2560.0,463409.5000105199,632,0.64010453,4.557168784029038,0.90625,0.7359617682198327,1.7667304015296368,7.483043,-16.483827216583123,-9.225329891934328,7.258497324648795,0,21.802516187458643,80.65986410838445,"{""type"":""MultiPoint"",""coordinates"":[]}",PALAEOPROTEROZOIC - MESOPROTEROZOIC,,KHAIRAGARH,SITAGOTA,BASALT,,PALAEOPROTEROZOIC-MESOPROTEROZOIC-BASALT,0.1520991052644874,0.4118639301625347,0.4662084763842473,1.1824034309390483,1.7667303998406017,0.4165671045732508,3.3539019902832994,3.039473679211392,2.4005736114717267,-0.1075148809323819,0.2771250862898669,0.4118639301625347,0.0835791542934324,0,0,0,1.8737822998273288,22,33,3,2,-0.92914302550593,-0.3697204865214893
2_1230_0,303.60278,1834.5,901.5,471.5,716.5,610.5,1109.0,2176.0,2595.0,2638.0,2893.5,463409.5000105199,324,0.62413424,4.3210483210483215,0.8520586182833217,0.6954131918119788,2.034941763727121,16.304089,-16.134676386882475,-9.810776057871449,6.3239003290110265,0,21.525206259250947,79.81553757284053,"{""type"":""MultiPoint"",""coordinates"":[]}",PALAEOPROTEROZOIC,,SAUSAR,CHORBAOLI,QUARTZITE,,PALAEOPROTEROZOIC-QUARTZITE,0.1796534376345101,0.4906060176605153,0.4458463459223369,1.294803814857256,2.0349417614698373,0.3417361636308809,3.0049139999919507,2.5603628715138,2.926234051107893,-0.1196327301972035,0.3410087718051868,0.4906060176605153,0.1284658039478134,1,1,0,0.7511128487413317,33,66,4,2,-0.8328943890869245,0.5534319620581367
2_1102_0,41.828663,1849.0,913.3333333333334,455.9047619047619,612.2222222222222,485.54545454545456,1060.5,2270.333333333333,2639.0,2760.0,2990.6666666666665,463409.5000105199,445,0.7007927,5.684328777382513,0.7930869493482925,0.6699275362318841,2.0244525547445256,27.536884,-13.913397655301658,-8.115506892947039,5.797890762354619,0,21.393962396241083,80.08988306061062,"{""type"":""MultiPoint"",""coordinates"":[]}",PALAEOPROTEROZOIC,,SAKOLI,GAIKHURI,PHYLLITE,,PALAEOPROTEROZOIC-PHYLLITE,0.197656758473062,0.5027223229121445,0.4764471138824749,1.06501509537176,2.0244525525279715,0.3309178742762375,3.808088365120956,3.020145185629527,3.0218978069103306,-0.1587905976687039,0.3387233014340328,0.5027223229121445,0.0314840785962854,0,1,0,0.313442466243397,55,154,9,2,0.6669053214288073,0.7451424643985465
1_211_0,287.19522,1894.0,991.0,544.0,725.0,675.0,1136.0,1926.0,2263.0,2494.0,2470.0,36.05551275463989,310,0.5739981,3.694814814814815,0.9310344827586208,0.7594226142742582,1.9112008072653883,3.134223,-15.377379824855478,-8.202727224846125,7.1746526000093525,1,21.81599091672044,80.16722800657331,"{""type"":""MultiPoint"",""coordinates"":[]}",PALAEOPROTEROZOIC,,SAUSAR,MANSAR,PHYLLITE,,PALAEOPROTEROZOIC-PHYLLITE,0.1367365542076717,0.4312769008805518,0.3699389904686803,1.240808821248513,1.9112008053368303,0.397353648597693,2.8059259217689987,2.6124137895001187,2.5166498460982343,-0.0836454431810869,0.3129982667892553,0.4312769008805518,0.1074651352686914,1,1,0,0.574800476006752,66,77,5,2,-0.9553030287560244,0.2956283532572041
1_467_0,-0.0,2798.0,1933.0,670.5,896.5,960.0,1443.5,2330.0,2666.5,2730.5,2865.5,60.82762530298219,357,0.4797453,2.8442708333333333,1.0708310094813165,1.0247207471159128,1.4474909467149508,0.92740995,-16.768904842689505,-10.480202908648309,6.288701934041196,1,21.716277920183167,79.75166735613962,"{""type"":""MultiPoint"",""coordinates"":[]}",ARCHAEAN,,TIRODI GNEISSIC COMPLEX,,GNEISS/MIGMATITE,,ARCHAEAN-GNEISS-MIGMATITE,-0.012209460068335,0.1710088988590095,0.3300069620956122,1.4317673356722336,1.4474909459661194,0.7079289504823553,2.914583330297309,3.121026209569408,1.4125711322231913,0.0498672998952553,0.1828366095576333,0.1710088988590095,0.1775528977751898,0,1,0,0.172436871400788,44,77,3,1,-0.0,1.0
2_1424_0,132.89969,2613.75,1800.0,762.0,983.8,1168.4,1487.6666666666667,2064.75,2358.333333333333,2536.0,2579.6666666666665,463409.5000105199,288,0.3691826,2.170489558370421,1.1876397641797114,1.0306585173501577,1.4520833333333334,1.362264,-17.5226025193812,-9.544244967997043,7.978357551384153,0,21.68232160244345,80.02978576810303,"{""type"":""MultiPoint"",""coordinates"":[]}",ARCHAEAN,,TIRODI GNEISSIC COMPLEX,,GNEISS/MIGMATITE,,ARCHAEAN-GNEISS-MIGMATITE,-0.0150978202796062,0.1697416973778271,0.2684805768885885,1.533333331321085,1.4520833325266205,0.7097791795308442,2.237033548239444,2.656789995266528,1.4088888881061727,0.0683813195951524,0.1843670347925534,0.1697416973778271,0.2105263156804153,0,1,0,2.702715178502933,11,33,3,1,0.7325465818309963,-0.6807169055104504
2_745_0,47.159286,2487.0,1408.0,468.0,720.0,664.0,1257.0,2591.0,2899.0,3226.0,3320.0,463409.5000105199,549,0.65861183,4.858433734939759,0.9222222222222224,0.7709237445753255,1.7663352272727273,1.3637749,-15.320821083032994,-8.752144965248348,6.568676117784646,0,21.97741817327672,79.88668414334279,"{""type"":""MultiPoint"",""coordinates"":[]}",ARCHAEAN,,TIRODI GNEISSIC COMPLEX,,GNEISS/MIGMATITE,,ARCHAEAN-GNEISS-MIGMATITE,0.1293541046509095,0.3923176520517225,0.4507319203734472,1.4188034157717877,1.7663352260182277,0.4364538126359412,3.7454819220700575,3.454166661869213,2.2911931801909136,-0.0793279766136847,0.277021822778685,0.3923176520517225,0.1731448761721334,0,1,0,2.513808950835408,11,44,2,0,0.7332468728240193,0.6799625162417383
1_138_0,47.070793,2582.5,1636.5,591.0,834.0,841.5,1312.0,2087.5,2344.5,2419.5,2626.0,20.0,274,0.48390064,2.875222816399287,1.0089928057553956,1.0673692911758628,1.5780629391995111,1.3615097,-16.02648480233954,-8.740289874176119,7.28619492816342,1,21.53275210763755,79.98343269944246,"{""type"":""MultiPoint"",""coordinates"":[]}",ARCHAEAN,,TIRODI GNEISSIC COMPLEX,,GNEISS/MIGMATITE,,ARCHAEAN-GNEISS-MIGMATITE,-0.0325869652073996,0.193047337230511,0.3336719145927699,1.4238578656110696,1.5780629382352196,0.6763794169554126,3.068924535865805,3.0965227780617237,1.4784601274192115,0.0642629574847675,0.224223749650575,0.193047337230511,0.1748691098255713,0,1,0,0.2569361703239289,33,77,4,1,0.7321958005025827,0.6810942003323638
2_819_0,227.04524,2801.0,1816.0,626.0,839.0,932.0,1369.0,2038.0,2303.0,2349.0,2622.0,2467.8938388836746,261,0.43188053,2.5203862660944205,1.1108462455303934,1.192422307364836,1.5424008810572687,2.7201817,-17.43854649989035,-11.438571633374568,5.999974866515782,0,21.40258622296863,79.81338161615864,"{""type"":""MultiPoint"",""coordinates"":[]}",ARCHAEAN,,AMGAON GNEISSIC COMPLEX,,GRANITE GNEISS/MIGMATITE,,ARCHAEAN-GRANITE-GNEISS-MIGMATITE,-0.08776699027422,0.1279711884446647,0.3139564018256185,1.4888178889954986,1.542400880207929,0.7730949336853576,3.0053648036423124,3.3384982081781907,1.2935022019308908,0.1129994036802326,0.21334199692152,0.1279711884446647,0.1964056481409463,0,1,0,1.8022069623110288,22,88,6,2,-0.7318919705903723,-0.68142068018614
2_582_0,19.694546,2128.5,1315.5,639.0,857.0,972.5,1316.0,2083.5,2387.5,2485.5,2639.5,463409.5000105199,343,0.43753615,2.555784061696658,1.1347724620770128,0.856366928183464,1.6180159635119726,2.9527364,-17.20583507909365,-9.85998043017032,7.345854648923328,0,21.370516367325564,80.14485995599874,"{""type"":""MultiPoint"",""coordinates"":[]}",ARCHAEAN,,AMGAON GNEISSIC COMPLEX,,GRANITE GNEISS/MIGMATITE,,ARCHAEAN-GRANITE-GNEISS-MIGMATITE,0.0773732119468198,0.3078137331471156,0.3345973959462527,1.5219092307951343,1.6180159622820098,0.5292697644219394,2.1886889437648445,2.483663941092574,1.889395665610493,-0.0037747972044374,0.2360627177014916,0.3078137331471156,0.2069500464120694,0,1,0,3.820512300899547,11,22,2,1,0.3370056380724774,0.9415026287309888
2_165_0,-0.0,2251.0,1534.0,740.0,927.0,949.0,1608.0,2190.0,2464.0,2591.0,2746.0,1637.192719260625,268,0.4638418,2.730242360379347,1.0237324703344122,0.8687765341566963,1.467405475880052,0.0,-15.128151724025509,-8.498516315723096,6.629635408302411,0,21.410132071355235,79.74789443194632,"{""type"":""MultiPoint"",""coordinates"":[]}",PALAEOPROTEROZOIC,,SAUSAR,MANSAR,MUSCOVITE SCHIST,,PALAEOPROTEROZOIC-MUSCOVITE-SCHIST,0.0702189177880588,0.2562424241803048,0.2613688561641321,1.2824324306994157,1.4674054749234644,0.592049401546874,2.3719704927587246,2.428263212051496,1.6890482387946228,-0.020058184042251,0.1894319682458568,0.2562424241803048,0.1237418590149544,1,1,0,0.0129354679185048,77,176,8,3,-0.0,1.0
2_279_0,324.3811,2211.0,1382.0,714.0,909.0,1008.0,1446.0,2156.0,2431.0,2585.0,2709.0,463409.5000105199,312,0.438909,2.564484126984127,1.108910891089109,0.8553191489361702,1.5998552821997103,3.4187965,-17.87582425782428,-10.190953457508634,7.684870800315647,0,21.480470158101795,80.24187800668365,"{""type"":""MultiPoint"",""coordinates"":[]}",ARCHAEAN,,AMGAON GNEISSIC COMPLEX,,GRANITE GNEISS/MIGMATITE,,ARCHAEAN-GRANITE-GNEISS-MIGMATITE,0.077981651359887,0.3032518275010709,0.3039711190604161,1.4117647039050916,1.5998552810420728,0.5346228237777088,2.193452378776337,2.4323432316475877,1.870477567387498,-0.0122737035881752,0.2307264124044735,0.3032518275010709,0.1707317072179258,0,1,0,0.8413409167159926,22,55,2,0,-0.5823911537759713,0.8129086935219065
2_191_0,19.748093,3732.5,3151.5,1096.5,1630.5,2005.5,2345.0,2671.5,2844.5,2894.0,3029.5,1389.7481786280562,313,0.18134503,1.4430316629269508,1.2299908003679854,1.2897373876986868,1.184356655560844,2.9537241,-19.77376705565696,-11.083472268966426,8.690294786690535,0,21.79658730658345,80.13515815093025,"{""type"":""MultiPoint"",""coordinates"":[]}",PALAEOPROTEROZOIC,,SAUSAR,MANSAR,PHYLLITE,,PALAEOPROTEROZOIC-PHYLLITE,-0.1265373877421659,-0.0425936647022423,0.1273606846911599,1.82900136632102,1.1843566551850369,1.088977193818598,1.861131886381884,2.289175098258709,0.9182928761166768,0.1796268694886542,0.0843986054496806,-0.0425936647022423,0.293036750389092,1,1,0,0.5970248930926927,66,66,5,2,0.3378853922512375,0.9411872617620934
2_933_0,208.27898,1933.25,1295.888888888889,610.5333333333333,847.125,852.1428571428571,1297.375,1935.15,2188.1,2190.5454545454545,2285.0,463409.5000105199,303,0.43987504,2.570631715309,1.0059233963616434,0.882542745683931,1.491833147560662,2.105427,-16.891101128279782,-10.306295954655166,6.584805173624616,0,21.65591113309033,80.09769840358247,"{""type"":""MultiPoint"",""coordinates"":[]}",ARCHAEAN,,TIRODI GNEISSIC COMPLEX,,GNEISS/MIGMATITE,,ARCHAEAN-GNEISS-MIGMATITE,0.0623928750392936,0.2566107596676165,0.275690010042028,1.3957351863077996,1.4918331464094572,0.5915827428316056,2.2686923695086594,2.2821307336200314,1.6903806118233442,-0.0028078421819435,0.1973780419005272,0.2566107596676165,0.1651831931206058,0,1,0,7.141433766898452,11,22,2,0,-0.4737651580005114,-0.8806512221445846
2_1402_0,90.0,3111.0,2258.5,756.5,971.5,1205.0,1504.0,1953.0,2179.0,2224.0,2429.5,463409.5000105199,321,0.29717118,1.845643153526971,1.240349974266598,1.3988309352517985,1.3774629178658402,3.9783092,-17.325768159591213,-10.15614051846978,7.1696276411214335,0,21.40123875004245,80.17962475749417,"{""type"":""MultiPoint"",""coordinates"":[]}",ARCHAEAN,,AMGAON GNEISSIC COMPLEX,,GRANITE GNEISS/MIGMATITE,,ARCHAEAN-GRANITE-GNEISS-MIGMATITE,-0.166260543548967,-0.0076965978789299,0.2352866403367772,1.5928618617410948,1.3774629172559385,1.0155125894714423,2.5817427364466865,3.202264536075899,0.9847243741488934,0.1830329609836177,0.1587671105021385,-0.0076965978789299,0.2286515420705319,0,1,0,3.746280730767493,11,11,1,0,1.0,6.123233995736766e-17
2_498_0,240.94151,1742.0,984.5,394.0,591.5,606.0,1016.5,1923.0,2335.0,2448.5,2546.0,463409.5000105199,528,0.60320836,4.04042904290429,1.0245139475908709,0.711455993465387,1.7694261046216353,5.7097864,-15.618232215377969,-8.406697674932305,7.211534540445664,0,22.169298317964643,80.49358594929393,"{""type"":""MultiPoint"",""coordinates"":[]}",PALAEOPROTEROZOIC,,SAUSAR,JUNEWANI,GREY & PINK GNEISS/QTZ-BIOTITE-SILLIMANITE GNEISS,,PALAEOPROTEROZOIC-GREY-PINK-GNEISS-QTZ-BIOTITE-SILLIMANITE-GNEISS,0.1685956329391252,0.4264491696980923,0.4293333332128187,1.538071062086114,1.7694261028243514,0.4020829077385816,2.874587454002331,2.945054940075985,2.487049261059371,-0.0952702051641903,0.277828718034906,0.4264491696980923,0.211999999788,1,1,0,0.6134907898734374,55,66,4,2,-0.8741243369500921,-0.4857022169514587
2_550_0,132.89021,1916.5,1082.0,472.5,620.0,671.0,1038.5,1706.0,2011.0,2160.5,2371.0,463409.5000105199,317,0.5260463,3.2198211624441133,1.082258064516129,0.8870631798194862,1.771256931608133,1.3625066,-15.329200185422112,-7.818271254402745,7.510928931019368,0,21.7300221440302,80.4151630249903,"{""type"":""MultiPoint"",""coordinates"":[]}",PALAEOPROTEROZOIC,,SAUSAR,MANSAR,PHYLLITE,,PALAEOPROTEROZOIC-PHYLLITE,0.0598479273829168,0.3326137238758323,0.3908197681798446,1.4201058171003051,1.7712569299711116,0.5008099974539181,2.8561847945511403,3.0911290272723724,1.9967652476924531,-0.0087156402626729,0.2783058194836399,0.3326137238758323,0.1735898555543595,1,1,0,1.2071870733920522,33,88,6,2,0.7326592013254405,-0.6805956910774322
2_366_0,79.47253,2853.5,1964.0,725.0,984.1666666666666,1063.0,1474.6,2264.25,2518.75,2683.0,2706.0,463409.5000105199,296,0.4324613,2.523988711194732,1.0801016088060966,1.0635482668654492,1.4529022403258656,5.063163,-17.916327325426096,-11.461716880860726,6.45461044456537,0,21.69337088043812,80.04730291614335,"{""type"":""MultiPoint"",""coordinates"":[]}",ARCHAEAN,,TIRODI GNEISSIC COMPLEX,,GNEISS/MIGMATITE,,ARCHAEAN-GNEISS-MIGMATITE,-0.0307956290019334,0.1547234774790782,0.2945510213140336,1.4662068945293698,1.4529022395860989,0.7320163992799045,2.684383816853825,2.899407279018384,1.3660896123390582,0.0694245340884122,0.1846393357167328,0.1547234774790782,0.1890380312141845,0,1,0,2.5920459447696507,22,44,4,1,0.983167423204681,0.1827069181751686
1_86_0,355.0686,1729.0,841.5,454.5,657.0,520.0,992.0,2121.0,2445.0,2745.5,2766.0,56.56854249492381,464,0.6815189,5.279807692307692,0.791476407914764,0.629757785467128,2.054664289958408,22.106884,-15.389713881190314,-8.850315281157854,6.53939860003246,1,21.998977740095583,80.23433215829704,"{""type"":""MultiPoint"",""coordinates"":[]}",PALAEOPROTEROZOIC,,SAUSAR,MANSAR,BIOTITE SCHIST,,PALAEOPROTEROZOIC-BIOTITE-SCHIST,0.2271762207560227,0.5308056870558111,0.472059606047882,1.1441144089238406,2.0546642875167387,0.3065015478759783,3.3249999936057693,2.6316590523110213,3.262626258749107,-0.1745274361948013,0.345263567265021,0.5308056870558111,0.0672139558058348,1,1,0,0.114306019502424,55,154,6,3,-0.0859629407683767,0.9962983352462516
1_271_0,160.24327,2239.0,1364.0,502.0,739.0,620.0,1160.0,2259.0,2541.0,2583.0,2637.0,70.0,343,0.61286294,4.166129032258064,0.8389715832205683,0.8668215253581107,1.6414956011730206,2.9538836,-16.205397594959216,-9.412205655631382,6.7931919393278335,1,21.86449994206289,79.97885129149346,"{""type"":""MultiPoint"",""coordinates"":[]}",ARCHAEAN,,TIRODI GNEISSIC COMPLEX,,GNEISS/MIGMATITE,,ARCHAEAN-GNEISS-MIGMATITE,0.0713396930586188,0.3088421585232221,0.3889913088256541,1.2350597584958969,1.641495599969578,0.5280681376197955,3.611290316755984,3.029769955304777,1.893695013274417,-0.0380215343139263,0.2428531778398964,0.3088421585232221,0.1051693403697242,0,1,0,0.5519267850026669,44,88,5,2,0.3380272668266194,-0.9411363168434876
2_1273_0,238.21568,2013.5,1142.5,516.25,695.5,617.0,1082.75,2126.0,2362.0,2709.5,2640.0,1218.2774724995943,336,0.6290395,4.391410048622366,0.8871315600287563,0.7431260380143938,1.762363238512035,3.517315,-15.927004722756044,-9.709781686973272,6.217223035782771,0,21.647556800948024,79.64009659785198,"{""type"":""MultiPoint"",""coordinates"":[]}",ARCHAEAN,,TIRODI GNEISSIC COMPLEX,,GNEISS/MIGMATITE,,ARCHAEAN-GNEISS-MIGMATITE,0.1473639635512674,0.4068016613689508,0.4183063594336696,1.1951573826728186,1.762363236969485,0.4216645135922995,3.263371145440241,2.895039535736823,2.371553608427524,-0.1016435432056958,0.275982255932832,0.4068016613689508,0.088903595774186,0,1,0,0.1030396535784975,33,55,3,2,-0.8500368719010812,-0.526723187650425
2_1317_0,270.0,1647.5,934.5,387.0,600.0,513.0,962.5,1830.5,2089.5,2236.0,2356.0,463409.5000105199,584,0.62677336,4.358674463937622,0.855,0.7368067978533095,1.7629748528624931,3.0018709,-15.732731263899137,-9.191031955702044,6.541699308197092,0,22.170645790890823,80.37473883720493,"{""type"":""MultiPoint"",""coordinates"":[]}",ARCHAEAN,,TIRODI GNEISSIC COMPLEX,,GNEISS/MIGMATITE,,ARCHAEAN-GNEISS-MIGMATITE,0.1515385605377781,0.4105030750952521,0.4199186378122891,1.3255813919235624,1.76297485097595,0.4179338101887595,3.2115009683986337,2.7458333287569445,2.392723378926995,-0.096686526581648,0.2761425250673344,0.4105030750952521,0.1399999998444444,0,1,0,0.1068971907049306,33,44,4,2,-1.0,-1.8369701987210294e-16
2_729_0,331.74835,2590.0,1489.0,628.0,861.0,828.0,1500.0,2493.0,2846.0,2933.0,3153.0,1549.83870128475,448,0.55969155,3.542270531400966,0.9616724738675958,0.883054892601432,1.7394224311618536,14.427941,-14.541952466938728,-7.704679476730352,6.837272990208376,0,21.48990246858505,79.77915580383367,"{""type"":""MultiPoint"",""coordinates"":[]}",PALAEOPROTEROZOIC,,SAUSAR,CHORBAOLI,QUARTZITE,,PALAEOPROTEROZOIC-QUARTZITE,0.0621039290128365,0.326549072743883,0.3552546743272609,1.3184713354801412,1.7394224299936718,0.5076713261139887,3.1280193198936965,3.0081300778070497,1.9697783734252663,-0.0204900415502951,0.2699190977519198,0.326549072743883,0.1373626372682948,1,1,0,0.107631383127819,77,110,6,2,-0.4733450348207307,0.8808771072122157
2_199_0,-0.0,1786.5,987.5,432.0,540.5,503.5,898.0,1658.5,1910.0,1969.0,2119.0,463409.5000105199,429,0.5927199,3.910625620655412,0.93154486586494,0.9073133570340274,1.8091139240506329,1.8543341,-14.3099877172528,-8.586307732591823,5.723679984660976,0,21.76155301050279,79.58862313207193,"{""type"":""MultiPoint"",""coordinates"":[]}",ARCHAEAN,,TIRODI GNEISSIC COMPLEX,,GNEISS/MIGMATITE,,ARCHAEAN-GNEISS-MIGMATITE,0.0485953934100398,0.3319803820964044,0.4047066621131234,1.1655092565613212,1.8091139222186188,0.5015236157940459,3.5481628529331424,3.3052728893519467,1.993924048613748,-0.0236623321203022,0.2880317230396425,0.3319803820964044,0.0764297166473226,0,1,0,1.28608112917067,11,55,3,2,-0.0,1.0
1_272_0,270.0,2035.0,1348.0,628.0,832.0,834.0,1238.0,2036.0,2353.0,2506.5,2525.5,58.30951894845301,276,0.50067353,3.0053956834532376,1.0024038461538465,0.8118890883702374,1.5096439169139466,0.99698824,-15.78308847794716,-7.977844693762698,7.805243784184462,1,21.53409958056373,79.98478017236864,"{""type"":""MultiPoint"",""coordinates"":[]}",ARCHAEAN,,TIRODI GNEISSIC COMPLEX,,GNEISS/MIGMATITE,,ARCHAEAN-GNEISS-MIGMATITE,0.1038203236587426,0.3005577895185996,0.3421017668813334,1.3280254755923162,1.509643915794033,0.5378017153250343,2.4400479587049784,2.4459134585986617,1.8594213636057704,-0.0442242025411469,0.2030741944418935,0.3005577895185996,0.1409028726806409,0,1,0,0.3603015354167016,33,77,4,1,-1.0,-1.8369701987210294e-16
2_45_0,227.075,2158.0,1323.5,534.5,677.0,697.5,1074.5,1723.0,2047.5,1974.5,2198.0,463409.5000105199,319,0.47791916,2.8308243727598565,1.0302806499261448,1.0929349202329703,1.6305251227805062,1.3616172,-15.087344307769229,-8.637740214776514,6.449604092992715,0,21.554042179871185,79.59724695879947,"{""type"":""MultiPoint"",""coordinates"":[]}",ARCHAEAN,,TIRODI GNEISSIC COMPLEX,,GNEISS/MIGMATITE,,ARCHAEAN-GNEISS-MIGMATITE,-0.0444041137218622,0.1973923589456057,0.3433155079164811,1.3049579021422677,1.6305251215485264,0.6702962771991409,3.0939068056001338,3.187592314346245,1.491877596152718,0.0645912946100118,0.2396955334655477,0.1973923589456057,0.1323051946978042,0,1,0,2.166296598532018,22,88,5,3,-0.7322458085526303,-0.681040436286352
1_515_0,270.0,1245.0,1035.0,683.0,739.0,758.0,859.0,1032.0,1078.0,1054.0,1111.0,60.82762530298219,306,0.16335541,1.3905013192612137,1.0257104194857916,1.181214421252372,1.2028985507246377,1.997722,-14.749214902000007,-8.424439622838023,6.324775279161985,1,21.84833026694874,80.2265168153252,"{""type"":""MultiPoint"",""coordinates"":[]}",PALAEOPROTEROZOIC,,SAUSAR,MANSAR,PHYLLITE,,PALAEOPROTEROZOIC-PHYLLITE,-0.083079599789874,0.0090952608860242,0.1279187816609549,1.1098096616254618,1.2028985495624167,0.9819734336034408,1.6424802089149335,1.6847090640261042,1.018357486938785,0.0711229946333895,0.0921052631174977,0.0090952608860242,0.0520471894156508,1,1,0,0.5910468459869797,44,88,5,1,-1.0,-1.8369701987210294e-16
1_45_0,107.1773,1550.5,809.0,284.5,484.0,335.0,764.5,1622.5,1961.0,2148.5,2229.5,40.0,654,0.7302194,6.413432835820895,0.6921487603305785,0.7216662787991622,1.916563658838072,12.366441,-12.975735805388316,-6.273818124838563,6.701917680549752,1,21.974184238253883,80.4677144691113,"{""type"":""MultiPoint"",""coordinates"":[]}",PALAEOPROTEROZOIC,,SAUSAR,MANSAR,GONDITE/MANGANESE ORE,,PALAEOPROTEROZOIC-GONDITE-MANGANESE-ORE,0.1616653149062813,0.4529163143016344,0.4893119570843982,1.1775043895342552,1.916563656469019,0.3765417731549724,4.62835819513923,3.2035123900753875,2.6557478335528457,-0.1267801319609169,0.314261495946488,0.4529163143016344,0.0815173525722076,1,0,0,0.0011466441476481,44,143,7,3,0.9553954436415426,-0.295329555359737
2_440_0,235.14662,2237.0,1320.0,493.5,681.0,606.0,1153.5,2110.5,2475.5,2682.5,2720.0,463409.5000105199,555,0.6314429,4.426567656765677,0.8898678414096917,0.833923578751165,1.6946969696969696,9.6456375,-16.06100495800611,-9.401999434805273,6.659005523200838,0,21.792544887804915,79.69911591201863,"{""type"":""MultiPoint"",""coordinates"":[]}",ARCHAEAN,,TIRODI GNEISSIC COMPLEX,,GNEISS/MIGMATITE,,ARCHAEAN-GNEISS-MIGMATITE,0.0905579835165041,0.3404122422634822,0.4044146120035072,1.2279635233475916,1.694696968413108,0.4920782849982933,3.691419135822741,3.284875178729993,2.0321969681574266,-0.0553248047756562,0.2578015180607811,0.3404122422634822,0.1023192359233112,0,1,0,1.0832812197509138,22,77,3,1,-0.8206171436879942,-0.5714783490958848
2_208_0,312.8308,2806.0,2010.0,540.0,754.0,849.0,1341.0,1923.0,2136.0,2362.0,2552.0,463409.5000105199,528,0.47119278,2.7820965842167253,1.1259946949602122,1.1879762912785774,1.3960199004975125,2.7265139,-16.72307868984999,-9.47236404588982,7.250714643960173,0,22.02673568237488,79.8395225909265,"{""type"":""MultiPoint"",""coordinates"":[]}",ARCHAEAN,,TIRODI GNEISSIC COMPLEX,,GNEISS/MIGMATITE,,ARCHAEAN-GNEISS-MIGMATITE,-0.0859133126768743,0.0805123513082085,0.3110711532722653,1.5722222193106996,1.3960198998029751,0.8509737506981483,3.305064778203693,3.7214854062049274,1.1751243775248137,0.1148391032309228,0.1652823919922586,0.0805123513082085,0.2224622028635981,0,1,0,0.17607212754958,22,55,2,0,-0.7333645170814085,0.6798356309329134
1_200_0,301.7212,1468.0,727.5,380.5,526.5,414.0,818.5,1773.0,2124.0,2233.0,2354.0,41.23105625617661,446,0.68719304,5.393719806763285,0.7863247863247863,0.6574115539632781,2.01786941580756,3.5235655,-14.421661934465252,-8.08197162612191,6.339690308343343,1,21.999786223851288,80.23433215829704,"{""type"":""MultiPoint"",""coordinates"":[]}",PALAEOPROTEROZOIC,,SAUSAR,MANSAR,BIOTITE SCHIST,,PALAEOPROTEROZOIC-BIOTITE-SCHIST,0.2067008915950551,0.5085289645301372,0.4840031519356964,1.088042047074791,2.0178694130338566,0.3257948946145119,3.5458937112418027,2.7882241162616825,3.069415803341009,-0.1627182737931891,0.3372808014860939,0.5085289645301372,0.0421648835215042,1,1,0,0.0243056121713155,55,143,6,3,-0.8506166215261157,0.5257864235442913
