name,latitude,longitude,label,craton_domain,Elevation,Slope,Aspect,B2,B3,B4,B5,B6,B7,B8,B8A,B11,B12,VH,VV,geo_age,geo_supergroup,geo_group,geo_formation,geo_lithology,geo_intrusive,geo_stratigraphy,Geo_Boundary_Distance_km,Geo_Boundary_Density_1km,Geo_Boundary_Density_3km,Lithology_Diversity_3km,Formation_Diversity_3km,Sausar_Group_Proxy,Metamorphic_Host_Proxy,Geology_Unknown,Aspect_Sin,Aspect_Cos,VV_VH_Difference,NDVI,NDMI,NBR,NDRE,Iron_Oxide_Index,Clay_Alteration_Index,Ferrous_Index,SWIR_Red_Ratio,SWIR_Green_Ratio,NIR_SWIR2_Ratio,NIR_Red_Ratio,SWIR_NIR_Ratio,SWIR_Ratio,Red_Green_Ratio,BSI,B11_B12_NormDiff,B8_B12_NormDiff,B4_B2_NormDiff,macro_lithology,metallogenic_host_affinity,spatial_block
BALAGHAT,21.8166666667,80.1666666667,1,BASTAR_CRATON,424.70427377101095,3.072390516320145,279.1899420102038,473.4279057285945,833.0750832343697,693.9831071323005,883.4217775799688,1899.9370220605867,2046.455524537496,2595.873416722482,2176.076280700734,2114.7924994560667,784.1492118801364,-15.837443155887602,-13.641520555604032,PALAEOPROTEROZOIC,NONE,SAUSAR,MANSAR,PHYLLITE,NONE,PALAEOPROTEROZOIC-PHYLLITE,0.6488718538933405,66,77,5,2,1,1,0,-0.9871643162121992,0.15970789835603313,2.19592260028357,0.5781073719238053,0.10212588320306071,0.5360094896924835,0.42250541692602744,1.4658686090723951,2.696926126710695,0.3020752886202434,3.0473256116385246,2.5385376894324576,3.3104329814831845,3.740542653420905,0.8146747391525366,2.696926126710695,0.8330378860989457,-0.044321590030799565,0.4590100180053602,0.5360094896924835,0.1889267779599573,GONDITE_METAMORPHIC,0.95,1
HARENABALLI,13.3166666667,76.7166666667,1,DHARWAR_CRATON,367.5562128945934,8.099814693189266,163.18398050928994,569.3836665270502,801.8761851697317,828.9870128384737,755.5728570294143,1894.400454183855,2034.0355968195263,2005.489783155905,2120.4682541458565,2330.651902790669,1220.6623769393664,-16.075786163433662,-11.41154696619073,ARCHAEAN,DHARWAR,BABABUDAN,BABABUDAN,UNKNOWN,UNKNOWN,BABABUDAN-GP-DHARWAR-SGP-ARCHAEAN,1.14884682753833,7,7,6,5,0,0,1,0.28929944533760726,-0.9572386488892688,4.664239197242932,0.4150687603317025,-0.074988813353038,0.24327042465042675,0.4745743693782299,1.455937463817559,1.9093337723122965,0.6086604811368479,2.811445612397484,2.906498463214549,1.6429520720884565,2.4192053068115613,1.1621360134584888,1.9093337723122965,1.033809242793754,0.1019730063503645,0.3125573909001162,0.24327042465042675,0.18564701760163124,BIF_GREENSTONE,0.88,2
HULLIKATTE,14.5,76.1166666667,1,DHARWAR_CRATON,438.2919684290623,0.5,188.78049695792882,507.41802771021634,658.6557129069791,605.4102878979169,1017.4194725762625,1815.1910535832176,2518.9100497060617,2716.8060278877842,2659.89600161039,1917.5320477665723,1535.2954666049925,-11.223256014259123,-12.783916761903463,ARCHAEAN,PENINSULAR GNEISSIC COMPLEX,PENINSULAR GNEISSIC COMPLEX-I,PENINSULAR GNEISSIC COMPLEX-I,GNEISS,UNKNOWN,PENINSULAR-GNEISSIC-COMPLEX-I-ARCHAEAN,5.12734766346161,2,3,3,3,0,1,0,-0.15264944209753234,-0.9882803993944796,-1.5606607476443397,0.6355383089661896,0.17246777574290126,0.27786508918829705,0.44665097137219617,1.1931193880453612,1.2489661359828381,0.5651104459722939,3.1673264940000103,2.911281276817986,1.769565588652396,4.487545186642652,0.705803810569273,1.2489661359828381,0.9191604583626491,-0.12202217093934484,0.1107024835326727,0.27786508918829705,0.08805694348826237,GONDITE_METAMORPHIC,0.75,2
KAREKUCHI,13.3333333333,76.7027777778,1,DHARWAR_CRATON,517.0726870767223,1.1544495406456545,158.67458889776213,516.5402575323027,829.0726136849952,512.8017764862294,916.8931361128762,1948.5364836719446,2457.710961379654,2680.8096554280646,2250.94258047456,2208.934688323357,1347.974433968259,-13.631486709607653,-6.591795843881764,ARCHAEAN,DHARWAR,CHITRADURGA,CHITRADURGA,UNKNOWN,UNKNOWN,CHITRADURGA-GP-DHARWAR-SGP-ARCHAEAN,0.18168197986639484,6,7,6,5,0,0,1,0.36366440668840844,-0.931530031350556,7.039690865725889,0.6788577522605637,0.09650299357904286,0.33082815846025904,0.42112330413954385,0.9927624575542363,1.638706663138883,0.5028236267114587,4.307580014936034,2.6643440504456155,1.9887689157036497,5.227769818914198,0.8239804280869989,1.638706663138883,0.6185245627502335,-0.08035251011991792,0.2420529241855785,0.33082815846025904,-0.0036319133183033447,BIF_GREENSTONE,0.88,2
DEVADA,18.2666666667,83.55,1,EASTERN_GHATS_MOBILE_BELT,358.9261962748998,10.51398602051326,144.27470191511736,525.5813824185764,694.8667457202112,741.778873621567,1023.7789703529033,1896.4497905361313,2588.1316513585894,2483.905499311437,2617.094833423504,2193.3329973429586,1787.0856611974532,-14.554346210028976,-10.230219387846478,ARCHAEAN - PROTEROZOIC,EASTERN GHAT,MIGMATITE,MIGMATITE,GNEISS,UNKNOWN,MIGMATITE-GNEISSIC-COMPLEX-EASTERN-GHAT-ARCHAEAN-PROTEROZOIC,5.327144600152225,4,4,3,3,0,1,0,0.5838997176619641,-0.8118257939449071,4.324126822182498,0.540079692783375,0.06212479909121556,0.16315178649721335,0.43761908500655905,1.4113492163606745,1.227323929534509,0.7194660428802082,2.9568555702828965,3.156480012456412,1.3899196618572571,3.348579454461614,0.8830178914084913,1.227323929534509,1.0675124074116114,-0.01251135927706872,0.10206145908089267,0.16315178649721335,0.1705888203468752,GRANULITE_KHONDALITE,0.85,4
GARBHAM,18.3666666667,83.4833333333,1,EASTERN_GHATS_MOBILE_BELT,358.92767387457377,7.733865399587201,201.47051927095845,515.8166848013852,646.2914028881961,606.7580719651041,1077.8329521773792,1552.4675155345403,2065.010053711989,2745.449727192765,2501.0302223971294,1533.1052123711543,1556.2772881454434,-15.776401683593223,-10.69183865809434,ARCHAEAN - PROTEROZOIC,EASTERN GHAT,MIGMATITE,MIGMATITE,GNEISS,UNKNOWN,MIGMATITE-GNEISSIC-COMPLEX-EASTERN-GHAT-ARCHAEAN-PROTEROZOIC,10.868998657578047,3,4,3,3,0,1,0,-0.3660224450941605,-0.9306060228084129,5.084563025498882,0.6379949522004397,0.28335373313257534,0.276440702659833,0.39766741571261294,1.176305630792905,0.9851105732018919,0.5668569605060251,2.5267158043389166,2.3721578271778636,1.7641134689437634,4.524784835208383,0.5584167856463883,0.9851105732018919,0.9388304846927363,-0.20762381029512444,-0.007500552541782654,0.276440702659833,0.08101143067269638,GRANULITE_KHONDALITE,0.85,4
NISHIKHAL,19.2166666667,83.2166666667,1,EASTERN_GHATS_MOBILE_BELT,522.1291533956653,2.12861341685867,55.8864885350565,531.4178207894035,618.659733645906,381.006349938456,1032.012738646548,1973.8312128778546,2165.037387524361,1885.8441980805565,2925.9096880261973,2704.582533138192,1136.5254029186058,-13.985685598806661,-8.221692350424387,ARCHAEAN - PROTEROZOIC,EASTERN GHAT,KHONDALITE,KHONDALITE,GNEISS,UNKNOWN,KHONDALITE-GNEISSIC-COMPLEX-EASTERN-GHAT-ARCHAEAN-PROTEROZOIC,3.4187264494591543,6,8,6,6,0,1,0,0.8279281019637179,0.5608342517881335,5.763993248382274,0.6638451964966656,-0.17835778301637426,0.24792427592783817,0.47850784950660563,0.7169619352537365,2.3796938667742134,0.6026613457637269,7.098523493050811,4.3716802333776865,1.6593066829640477,4.949639798485084,1.4341495095177064,2.3796938667742134,0.6158576816972379,0.12145102166021238,0.40823042619861677,0.24792427592783817,-0.16484818740182322,GRANULITE_KHONDALITE,0.85,4
CODGUI,15.5083333333,74.1333333333,1,WESTERN_COAST_GOA,449.0691256237618,3.3877656005864205,65.4941269782976,586.3322024105945,649.7530313511871,713.2163844865464,1317.870130170612,1977.4581674533483,1766.338639127426,2168.887965934337,1980.138944215069,2487.1933382767643,1306.8283449628598,-14.964010447217095,-12.243502205711776,ARCHAEAN,DHARWAR,GOA (=CHITRADURGA),GOA (=CHITRADURGA),UNKNOWN,UNKNOWN,GOA-GP-DHARWAR-SGP-ARCHAEAN,4.6200802917572785,1,1,1,1,0,0,1,0.909918758560081,0.41478651475244604,2.7205082415053194,0.5050724762030707,-0.06836336212303228,0.2480235852450592,0.20080866938397038,1.2164032272794982,1.903228795090316,0.6025338168158245,3.487291359101397,3.8279057033049027,1.6596578828693214,3.0409957063097357,1.1467597110570644,1.903228795090316,1.0976730372549577,0.07475104438714301,0.3111118205299521,0.2480235852450592,0.09763712050295019,LATERITE_WEATHERING,0.78,2
COLAMBA,15.1333333333,74.1166666667,1,WESTERN_COAST_GOA,337.7473052658543,1.1370569696329555,310.2428235648662,495.7216935761176,641.1823181458772,561.1138995450685,1149.011714690348,1647.3427791642837,2424.9255737460203,2116.174134829512,2664.8083099467,1980.8414051562038,1288.1573243638911,-15.947590494451928,-11.533728076009105,ARCHAEAN,DHARWAR,GOA (=CHITRADURGA),GOA (=CHITRADURGA),UNKNOWN,UNKNOWN,GOA-GP-DHARWAR-SGP-ARCHAEAN,6.629969643521542,2,2,2,2,0,0,1,-0.7633133923885873,0.646028377859848,4.4138624184428235,0.5808341182337052,0.03303202741592427,0.24322449801012627,0.3974483811682116,1.1319131393369148,1.5377325161712188,0.6087199075698706,3.5301948556826086,3.089357497871892,1.642791678595403,3.7713806996651673,0.9360483958375858,1.5377325161712188,0.8751237874003321,-0.013570536262001838,0.21189487604423365,0.24322449801012627,0.061875476500512776,BIF_GREENSTONE,0.88,2
SULKORNA,15.0,74.1666666667,1,WESTERN_COAST_GOA,428.8304039227368,0.7294145650262257,340.6015663681078,536.720300607081,697.0416222375487,610.0413389465423,1145.0711539416243,1807.5875670895205,1843.0884987210543,2480.3698309393358,2636.610217600182,1769.3190778632434,904.4558091634682,-16.60712865053183,-9.863855461502759,ARCHAEAN,DHARWAR,GOA (=CHITRADURGA),GOA (=CHITRADURGA),UNKNOWN,UNKNOWN,GOA-GP-DHARWAR-SGP-ARCHAEAN,0.8232403300166304,4,4,2,2,0,0,1,-0.33213534567372077,0.9432317383094135,6.743273189029072,0.6052037701690862,0.16731830686146024,0.465582038448049,0.3944116166127554,1.1366093980792584,1.9562250117487363,0.36464554499773855,2.900326522163708,2.538326290538129,2.742389183713732,4.065904502728766,0.7133287363360082,1.9562250117487363,0.8751863857327253,-0.11817577292776497,0.3234615122509652,0.465582038448049,0.06393747030469561,BIF_GREENSTONE,0.88,2
PIMPERGUDA-PIMPERKUNTA,19.7333333333,78.4666666667,1,EASTERN_GHATS_MOBILE_BELT,338.2924076468784,2.1807050958143455,134.39135386071106,472.8211444570219,696.0573981049864,656.5178363625917,1193.3310716065102,1936.665798562214,2147.6906240277785,2037.4648150994635,2106.6552904932414,2204.2684841410655,1064.9002708789117,-16.161834675325377,-7.942462017153039,ARCHAEAN- PALAEOPROTEROZOIC,PENINSULAR GNEISSIC COMPLEX,PENINSULAR GNEISSIC COMPLEX-II,PENINSULAR GNEISSIC COMPLEX-II,GNEISS,UNKNOWN,PENINSULAR-GNEISSIC-COMPLEX-II-GRANITE-DOMINATED-ARCHAEAN-PALAEOPROTEROZOIC,0.07106684543078255,4,4,4,3,0,1,0,0.7145782532130507,-0.6995555160492877,8.219372658172338,0.5126042580396024,-0.03932441227083827,0.31349132579615413,0.27676605852056463,1.3885120043182742,2.0699294970146367,0.5226594650687337,3.3575149960832804,3.1667912545364603,1.9132916658050592,3.103441672330651,1.081868244655597,2.0699294970146367,0.9431949681258528,0.06525705531521725,0.3485192409122582,0.31349132579615413,0.16265859486192,CARBONATE_SEDIMENTARY,0.7,1
PIMPERKUNTA,19.75,78.4666666667,1,EASTERN_GHATS_MOBILE_BELT,338.08432217867687,1.5258373711585667,97.46808233167935,595.2093772359578,680.3046020153414,640.9549647756972,929.1750323328846,1758.1372360841276,1858.5934439207742,2489.373787334371,2601.78333411829,2126.009309824319,1159.809773255035,-22.34085147175611,-8.996629909662424,NEOPROTEROZOIC,NAN,PENGANGA,PENGANGA,UNKNOWN,UNKNOWN,PENGANGA-GP-NEOPROTEROZOIC,0.8403802915292432,3,4,4,3,0,0,1,0.9915174195521763,-0.1299738693914805,13.344221562093686,0.5904871239872869,0.07872899600794057,0.36434561091255246,0.4736981090470288,1.076856293285091,1.8330672469025275,0.4659042280794073,3.3169402272301265,3.1250844113079976,2.1463638629303126,3.883851316015125,0.8540337814221233,1.8330672469025275,0.9421587946557569,-0.054279469357094816,0.2940513497078313,0.36434561091255246,0.03700607269442012,CARBONATE_SEDIMENTARY,0.7,1
KOIRA,21.9,85.25,1,SINGHBHUM_CRATON,401.77660444094306,3.0668529710232506,231.83983556604568,425.8886158352584,723.693816974635,698.0396998852943,1255.8667681130403,2014.5956095532024,1970.449298117487,2642.634035999178,2434.036240756557,2206.700684568969,790.9448742860159,-15.578798321404717,-9.503349714968236,ARCHAEAN- PALAEOPROTEROZOIC,NAN,LOWER BONAI,LOWER BONAI,UNKNOWN,UNKNOWN,LOWER-BONAI-GP-ARCHAEAN-PALAEOPROTEROZOIC,12.447628396712018,4,4,4,4,0,0,1,-0.7862866589294857,-0.6178618696678948,6.075448606436481,0.5820964539708153,0.08989549628144454,0.5392883663244752,0.3192955125086483,1.639019387445401,2.7899550948743395,0.2993017054999288,3.1612824911968525,3.0492186471134293,3.3411102575809313,3.785793318986924,0.8350383192198532,2.7899550948743395,0.9645511437956766,-0.027419229047464674,0.4722892623607716,0.5392883663244752,0.24214274166890842,SHALY_TUFFACEOUS_IOG,0.92,0
KATSAI,21.8333333333,85.35,1,SINGHBHUM_CRATON,207.80477798079818,0.5,147.14430159531472,624.0752346328652,799.0646274786342,572.0964992373172,1088.6353570196811,2272.774498923872,1915.802265169066,2473.800725021,2293.130935011648,2157.473218858227,1311.8733670629108,-16.97695216022072,-9.843764529527967,ARCHAEAN- PALAEOPROTEROZOIC,NAN,LOWER BONAI,LOWER BONAI,UNKNOWN,UNKNOWN,LOWER-BONAI-GP-ARCHAEAN-PALAEOPROTEROZOIC,4.669371087413758,5,5,5,5,0,0,1,0.5425250862607457,-0.8400396007199723,7.133187630692753,0.6243494396375776,0.06830248219553807,0.3069274663872484,0.35617351218918436,0.916710785130198,1.6445742945783814,0.5303068081692262,3.771170104979254,2.699998400587337,1.8857008498265122,4.324096938182312,0.8721289456198149,1.6445742945783814,0.715957732138076,-0.06320200339256714,0.2437346141729073,0.3069274663872484,-0.04345424146072901,SHALY_TUFFACEOUS_IOG,0.92,0
ROIDA,22.0166666667,85.3666666667,1,SINGHBHUM_CRATON,224.75739507382704,12.827360428828985,9.13908803772415,476.78736394845254,774.9554135441324,676.4416377993691,1200.572092586182,1642.8027934730035,1966.2674426513202,2370.9377559153754,2144.016128257,2251.872296791778,1237.7320388367398,-12.814660003434232,-9.19952828894645,ARCHAEAN- PALAEOPROTEROZOIC,NAN,LOWER BONAI,LOWER BONAI,UNKNOWN,UNKNOWN,LOWER-BONAI-GP-ARCHAEAN-PALAEOPROTEROZOIC,8.408892096594661,5,5,5,5,0,0,1,0.15883165886463693,0.9873056791806212,3.6151317144877826,0.5560502643861391,0.025756078605937052,0.3140231113449531,0.2820807744012481,1.418749085082198,1.8193536438539684,0.5220432443772995,3.328997163434047,2.905808843359643,1.9155501187705446,3.505014505203441,0.949781279674544,1.8193536438539684,0.872878136089011,0.01395226277966555,0.29061754861723094,0.3140231113449531,0.1731263030804778,SHALY_TUFFACEOUS_IOG,0.92,0
SARAMDAH-BHADRASAI,22.05,85.4,1,SINGHBHUM_CRATON,329.3941223683125,14.993529514433884,56.21493505182853,365.53799183055617,531.5102031550097,591.4498654657691,939.2214150439767,1523.791079369245,1981.3930053072247,2053.0316647748127,2170.2226371377037,2534.191709817542,881.7765246721065,-15.961311858376492,-9.596694189741491,ARCHAEAN- PALAEOPROTEROZOIC,NAN,LOWER BONAI,LOWER BONAI,UNKNOWN,UNKNOWN,LOWER-BONAI-GP-ARCHAEAN-PALAEOPROTEROZOIC,3.9438334450322747,4,5,5,5,0,0,1,0.8311294482988004,0.5560789873484986,6.364617668635001,0.5526912485652282,-0.10489134834873745,0.3990908652617413,0.3958910985499572,1.618025696551695,2.873961413166373,0.4294997195473479,4.2847109340994525,4.767907915985128,2.328290224339953,3.471184594296691,1.234365622344719,2.873961413166373,1.1127723623030925,0.12753336569926088,0.4837325968016727,0.3990908652617413,0.23606555890624556,SHALY_TUFFACEOUS_IOG,0.92,0
SARKUNDA,21.8166666667,85.15,1,SINGHBHUM_CRATON,288.8451991699019,4.1925235866947625,257.7500023850631,490.24835319286314,424.60788650980453,701.2691528976253,866.9361850975904,1860.763719120975,1979.3808651164832,2088.287258468659,2862.4530239464816,2270.4309615385937,1401.053216319333,-18.377926839069925,-12.059944549553872,ARCHAEAN- PALAEOPROTEROZOIC,NAN,LOWER BONAI,LOWER BONAI,UNKNOWN,UNKNOWN,LOWER-BONAI-GP-ARCHAEAN-PALAEOPROTEROZOIC,7.957375037336181,5,5,5,5,0,0,1,-0.9772311152950413,-0.21217763147704774,6.317982289516053,0.4972181596408277,-0.04178836388002237,0.19695241748919015,0.5350787291051633,1.430436526507434,1.6205172890453519,0.6709101968451482,3.237602779075097,5.34712384843809,1.4905124463895998,2.9778684073897215,1.0872215741603861,1.6205172890453519,1.6515688321532473,0.07083744224685126,0.23679190835835073,0.19695241748919015,0.17710255908874062,SHALY_TUFFACEOUS_IOG,0.92,0
KANIVENALLI,14.95,76.5666666667,1,DHARWAR_CRATON,408.28225993357466,2.688274520442315,237.2126190876545,425.5158674020095,773.4319911239273,687.6904232414358,1222.6834487037543,1944.3125010252288,2283.3334605916675,2612.4047263241664,2350.1707047393706,1785.1033503270178,1478.96818617274,-16.099760308256236,-9.907841556733697,ARCHAEAN- PALAEOPROTEROZOIC,NAN,NAN,NAN,GRANITE,UNKNOWN,CLOSEPET-GRANITE-ARCHAEAN-PALAEOPROTEROZOIC,1.9684092624930187,4,4,4,4,0,0,0,-0.8406858914310947,-0.5415230668666899,6.19191875152254,0.5832299419466298,0.18812958643592315,0.2770308559291594,0.31557046755840773,1.6161334378057433,1.2069923922701131,0.5661328701114461,2.5957949789632373,2.3080288486967446,1.766369790088692,3.798809223213784,0.683318067700583,1.2069923922701131,0.8891414245135685,-0.10255055558842345,0.09378935499335715,0.2770308559291594,0.23551300222384977,CRATONIC_BASEMENT,0.3,2
RAMGAD,15.15,76.4333333333,1,DHARWAR_CRATON,298.277833203091,1.29632755544026,9.754557301254057,547.251483919098,543.3121301584579,517.1017427750945,1156.4614289146275,1753.826725231046,1856.9301855262456,2494.837250976333,2545.532500382865,2508.7688558137356,1356.7586197162223,-18.092242170125008,-12.147377317835506,ARCHAEAN,DHARWAR,SANDUR,SANDUR,UNKNOWN,UNKNOWN,SANDUR-GP-DHARWAR-SGP-ARCHAEAN,0.5065991960910939,3,3,3,3,0,0,1,0.16942789435533756,0.9855425858958691,5.944864852289502,0.6566319940900593,-0.002784312861020892,0.29548235826724745,0.3752224065252888,0.9449069706070135,1.8490900426262824,0.5438265035690966,4.851596201355852,4.617546180065045,1.8388217424108408,4.824654492098221,1.0055841734070494,1.8490900426262824,0.9517581388667373,-0.0026727496696349437,0.2980214842843804,0.29548235826724745,-0.028326818916422716,BIF_GREENSTONE,0.88,2
BHANDARBOLI,21.3833333333,79.45,1,BASTAR_CRATON,252.89266687982376,5.883175086207989,79.9099782958618,427.7900816558087,657.5234598107317,739.4580327792536,964.6922668463734,2090.652132664207,2148.519113943051,2290.245120155614,2152.2751545831115,2592.184369046486,1218.9829561977574,-15.053185168575068,-9.837834914198353,PALAEOPROTEROZOIC,NAN,SAUSAR,SAUSAR,UNKNOWN,UNKNOWN,SAUSAR-GP-MANSAR-JUNEWANI-SITASAONGI-LOHANGI-BICHUA-FM-PALAEOPROTEROZOIC,4.746819382294892,5,5,5,5,1,0,1,0.9845337058817114,0.1751952681519215,5.215350254376714,0.5118610664421875,-0.06184200908518879,0.305270030999465,0.38100587102417965,1.7285534722744067,2.126514036755275,0.532249995835678,3.5055192460324487,3.9423450622587706,1.8788163580404054,3.0971941821370605,1.1318370881360156,2.126514036755275,1.1246108722379213,0.10142808263765636,0.36030992483396557,0.305270030999465,0.26701088397754963,GONDITE_METAMORPHIC,0.95,1
DHANSUA-LAUGHAR-JAGANTOLI,22.0,80.2333333333,1,BASTAR_CRATON,511.9083892029399,4.040153542770855,83.1869267717057,444.30532534281764,562.988697394064,561.0440210374547,969.5505378087959,1532.2788400553502,2367.951013507223,2195.522613558527,2155.03676344459,3045.6170203536253,1447.8605379379637,-15.418105271321028,-10.961295882976483,PALAEOPROTEROZOIC,NONE,SAUSAR,MANSAR,BIOTITE SCHIST,NONE,PALAEOPROTEROZOIC-BIOTITE-SCHIST,0.0005404407942991554,55,143,6,3,1,1,0,0.9929384659215517,0.11863053103377595,4.456809388344546,0.5929399897012434,-0.16219648130198053,0.20521093838518087,0.37940569776394045,1.2627443061633785,2.103529268494084,0.6594605440805709,5.428481368170256,5.409730300166426,1.5163909468580372,3.9132804687685563,1.3871945568486135,2.103529268494084,0.99654579681234,0.1547802462127603,0.35557237380919576,0.20521093838518087,0.11611754262220732,GONDITE_METAMORPHIC,0.95,1
GUMGAON,21.3833333333,79.3333333333,1,BASTAR_CRATON,359.68013295621176,0.6211577893517093,241.88138769554223,328.83674152435754,499.801956241998,708.8863578109259,1268.8152176622154,1938.5837246063222,1987.0967998070528,1793.5480317221559,2620.4962023124854,1762.9517900281207,1470.0550901191727,-14.084320737783464,-4.921236754434277,PALAEOPROTEROZOIC,NAN,SAUSAR,SAUSAR,UNKNOWN,UNKNOWN,SAUSAR-GP-MANSAR-JUNEWANI-SITASAONGI-LOHANGI-BICHUA-FM-PALAEOPROTEROZOIC,3.6664979338587025,5,6,6,5,1,0,1,-0.8819738131543544,-0.47129841174140175,9.163083983349187,0.43344260213758085,0.008602908257809154,0.09912140950562232,0.3475373500205661,2.1557395088184754,1.199241988057714,0.8196351942066463,2.4869314638601123,3.527300692771239,1.220054977910184,2.530092460420064,0.9829409404510914,1.199241988057714,1.41833449737311,0.0760636522256299,0.09059575518286805,0.09912140950562232,0.36623412947420764,GONDITE_METAMORPHIC,0.95,1
JUNEWANI,21.45,79.2666666667,1,BASTAR_CRATON,386.0775384219131,8.464053821996947,7.095793591571096,443.81549446007386,734.1462728204788,660.4016044741475,921.5882160699008,1678.8278358482214,1942.0578440355275,2032.2868953288903,2012.605947112117,2172.8646039450823,1376.8508924299222,-17.58176358338913,-10.079788767503423,PALAEOPROTEROZOIC,NAN,NAN,NAN,GRANITE,UNKNOWN,ACID-INTRUSIVE-GRANITE-GRANODIORITE-PALAEOPROTEROZOIC,0.7795218244809305,6,8,6,4,0,0,0,0.12352862368666234,0.9923410094972791,7.501974815885706,0.5094853305332596,-0.03342987966236963,0.1922585836982544,0.37182874410983835,1.4880093444902216,1.578140824335874,0.6774884465953387,3.290217022390541,2.959716178408901,1.4760399292520252,3.0773500222940444,1.0691721763645332,1.578140824335874,0.899550441136797,0.06727048837474402,0.22424718603612262,0.1922585836982544,0.19614449914511894,GONDITE_METAMORPHIC,0.75,1
NETRA,21.5333333333,79.9833333333,1,BASTAR_CRATON,251.7726632407889,6.051480789785449,37.479089514446585,286.0896538696835,755.9155160302647,822.2002044474634,1346.4009429883945,2143.8755812414593,2049.2845824603446,2777.854771784931,2246.196558023682,1475.370389043304,1093.8469373913097,-15.931983807543707,-12.808479132523178,ARCHAEAN,NONE,TIRODI GNEISSIC COMPLEX,NONE,GNEISS/MIGMATITE,NONE,ARCHAEAN-GNEISS-MIGMATITE,0.3218978048954692,33,77,4,1,0,1,0,0.6084718487605415,0.7935754590874952,3.123504675020529,0.5432290839182994,0.3062345239634006,0.434952886470421,0.25045823099619324,2.8739249757981753,1.3487905275056948,0.3937739827538487,1.7944174414799225,1.9517662434547356,2.5395278574077693,3.378562488041642,0.5311186184021331,1.3487905275056948,1.0876879570849514,-0.14293979020561734,0.14849792875752899,0.434952886470421,0.4837277415026561,GRANULITE_KHONDALITE,0.85,1
PANCHALA,21.45,79.7666666667,1,BASTAR_CRATON,331.00555479273356,10.471084837617026,287.9697907343482,353.28777412114215,622.348959927328,595.4187419390962,964.9068898028197,2198.503070633624,2359.5395458393564,1979.8861072493833,2358.506852768058,2265.9447469137626,1369.1501913777952,-18.73004359085327,-10.268360421353849,PALAEOPROTEROZOIC,NONE,SAUSAR,CHORBAOLI,QUARTZITE,NONE,PALAEOPROTEROZOIC-QUARTZITE,0.3950232409456915,66,165,7,2,1,1,0,-0.951219313659438,0.30851550580362685,8.461683169499421,0.5375935843901982,-0.06737400744933528,0.18236168892513244,0.41932785698474895,1.6853646909659625,1.6550008607737252,0.6915297731890239,3.8056322105828304,3.640955298675847,1.4460693343006632,3.325199501574811,1.1444823707144005,1.6550008607737252,0.9567281048431341,0.10168174174824295,0.2467045759500145,0.18236168892513244,0.25522220356222125,GONDITE_METAMORPHIC,0.95,1
PAWNIA,21.7166666667,79.75,1,BASTAR_CRATON,389.98303307388795,4.5276140146864705,64.2760783395601,540.8331724915438,420.895770785509,581.5751524269983,1195.7587888412575,1646.6686824433305,2142.703678809739,2347.36995530527,2377.843150460013,1935.5399105499682,1598.8701627063697,-14.59701043615057,-8.961282508724224,ARCHAEAN,NONE,TIRODI GNEISSIC COMPLEX,NONE,GNEISS/MIGMATITE,NONE,ARCHAEAN-GNEISS-MIGMATITE,0.0,44,77,3,1,0,1,0,0.9008958850334915,0.434035257012287,5.6357279274263465,0.6028773969214325,0.09615659856453891,0.18967416326058914,0.33078232589024753,1.075331878539236,1.2105672833766303,0.6811325834735359,3.3280993851690144,4.598620466865443,1.4681429478074628,4.036228063515305,0.8245568217105764,1.2105672833766303,1.3817557490774046,-0.06865239966531432,0.09525486312293176,0.18967416326058914,0.03629871499938548,GONDITE_METAMORPHIC,0.95,1
TIRODI,21.6833333333,79.7333333333,1,BASTAR_CRATON,276.4105780319927,3.3264140685698047,234.9885988266749,542.8640126920666,625.3755551747518,617.8638433523494,1050.7072286376524,1690.0885728182839,1983.1328551863282,2551.8609932987997,2305.2266787459607,2677.033738447486,1150.8427353470674,-14.962257639119755,-6.653272107694953,ARCHAEAN,NONE,TIRODI GNEISSIC COMPLEX,NONE,GNEISS/MIGMATITE,NONE,ARCHAEAN-GNEISS-MIGMATITE,0.33744299397050087,33,132,5,2,0,1,0,-0.8190378932366407,-0.5737394264319694,8.308985531424803,0.610146700109021,-0.023938662288376933,0.37837708881064813,0.3738212623837244,1.1381558323422514,2.32615078837336,0.45098174936573926,4.3327243743378085,4.28068176316669,2.2173846284147873,4.1301348454426625,1.0490515527406623,2.32615078837336,0.9879884770867134,0.03132776201213057,0.3987043503493229,0.37837708881064813,0.0646144832357658,GONDITE_METAMORPHIC,0.95,1
UKWA,21.9666666667,80.4666666667,1,BASTAR_CRATON,413.8128216511105,1.8959587730758969,85.74580117682154,514.0366049427972,719.1804005402546,586.6502238882297,1190.4781146623513,1971.9175773959605,2206.4528632613687,1986.2693329994268,2448.9549452739807,1867.6155089944255,1824.4848347831078,-15.008389957944859,-11.178904799877436,ARCHAEAN,NONE,TIRODI GNEISSIC COMPLEX,NONE,GNEISS/MIGMATITE,NONE,ARCHAEAN-GNEISS-MIGMATITE,0.5251752235937441,33,99,6,2,0,1,0,0.997244751507737,0.07418157177002879,3.8294851580674223,0.5439809048131578,0.030788108321582918,0.04245471921060868,0.34578925056196963,1.1412615699075583,1.0236399187131664,0.9185485591268934,3.183524747391427,2.59686652332932,1.088674070643551,3.385781252155587,0.9402629729141075,1.0236399187131664,0.8157205377563298,-0.009292469280722075,0.011681880280509146,0.04245471921060868,0.0659711890589077,GRANULITE_KHONDALITE,0.85,1
LAUGHAR-KAMHATOLA,21.8333333333,80.3666666667,1,BASTAR_CRATON,325.94251790730755,9.446564265414914,35.79890139336426,402.64190854966296,532.1088431225871,707.9936092136255,1018.3828996828711,1722.573870042097,1857.4957270359869,2346.1776186952707,2523.2139389544527,1593.2450886098216,1168.592266503654,-15.996761937286118,-13.164855948047279,ARCHAEAN,NONE,TIRODI GNEISSIC COMPLEX,NONE,GNEISS/MIGMATITE,NONE,ARCHAEAN-GNEISS-MIGMATITE,2.133199292517482,22,44,4,1,0,1,0,0.5849421232962856,0.81107503499592,2.831905989238839,0.5363759549483044,0.1911276310861783,0.33503910364531025,0.42490184722033,1.7583703842590177,1.3633883544457388,0.4980834599621808,2.250366480184879,2.9942089972907313,2.007695655651713,3.3138401037084924,0.6790811894355883,1.3633883544457388,1.3305428335457588,-0.08862884532916396,0.1537573605361575,0.33503910364531025,0.2749342115440147,GRANULITE_KHONDALITE,0.85,1
ANMOD,15.4333333333,74.3,1,WESTERN_COAST_GOA,353.7475625186051,7.036373330164221,87.54198875980347,476.1830915086416,698.3359919779156,442.20583307197535,1075.581064089156,1790.9177564135523,2249.8990922974485,2534.4788843776637,2533.6593863648327,1958.620877789244,1308.1017533350341,-15.170454218422417,-8.366325977138038,ARCHAEAN,DHARWAR,SHIMOGA (= CHITRADURGA),SHIMOGA (= CHITRADURGA),UNKNOWN,UNKNOWN,SHIMOGA-CHITRADURGA-GP-ARCHAEAN,0.4712005280233243,3,3,3,3,0,0,1,0.9990799194295715,0.042887231113711934,6.8041282412843795,0.7028870200252237,0.1281649722779654,0.3191545594872611,0.4039848111777334,0.9286466487970704,1.4973000925183357,0.5161225689754024,4.429206326279383,2.8046970190339082,1.9375242606153762,5.731446057686206,0.7727903708684436,1.4973000925183357,0.6332278982016609,-0.1126926988512145,0.19913509584717684,0.3191545594872611,-0.03699658988721517,LATERITE_WEATHERING,0.78,2
HATTIKAMBA,15.2666666667,74.45,1,DHARWAR_CRATON,325.8464048993543,0.5,260.0160954680373,479.7117968727545,678.4690150827005,504.09493389390104,1106.1378763093583,1805.0776841084821,2189.8936076943887,2303.124830476813,2103.5490478330435,1507.3536686348589,1131.878600998416,-12.791321783382807,-12.761197411799301,ARCHAEAN,PENINSULAR GNEISSIC COMPLEX,PENINSULAR GNEISSIC COMPLEX-I,PENINSULAR GNEISSIC COMPLEX-I,GNEISS,UNKNOWN,PENINSULAR-GNEISSIC-COMPLEX-I-ARCHAEAN,0.5549216310994174,4,4,3,3,0,1,0,-0.9848564952104243,-0.17337151969640102,0.030124371583506004,0.6408582323248699,0.20883759397110696,0.34097381633019463,0.31075029894993067,1.0508287186791563,1.3317273300983987,0.49145343123786794,2.99021784250246,2.2216986080483347,2.0347807851570603,4.568831525675934,0.6544819664283293,1.3317273300983987,0.7429888792923972,-0.16089739923118562,0.14226677652223044,0.34097381633019463,0.024784478733298445,LATERITE_WEATHERING,0.78,2
TERALI-BISGOD,15.1666666667,74.3666666667,1,WESTERN_COAST_GOA,546.7050366058044,0.5,308.0507285182629,387.3308248645966,737.9291499601088,502.5416786262888,949.6718816327791,1416.0653687604688,2032.2821363494454,3017.100763916692,2278.961225517801,2325.329836352193,1355.8177089800652,-16.570188514084027,-10.87231088301497,ARCHAEAN,PENINSULAR GNEISSIC COMPLEX,PENINSULAR GNEISSIC COMPLEX-I,PENINSULAR GNEISSIC COMPLEX-I,GNEISS,UNKNOWN,PENINSULAR-GNEISSIC-COMPLEX-I-ARCHAEAN,0.47007692798174777,4,4,3,3,0,1,0,-0.7874653506654269,0.6163589226265621,5.697877631069057,0.7144359478626956,0.12948617945550772,0.3799025901930978,0.4117189223294755,1.2974481891662495,1.7150755733869139,0.4493776690343658,4.627138266583991,3.15115595220319,2.2252997152257676,6.0036826520744215,0.7707166639548415,1.7150755733869139,0.6810161625576645,-0.09251155858617864,0.2633722542140723,0.3799025901930978,0.1294689443490635,LATERITE_WEATHERING,0.78,2
YOGIMALAI,13.8666666667,75.3166666667,1,DHARWAR_CRATON,378.785249773586,1.65321716554142,298.879151244117,600.271864141372,691.9580368414154,724.5338351170933,1211.1236518130188,1797.2324507811525,1915.511124341609,1882.8501852804511,2648.6907154692344,1480.4750861231037,864.4445768411813,-15.72270963257983,-10.515240971021989,ARCHAEAN,DHARWAR,SHIMOGA (= CHITRADURGA),SHIMOGA (= CHITRADURGA),UNKNOWN,UNKNOWN,SHIMOGA-CHITRADURGA-GP-ARCHAEAN,4.947141735442279,4,4,3,3,0,0,1,-0.8756403255573918,0.4829637877292095,5.207468661557842,0.4442446301187757,0.11963609421273594,0.3706939721612178,0.37244461170706017,1.2070094855211246,1.7126315834155208,0.459114900983642,2.043348443265583,2.139544604094046,2.1781039913311537,2.598705666212889,0.7862946807508701,1.7126315834155208,1.047077706297479,-0.05932281539545605,0.2627085775043017,0.3706939721612178,0.09379637402788814,BIF_GREENSTONE,0.88,2
VINJAMUR-KODANDARMA MINE,14.75,79.58333334,1,EASTERN_GHATS_MOBILE_BELT,284.806016393969,5.822767030486302,142.98607066264373,550.1889832460537,582.6931059118444,808.1674709840117,1023.0179650292622,1662.0544451871651,1904.9301970976394,2564.68213247097,2573.661796893468,2108.537274354948,1163.4895502958198,-18.17225259836282,-10.139266906600216,ARCHAEAN- PALAEOPROTEROZOIC,PENINSULAR GNEISSIC COMPLEX,PENINSULAR GNEISSIC COMPLEX-II,PENINSULAR GNEISSIC COMPLEX-II,GNEISS,UNKNOWN,PENINSULAR-GNEISSIC-COMPLEX-II-GNEISS-DOMINATED-ARCHAEAN-PALAEOPROTEROZOIC,4.733576988116938,7,7,6,4,0,1,0,0.6020091638799666,-0.7984891775124717,8.032985691762605,0.5207806061577398,0.09760826922702319,0.3758390710052933,0.4311320256669511,1.4688906796116183,1.8122528663936814,0.4536583832793287,2.6090350669256606,3.6186068607019717,2.204301817420356,3.1734537968656427,0.8221437061681058,1.8122528663936814,1.3869521732754586,-0.03285482515849766,0.28882639856449505,0.3758390710052933,0.18991958019904584,CRATONIC_BASEMENT,0.3,2
NAN,14.95,76.00972222,1,DHARWAR_CRATON,454.02904208928703,15.274964138770587,240.51064916543262,462.3228660936269,799.6571501664491,608.5105859608782,1065.7100126989972,1701.3754355200456,2217.6598139961,2256.799565650884,2006.785137129734,1476.656454043141,1026.9696999128582,-17.736521923196666,-8.621671085851329,ARCHAEAN,DHARWAR,CHITRADURGA,CHITRADURGA,UNKNOWN,UNKNOWN,CHITRADURGA-GP-DHARWAR-SGP-ARCHAEAN,0.5151176974645192,3,3,3,3,0,0,1,-0.8704472042259807,-0.492261784678817,9.114850837345337,0.5752567407711768,0.20896003790683987,0.37451774649957825,0.30629019029595694,1.3162026567845415,1.437877332437912,0.45505578567479654,2.4266733984335374,1.8466119534967729,2.1975327642527795,3.708726871823474,0.6543143998536458,1.437877332437912,0.7609643521267233,-0.1319561186594791,0.17961417811525693,0.37451774649957825,0.13651769978819517,BIF_GREENSTONE,0.88,2
GUMGAON,21.00805555,79.00861111,1,BASTAR_CRATON,270.124071502608,0.5705332847706789,73.79434634969554,482.15086711956246,664.147042697303,601.4296104490988,950.8475938087231,2088.726400693763,2370.3757105475934,2492.9800387091686,2437.8699750880505,2003.9106586390074,1333.8345869730726,-15.804373413813385,-11.367268564572775,LATE CRETACEOUS - PALAEOCENE,DECCAN TRAP,NAN,NAN,UNKNOWN,UNKNOWN,DECCAN-TRAP-LATE-CRETACEOUS-PALAEOCENE,14.775498359350268,2,2,2,1,0,0,1,0.9602661516068361,0.27908586148029196,4.43710484924061,0.6112799021820928,0.10875723091286364,0.30290086267937366,0.4388156730702774,1.2473888365994976,1.5023681922090493,0.5350362079628516,3.3319121980222044,3.017269560492579,1.8690323831664624,4.145090283636888,0.8038213811261737,1.5023681922090493,0.905566946592043,-0.0662651279942989,0.20075710461907892,0.30290086267937366,0.11007834276148622,GONDITE_METAMORPHIC,0.75,1
COLAMBA,15.00250001,74.11666667,1,WESTERN_COAST_GOA,398.797723550428,3.156034455755075,105.53318289396478,496.6706246358042,677.2695460490069,627.7057379424499,715.6499511807034,1548.6986211441488,1959.7922956536652,2410.3267879248115,1855.4436876562975,2593.01344674136,1548.6118438772269,-13.792132906596185,-10.547458504333521,ARCHAEAN,PENINSULAR GNEISSIC COMPLEX,PENINSULAR GNEISSIC COMPLEX-I,PENINSULAR GNEISSIC COMPLEX-I,GNEISS,UNKNOWN,PENINSULAR-GNEISSIC-COMPLEX-I-ARCHAEAN,1.3732202474451498,3,3,2,2,0,1,0,0.9634755203016603,-0.26779641853364117,3.244674402262664,0.5867682568298744,-0.03651293939881836,0.21766312236006655,0.4433108615008877,1.263826982195501,1.6744114771684009,0.642490408766533,4.130937931378537,3.8286284361073317,1.556443466384503,3.8398992368393783,1.0757933151039825,1.6744114771684009,0.9268181932547891,0.0511971738727399,0.252171920279145,0.21766312236006655,0.11654025960634307,GONDITE_METAMORPHIC,0.75,2
SULKORNA,15.02061882,74.02076803,1,WESTERN_COAST_GOA,203.6296888508202,1.6781579491533365,322.6808946676031,316.6612105260567,586.6732040926804,747.806613286901,1071.3458356099748,1962.6410373495955,2200.8450747813267,2116.710950722501,2361.7337255150924,2208.1943674307386,1461.501546778638,-16.512561648503144,-10.028540705898777,UNKNOWN,UNKNOWN,UNKNOWN,UNKNOWN,UNKNOWN,UNKNOWN,UNKNOWN,4.3111099207978934e-07,2,3,2,2,0,0,1,-0.6062536179628895,0.79527136922368,6.484020942604367,0.4778830313896528,-0.02115269814187491,0.1831108141895767,0.3758689149360614,2.3615352498749824,1.5109079910226657,0.690458725878147,2.9528949400059066,3.7639257226378633,1.4483124933666525,2.8305592786725615,1.0432196071144206,1.5109079910226657,1.2746561574578223,0.09697395329755133,0.20347539357617256,0.1831108141895767,0.4050337574426946,GONDITE_METAMORPHIC,0.75,2
BALAGHAT,21.81666667,80.0,1,BASTAR_CRATON,260.46325559914123,12.26297994031587,4.680692463864973,460.2258093983522,635.671774880849,517.9911552390369,1461.8923132419372,1744.2074139336382,1640.854055907545,2357.249098114835,2824.441754186494,1840.9519185105198,707.0851597852769,-16.47183305862425,-9.700804084962424,ARCHAEAN,NONE,TIRODI GNEISSIC COMPLEX,NONE,GNEISS/MIGMATITE,NONE,ARCHAEAN-GNEISS-MIGMATITE,1.2107386857669693e-05,44,77,4,1,0,1,0,0.08160265704175172,0.9966649418755162,6.771028973661824,0.6396884365021939,0.12298057606978291,0.5385065070942537,0.31788223204080085,1.1255152221703633,2.603578777506785,0.29996200234026726,3.554021910097974,2.896073081048025,3.333755576905211,4.550751629101246,0.7809747044560592,2.603578777506785,0.8148720375719964,-0.0885809135457787,0.44499617683688136,0.5385065070942537,0.05905167040631496,GRANULITE_KHONDALITE,0.85,1
DHANSUA-LAUGHAR-JAGANTOLI,22.0,80.00416667,1,BASTAR_CRATON,397.7175112282211,6.460696226017721,30.783071107608507,425.4412601601761,591.51972859731,646.2205881008264,1217.6906431847035,1744.0479663008332,1971.384099255416,1835.5246371504281,2113.0268206827536,2090.6389533182746,1810.51741323197,-16.81377048900875,-9.804345650584155,ARCHAEAN,NONE,TIRODI GNEISSIC COMPLEX,NONE,GNEISS/MIGMATITE,NONE,ARCHAEAN-GNEISS-MIGMATITE,0.0,66,88,4,1,0,1,0,0.5117890500142639,0.8591111501345431,7.009424838424595,0.4792208468739875,-0.06497801485454993,0.006858731623508448,0.268811806147502,1.5189419717744024,1.1547190526223872,0.9863759797070026,3.2351784956701266,3.534352023628228,1.0138121968459863,2.8403994984196346,1.1389871374458438,1.1547190526223872,1.092475120890313,0.09522014120890025,0.07180474548940181,0.006858731623508448,0.20601585107550058,GRANULITE_KHONDALITE,0.85,1
KALTA,21.84999999,85.13333334,1,SINGHBHUM_CRATON,446.4619921995869,6.377665162644501,74.83905185256984,399.87039920840675,662.7053940076577,727.2717392760673,1097.1109430398408,1958.0743792103422,2093.1670347684017,2450.8118751428483,2141.4192386271043,2105.405061613334,1373.8199851552172,-17.069513341688648,-9.12798844955484,ARCHAEAN- PALAEOPROTEROZOIC,NAN,LOWER BONAI,LOWER BONAI,UNKNOWN,UNKNOWN,LOWER-BONAI-GP-ARCHAEAN-PALAEOPROTEROZOIC,7.788752303395442,5,5,5,5,0,0,1,0.965194974099897,0.26153137856153963,7.941524892133808,0.5423205756779922,0.07581000164132178,0.28159360927932664,0.3224636599580093,1.818768628278121,1.5325188764399447,0.5605570947850028,2.8949358884949072,3.1769849430439687,1.7839395989584548,3.369870901641988,0.8590643297056629,1.5325188764399447,1.097428427103213,-0.003168104147620282,0.2102724217070491,0.28159360927932664,0.29047032188629335,SHALY_TUFFACEOUS_IOG,0.92,0
KHANDBAND,21.94999999,85.39999999,1,SINGHBHUM_CRATON,395.42314530709734,2.2134544989892073,9.551593394575097,457.5119765691236,851.1708480142344,675.120358693383,1060.5663756187598,1868.010258913778,1899.8696482639966,2374.5396164976314,2541.0074453932148,2241.7891037530217,1105.8752148767499,-15.410057088582358,-8.312320980716525,ARCHAEAN- PALAEOPROTEROZOIC,NAN,LOWER BONAI,LOWER BONAI,UNKNOWN,UNKNOWN,LOWER-BONAI-GP-ARCHAEAN-PALAEOPROTEROZOIC,4.358069403118168,5,5,5,5,0,0,1,0.16593566396590181,0.9861365805121496,7.097736107865833,0.5572487657875882,0.028756728725471928,0.3645152841609353,0.41105392890362163,1.4756342823645132,2.0271628042371006,0.4657219474157091,3.320576948340244,2.633771006548571,2.147203936219034,3.517209312982455,0.9440942097717003,2.0271628042371006,0.7931666826645432,0.014760557350360118,0.3393153495754007,0.3645152841609353,0.1921262312202121,SHALY_TUFFACEOUS_IOG,0.92,0
GARBHAM,18.00638889,83.00833334,1,EASTERN_GHATS_MOBILE_BELT,369.59165458505834,1.8754222771457216,65.31675663232703,623.8149221479619,542.8098857068644,640.8539778258618,1103.369883921807,1914.1225994439062,1893.968597546289,2459.6650421607756,1964.2996211975885,1689.942491015752,1339.2819797477352,-18.99451529035729,-9.214731768698064,ARCHAEAN - PROTEROZOIC,EASTERN GHAT,MIGMATITE,MIGMATITE,GNEISS,UNKNOWN,MIGMATITE-GNEISSIC-COMPLEX-EASTERN-GHAT-ARCHAEAN-PROTEROZOIC,2.7920670284392703,11,11,6,6,0,1,0,0.9086303474099346,0.41760135508125634,9.779783521659224,0.5866150318781587,0.18549285560273393,0.29491936993511014,0.28064618289499454,1.0273142787157377,1.2618272442314493,0.5444977085281093,2.6370164606170876,3.11332297439965,1.8365550179264851,3.838105283620524,0.6870620435553709,1.2618272442314493,1.1806232596716582,-0.13901829812744687,0.1157591702221648,0.29491936993511014,0.013473135667983496,GRANULITE_KHONDALITE,0.85,4
CHIKKABYALADAKERE,13.693314520845904,76.51552081668513,1,DHARWAR_CRATON,352.900667396964,1.1178611225252142,209.89496194908918,531.2674289013607,518.6438602123259,730.1150701823856,1182.0678672762815,1993.6369321065722,1953.088497576845,2564.5295812717877,2191.8112425287404,2277.770182154199,1344.0474556256731,-13.438120846666544,-9.092828952981563,ARCHAEAN,DHARWAR,CHITRADURGA,CHITRADURGA,UNKNOWN,UNKNOWN,CHITRADURGA-GP-DHARWAR-SGP-ARCHAEAN,0.17870949982708376,7,7,5,4,0,0,1,-0.4984115110961218,-0.8669405778984396,4.345291893684982,0.5567867568731429,0.05921967103818519,0.3122574056523261,0.29928261863879585,1.3742891603913012,1.6947096405901494,0.52409122706826,3.1197413559282676,4.3917808586993194,1.9080647551762955,3.5125005392898654,0.8881824557221278,1.6947096405901494,1.4077387679394247,-0.01440306917057845,0.25780500832810593,0.3122574056523261,0.1576426193227057,BIF_GREENSTONE,0.88,2
BALAGUDDA ML 2512(KONDLI),13.380524642585234,76.73872538826238,1,DHARWAR_CRATON,246.93302086693154,0.5,151.71283821329925,434.30568081737624,827.1170327493609,322.6444477700839,922.8780777036733,1733.7383233633354,2164.282400231802,2391.9049600524277,2499.110284395438,1288.6825105191674,1133.287820762109,-17.33084459625892,-13.164446333492956,ARCHAEAN,DHARWAR,CHITRADURGA,CHITRADURGA,UNKNOWN,UNKNOWN,CHITRADURGA-GP-DHARWAR-SGP-ARCHAEAN,0.06564870460004942,7,7,6,5,0,0,1,0.47389090938624867,-0.8805835599198263,4.166398262765965,0.7622850796368175,0.2997408587771422,0.35703498140106416,0.4606188097215667,0.7428971373801979,1.1371184669711183,0.4738013588397206,3.99412577972938,1.5580413145132657,2.110589132011795,7.413439063248526,0.5387682752880586,1.1371184669711183,0.39008318606076975,-0.2737742847603155,0.06416044312594477,0.35703498140106416,-0.14751464948972004,BIF_GREENSTONE,0.88,2
DOREGUDDA  ML 2601/1266,13.366367258292785,76.76323495260512,1,DHARWAR_CRATON,315.2140212444762,7.0014914900115865,321.36181598771094,525.8066225084926,659.0676322848134,694.5662851483999,1267.148254200331,1677.55265309845,2058.7876159505977,2337.022354949569,2191.428538077649,1911.034634290857,1349.479166835519,-14.556193029123717,-9.899544601668639,ARCHAEAN,DHARWAR,CHITRADURGA,CHITRADURGA,UNKNOWN,UNKNOWN,CHITRADURGA-GP-DHARWAR-SGP-ARCHAEAN,1.0796907958486475,7,7,6,5,0,0,1,-0.6244002920793509,0.7811045226160334,4.656648427455078,0.5417806517464424,0.10027824994753722,0.2678808572328972,0.2672429554473767,1.3209538527944797,1.416127554866992,0.5774352835778519,2.751407133346735,2.8996032239759697,1.7317957999292481,3.364721843769775,0.8177220168329855,1.416127554866992,1.0538619256519397,-0.04703874106856748,0.17222913366878376,0.2678808572328972,0.13828532364393378,BIF_GREENSTONE,0.88,2
SHIVASANDRA,13.354266726494156,76.76793021981268,1,DHARWAR_CRATON,338.54251061361913,5.86641103737473,294.2796822258387,591.9484349268802,613.0927261340083,548.0516748559834,1207.3071973161866,1582.9698946884405,1607.5891286685062,2079.732915834677,2291.007503197257,1953.5178472645366,1148.1319280949233,-18.53999719478775,-9.040984903996783,ARCHAEAN,DHARWAR,CHITRADURGA,CHITRADURGA,UNKNOWN,UNKNOWN,CHITRADURGA-GP-DHARWAR-SGP-ARCHAEAN,0.6016389980872773,7,7,6,5,0,0,1,-0.9115491472807312,0.4111911381483942,9.499012290790969,0.582879299095533,0.03129363284167858,0.28861214223486853,0.30977782113548535,0.9258436066273869,1.701475063762491,0.5520573910242106,3.564477463212576,3.1863334220200943,1.8114058699457458,3.794775214556935,0.9393118854115952,1.701475063762491,0.8939131889851819,-0.032882965235626144,0.2596637200331913,0.28861214223486853,-0.03850592614482458,BIF_GREENSTONE,0.88,2
KAREKURCHI  IRON ORE ML 2028,13.339186572285536,76.71562364905051,1,DHARWAR_CRATON,475.1410003597024,25.0,123.05424661123536,553.9706946330215,783.9904687396076,418.6303813457897,1207.72785885619,1634.9178940042088,1633.4459664202855,2121.944809087737,2536.0464275787585,2289.9980478213715,1198.9095018274943,-14.662319738907563,-8.5421176108591,ARCHAEAN,DHARWAR,BABABUDAN,BABABUDAN,UNKNOWN,UNKNOWN,BABABUDAN-GP-DHARWAR-SGP-ARCHAEAN,0.059859983160017255,7,7,6,5,0,0,1,0.8381545377112277,-0.5454328289662056,6.120202128048463,0.6704444070324277,-0.0380905293078246,0.277951159720675,0.35480733258432295,0.7556904808248411,1.910067475835888,0.5650050350639998,5.47021464373751,2.9209513842457357,1.7698957294803044,5.0687788048192965,1.079197742059411,1.910067475835888,0.5339738141011234,0.006075338199122487,0.31273071302532995,0.277951159720675,-0.13915295437224798,BIF_GREENSTONE,0.88,2
HULLIKATTE 1992,14.447020242073307,76.12282292578774,1,DHARWAR_CRATON,410.9256460611615,19.932056902605165,93.39243603526529,484.7704295936139,619.4384460263136,676.2322859477479,1165.771360821459,2389.8188850617453,1966.4896608714214,2596.6836550443327,2455.3865208841403,2106.7892558030608,1128.430216061229,-14.656110784371005,-11.38470154846759,ARCHAEAN,DHARWAR,BABABUDAN,BABABUDAN,UNKNOWN,UNKNOWN,BABABUDAN-GP-DHARWAR-SGP-ARCHAEAN,0.18344524922716524,4,5,4,4,0,0,1,0.9982476486204567,-0.05917458934144966,3.271409235903416,0.586770758288308,0.10415588830272544,0.394149947999629,0.35613336999797623,1.3949536590333778,1.8670088978029782,0.4345659177368672,3.1154816125569753,3.4011276922137266,2.3011468638325514,3.8399285351558157,0.8113384358156457,1.8670088978029782,1.0916860088263487,-0.05088818879106152,0.302408862195567,0.394149947999629,0.1649107737874211,BIF_GREENSTONE,0.88,2
RAMGAD/SB HALLI(1952),15.099632778013362,76.47658481801852,1,DHARWAR_CRATON,221.32638601735394,2.837280574244879,136.68926694021607,428.2450577835541,862.6009713546937,771.1024399679253,1102.9424986540985,2048.935916147357,2200.6910489317816,2659.0838514264947,2416.7045990738507,1678.331083843114,941.8321775650868,-15.231595855988207,-11.31807854977729,ARCHAEAN,DHARWAR,SANDUR,SANDUR,UNKNOWN,UNKNOWN,SANDUR-GP-DHARWAR-SGP-ARCHAEAN,2.172367704222682,3,3,3,3,0,0,1,0.6859546725496325,-0.7276442724349079,3.9135173062109168,0.5504020045921983,0.22611458253216526,0.47689300710114657,0.37326529153862176,1.8006102444200296,1.7819852857439082,0.3541942375023775,2.176534523397943,1.94566333406937,2.8233096213358295,3.4484184074021127,0.6311689201946701,1.7819852857439082,0.8939271629418648,-0.11521090041346349,0.281088937031011,0.47689300710114657,0.28586992722399945,BIF_GREENSTONE,0.88,2
SWAMYHALLI MANGANESE MINE,14.973341919248655,76.59974536451071,1,DHARWAR_CRATON,409.16755724553155,5.1284908157219125,212.5061793053308,535.8578650890872,747.7925871339269,604.8806633909539,1200.929185395023,1529.7851267583958,1495.5489346004483,2240.4723909219865,2265.21943018249,1804.5020622548955,1336.459117553846,-17.988857043599584,-11.148201350567197,ARCHAEAN,DHARWAR,SANDUR,SANDUR,UNKNOWN,UNKNOWN,SANDUR-GP-DHARWAR-SGP-ARCHAEAN,0.3285936082918712,5,5,5,5,0,0,1,-0.5373905643344039,-0.8433334935625116,6.840655693032387,0.5748290970349004,0.10778073721007153,0.252734297811762,0.3070526865747467,1.1288080322597924,1.3502111940449841,0.5965077375523321,2.983236477019519,2.4131050386015804,1.6764241867318426,3.703990758537285,0.8054114251802521,1.3502111940449841,0.8088882839831277,-0.07076124953163472,0.14901264859966742,0.252734297811762,0.06050711580096091,BIF_GREENSTONE,0.88,2
JIGENAHALLI,14.988288253442606,76.55802254856228,1,DHARWAR_CRATON,345.3425947625315,10.136600890060526,96.50291069623546,511.47883083373995,631.2088591854297,724.8162001923233,1188.7721200612068,1535.508408651286,1990.0593612466412,2311.5006868133187,2442.515278817239,2159.604002864222,1446.3248591290844,-15.500903620803847,-8.927172200217314,ARCHAEAN,DHARWAR,SANDUR,SANDUR,UNKNOWN,UNKNOWN,SANDUR-GP-DHARWAR-SGP-ARCHAEAN,0.00487402829691522,4,4,4,4,0,0,1,0.993566103531682,-0.11325368829698726,6.573731420586533,0.5225688046227562,0.03397296517476058,0.2302331007324686,0.34526134141792253,1.4170991155073458,1.4931666200299407,0.6257081673193482,2.9795194965450156,3.4213778340021985,1.5981891416891065,3.1890852922587793,0.9342865499673326,1.4931666200299407,1.148298520365184,0.010765092407291024,0.19780732533448805,0.2302331007324686,0.17256185929095105,BIF_GREENSTONE,0.88,2
CHANDA MANAGANESE MINE,19.72367103099975,78.5479021867949,1,PRANHITA_GODAVARI_BASIN,319.07701997246375,6.63170205148236,224.69360682568825,551.6154576022186,895.7308213265503,797.350608378751,1046.8938933588465,1896.3732123436982,1984.2254715661675,2073.8464062515586,2319.066829975061,2076.279797440633,1428.720899019093,-18.366112369468777,-7.932237890151583,NEOPROTEROZOIC,NAN,PENGANGA,PENGANGA,UNKNOWN,UNKNOWN,PENGANGA-GP-NEOPROTEROZOIC,1.547753302415932,4,4,4,3,0,0,1,-0.7033153860466136,-0.7108779555944205,10.433874479317193,0.44458662743231514,-0.0005863414915727624,0.18418646975819608,0.37795240075713177,1.4454827107260912,1.4532438052896728,0.6889231979877227,2.603973425264388,2.3179729285721713,1.451540609662702,2.6009215793631597,1.001173370496757,1.4532438052896728,0.8901676580780498,0.04512900125155161,0.18475285864874808,0.18418646975819608,0.18216555389454359,CARBONATE_SEDIMENTARY,0.7,1
PIPALGAON,19.6779041943294,78.65290420960595,1,PRANHITA_GODAVARI_BASIN,435.0508659956781,0.9945335560340128,147.38819478884656,530.8137441345575,619.4285076996662,764.6405898942452,1013.9597340654649,1909.4529594755934,2405.4343112058586,2593.189211316861,2464.451402481446,1926.262767109276,1504.9813131588085,-16.50552651019237,-10.814920214583204,NEOPROTEROZOIC,NAN,PENGANGA,PENGANGA,UNKNOWN,UNKNOWN,PENGANGA-GP-NEOPROTEROZOIC,2.970303612967112,4,4,4,3,0,0,1,0.5389443522959332,-0.8423413708991843,5.690606295609168,0.5445626279862458,0.14756798993409567,0.26553504579503695,0.41699833948867676,1.4405063864734968,1.2799247066970647,0.5803592371935702,2.5191740930945303,3.1097418669879735,1.72307070321753,3.3913831441829854,0.7428161269374842,1.2799247066970647,1.2344291216098773,-0.07448092455862289,0.12277804900279043,0.26553504579503695,0.18049794534400845,CARBONATE_SEDIMENTARY,0.7,1
KUMBHAZARI MANAGANESE MINE,19.68212095428749,78.61608273336606,1,PRANHITA_GODAVARI_BASIN,472.78995702463556,2.0958938958995255,198.7369851067129,563.9642172255468,754.2095372009308,800.3960982308532,1115.278444289298,1909.7767670634728,2015.29520142317,2466.354205922945,2225.7669937205055,1955.7498631464061,1381.085052503717,-13.941173798089348,-8.184075372745902,NEOPROTEROZOIC,NAN,PENGANGA,PENGANGA,UNKNOWN,UNKNOWN,PENGANGA-GP-NEOPROTEROZOIC,0.9644584287575673,4,4,4,3,0,0,1,-0.32122435923895815,-0.9470031209196308,5.757098425343447,0.5099741186413262,0.1154663786030099,0.28207570808563015,0.33237756555634473,1.419232058284148,1.4160966105489334,0.5599702786514092,2.443477504482842,2.5931120783908335,1.7858090634360102,3.081417073737624,0.7929720141805685,1.4160966105489334,1.0612383663830274,-0.047381690010405396,0.17221853193133094,0.28207570808563015,0.17329137922992494,CARBONATE_SEDIMENTARY,0.7,1
DABAKUCHI NIPPANI,19.769858578943957,78.44635276145254,1,PRANHITA_GODAVARI_BASIN,463.81521072045786,0.5,157.005550488714,437.18118307515454,709.9292580406492,701.6340240179081,1332.3530227242782,1749.0088412892605,2184.257576643004,2785.304359115937,2304.3577564051147,2308.850399147787,1166.8186254457742,-14.406596145858515,-9.75304038167081,LATE CRETACEOUS - PALAEOCENE,DECCAN TRAP,NAN,NAN,UNKNOWN,UNKNOWN,DECCAN-TRAP-LATE-CRETACEOUS-PALAEOCENE,0.19150472277061703,3,3,3,2,0,0,1,0.39064195338975155,-0.920542700938875,4.653555764187704,0.5975644263113676,0.09352954169712224,0.40952311949374454,0.2672757864034085,1.6049044413981282,1.9787568923035928,0.41891961329396904,3.2906762169763035,3.2522260066697526,2.38709281458782,3.9697395790417183,0.8289400728370245,1.9787568923035928,0.9883154061942021,-0.034012857461161866,0.3285789772537335,0.40952311949374454,0.23221751787594916,OTHER_UNDIVIDED,0.1,1
PIMPERAKUNTA GUDA MINE,19.765143134470478,78.48798698891248,1,PRANHITA_GODAVARI_BASIN,304.4704229099625,10.78078325254598,106.00767343509037,585.3915252507461,810.1741289398798,628.2977002791752,914.1339386519148,1774.90914799942,2131.076570819242,2080.4192307050653,2102.5105518619966,1944.6922281392356,1509.9159661077972,-15.969634114919133,-10.248571554324872,NEOPROTEROZOIC,NAN,PENGANGA,PENGANGA,UNKNOWN,UNKNOWN,PENGANGA-GP-NEOPROTEROZOIC,3.316934387198606,3,3,3,2,0,0,1,0.9612247721141961,-0.27576609195840546,5.721062560594261,0.5360920195386215,0.03372006065419115,0.15889972193816432,0.393939894658814,1.0732948327817964,1.2879473232303387,0.7257748549412821,3.095176417453005,2.400338589290113,1.377837757878706,3.311199812556151,0.9347597823085924,1.2879473232303387,0.7755094578566696,-0.01771795361418106,0.1258540006445936,0.15889972193816432,0.03535186280849077,CARBONATE_SEDIMENTARY,0.7,1
PIMPERKUNTA MINE,19.747397578403827,78.48550449877386,1,PRANHITA_GODAVARI_BASIN,352.17088617339067,3.2614669590601637,341.4431905063764,495.80796837539197,836.1511196726852,443.7837606913115,879.871210137134,1865.5759048318714,1631.2753744424158,2205.4980252454457,2341.248097498441,2073.572626791278,960.6206150395162,-17.949613151845682,-10.422768459635938,NEOPROTEROZOIC,NAN,PENGANGA,PENGANGA,UNKNOWN,UNKNOWN,PENGANGA-GP-NEOPROTEROZOIC,1.3462980390358577,3,4,4,3,0,0,1,-0.3182447752377876,0.9480085775106942,7.526844692209744,0.6649780605599994,0.030830385649403682,0.39318722740620327,0.45368604740702007,0.8950718586681464,2.158576020719067,0.4355572317944168,4.672484227202571,2.4799017492472943,2.295909528090661,4.969758282367152,0.9401833971809295,2.158576020719067,0.5307458780110067,-0.035248420508878636,0.3668032727913589,0.39318722740620327,-0.055368950171993496,CARBONATE_SEDIMENTARY,0.7,1
NEW JAMDAPUR,19.73923204603989,78.52032867704956,1,PRANHITA_GODAVARI_BASIN,409.81370882632075,0.9086130389646929,274.8980858975139,646.0208698100212,683.2004149065766,592.9331263057056,1124.7141261854774,1817.178601258666,2269.005587658982,2357.861480631393,2147.249784092789,2750.9809764241627,1074.83215437188,-14.708824575651613,-8.506777270795686,NEOPROTEROZOIC,NAN,PENGANGA,PENGANGA,UNKNOWN,UNKNOWN,PENGANGA-GP-NEOPROTEROZOIC,1.70389048418106,4,4,4,3,0,0,1,-0.9963481491914339,0.08538363779322303,6.2020473048559275,0.5981196893807358,-0.07694883900224872,0.3737675022328412,0.31251434478928436,0.9178234838794747,2.559451689898832,0.4558504232522637,4.639614232594237,4.02660904820108,2.193702029518831,3.9766060826210547,1.1667271372196013,2.559451689898832,0.8678758275035733,0.053566895968287016,0.4381157062068549,0.3737675022328412,-0.04284884154529006,CARBONATE_SEDIMENTARY,0.7,1
JAMDAPUR,19.72662204452092,78.52239663737382,1,PRANHITA_GODAVARI_BASIN,467.7990614410123,3.898403387106376,50.44074327592292,424.86497455283455,604.6582129653816,527.2428745152189,1107.6331552784027,1356.139925450493,2147.387231200383,2461.6223844314427,2071.4883874595016,1672.8952089348231,1058.9499821441889,-15.96123752460395,-9.34884436642586,NEOPROTEROZOIC,NAN,PENGANGA,PENGANGA,UNKNOWN,UNKNOWN,PENGANGA-GP-NEOPROTEROZOIC,0.43282782559648486,4,4,4,3,0,0,1,0.7709663228733917,0.6368759133419014,6.61239315817809,0.6471952870671542,0.1907664334459108,0.398421692792293,0.3031828821013966,1.2409657299455437,1.579767916863962,0.430183763525773,3.1729119284923084,2.7666790432960218,2.32458796318453,4.668858506672013,0.6795905086155686,1.579767916863962,0.8719684316492309,-0.1349321437496753,0.2247364633145279,0.398421692792293,0.10752762930698105,CARBONATE_SEDIMENTARY,0.7,1
BHORAJ MANGANESE ORE MINE,19.738229056864352,78.53291445910304,1,PRANHITA_GODAVARI_BASIN,336.87431859392393,3.3693465216007508,312.6484713232486,618.87710425322,725.9972142939116,858.8036989247595,1126.0012496555612,1754.0400738849612,2211.81910072841,2246.083090613092,2414.665286963847,1544.4471805276025,1570.0140147848276,-20.640631196460845,-5.448349144704725,NEOPROTEROZOIC,NAN,PENGANGA,PENGANGA,UNKNOWN,UNKNOWN,PENGANGA-GP-NEOPROTEROZOIC,2.0272470837583203,4,4,4,3,0,0,1,-0.7355241974151383,0.6774984538851854,15.19228205175612,0.44680514468871113,0.18510231015494352,0.1771624403097063,0.36396085980317366,1.3876805130371903,0.9837155369314046,0.6990008609420033,1.7983704316398648,2.127345874050427,1.4306134009194222,2.6153626152400986,0.6876180076750462,0.9837155369314046,1.1829297424744014,-0.08764062578605414,-0.008209071375651302,0.1771624403097063,0.16236699698146823,CARBONATE_SEDIMENTARY,0.7,1
JAMDAPUR MINE,19.730499056306854,78.52683104778248,1,PRANHITA_GODAVARI_BASIN,363.2906921002565,1.5519716180398713,175.4752313698249,495.8328626770118,612.2284630247893,600.6525606324429,1136.592979686275,1629.7187131479373,2800.0,2081.759727386575,2403.184943964415,2335.076899439582,1535.697128535019,-14.434740347366963,-11.704449285994649,NEOPROTEROZOIC,NAN,PENGANGA,PENGANGA,UNKNOWN,UNKNOWN,PENGANGA-GP-NEOPROTEROZOIC,0.9758132178452443,4,4,4,3,0,0,1,0.07889004991245105,-0.9968833231751904,2.7302910613723146,0.5521549289113143,-0.05735262437761543,0.15095206949233606,0.35781678716557597,1.2114012697305019,1.520532176905612,0.7376918227375018,3.887566704274683,3.814061313139198,1.3555796174580945,3.4658300993985693,1.1216841538429296,1.520532176905612,0.9810921836004709,0.06495845275983306,0.20651677543582292,0.15095206949233606,0.09559607052820109,CARBONATE_SEDIMENTARY,0.7,1
GHOTGURIGUDA--I,19.7503818796109,78.49677836830047,1,PRANHITA_GODAVARI_BASIN,280.42985233945745,0.5,322.0388016818729,427.88655971084415,881.3387247526623,633.5525287462934,1066.5196618047792,1835.0422837817025,1641.4951533103106,2520.351882230893,2545.718433737143,1896.407081611769,1421.8263092612488,-16.048465667739386,-8.963796595940048,NEOPROTEROZOIC,NAN,PENGANGA,PENGANGA,UNKNOWN,UNKNOWN,PENGANGA-GP-NEOPROTEROZOIC,1.9332692783013377,3,4,4,3,0,0,1,-0.6151276798277234,0.7884275093562894,7.084669071799338,0.5982424027561961,0.14126756872759316,0.27865954285419686,0.4094964762562121,1.48065535803176,1.3337825217647856,0.5641380152991095,2.9932909941519554,2.1517346579684666,1.7726158701957055,3.978126144078644,0.7524374251982323,1.3337825217647856,0.7188524800215039,-0.0763533606331965,0.14302211939427117,0.27865954285419686,0.1937614424400321,CARBONATE_SEDIMENTARY,0.7,1
GOLLAGHAT MANGANESE ORE,19.79113854418452,78.452134244552,1,PRANHITA_GODAVARI_BASIN,272.3414038327396,3.8970444923168572,287.9478921410335,441.28913327565425,693.6535331082738,680.6633913644514,1323.4795157903122,2397.0518005206823,2479.433262947444,2480.2838406363953,2242.2186076062253,2004.528741677214,1567.9824663029494,-13.595097504033856,-11.058402019623026,NEOPROTEROZOIC,NAN,PENGANGA,PENGANGA,UNKNOWN,UNKNOWN,PENGANGA-GP-NEOPROTEROZOIC,1.643255718593714,3,3,3,2,0,0,1,-0.9513371595946267,0.3081519248267446,2.5366954844108296,0.5693294815185742,0.10608137801104482,0.22535606724890267,0.2576603682543657,1.5424431251445008,1.278412726849655,0.6321786401948477,2.944963346293667,2.8898126270691256,1.5818313612285948,3.643921310385917,0.8081852197830324,1.278412726849655,0.9812728659120553,-0.04215993292372037,0.12219591481670519,0.22535606724890267,0.21335506861328857,CARBONATE_SEDIMENTARY,0.7,1
SHIVRAJPUR [135/B-PART] MANGANESE MINE,22.402712263272644,73.61332766843887,1,ARAVALLI_CRATON,453.1273240154778,2.571136484651132,153.07686160892405,454.3722153444544,643.4678448687891,624.7962691009699,859.8644032285226,1873.4963330948608,2036.7615457319218,2070.9314748590687,2452.013211709189,1865.6530865606658,1080.1793043970029,-18.19054103768561,-11.738573973977287,PALAEOPROTEROZOIC,ARAVALLI,CHAMPANER,CHAMPANER,UNKNOWN,UNKNOWN,CHAMPANER-GP-ARAVALLI-SGP-PALAEOPROTEROZOIC,5.6534320346137665,5,5,5,3,0,0,1,0.4527948169111081,-0.891614745155348,6.451967063708322,0.5364544726231382,0.05214631745957533,0.314413627305592,0.4807390227280097,1.3750758664947043,1.7271698108259668,0.5215910410309064,2.9860182844228054,2.899372670349553,1.9172108413037319,3.31457080325463,0.9008763004998759,1.7271698108259668,0.9709828907727168,-0.006948973407626395,0.26663899287279963,0.314413627305592,0.1579216369408465,GONDITE_METAMORPHIC,0.95,3
AMLIYAMAL,22.996393684328183,74.4085129710074,1,BASTAR_CRATON,502.06160257137407,5.179324783361802,8.088950995242264,513.9332757121533,698.4680305864908,806.4556144473828,975.725446282963,1737.2940627655205,2163.212358968662,2638.860700276374,2487.6993930684157,2022.0599577697462,1387.148779965245,-22.353407626392002,-10.021734274069944,PALAEOPROTEROZOIC,ARAVALLI,LUNAVADA,LUNAVADA,UNKNOWN,UNKNOWN,LUNAVADA-GP-ARAVALLI-SGP-PALAEOPROTEROZOIC,5.795449651844611,4,4,4,2,0,0,1,0.1407103116596992,0.9900508109145865,12.331673352322058,0.5318539483490237,0.1323345295117851,0.3109063518462211,0.4365545714085878,1.56918349324764,1.457709501328833,0.5256619946988123,2.507341903308596,2.8949928505344285,1.9023631325546255,3.2721710280515075,0.7662624847123264,1.457709501328833,1.154606335547828,-0.054215285315648606,0.18623417527672098,0.3109063518462211,0.22154256272055037,GONDITE_METAMORPHIC,0.95,3
KAJLI DONGRI,22.945482155304493,74.46880183360672,1,BASTAR_CRATON,373.51908905777,2.5700845114823028,96.72384937858058,521.82683904284,545.2873710470303,551.5085702092103,1084.5117859776428,1984.3603003954504,2089.987306033727,2592.549677299151,2461.1934519578986,2579.5614336289023,1268.706392904209,-15.44183228330963,-9.725295041185928,PALAEOPROTEROZOIC,ARAVALLI,LUNAVADA,LUNAVADA,UNKNOWN,UNKNOWN,LUNAVADA-GP-ARAVALLI-SGP-PALAEOPROTEROZOIC,1.9743398921385487,5,5,5,3,0,0,1,0.9931219992840142,-0.11708413444238504,5.716537242123701,0.6491740755942654,0.002511207394654555,0.3428530146622383,0.388267375094482,1.056880420646691,2.033221749352724,0.4893662804319133,4.677282581434924,4.730645831655933,2.043459140551077,4.700832974571647,0.9949901655582664,2.033221749352724,1.0114090266547442,0.0026729053622521976,0.3406350855691357,0.3428530146622383,0.02765373329051002,GONDITE_METAMORPHIC,0.95,3
KALA KHUNTA,23.3236720782694,74.27949512443539,1,ARAVALLI_CRATON,470.31796081028216,6.691195389579693,194.9883172779121,434.1039996849137,582.8385961489348,641.4068200760967,853.521678326875,1896.5375774418426,2006.6680066524304,2333.5741243119483,2143.5865792994646,2340.6385375854356,1511.7205259712284,-15.416872646636055,-4.163652889879815,PALAEOPROTEROZOIC,ARAVALLI,LUNAVADA,LUNAVADA,UNKNOWN,UNKNOWN,LUNAVADA-GP-ARAVALLI-SGP-PALAEOPROTEROZOIC,2.6039554175666515,4,4,4,3,0,0,1,-0.25862208554853483,-0.9659785799211732,11.25321975675624,0.5687993756259612,-0.0015113589780719138,0.21372968078440152,0.43043653737214793,1.477541831137488,1.5483275485284083,0.6478133733031276,3.6492261395950165,4.015929193837044,1.5436544537682007,3.638212204224583,1.0030272928538506,1.5483275485284083,1.1004878935843634,0.03728305096953244,0.21517153456452287,0.21372968078440152,0.1927482424068031,GONDITE_METAMORPHIC,0.95,3
GWARI BADONA,21.528617489458085,78.81771130885569,1,BASTAR_CRATON,412.5472422542871,2.809639416575206,228.052159137413,478.0516326191214,800.0413907944426,538.3282355732147,1073.6218393351894,1884.0188980903683,1974.636755787473,2319.899465594009,2387.340870567797,2358.6670535660933,1271.1939418619506,-19.381343255212904,-10.368291631366404,ARCHAEAN,NAN,TIRODI GNEISSIC COMPLEX,TIRODI GNEISSIC COMPLEX,GNEISS,UNKNOWN,TIRODI-GNEISSIC-COMPLEX-GP-ARCHAEAN,0.5338620951959165,4,4,3,2,0,1,0,-0.7437536596244765,-0.6684538082733903,9.0130516238465,0.6233132611058017,-0.008286210702580218,0.292029586660895,0.3795819663396056,1.1260880576806427,1.8554737983220866,0.5479521678274579,4.381466349564789,2.948181278815776,1.8249768091020127,4.309451572448762,1.0167108909374427,1.8554737983220866,0.6728754800620731,0.017391593207751143,0.2995908418460839,0.292029586660895,0.05930519167207822,CRATONIC_BASEMENT,0.3,1
KAWATHA,21.495854969641773,78.89803933194025,1,BASTAR_CRATON,321.9392220855388,2.880901033430515,92.83956675595282,651.3816286889491,614.3105721028604,474.79752376572236,1349.2205248592027,1921.3701186431342,2172.491921826062,2438.514442778977,2441.0350740136655,1675.1318832622064,1203.7642778974796,-17.956999091733213,-12.260357458969366,ARCHAEAN,NAN,TIRODI GNEISSIC COMPLEX,TIRODI GNEISSIC COMPLEX,GNEISS,UNKNOWN,TIRODI-GNEISSIC-COMPLEX-GP-ARCHAEAN,3.8051601779809014,4,4,4,3,0,1,0,0.998772164991594,-0.049539503812653735,5.696641632763846,0.6740496523852367,0.18557321141067745,0.33900485361899224,0.2880582906311343,0.7289083727959137,1.391577996313738,0.4936465645993881,3.5280973380995633,2.7268485300540672,2.0257408244514425,5.13590386551026,0.686947697823043,1.391577996313738,0.772894924089516,-0.17938892585606403,0.16373206215646105,0.33900485361899224,-0.15679930176432114,CRATONIC_BASEMENT,0.3,1
GUMGAON 4860 HECT,21.405720704941533,78.98789931602414,1,BASTAR_CRATON,412.52560449575725,7.3246552513042005,50.168186666216684,618.2034536080569,575.308901731806,552.7054000004186,1103.1329732443942,2211.3087129659084,1766.2217867322306,2084.5742324359353,2351.7946167269856,1754.6538790341392,1435.2271296402475,-10.489564512560197,-9.453978565011228,PALAEOPROTEROZOIC,NAN,SAUSAR,SAUSAR,UNKNOWN,UNKNOWN,SAUSAR-GP-MANSAR-JUNEWANI-SITASAONGI-LOHANGI-BICHUA-FM-PALAEOPROTEROZOIC,1.4019131940093192,4,4,4,3,1,0,1,0.7679279859214887,0.6405361882349551,1.0355859475489684,0.5808518797225549,0.08593403250257318,0.18448401935618922,0.3614147071405107,0.8940509728319713,1.222561810304824,0.688498930198619,3.174663891212473,3.0499334717441577,1.4524350800879977,3.771582887850876,0.8417324990830386,1.222561810304824,0.9607106675664907,-0.07892367208454373,0.10013751247307427,0.18448401935618922,-0.055937789990954695,GONDITE_METAMORPHIC,0.95,1
KOTHULNA,21.419932010613664,79.02223446219777,1,BASTAR_CRATON,518.4232909819373,1.8082655989584095,300.57488524774766,514.9058935739225,733.6652752527286,615.9259523246747,1134.6051358578025,1573.8223129348169,2265.1274168547884,2307.5078697910208,1828.3805854072289,1248.276402154372,1519.0422917978083,-16.611221228307606,-14.149280075092737,PALAEOPROTEROZOIC,NAN,SAUSAR,SAUSAR,UNKNOWN,UNKNOWN,SAUSAR-GP-MANSAR-JUNEWANI-SITASAONGI-LOHANGI-BICHUA-FM-PALAEOPROTEROZOIC,1.3262895065923996,4,4,4,3,1,0,1,-0.8609650750351628,0.5086640734017849,2.4619411532148696,0.5786284280119316,0.2978896879925864,0.20605128496728786,0.23414741567471178,1.196191301780192,0.8217522369671925,0.6583042732058271,2.0266663474990225,1.7014249448059924,1.5190543941610721,3.7464046730543568,0.5409630094680713,0.8217522369671925,0.839519018087622,-0.20445698657355602,-0.09784412982044169,0.20605128496728786,0.089332520151257,GONDITE_METAMORPHIC,0.95,1
KIRANPUR_288 HA,21.41537722512588,79.02177891268572,1,BASTAR_CRATON,376.7756564801044,0.5036078438660463,354.3847850532788,483.040278253456,798.5704154662997,572.7767553031014,910.9752852241129,1894.726415362291,2008.4372309252442,1761.904113847705,2390.12240599337,1857.1857536751738,1132.9137012882995,-14.538082047247567,-10.183913565208531,PALAEOPROTEROZOIC,NAN,SAUSAR,SAUSAR,UNKNOWN,UNKNOWN,SAUSAR-GP-MANSAR-JUNEWANI-SITASAONGI-LOHANGI-BICHUA-FM-PALAEOPROTEROZOIC,1.1634122150688249,4,4,4,3,1,0,1,-0.09784717986289815,0.9952014516633694,4.354168482039036,0.5093318636168863,-0.026327514178684296,0.21728151908329082,0.44807735446800834,1.1857743130414178,1.6393002837938702,0.6430053098469697,3.2424251390054493,2.3256380594378663,1.5551971083842908,3.076074743709297,1.054078787843517,1.6393002837938702,0.7172526598689409,0.03957685591446037,0.24222339860380948,0.21728151908329082,0.08499245050287964,GONDITE_METAMORPHIC,0.95,1
SATUK_868,21.333369175183893,79.2737568760441,1,BASTAR_CRATON,520.8179290232606,0.5,189.2484656289669,489.6025061374609,751.8953310665066,543.8336922138758,1007.5457887940784,1614.7237740036924,1851.3847454111212,2519.113911375734,2903.132759849311,2387.0109559156977,1284.731082161906,-17.301319654736766,-9.967949435409679,PALAEOPROTEROZOIC,NAN,SAUSAR,SAUSAR,UNKNOWN,UNKNOWN,SAUSAR-GP-MANSAR-JUNEWANI-SITASAONGI-LOHANGI-BICHUA-FM-PALAEOPROTEROZOIC,1.4547246934217872,5,6,6,4,1,0,1,-0.16071613395476234,-0.9870006708643287,7.333370219327087,0.644895203627395,0.026926129889971895,0.3245092349941741,0.4847207324744421,1.1107657421802968,1.8579849022107597,0.5099932463753883,4.389229622403972,3.1746585649830337,1.9608102772572733,4.632140198023794,0.9475597527324788,1.8579849022107597,0.7232837723825271,-0.013110694293717765,0.30020624053172884,0.3245092349941741,0.052476569052307714,GONDITE_METAMORPHIC,0.95,1
WADEGAON_3970,21.32793642105536,79.40192348275032,1,BASTAR_CRATON,150.0,4.92470108431905,61.80454290538926,529.0814378184333,779.6047685805817,465.30507899609825,1043.7205429514095,1911.1025292684496,2000.997171240921,1909.6266943895353,2259.9901828107545,2255.0839547245114,1035.389841589587,-20.180605797706313,-8.410799234109577,PALAEOPROTEROZOIC,NAN,SAUSAR,SAUSAR,UNKNOWN,UNKNOWN,SAUSAR-GP-MANSAR-JUNEWANI-SITASAONGI-LOHANGI-BICHUA-FM-PALAEOPROTEROZOIC,1.4999302935813599,5,6,6,5,1,0,1,0.8813409172100567,0.4724808860169224,11.769806563596736,0.6081528871569651,-0.08294868223930901,0.29685295203697054,0.3681525837013469,0.8794583307160367,2.178004710848214,0.5421948929020302,4.846463216656524,2.89259897157597,1.8443552523302882,4.104031476307003,1.1809030320790042,2.178004710848214,0.5968473990306998,0.054598875035404136,0.3706743126568944,0.29685295203697054,-0.0641363872898268,GONDITE_METAMORPHIC,0.95,1
MANSAR_2515 HECT,21.40101101632532,79.29109512662431,1,BASTAR_CRATON,453.97122539377017,3.389396384712379,98.03063754697283,398.1765947841276,604.3204911430539,610.8583870108436,1052.3427354865648,1616.2626977027812,2376.572827709766,2675.85495710725,2167.9807255361698,2033.546021114363,675.4847456267652,-16.34051649359181,-8.052755501144306,PALAEOPROTEROZOIC,NAN,SAUSAR,SAUSAR,UNKNOWN,UNKNOWN,SAUSAR-GP-MANSAR-JUNEWANI-SITASAONGI-LOHANGI-BICHUA-FM-PALAEOPROTEROZOIC,0.7995014190123282,6,6,6,4,1,0,1,0.9901935076852266,-0.13970260318987268,8.287760992447504,0.6282861793115121,0.13638866998729213,0.5968867343563234,0.34643662452120744,1.5341393579597078,3.0104988029255764,0.25243698040515816,3.328997458373715,3.365012518279762,3.961384724777178,4.380483283238062,0.7599612284489364,3.0104988029255764,1.0108185887336119,-0.07513018361926274,0.5013089152250532,0.5968867343563234,0.2107774218467621,GONDITE_METAMORPHIC,0.95,1
MANSAR CHARGAON_097 HA,21.395512971054043,79.2888339519725,1,BASTAR_CRATON,387.8342361414354,4.261828717292568,6.620643557088024,459.4098770061324,537.8189333258156,454.4807588565898,1292.2465692505652,1716.5266372789831,1982.226280856431,2217.4699765083874,2443.3371399278494,2093.309914884584,1350.1149078534322,-16.53120912057221,-11.007139237815435,PALAEOPROTEROZOIC,NAN,SAUSAR,SAUSAR,UNKNOWN,UNKNOWN,SAUSAR-GP-MANSAR-JUNEWANI-SITASAONGI-LOHANGI-BICHUA-FM-PALAEOPROTEROZOIC,0.17878361856208733,6,6,6,4,1,0,1,0.11529505328579968,0.993331289494006,5.524069882756775,0.6598135188862931,0.028802227142912754,0.24312107392701582,0.30814208969294044,0.9892707593251253,1.5504679647322024,0.6088537484374241,4.60593736805299,3.8922205621277697,1.6424305531086574,4.879128386442815,0.9440082328585513,1.5504679647322024,0.8450441772309586,-0.024707621097869177,0.21583018218018626,0.24312107392701582,-0.005393553616506762,GONDITE_METAMORPHIC,0.95,1
MUNSAR_10863 HECT,21.400384661322907,79.28423352845435,1,BASTAR_CRATON,353.08933845807195,0.8381852272270521,329.14757036177963,346.51327408979284,830.1333651955487,703.6061560058563,1183.6536591087686,1740.9820171524188,2178.8597960061165,2247.0832545172057,2428.094552616643,1893.3343372273785,1452.226339063658,-16.799756477336743,-10.301228029259866,PALAEOPROTEROZOIC,NAN,SAUSAR,SAUSAR,UNKNOWN,UNKNOWN,SAUSAR-GP-MANSAR-JUNEWANI-SITASAONGI-LOHANGI-BICHUA-FM-PALAEOPROTEROZOIC,0.3217773939306113,6,6,6,4,1,0,1,-0.5128286586525324,0.858490982401472,6.498528448076877,0.5230903301729241,0.08543798043697699,0.21486628656815782,0.34455361232637643,2.0305316032222116,1.3037460380620725,0.6462717104486646,2.690900752324741,2.280759230175768,1.547336797663858,3.193666275007458,0.8425741825892403,1.3037460380620725,0.8475820689276002,0.000644242515084904,0.13184875143884517,0.21486628656815782,0.34004978037925476,GONDITE_METAMORPHIC,0.95,1
BELDONGRI 267 HECT,21.339895839565123,79.28923877218524,1,BASTAR_CRATON,388.2584698881952,0.5131439292989752,42.39038984045081,511.93784980842236,647.7320161157865,629.0683728227954,933.2813064594452,1995.1633438689419,1939.189619342596,2143.0665234788735,2648.1837913541035,2161.427664720535,1365.5167022716814,-16.229281671012785,-11.532241661221342,PALAEOPROTEROZOIC,NAN,SAUSAR,SAUSAR,UNKNOWN,UNKNOWN,SAUSAR-GP-MANSAR-JUNEWANI-SITASAONGI-LOHANGI-BICHUA-FM-PALAEOPROTEROZOIC,1.4503286633963415,6,6,6,4,1,0,1,0.6741785177782158,0.7385684302529915,4.6970400097914435,0.5461488011026333,-0.004265574637719903,0.22161361750774639,0.47882708265473906,1.2287983235258095,1.5828643176183106,0.6371788680725776,3.435918502126759,3.3369165142475357,1.569418022016309,3.4067306713507772,1.008567694951106,1.5828643176183106,0.9711861637223117,0.02488139822038617,0.22566586807320183,0.22161361750774639,0.10265546373761981,GONDITE_METAMORPHIC,0.95,1
PARSODA,21.38627107924488,79.29723962841439,1,BASTAR_CRATON,201.11879768591965,0.5,207.54593118513128,531.7756751762192,654.9166983544952,459.66933505885765,1136.9757167648008,1983.6908887884829,2266.7428069831963,2227.990281519481,2035.5329610227782,2329.7634838441845,812.6095705614082,-15.471463456708728,-12.256125109615388,PALAEOPROTEROZOIC,NAN,SAUSAR,SAUSAR,UNKNOWN,UNKNOWN,SAUSAR-GP-MANSAR-JUNEWANI-SITASAONGI-LOHANGI-BICHUA-FM-PALAEOPROTEROZOIC,0.10245934452969113,6,6,6,4,1,0,1,-0.46245953738702505,-0.8866403872370008,3.21533834709334,0.6579408102481122,-0.02232968421326143,0.46549390888246533,0.2832323990998109,0.8644045894768096,2.8670145730225705,0.36472760987201613,5.0683465288749945,3.5573432256964383,2.741772136942044,4.846941283101384,1.0456793739735775,2.8670145730225705,0.7018745063485494,0.005346152372924319,0.48280515601829277,0.46549390888246533,-0.07272853189057481,GONDITE_METAMORPHIC,0.95,1
SATUK NEW 1684 HECT,21.34215434051929,79.26671746440277,1,BASTAR_CRATON,360.2295300946239,1.5109054153027424,98.65987944739416,441.34508301605007,812.8194141849058,585.987001524515,1174.7332622745178,1550.856524710723,2250.8117025338447,2654.632836287009,2532.845063143748,1615.2339637768582,1212.2876424808815,-16.300233902507614,-9.38021044123873,PALAEOPROTEROZOIC,NAN,SAUSAR,SAUSAR,UNKNOWN,UNKNOWN,SAUSAR-GP-MANSAR-JUNEWANI-SITASAONGI-LOHANGI-BICHUA-FM-PALAEOPROTEROZOIC,1.087249184891352,6,6,6,4,1,0,1,0.9885995626883916,-0.1505686044709222,6.920023461268883,0.6383488152442948,0.24342653317690782,0.37299582480493715,0.3663069748768449,1.3277297578400236,1.3323850758215958,0.45666866824408736,2.7564330895023295,1.9871990427411403,2.189771421462875,4.53019064390588,0.608458518665655,1.3323850758215958,0.7209313539726541,-0.16891133848745235,0.14250866209534385,0.37299582480493715,0.14079373217702698,GONDITE_METAMORPHIC,0.95,1
MANSAR_574 HA,21.40479352372241,79.2748894825691,1,BASTAR_CRATON,412.1401314360572,3.119890814827306,199.50408090568564,605.9189410632026,735.623000940066,537.2627953850358,1271.0223557781899,1810.9868221999698,2506.6939433252105,1678.0478358662301,2497.605515312866,2189.8943063512042,745.4130599872296,-18.52801233589473,-12.547171097193198,PALAEOPROTEROZOIC,NAN,SAUSAR,SAUSAR,UNKNOWN,UNKNOWN,SAUSAR-GP-MANSAR-JUNEWANI-SITASAONGI-LOHANGI-BICHUA-FM-PALAEOPROTEROZOIC,0.2760813320851764,6,6,6,4,1,0,1,-0.3338739982540832,-0.942617713227283,5.980841238701531,0.5149548888870243,-0.13233043606469502,0.38483590846871185,0.3254720819262253,0.8866908724715106,2.937826583627197,0.44421442798632926,4.076020750154065,2.976924729889867,2.2511650569200023,3.123327814910968,1.3050249571197279,2.937826583627197,0.730350728522772,0.08844130287922072,0.49210561811581127,0.38483590846871185,-0.060057070043314474,GONDITE_METAMORPHIC,0.95,1
KANDRI_83065 HA,21.412109474323834,79.26700416526315,1,BASTAR_CRATON,513.0104640267365,1.7429365364640275,234.51133980667112,381.9387469598127,725.5887772081608,655.1091961461099,1337.081102985256,1658.0840290501656,2061.3759319901724,2619.241346522047,2314.4633657648633,2379.7304612864,1642.4252769135462,-15.027630416876121,-10.829253801143727,PALAEOPROTEROZOIC,NAN,SAUSAR,SAUSAR,UNKNOWN,UNKNOWN,SAUSAR-GP-MANSAR-JUNEWANI-SITASAONGI-LOHANGI-BICHUA-FM-PALAEOPROTEROZOIC,0.3969311671979262,6,6,6,4,1,0,1,-0.8142304333760294,-0.5805418170677142,4.1983766157323945,0.5998539631543478,0.04791202959248869,0.229209873904172,0.2676627029675723,1.715220567814816,1.4489124670009272,0.6270614498611878,3.6325706792903496,3.279723353995547,1.594740035814231,3.99817520183261,0.9085571528327323,1.4489124670009272,0.9028656669193534,0.005576450265918127,0.18331094870023915,0.229209873904172,0.26341159127585706,GONDITE_METAMORPHIC,0.95,1
PALASPANI,21.72361963263553,78.78589328821394,1,BASTAR_CRATON,333.35568035537176,2.013618469899509,298.70704933459257,362.8500095832144,896.5002344901084,767.4495490625459,947.7358712258197,1548.2990178649331,2247.1040570467394,2384.5058702754272,2434.6718294804223,1975.469913310989,1028.4863544704785,-19.898743510644845,-11.990347919798475,ARCHAEAN,NAN,TIRODI GNEISSIC COMPLEX,TIRODI GNEISSIC COMPLEX,GNEISS,UNKNOWN,TIRODI-GNEISSIC-COMPLEX-GP-ARCHAEAN,0.24912998303310865,6,6,4,3,0,1,0,-0.8770870732016967,0.4803314126959444,7.90839559084637,0.5130327385910458,0.09381610751382623,0.39731104734895556,0.4396087312314609,2.1150600156494757,1.9207546145882655,0.4313205376677729,2.5740713681439926,2.2035352977135783,2.3184613559453986,3.1070522747470424,0.8284609138975815,1.9207546145882655,0.8560505827898509,-0.0008080500899787887,0.31524545436363743,0.39731104734895556,0.35795779625547614,CRATONIC_BASEMENT,0.3,1
GANDHIGRAM,23.357141687230357,80.02807795176237,1,BASTAR_CRATON,307.2355757396131,8.207715330435045,74.31165783381715,497.9561454847978,615.6481769619857,413.7310283389681,978.3713733184493,1756.5965899151258,2121.574858698568,1998.244588035696,2607.3643703995895,2310.2101836361753,1613.850902364974,-20.1007149145684,-8.90063362741948,CENOZOIC,NAN,NAN,NAN,LATERITE,UNKNOWN,LATERITE-BAUXITE-CENOZOIC,0.845590146890454,9,10,6,4,0,0,0,0.9627467849177404,0.2704045638123628,11.200081287148919,0.6569359774131571,-0.07240776846010964,0.10641847276348304,0.45429811705470075,0.8308583622465617,1.4314892279201574,0.8076343162494332,5.583845590037749,3.7524843999113138,1.2381841370037583,4.829815620134555,1.1561198245260986,1.4314892279201574,0.6720250999662907,0.04362725780043874,0.1774588279417877,0.10641847276348304,-0.09238379070333075,LATERITE_WEATHERING,0.78,1
KURRO,23.491618713821843,80.14601156934084,1,BASTAR_CRATON,334.8418660773917,1.498359150487891,3.958498317052972,563.7678642089724,772.7840128081237,632.6528687062159,911.3633211628076,1738.303442308836,2385.091792009863,2031.1719017376904,2568.0788450071127,2944.396333341766,1536.4674109210364,-14.521639010596864,-6.3971398014670235,PALAEOPROTEROZOIC,NAN,MAHAKOSHAL,MAHAKOSHAL,UNKNOWN,UNKNOWN,MAHAKOSHAL-GP-AGORI-FM-PALAEOPROTEROZOIC,1.1621362482889743,8,8,7,5,0,0,1,0.06903387895350753,0.9976143160343242,8.12449920912984,0.5250041399207418,-0.18354173599348705,0.13866437925007585,0.4761440036210835,1.122186821470766,1.9163415445696983,0.7564438090395635,4.654047226102129,3.8101154795275525,1.3219752569943073,3.210563010139988,1.4496046983385291,1.9163415445696983,0.8186671274275333,0.15912365382294177,0.31420926911897307,0.13866437925007585,0.05757590331272769,OTHER_UNDIVIDED,0.1,1
MANSAKRA,23.49946637924275,80.12125103373398,1,BASTAR_CRATON,462.38619059318665,2.525337598253124,49.27882682477062,614.7142153166295,685.7013124897085,602.3853924876696,1064.8970211339529,2285.3432972691044,1941.8568747260792,2719.098256802051,2064.245171981568,2068.6971621039324,1074.8524118659845,-14.985959455729287,-12.603175965606663,CENOZOIC,NAN,NAN,NAN,LATERITE,UNKNOWN,LATERITE-BAUXITE-CENOZOIC,0.6407965930735181,8,8,7,5,0,0,0,0.7578933069362342,0.6523785214898318,2.3827834901226232,0.6372793267038207,0.13584563199880625,0.4333861950503261,0.319368085198215,0.9799438120972144,1.9246336867663179,0.3952973780119399,3.4341755037031407,3.016907101396388,2.5297410363082795,4.513884775756451,0.7608026507199994,1.9246336867663179,0.878495316600718,-0.11036494634274777,0.3161536748621051,0.4333861950503261,-0.010129674465241162,LATERITE_WEATHERING,0.78,1
DARSHANI,23.511020022875773,80.06771670231171,1,BASTAR_CRATON,409.5875998693716,5.358051082018956,324.00671106531786,443.2892589704848,706.8592278863257,693.8474084095512,1169.9537561669501,1886.5919650721391,2263.901168833002,2063.623280014317,2555.0395466888713,2217.992115001597,1016.8037621830638,-16.114790730148073,-13.706036965795139,CENOZOIC,NAN,NAN,NAN,LATERITE,UNKNOWN,LATERITE-BAUXITE-CENOZOIC,2.7709152082735384,8,8,7,5,0,0,0,-0.5876904879495162,0.8090858362211389,2.4087537643529338,0.49675083650334634,-0.03605387703223455,0.3398293493569286,0.37183577996990996,1.565224946924609,2.18133743728314,0.4927274137376867,3.196656908885859,3.137813052955535,2.0295197114084496,2.974174511612596,1.0748047550187574,2.18133743728314,0.9815920625422477,0.0747269813582461,0.3713335858127252,0.3398293493569286,0.22034128034584563,LATERITE_WEATHERING,0.78,1
JHANSI/SILUA,23.367520994696594,80.08390682604526,1,BASTAR_CRATON,332.3215816609665,1.767780459547129,314.6004279225055,566.2944666745036,832.8468426412531,643.4516291061458,1248.1001774883653,1524.4764998491526,2057.16659485433,2011.6623723510102,2333.82784874187,1878.5828749015825,1387.5925540965845,-18.790897009510143,-10.249773770700134,QUATERNARY,NAN,NAN,NAN,UNKNOWN,UNKNOWN,UNDIFF-FLUVIAL-AEOLIAN-COASTA-GLACIAL-SEDIMENTS-QUATERNARY,1.5846815265427843,9,9,6,4,0,0,1,-0.7120208018310594,0.7021583708536524,8.541123238810009,0.5153114864290812,0.0342085110210478,0.18359017831093422,0.3031126429676075,1.1362491880743408,1.3538432935529998,0.6897740756492574,2.9195401596724304,2.2556162507482322,1.4497500472759357,3.126361451627934,0.9338460070574641,1.3538432935529998,0.7725929851555169,-0.010965182339615529,0.15032576520400603,0.18359017831093422,0.06377963329410294,OTHER_UNDIVIDED,0.1,1
KEOLARI,23.381025566063705,80.05194381057986,1,BASTAR_CRATON,426.194068980202,3.4058166637357985,215.068716781311,476.9193224399434,730.7835756289624,537.2833735087299,1088.6073464536216,1687.0451991658115,2085.8786010361305,2584.3286355911823,2368.218524503879,2154.3753487806152,1088.9189907042323,-17.41582188134815,-9.968604408084483,CENOZOIC,NAN,NAN,NAN,LATERITE,UNKNOWN,LATERITE-BAUXITE-CENOZOIC,1.2626755795447768,9,10,7,5,0,0,0,-0.5745584605664725,-0.8184635455482946,7.4472174732636685,0.6557654364024995,0.09073225256057707,0.40710831302925504,0.37016940553203237,1.1265707785404673,1.9784532781532913,0.421354689680858,4.00975621244653,2.948034709152265,2.3732974218279836,4.809991818477888,0.8336305678299142,1.9784532781532913,0.7352154463940869,-0.06424391289742742,0.3285105347290513,0.40710831302925504,0.059518724659673644,LATERITE_WEATHERING,0.78,1
JHINNA,23.206483685413406,80.82221868842997,1,BASTAR_CRATON,388.7369794413236,6.940992252895073,216.18606975611522,466.18981600473444,733.8296079049633,584.904067076672,1052.0228715117735,2004.2766590858796,2120.185546578642,2384.6382190714785,2368.2992477504235,2238.081487494691,1325.621160539552,-16.52549349537301,-9.562681386485405,LATE CRETACEOUS - PALAEOCENE,DECCAN TRAP,NAN,NAN,UNKNOWN,UNKNOWN,DECCAN-TRAP-LATE-CRETACEOUS-PALAEOCENE,10.23097529634393,5,5,5,3,0,0,1,-0.5904094550178447,-0.8071038814338162,6.962812108887604,0.6060644968027079,0.03170357297175361,0.2854293864375381,0.3848398864074669,1.2546478832049048,1.6883266142910875,0.555900324578299,3.826407798554262,3.049865337042485,1.7988836390496388,4.076973215304922,0.9385413135865974,1.6883266142910875,0.7970570551786249,-0.004907189857408069,0.25604277820497007,0.2854293864375381,0.11294352756669951,OTHER_UNDIVIDED,0.1,1
UKWA,21.97589778837824,80.46678609304924,1,BASTAR_CRATON,467.17804914796,10.451666453811336,239.41320283665198,550.6927949989338,787.2507337309802,532.4371557516162,1122.763698837311,2217.688554573985,2155.492887213869,2065.5186058659,2312.439252800435,2158.4527020810415,1179.2931022982705,-19.191787937148227,-10.89264103046869,ARCHAEAN,NONE,TIRODI GNEISSIC COMPLEX,NONE,GNEISS/MIGMATITE,NONE,ARCHAEAN-GNEISS-MIGMATITE,0.14852367112306197,44,143,7,3,0,1,0,-0.860859304075859,-0.5088430588954003,8.299146906679537,0.5901106832433743,-0.02200159267613736,0.2731207795708775,0.34631885520755706,0.9668496839254949,1.8302936700335461,0.5709428607315538,4.053910728638286,2.741760162114843,1.7514887521083744,3.8793660053095653,1.0449931048339256,1.8302936700335461,0.6763247492345128,0.014071421160726098,0.2933595476937454,0.2731207795708775,-0.01685452352029683,GRANULITE_KHONDALITE,0.85,1
LUGMA-UKWA,21.98078377956921,80.46339799657144,1,BASTAR_CRATON,316.8152215510383,0.5567865776019258,63.133660304441854,532.1858302730735,643.5047270457114,738.3607852458458,974.7285647554966,1482.8033375524083,2074.4296105131693,2354.1562438511546,2647.9268742767663,1794.091404087343,854.7103963835916,-17.478057316046467,-10.401278597650863,ARCHAEAN,NONE,TIRODI GNEISSIC COMPLEX,NONE,GNEISS/MIGMATITE,NONE,ARCHAEAN-GNEISS-MIGMATITE,0.7965704553530017,44,154,8,4,0,1,0,0.8920631734575681,0.45191071525337023,7.0767787183956035,0.5224855491109867,0.13501239249954794,0.4672820703108398,0.4618706739347998,1.3874115804240201,2.0990635068665955,0.36306443051643417,2.42983029097374,2.7880003454456355,2.754332053357034,3.1883549176828994,0.7620952976299913,2.0990635068665955,1.1474053772506179,-0.06530786509320888,0.35464375144342386,0.4672820703108398,0.16227264099734998,GRANULITE_KHONDALITE,0.85,1
JAGANTOLA,21.956187912767057,80.44079290634113,1,BASTAR_CRATON,350.5104068062009,9.140819670647275,329.1883005329855,353.88862744126004,596.0790332660994,622.3442813539136,1413.4308082542161,1424.015122972191,2147.2369002975156,2043.5618290899306,2329.070510037697,2161.908531397635,742.3829952188853,-14.69533932364664,-9.264979178918797,PALAEOPROTEROZOIC,NONE,SAUSAR,CHORBAOLI,QUARTZ MICA SCHIST,NONE,PALAEOPROTEROZOIC-QUARTZ-MICA-SCHIST,0.13790870091226703,55,88,6,2,1,1,0,-0.5122182488407453,0.8588553228306385,5.430360144727844,0.5331086273575821,-0.028141133365601183,0.46705118566977094,0.24465982070962142,1.7585879605544121,2.912120216126576,0.36327894966907626,3.4738144025692277,3.626882354718962,2.7527055973779384,3.2836516491490824,1.0579119748495676,2.912120216126576,1.0440633633762213,0.07464772412551753,0.4887682667806145,0.46705118566977094,0.2749913993054988,GONDITE_METAMORPHIC,0.95,1
GHONDI,21.94463218582956,80.43002461597666,1,BASTAR_CRATON,344.7102662181058,2.371259733484357,150.75738896114632,598.1232279780717,575.5190805978966,829.1309754328308,858.8508459322912,2174.1930350743564,2447.1859726636803,2575.2053496056515,2070.113467904208,2538.658781615291,1356.6710621236493,-13.145389271421568,-7.919138214710323,PALAEOPROTEROZOIC,NONE,SAUSAR,CHORBAOLI,QUARTZ MICA SCHIST,NONE,PALAEOPROTEROZOIC-QUARTZ-MICA-SCHIST,0.19439111512286839,66,121,7,2,1,1,0,0.48850871886552616,-0.8725590132434381,5.226251056711245,0.5128971426288753,0.007146566088858595,0.30991164512115477,0.41354639106947677,1.3862209913656913,1.8712411951723873,0.5268205356145985,3.0618308250131476,4.411076648521968,1.8981796100791033,3.1059089851942985,0.9858082894314564,1.8712411951723873,1.4406663513758657,0.02972904165410037,0.30343713282407714,0.30991164512115477,0.16185466242862276,GONDITE_METAMORPHIC,0.95,1
JAGANTOLA,21.950497721799515,80.43280255282838,1,BASTAR_CRATON,248.28365466810934,1.0455740902298851,137.92987016981908,590.4073083317961,483.36434106239983,613.3273104803917,1127.7110868343586,1877.9228354741808,2316.798930835348,2565.342741218283,2251.6175360075677,2234.5907293543582,1159.6105634173437,-16.838869505317103,-13.910097540636565,PALAEOPROTEROZOIC,NONE,SAUSAR,CHORBAOLI,QUARTZ MICA SCHIST,NONE,PALAEOPROTEROZOIC-QUARTZ-MICA-SCHIST,0.2547808664689803,55,110,6,2,1,1,0,0.6700397115181809,-0.7423252555239064,2.9287719646805375,0.6140981600404359,0.06890762420412422,0.37738249649308425,0.33258276251791413,1.038820659545248,1.9270182576140529,0.4520294868726252,3.6433902217083953,4.622994571382521,2.2122450587601032,4.18266510099852,0.8710690749346345,1.9270182576140529,1.268871650447923,-0.05127398868174237,0.3167107878691767,0.37738249649308425,0.019040743508873796,GONDITE_METAMORPHIC,0.95,1
BALAGHAT,21.84989564955117,80.23182195413469,1,BASTAR_CRATON,406.65082493581184,2.1510543857974413,186.81037390182152,429.95498387923766,885.6207129940321,542.075255639849,1403.540932884446,1626.3414536247267,2291.214010349317,2433.0015497054856,2394.673679202619,2388.5961567215522,1161.727545771467,-14.487023291367803,-10.737878878062924,PALAEOPROTEROZOIC,NONE,SAUSAR,MANSAR,PHYLLITE,NONE,PALAEOPROTEROZOIC-PHYLLITE,0.18886271070928973,44,88,5,1,1,1,0,-0.11858375145154722,-0.9929440537571478,3.7491444133048795,0.6355890678293116,0.009209684357434602,0.35364946003300846,0.2609470099196456,1.2607721149973476,2.0560725820435697,0.4774873840234942,4.406392152129753,2.697087047511908,2.094296168208277,4.488309547251581,0.9817487194074919,2.0560725820435697,0.612085113948116,0.011687819686863207,0.3455652817637499,0.35364946003300846,0.11534648520887227,GONDITE_METAMORPHIC,0.95,1
BHARWELI & AWLAJHARI,21.83678791366742,80.22581098164542,1,BASTAR_CRATON,403.49497449619,13.69778584153207,16.907748039019815,511.6642826749927,569.6791634278317,453.491416812589,1101.0199766839996,1906.925817224487,1999.7813042747484,2390.415265311754,2657.3036960742625,2028.8964089962117,1473.9659597734462,-19.828120141174935,-9.572382412117873,PALAEOPROTEROZOIC,NONE,SAUSAR,MANSAR,PHYLLITE,NONE,PALAEOPROTEROZOIC-PHYLLITE,0.07286179198610257,55,88,5,1,1,1,0,0.2908315796844809,0.9567742640028678,10.255737729057062,0.6810785529612532,0.08180433580538293,0.2371529235656478,0.41408985879973575,0.8863065710887984,1.3764879671519497,0.6166150210576902,4.473946648830912,3.5614720279158765,1.6217574414387506,5.27113672148835,0.8487631574268931,1.3764879671519497,0.7960470474079246,-0.0779448909176243,0.15842199625423956,0.2371529235656478,-0.06027303763839933,GONDITE_METAMORPHIC,0.95,1
BOTEJHARI,21.83160109021648,79.95228106603247,1,BASTAR_CRATON,380.46021109782146,2.374719524335759,59.86201275218859,519.5224149026191,657.8746376414229,421.65463561184606,1071.4941447497758,1272.8504521966245,1904.3670177897686,2740.2970312168436,2500.7736712372084,2324.9700718271133,1593.3605691581113,-14.681097517772777,-11.835952209221471,PALAEOPROTEROZOIC,NONE,SAUSAR,MANSAR,SCHIST,NONE,PALAEOPROTEROZOIC-SCHIST,0.8845408737937671,22,44,4,3,1,1,0,0.864818727549111,0.5020842244886174,2.845145308551306,0.7332946987128389,0.08199507565122197,0.26465784045671714,0.40010424741696804,0.8116197159255634,1.4591612942928562,0.581455422687925,5.513920327093102,3.5340624721883334,1.7198222941747079,6.498913549809776,0.8484372476753955,1.4591612942928562,0.6409346262117738,-0.08544069094374722,0.18671459085911435,0.26465784045671714,-0.1039844513136951,GONDITE_METAMORPHIC,0.95,1
BOTEZHARI,21.821632427887145,79.9510702417023,1,BASTAR_CRATON,358.8871579962368,1.3951561123517493,265.69210191349333,500.85390126591255,652.3186700111079,445.7450462693961,1046.383186578436,1800.675101319432,2310.1661228123057,2299.921581847056,2137.366180313239,2183.7803514649577,1231.8638196595477,-17.607896829454962,-6.537660736465401,PALAEOPROTEROZOIC,NONE,SAUSAR,MANSAR,SCHIST,NONE,PALAEOPROTEROZOIC-SCHIST,0.4699868448791305,33,77,5,3,1,1,0,-0.9971747884123052,-0.0751161857050422,11.07023609298956,0.6753101472389345,0.025902977513584287,0.302412983934267,0.3426723864439329,0.889970197402479,1.7727449372575514,0.5356112264204385,4.899169076230119,3.347720138195725,1.8670258378200142,5.15972436695869,0.9495020907459254,1.7727449372575514,0.6833240654885467,-0.03153602150316905,0.278693120195048,0.302412983934267,-0.05821774372535222,GONDITE_METAMORPHIC,0.95,1
BHAIYATIKUR,21.90603366384249,80.01365471276877,1,BASTAR_CRATON,252.6166332154627,3.5122019588518083,29.807520453045527,435.9755876923664,710.74066978091,649.3839316112632,1072.9412477356389,1865.564234568617,2292.7302943565546,2004.5314686447996,2971.297479169723,1814.7267810938304,1214.8503232725345,-15.38530876658406,-11.270819760457474,ARCHAEAN,NONE,TIRODI GNEISSIC COMPLEX,NONE,GNEISS/MIGMATITE,NONE,ARCHAEAN-GNEISS-MIGMATITE,0.11153309424519534,33,88,5,2,0,1,0,0.497087856747265,0.8677002147483949,4.114489006126586,0.510621980034542,0.049696740856490056,0.2452896848424657,0.46939766891983215,1.4894960829320245,1.4937863083507905,0.6060520084964315,2.794536005528442,2.5532896254550073,1.6500234050191611,3.0868202429713647,0.9053121931856712,1.4937863083507905,0.9136721146093517,0.004812537383055702,0.19800666461293223,0.2452896848424657,0.19662456534144165,GRANULITE_KHONDALITE,0.85,1
KATANGJHARI-II,21.842936063782457,79.96522425620074,1,BASTAR_CRATON,342.1419209511177,0.9611996370046103,217.13475940789976,426.2701305649559,761.5737212539296,675.9597525552928,1305.9272712014795,1984.854027907566,2423.987548665216,2412.368478208077,2416.193827744495,2195.5563014396625,1425.035758278471,-16.49550483647942,-10.082585374014565,ARCHAEAN,NONE,TIRODI GNEISSIC COMPLEX,NONE,GNEISS/MIGMATITE,NONE,ARCHAEAN-GNEISS-MIGMATITE,0.21378531634419165,33,44,3,2,0,1,0,-0.6036917438547382,-0.7972178362289852,6.4129194624648544,0.5622487622247755,0.04705202169943772,0.25729181989341227,0.29828867109109664,1.58575443715387,1.540702601421963,0.590720601168805,3.248057728129325,2.882920244335326,1.6928476794361396,3.5688048963269345,0.9101247675729919,1.540702601421963,0.8875828206818159,0.005757715361115578,0.2128161721175407,0.25729181989341227,0.2265313484851013,GRANULITE_KHONDALITE,0.85,1
NETRA,21.88034184969703,79.98231352279275,1,BASTAR_CRATON,349.15569351259074,0.5,88.32567948527554,477.95567432068435,766.0473488359745,446.0690227764653,768.220713300574,1597.2208095414924,1967.1242622867694,2821.5117623842784,2668.8476844997535,1802.491000967907,960.7661075751062,-13.359171980432333,-8.887955806315418,ARCHAEAN,NONE,TIRODI GNEISSIC COMPLEX,NONE,GNEISS/MIGMATITE,NONE,ARCHAEAN-GNEISS-MIGMATITE,0.008161177020468719,55,121,6,3,0,1,0,0.9995730558857677,0.029218246819203483,4.471216174116915,0.7269729182117173,0.22037633049709784,0.4919642919670493,0.5529790945861227,0.9332853354595597,1.8760976109379492,0.3405146560235176,4.040834276515855,2.3529759633707434,2.93673115360908,6.325280644903507,0.6388387333200053,1.8760976109379492,0.5822995443714769,-0.18942000923082264,0.3046133095924632,0.4919642919670493,-0.0345084407482651,GRANULITE_KHONDALITE,0.85,1
G. F. S. R. ( GULLA),21.881327127424868,79.97248365744773,1,BASTAR_CRATON,307.7950457700543,0.5,140.14642105511155,573.8183215407491,621.6922561431062,718.4542145483726,1330.015055194449,1817.1374322806719,2049.4992958207235,2046.310126703537,2312.0713916056925,1910.1359175345624,1355.7882636869242,-17.748871296679837,-11.18256957760379,PALAEOPROTEROZOIC,NONE,SAUSAR,SITASAONGI,QUARTZ MUSCOVITE SCHIST,NONE,PALAEOPROTEROZOIC-QUARTZ-MUSCOVITE-SCHIST,0.6271007205958924,55,88,4,3,1,1,0,0.6408278637047398,-0.7676846026198647,6.566301719076048,0.4802781531367774,0.03441831573385695,0.20296939817028387,0.269641138530475,1.2520586853469677,1.408874797994838,0.6625526821823688,2.65867452121026,3.072478216653858,1.5093139393532562,2.8482122902454616,0.9334537769591184,1.408874797994838,1.1556428543117483,0.0016121427940054428,0.16973684106486822,0.20296939817028387,0.11192367620333377,GONDITE_METAMORPHIC,0.95,1
G. F. SONEWANI,21.87068840217288,79.9593601022736,1,BASTAR_CRATON,365.4842859500592,0.5,103.92974523745195,523.4880123675546,663.2878286213588,566.8632843148216,886.4064271324783,1614.9150747880826,1739.3134842444044,2209.6343083265037,2483.339811176362,2156.7984921877123,1437.9714929555385,-14.744787404876337,-13.693146095608835,PALAEOPROTEROZOIC,NONE,SAUSAR,SITASAONGI,QUARTZ MUSCOVITE SCHIST,NONE,PALAEOPROTEROZOIC-QUARTZ-MUSCOVITE-SCHIST,0.3654026675827986,44,55,3,2,1,1,0,0.9705916358223979,-0.24073195980509438,1.0516413092675023,0.5916702495164846,0.012100453285452764,0.21155323716400273,0.4739031578744121,1.0828581931957477,1.499889602300002,0.6507735179916861,3.8047948210120555,3.2516780737842446,1.5366329010099449,3.8980021560213207,0.9760884337667188,1.499889602300002,0.8546263914391711,-0.0017337215512431966,0.1999646714540942,0.21155323716400273,0.03978100639625453,GONDITE_METAMORPHIC,0.95,1
KATANGJHARI,21.84287115770961,79.95735393734299,1,BASTAR_CRATON,416.3645771133084,0.5766596554483554,128.0421779273817,450.3508534331115,708.2579950488299,636.1472313184104,1060.0021506148378,1851.0767511348633,2013.656356666608,2404.111509525363,2559.8671261296013,2189.1732820140373,1470.0575521044073,-16.55901492659307,-10.857309053833067,PALAEOPROTEROZOIC,NONE,SAUSAR,MANSAR,SCHIST,NONE,PALAEOPROTEROZOIC-SCHIST,0.548448968697189,33,44,3,2,1,1,0,0.787557324814025,-0.6162413976127995,5.701705872760002,0.5815177023830432,0.04679401282943246,0.24109788249326525,0.41434230366720254,1.4125591748219817,1.4891752213313219,0.6114764417825029,3.4412997035854302,3.0909263209548117,1.6353859782213689,3.7791746743339356,0.9105955661497765,1.4891752213313219,0.8981857386253244,-0.005130803457741833,0.19652100736802883,0.24109788249326525,0.17100479082462902,GONDITE_METAMORPHIC,0.95,1
RAMRAMA,21.858962838581515,79.93513759698273,1,BASTAR_CRATON,549.7567311089477,0.523110231236308,258.85652586632835,541.7358968518676,655.1308873816453,797.3442691080967,1035.6133369552008,1620.9307355273952,2319.2455123274785,2286.523787748565,2654.5486779385637,1743.2302604768613,815.8118243743838,-16.31661095601933,-7.941118888145919,PALAEOPROTEROZOIC,NONE,SAUSAR,MANSAR,SCHIST,NONE,PALAEOPROTEROZOIC-SCHIST,0.41622561976703765,33,121,4,3,1,1,0,-0.9811463022568435,-0.1932664833014835,8.37549206787341,0.48289339579445956,0.13482051773758558,0.4740660414537476,0.4387166021466008,1.471832072177212,2.1368043539659114,0.3567913128167737,2.186295588780653,2.6608885207399133,2.8027588184312693,2.8676744456175487,0.7623932316186165,2.1368043539659114,1.2170762869657357,-0.05358428729309175,0.3624084344802712,0.4740660414537476,0.19088354720130157,GONDITE_METAMORPHIC,0.95,1
ARJUNI,21.75209040618444,79.88663700568405,1,BASTAR_CRATON,395.7120031548655,3.5842941787653224,106.96381762434301,252.11659034959396,840.7345576019993,718.6523247452085,1188.282990465608,1718.3798321679558,1997.3710165697964,2054.4241049056714,2614.342076344556,2416.195731354863,1109.6611825477648,-16.36770778631842,-10.673790253570278,ARCHAEAN,NONE,TIRODI GNEISSIC COMPLEX,NONE,GNEISS/MIGMATITE,NONE,ARCHAEAN-GNEISS-MIGMATITE,0.07759900956325182,66,66,4,2,0,1,0,0.9564891984617025,-0.29176773849431986,5.6939175327481415,0.4816930991862127,-0.08092202862654378,0.2985895878994129,0.37501964049802566,2.850476126534248,2.1774175461647647,0.5401324776894508,3.362120520307761,2.873910328335487,1.8513976476471383,2.858717673772684,1.176093935234326,2.1774175461647647,0.8547909888945292,0.15222352207168963,0.37055801762255575,0.2985895878994129,0.4805837173612737,GRANULITE_KHONDALITE,0.85,1
SELWA,21.75856530666517,79.82624997705136,1,BASTAR_CRATON,403.1795351650488,0.7026122496206857,203.90567050688298,571.9012560297683,729.0974951638251,590.4616287303585,860.2813472174379,1600.8369210419542,2240.9055549441814,2580.4644640576175,2568.0492500182445,2271.601883490142,1080.4341867941334,-17.691346208988225,-11.692868602917958,ARCHAEAN,NONE,TIRODI GNEISSIC COMPLEX,NONE,GNEISS/MIGMATITE,NONE,ARCHAEAN-GNEISS-MIGMATITE,0.7007131520019539,44,44,3,1,0,1,0,-0.405232067609304,-0.9142138542929047,5.998477606070267,0.6275778042338443,0.0636558856331219,0.4097437323223195,0.498133961666262,1.0324538046952116,2.102489822288902,0.41869756449833895,3.8471625743530478,3.1156352825819096,2.3883587665122095,4.370249198472081,0.8803073687896806,2.102489822288902,0.8098527725538702,-0.0482676238435383,0.35535646734243914,0.4097437323223195,0.01596779536577565,GRANULITE_KHONDALITE,0.85,1
THOMSON GAZELLE,21.80031960805521,79.85838293883118,1,BASTAR_CRATON,373.29986758104496,1.4844876052818183,171.37814479167588,340.82289769775207,753.4877786049817,521.9688552043184,1169.3258999122913,1930.2272483647314,2058.0893166804817,2880.010180504315,2271.2283172014727,1888.581469316735,1324.9717386023033,-16.02819793181334,-8.148655580994557,ARCHAEAN,NONE,TIRODI GNEISSIC COMPLEX,NONE,GNEISS/MIGMATITE,NONE,ARCHAEAN-GNEISS-MIGMATITE,0.8910407675885107,22,33,2,1,0,1,0,0.1499124890736926,-0.9886992695555762,7.8795423508187845,0.6931381116273333,0.20790807512672577,0.36980859167703234,0.3202688716509412,1.531495850773835,1.425374906398835,0.46005800504157635,3.6181880333823453,2.5064526863419463,2.1736389497399875,5.517590075100132,0.6557551363690918,1.425374906398835,0.6927369883529659,-0.14388698044343864,0.17538521819093092,0.36980859167703234,0.20995327862988242,GRANULITE_KHONDALITE,0.85,1
SELWA,21.74961465404628,79.81389403242095,1,BASTAR_CRATON,207.31059062308626,7.948409437949252,238.92161953055333,451.00472468774944,746.2881268667413,383.3003058537764,1403.6464434930278,1971.690223331333,2171.2925462087433,2349.032864755977,2207.0634895109847,1638.7245610652474,1420.186144941996,-16.12529644424364,-10.661549792046106,ARCHAEAN,NONE,TIRODI GNEISSIC COMPLEX,NONE,GNEISS/MIGMATITE,NONE,ARCHAEAN-GNEISS-MIGMATITE,0.04289671156815686,44,44,3,1,0,1,0,-0.8564619281876363,-0.5162101951386819,5.4637466521975355,0.7194336983963378,0.17812224457618028,0.24642949034738623,0.2225094401662518,0.8498809081640359,1.15388012039668,0.6045833439137281,4.2753019806227215,2.195833619582732,1.6540316714594379,6.128439823170033,0.697616702156215,1.15388012039668,0.5136090090960408,-0.16134438933630235,0.07144321526700058,0.24642949034738623,-0.08115067783886806,GRANULITE_KHONDALITE,0.85,1
BORIKHEDA,21.729237721147253,79.68164076030658,1,BASTAR_CRATON,377.61375120957047,2.248333995763078,337.25870615691287,390.4264084299085,797.3473857485325,540.8931348833338,895.5238993110784,1753.0758860085173,1847.5078942405532,2073.982927566,2433.1518775810496,2056.528626275571,1674.1776018614953,-15.517519503186541,-11.020321627300435,ARCHAEAN,NONE,TIRODI GNEISSIC COMPLEX,NONE,GNEISS/MIGMATITE,NONE,ARCHAEAN-GNEISS-MIGMATITE,0.24445025762153993,33,110,5,2,0,1,0,-0.3865708277178164,0.9222597221811014,4.497197875886107,0.586295394306504,0.004225699664238957,0.10666707641225415,0.4619338382194942,1.3853907466790816,1.2283813991780579,0.807228246097021,3.802097844922822,2.5792128505767073,1.238806996355201,3.8343672529306065,0.9915841629889898,1.2283813991780579,0.678365720980184,0.026277531309071792,0.1024875723067896,0.10666707641225415,0.16156294300081492,GRANULITE_KHONDALITE,0.85,1
CHAKEHATI,21.65204226531928,79.70255860804342,1,BASTAR_CRATON,385.42071889469236,3.854511792783332,263.72595499569013,376.42548194232756,698.1021558703707,596.7756737289536,1128.4559251415594,1807.6475989920057,2118.7460789194583,1912.7598687366312,2583.2820180852673,1966.216885841652,1176.2586299079817,-15.830989708614275,-9.701087820673381,PALAEOPROTEROZOIC,NONE,SAUSAR,MANSAR,SCHIST,NONE,PALAEOPROTEROZOIC-SCHIST,0.019655591834573344,44,99,3,1,1,1,0,-0.9940105631259787,-0.10928403540304803,6.129901887940894,0.5243935270947975,-0.013781216148858109,0.2384256484425014,0.39195280345869227,1.5853753286420995,1.6715855120432848,0.6149536324546275,3.294733631250432,2.816517420109841,1.62613885966569,3.2051572303200486,1.0279475834634595,1.6715855120432848,0.8548543617231193,0.0564297546173722,0.25138087845812407,0.2384256484425014,0.22641793043106082,GONDITE_METAMORPHIC,0.95,1
SUKLI,21.666481936626024,79.67267331434945,1,BASTAR_CRATON,601.6917901236758,0.6619498098962577,77.37853629267244,572.8661429902816,550.3168052044153,511.41025201336976,1000.7026733305087,1510.2817170732912,1441.950086401841,2364.4939953052954,2294.3198248058484,2133.942137115907,1175.6068754226965,-14.404010900775528,-8.458499580762425,ARCHAEAN,NONE,TIRODI GNEISSIC COMPLEX,NONE,GNEISS/MIGMATITE,NONE,ARCHAEAN-GNEISS-MIGMATITE,0.33127376874237174,33,55,2,1,0,1,0,0.9758349743082682,0.21850881656533153,5.945511320013104,0.6443482060904117,0.05125155750828599,0.33583424963319763,0.3925973652120444,0.8927220736962344,1.8151834426227318,0.49719173626986285,4.17266201555822,3.877661218151592,2.011296499472947,4.62347788565647,0.9024942082535868,1.8151834426227318,0.9293015336758701,-0.0523057111895907,0.28956672276883694,0.33583424963319763,-0.056679174427684255,GRANULITE_KHONDALITE,0.85,1
SITAPATHORE,21.67571278152681,79.67222109714086,1,BASTAR_CRATON,362.68751316969895,0.7474284334828327,11.225928622062483,442.5839038950487,719.9687951752642,605.5617336198464,1163.8830809289555,1740.0646703986426,2058.8828452043635,2575.969335829064,2616.2929914285965,1991.06500165333,1587.4180047196867,-14.152982767905263,-5.236572936534908,PALAEOPROTEROZOIC,NONE,SAUSAR,MANSAR,SCHIST,NONE,PALAEOPROTEROZOIC-SCHIST,0.05396834340272866,33,66,3,1,1,1,0,0.19467825259079194,0.980867156126759,8.916409831370355,0.6193268456533398,0.12807092980389007,0.2374391931406611,0.38421752910827006,1.3682416529888162,1.2542789577031679,0.6162410328508597,3.2879637001886537,2.765487910351936,1.622741663851292,4.253850909926105,0.7729381608650153,1.2542789577031679,0.8410944152535643,-0.07514033499451633,0.11279835508565478,0.2374391931406611,0.1554915879397438,GONDITE_METAMORPHIC,0.95,1
SITAPATHORE,21.686812885453996,79.68362738877964,1,BASTAR_CRATON,407.1392608100251,0.5,94.41505594793703,507.7203105384573,614.8643106208172,628.4537071254645,1102.872166612363,1789.959076591651,1741.295886382669,2418.7919366238452,2713.1541863715447,1497.762941776497,1374.1442346325762,-18.101246643655603,-8.345527784685153,ARCHAEAN,NONE,TIRODI GNEISSIC COMPLEX,NONE,GNEISS/MIGMATITE,NONE,ARCHAEAN-GNEISS-MIGMATITE,0.25184606092164247,33,77,4,2,0,1,0,0.997032557894467,-0.07698102687296626,9.75571885897045,0.5875267169823679,0.23516305099964938,0.2754192674351826,0.4219787471011718,1.2377950868681413,1.0899605026447707,0.5681117971570956,2.383251021374328,2.435924338864796,1.7602169218505463,3.848798893777802,0.6192194204383938,1.0899605026447707,1.0221014543335991,-0.15838878644871068,0.04304411650777828,0.2754192674351826,0.10626312044081328,GRANULITE_KHONDALITE,0.85,1
SITAPATHORE,21.693694136050613,79.66752784240225,1,BASTAR_CRATON,376.8759407265281,0.6476657042295331,214.22805505209175,476.2463536896653,627.1383318250244,595.2658420011113,1003.7769636433536,2324.158618205995,2365.3187936402996,2299.3990397702864,2120.919770231645,1983.4959185096525,1616.9128777969934,-14.262454998818457,-7.680320067223311,PALAEOPROTEROZOIC,NONE,SAUSAR,MANSAR,SCHIST,NONE,PALAEOPROTEROZOIC-SCHIST,0.01054498752826894,44,121,4,3,1,1,0,-0.5624882929632936,-0.8268052493055665,6.582134931595146,0.5887151939113627,0.0737592502884416,0.17426757014363906,0.3575203936176488,1.2499115975155386,1.2267178674372377,0.703189333007348,3.3321178122863495,3.162772572958095,1.4220921052228073,3.8628103171140524,0.8626149195248825,1.2267178674372377,0.9491778940057143,-0.03677038881259014,0.10181706060347606,0.17426757014363906,0.11107618623383098,GONDITE_METAMORPHIC,0.95,1
DONGRI BUZURG_4625 HA,21.546671677313302,79.68345048214123,1,BASTAR_CRATON,274.8189766142421,1.1429184152090093,18.513292854330125,518.1632661778497,738.6364018755094,548.4997161094194,1173.1808427306612,1577.6065948451674,2271.0296176081924,2152.6820870526735,2140.76982405093,2008.314266679506,1372.182000752459,-18.372672854219708,-11.01193239797571,ARCHAEAN,NONE,TIRODI GNEISSIC COMPLEX,NONE,GNEISS/MIGMATITE,NONE,ARCHAEAN-GNEISS-MIGMATITE,0.4010322747192081,44,99,4,2,0,1,0,0.3175246628159884,0.9482500137113592,7.360740456243997,0.5938816737442343,0.03469549311404277,0.22142700161945544,0.2919744674316433,1.0585461202157298,1.463591756862152,0.6374290046672622,3.6614681904728683,2.718948401217628,1.5688021591184054,3.9246731035655906,0.9329358374957432,1.463591756862152,0.7425841915915755,-0.021813083655640917,0.18817718329330252,0.22142700161945544,0.028440520020745538,GRANULITE_KHONDALITE,0.85,1
CHIKLA 15065 HECT,21.54296305783481,79.75313137091398,1,BASTAR_CRATON,482.85405330635183,0.6818413611908778,178.69184899244507,486.14575128482045,803.8283071433635,638.55201391634,1370.6522164680114,2092.8354477504877,2202.667616032538,2026.9590918204776,2314.906235273666,2290.0983074322176,1010.7208453216823,-14.82428822372453,-12.051736211938952,PALAEOPROTEROZOIC,NONE,SAUSAR,SITASAONGI,QUARTZITE,NONE,PALAEOPROTEROZOIC-QUARTZITE,0.03681176917326385,88,154,4,2,1,1,0,0.02282955864502008,-0.9997393716624716,2.772552011785578,0.520878369028392,-0.060953374304529115,0.3345442137397546,0.2562037832023059,1.3134991119746091,2.2658069394398814,0.49863899518331284,3.586392735339274,2.848989372770107,2.005458875412724,3.1743053728928254,1.1298196966795153,2.2658069394398814,0.7943885621436134,0.07636239882332188,0.38759392820886496,0.3345442137397546,0.1355086381528925,GONDITE_METAMORPHIC,0.95,1
HATODA,21.635911906463942,79.81183227850154,1,BASTAR_CRATON,447.67397294180967,0.5,214.86342561008013,377.3606220649144,682.1271576736061,668.6134714526349,1071.364431240905,1999.3717546931616,2434.6213699750638,2508.6878315812205,2426.903167047299,1890.5400976166852,966.7179113055483,-14.760522430594262,-9.875337300761753,ARCHAEAN,NONE,TIRODI GNEISSIC COMPLEX,NONE,GNEISS/MIGMATITE,NONE,ARCHAEAN-GNEISS-MIGMATITE,0.5439834438345622,44,77,4,2,0,1,0,-0.5716222182710634,-0.8205169343644705,4.885185129832509,0.5791312135844511,0.14051277719013913,0.4436805466492636,0.38748857751253984,1.771815686602835,1.9556274623151355,0.38534802885813024,2.827553101318359,2.7715361770565385,2.5950567374904554,3.752074905668219,0.7535971885635069,1.9556274623151355,0.9801889031258505,-0.06003356407220369,0.3233247340992775,0.4436805466492636,0.2784513028709946,GRANULITE_KHONDALITE,0.85,1
HATHODA,21.634113885828736,79.80631848293216,1,BASTAR_CRATON,451.19287523387425,0.5,120.32780069410589,559.7013455557712,710.8833012598964,500.05610148128693,1207.9636913222273,1856.1272808980273,1891.2383654185357,2528.4429053463964,2218.858246558237,2603.6024020117698,912.1219377352677,-19.82263378332501,-9.785660169480808,ARCHAEAN,NONE,TIRODI GNEISSIC COMPLEX,NONE,GNEISS/MIGMATITE,NONE,ARCHAEAN-GNEISS-MIGMATITE,0.13423718798579357,44,77,4,2,0,1,0,0.8631506452926818,-0.5049464957110079,10.036973613844202,0.669766375561752,-0.014645135058134983,0.4697836084651815,0.2949947716181212,0.8934338010056209,2.8544455422505015,0.3607445259870571,5.206620595354502,3.662489178934044,2.772044830817567,5.056318466668479,1.0297256052239594,2.8544455422505015,0.7034292406244593,0.0025056115648016664,0.4811186260175018,0.4697836084651815,-0.05628197677210247,GRANULITE_KHONDALITE,0.85,1
HATHORA,21.632863162041303,79.798336228406,1,BASTAR_CRATON,298.1551290684735,2.161702701778827,277.5283933484959,440.499473347095,850.2214944635238,775.2025617720897,906.0090563193255,2151.7240968390265,2484.4199035414226,1913.5675533273168,2688.050669716786,1526.5078348044729,1465.5129586896182,-15.81404150694118,-12.157025482729194,PALAEOPROTEROZOIC,NONE,SAUSAR,MANSAR,BIOTITE SCHIST,NONE,PALAEOPROTEROZOIC-BIOTITE-SCHIST,0.2353889030246759,44,77,4,2,1,1,0,-0.9913800564157,0.13101749402733748,3.657016024211986,0.42337758246385565,0.11251489422170208,0.13259660221521719,0.49582971590376,1.7598263038136177,1.0416201540297347,0.7658537872757751,1.9691728434768703,1.7954237136432916,1.305732263010893,2.4684742352817888,0.7977287404107829,1.0416201540297347,0.9117654233729585,-0.011245518272659329,0.02038584632402864,0.13259660221521719,0.2753167128792907,GONDITE_METAMORPHIC,0.95,1
TIRODI,21.677715339811563,79.7223753466452,1,BASTAR_CRATON,506.2514879842489,0.808822722207838,38.37537112815785,355.47344810721995,704.0753179488569,609.1553054487312,956.5345434772987,1874.4210945213727,2305.0821441372846,2697.459744545171,2456.016715379613,2493.3502493407873,1597.149205771752,-16.93699222672063,-10.350589059808026,ARCHAEAN,NONE,TIRODI GNEISSIC COMPLEX,NONE,GNEISS/MIGMATITE,NONE,ARCHAEAN-GNEISS-MIGMATITE,0.11416495778723165,33,66,2,1,0,1,0,0.6208108484259102,0.7839603883339398,6.5864031669126035,0.6315535394628828,0.0393213189088937,0.25620738727236475,0.4394020947146703,1.7136450189982944,1.561125434473644,0.5920938054439658,4.0931273567599415,3.5413118202512948,1.6889215691985526,4.428197072222664,0.9243326998516036,1.561125434473644,0.8651848588559592,0.008053424648190277,0.2190933046647443,0.25620738727236475,0.26298392634821355,GRANULITE_KHONDALITE,0.85,1
TIRODI,21.67908367718256,79.72932031801791,1,BASTAR_CRATON,253.83340434869473,1.5854339042882148,27.049601424891154,445.750787122727,940.1683114180395,622.0734585239333,1170.8609416820566,1877.8318391335858,2047.9578368118318,2443.5178052235005,2359.861762060185,2032.7043087365685,1762.3405353465953,-17.51753051587075,-9.201364796561737,ARCHAEAN,NONE,TIRODI GNEISSIC COMPLEX,NONE,GNEISS/MIGMATITE,NONE,ARCHAEAN-GNEISS-MIGMATITE,0.03140043673636593,33,121,5,2,0,1,0,0.45476168115614074,0.8906131670663985,8.316165719309012,0.5941575994311921,0.0917768345574149,0.16195915662309585,0.33675848255688223,1.3955633396494633,1.1534117651009994,0.7212308954156236,3.2676274443410223,2.162064262204936,1.3865185273948324,3.928021309723615,0.8318762005987378,1.1534117651009994,0.6616618006663179,-0.04229597117944445,0.07124125917517281,0.16195915662309585,0.16512330746835988,GRANULITE_KHONDALITE,0.85,1
TIRODI,21.687389802120613,79.72401592964226,1,BASTAR_CRATON,432.8171384420243,2.4500181465001565,262.1479522332972,600.0607832507449,736.5509645631544,697.9035865582213,1322.6174042803948,1789.375869396491,2349.8364323802475,2649.8986612864483,1991.022619032868,2357.875461703067,1510.77633308081,-13.298295338601989,-9.27921320996384,PALAEOPROTEROZOIC,NONE,SAUSAR,MANSAR,SCHIST,NONE,PALAEOPROTEROZOIC-SCHIST,0.030598816471043802,33,110,3,1,1,1,0,-0.9906241470155015,-0.13661551650456827,4.019082128638148,0.583067615598222,0.058313971907090936,0.2737830591127652,0.20171328504248054,1.163054818570832,1.560704525556161,0.5701260786241713,3.3785117367753403,3.20123870844467,1.7539979952748634,3.796940879123057,0.8897983516352995,1.560704525556161,0.9475292534911227,-0.030794235515297055,0.2189649452415025,0.2737830591127652,0.07538173274085722,GONDITE_METAMORPHIC,0.95,1
PAUNIYA,21.73239189331062,79.76466140226918,1,BASTAR_CRATON,577.1410063228981,4.103601019043897,178.37687383423145,548.0177393690794,503.92372408441827,645.6537744389852,1153.342002317849,2044.7137764837255,1856.6154272694405,1964.4680628787212,2021.0460458931232,2123.94044521762,1590.7096443837465,-17.307358281274837,-8.991424293231455,ARCHAEAN,NONE,TIRODI GNEISSIC COMPLEX,NONE,GNEISS/MIGMATITE,NONE,ARCHAEAN-GNEISS-MIGMATITE,1.516102644094137,22,66,3,1,0,1,0,0.02832510680582158,-0.9995987636669219,8.315933988043382,0.5052692441705124,-0.03900598044057659,0.10513072739692743,0.2733452968331806,1.1781621777502127,1.3352156701767126,0.8097406486939718,3.289596570195126,4.214805414969921,1.2349633187801587,3.042602920649017,1.0811784035949306,1.3352156701767126,1.2812529799640295,0.04867560057665141,0.14354805643283305,0.10513072739692743,0.0817947264877181,GRANULITE_KHONDALITE,0.85,1
PAUNIYA,21.726185735325497,79.75588533290309,1,BASTAR_CRATON,290.8517307382381,0.5,247.82486271398497,452.1078292473713,755.3341621104532,724.845029730457,1053.041295421527,2019.2938467621768,1918.606884463912,1958.5439611461402,2420.2523125704515,2441.866660807641,1154.9959168365788,-17.6127538582361,-9.418070539725115,ARCHAEAN,NONE,TIRODI GNEISSIC COMPLEX,NONE,GNEISS/MIGMATITE,NONE,ARCHAEAN-GNEISS-MIGMATITE,0.6086153157741635,33,66,3,1,0,1,0,-0.9260344564366383,-0.37743898247544583,8.194683318510986,0.45975404056230773,-0.10983581785307796,0.25808182183043155,0.39363531306693006,1.6032569693249004,2.114177741321803,0.5897217214215367,3.368812031927526,3.232829627025045,1.6957150505039758,2.70201750458637,1.246776538082854,2.114177741321803,0.9596349074766557,0.13555865645011542,0.35777589936619925,0.25808182183043155,0.23173162643763281,GRANULITE_KHONDALITE,0.85,1
CHIKMARA,21.741132826068892,79.79107270490559,1,BASTAR_CRATON,329.0332043357505,5.6227298533914185,156.53784189734864,452.0593836545257,718.1158384882777,651.5836581722007,1099.893710813503,1674.8645425007576,1966.110260887266,2262.7576725581757,1816.851093461291,1983.7914106341566,1010.8960458140358,-15.848610119989813,-11.014017318540112,ARCHAEAN,NONE,TIRODI GNEISSIC COMPLEX,NONE,GNEISS/MIGMATITE,NONE,ARCHAEAN-GNEISS-MIGMATITE,0.9870938020109582,33,33,2,1,0,1,0,0.3981432952715527,-0.9173232344328303,4.8345928014497,0.552843277773969,0.0656924614300265,0.38240502327295917,0.2458073744920038,1.4413673961666698,1.962408911268692,0.4467540018213292,3.044569001552999,2.762494992517902,2.2383683067013043,3.4727047566430356,0.8767140351863901,1.962408911268692,0.9073517423547053,-0.014848436380443582,0.32487375682574104,0.38240502327295917,0.18078696351552193,GRANULITE_KHONDALITE,0.85,1
JARAH-MOHAGAON,21.737019767988443,79.90515009207289,1,BASTAR_CRATON,388.9686228578877,3.4600779162855373,88.70473196607846,454.2691959026094,808.9752754082746,552.6318887895518,912.4388399045424,1536.1505610802465,1983.6249042259167,2425.6961067237985,2603.159352411018,1770.4138724466563,1512.5198331043882,-14.628820507403168,-11.027801253297687,ARCHAEAN,NONE,TIRODI GNEISSIC COMPLEX,NONE,GNEISS/MIGMATITE,NONE,ARCHAEAN-GNEISS-MIGMATITE,1.4449594275265576,22,88,6,2,0,1,0,0.9997444796234645,0.02260476636482135,3.6010192541054806,0.628897898460812,0.1561642181386588,0.2318756227032523,0.4809197239096193,1.2165295216088146,1.1705062191762763,0.6235405285469547,3.2036042529519047,2.1884647455568986,1.6037449903327259,4.389352390879089,0.7298580670552176,1.1705062191762763,0.683125807309158,-0.10703793139154223,0.07855596926238397,0.2318756227032523,0.09768853592935217,GRANULITE_KHONDALITE,0.85,1
PANDHARWANI,21.62681134502233,79.84325170989544,1,BASTAR_CRATON,334.68719112954204,0.5,294.8768343627119,646.1398386848673,747.3181351269958,659.7653877726711,1190.6772989533051,1759.4038725208686,1867.5573185927444,2749.0902057317408,2310.46153890692,2526.151286181319,1404.4201880598503,-16.283297172020255,-12.397902795987752,ARCHAEAN,NONE,TIRODI GNEISSIC COMPLEX,NONE,GNEISS/MIGMATITE,NONE,ARCHAEAN-GNEISS-MIGMATITE,0.30187332265419475,55,77,4,2,0,1,0,-0.9072141719357663,0.4206690459718921,3.8853943760325027,0.6129109198193597,0.042261367531690366,0.3237430245408983,0.31983428578289513,1.0210876148643755,1.798714733567295,0.5108672624204271,3.828863000650266,3.3802890148942355,1.9574556298368524,4.166769358492322,0.9189044724671065,1.798714733567295,0.8828440738664928,-0.031804999856109586,0.2853862613076238,0.3237430245408983,0.010433796267384098,GRANULITE_KHONDALITE,0.85,1
MIRAGPUR,21.631721262855635,79.83429906454349,1,BASTAR_CRATON,240.44029120404807,7.238471444708317,287.78971642883255,510.5548361785243,666.1544016016226,494.19011719472724,1232.3499593485114,1639.9922871204708,2369.0782747609715,2476.519728453783,3160.7732423986836,2065.9558062353576,1326.8610935852232,-13.667258908661495,-6.43044992162981,ARCHAEAN,NONE,TIRODI GNEISSIC COMPLEX,NONE,GNEISS/MIGMATITE,NONE,ARCHAEAN-GNEISS-MIGMATITE,0.3182211905463509,55,88,4,2,0,1,0,-0.9521842442644135,0.305524409785221,7.236808987031685,0.6672915611383174,0.09038329848839541,0.3022728168329857,0.4389640795514799,0.9679471845292207,1.5570249325014502,0.5357765083817335,4.180487893570755,3.1013167490403157,1.8664498782579368,5.011269220640208,0.8342173824276463,1.5570249325014502,0.7418552144438286,-0.07696262336137709,0.217841025394379,0.3022728168329857,-0.016287435843860668,GRANULITE_KHONDALITE,0.85,1
LAUGHAR,21.912766482640716,80.3662277694954,1,BASTAR_CRATON,386.1706677325425,8.878427412326248,250.09072950759364,514.4033317752856,557.5701763710634,631.9415676354175,1032.186450075038,1787.295085076929,2043.052031918637,2239.329680796992,2926.9790626540275,2166.467542087263,1396.8428701582475,-14.93804867607182,-9.973099270761415,PALAEOPROTEROZOIC,NONE,SAUSAR,CHORBAOLI,QUARTZ MICA SCHIST,NONE,PALAEOPROTEROZOIC-QUARTZ-MICA-SCHIST,0.255326007712648,77,187,9,2,1,1,0,-0.9402330410817306,-0.3405316849548669,4.964949405310405,0.5598175767891389,0.016537787602828372,0.2316960481387835,0.4785838343985572,1.2284943105364325,1.5509744057975903,0.6237772318711575,3.428271931478448,3.885551326116707,1.6031364207343972,3.5435707855593144,0.967462522244041,1.5509744057975903,1.1333848065816832,0.008046641486887916,0.21598586221064903,0.2316960481387835,0.1025330472687769,GONDITE_METAMORPHIC,0.95,1
NADIDIH IRON AND MANGANESE ORE MINES,21.964690564041216,85.25534421207077,1,SINGHBHUM_CRATON,284.3926657646506,0.5,97.97224940278657,562.4226763225474,659.0976742713975,616.3447010291093,1029.4936778360748,2047.4876269368278,2177.5510930385135,2043.407698083527,2304.6377326881206,2470.4255742134387,1380.7963706145515,-20.35642263946286,-10.449706111589704,ARCHAEAN- PALAEOPROTEROZOIC,NAN,LOWER BONAI,LOWER BONAI,UNKNOWN,UNKNOWN,LOWER-BONAI-GP-ARCHAEAN-PALAEOPROTEROZOIC,10.846627605544475,4,4,4,4,0,0,1,0.9903353595891563,-0.13869345892080281,9.906716527873156,0.5365397910700199,-0.09460204891839345,0.19350813035141326,0.38245164855968133,1.095874554637913,1.7891309862907552,0.6757321954076231,4.008188220131343,3.748193427015485,1.4798762077381407,3.3153650730772717,1.2089734101136205,1.7891309862907552,0.9351340842998971,0.08448509395818492,0.28293077338201117,0.19350813035141326,0.04574441547743231,SHALY_TUFFACEOUS_IOG,0.92,0
KATASAHI MANGANESE BLOCK,21.9605952959201,85.33028767375403,1,SINGHBHUM_CRATON,422.6233187571663,1.1346189509502778,212.48304007287135,499.1031327221211,594.94795457907,597.1071457000206,1139.8817344478073,1708.539668982642,1974.5226993889903,2607.5001431797873,2323.4157493671714,1790.4134273716695,1620.9542149633903,-17.058933927014017,-11.857584162904917,ARCHAEAN- PALAEOPROTEROZOIC,NAN,LOWER BONAI,LOWER BONAI,UNKNOWN,UNKNOWN,LOWER-BONAI-GP-ARCHAEAN-PALAEOPROTEROZOIC,11.652992703377725,4,5,5,5,0,0,1,-0.5370499354029571,-0.8435504530753805,5.2013497641091,0.6273445747404414,0.1857896255837227,0.23331123962191785,0.3417361691014518,1.196360241714018,1.1045428734133391,0.6216506712690043,2.9984793135814725,3.009361424948571,1.6086204764457568,4.366888183453218,0.6866398191263995,1.1045428734133391,1.0036292084050429,-0.1308821428977568,0.049674860679223234,0.23331123962191785,0.0894025670235108,SHALY_TUFFACEOUS_IOG,0.92,0
KOLMONG IRON ORE AND MANGANESE BLOCK,21.94776182818867,85.3144403285474,1,SINGHBHUM_CRATON,297.2518189189577,5.743273141293249,129.95060289840964,459.27662833434374,621.9476550195277,605.8608737417176,1034.4920395939107,1791.435323737685,1699.4672738793263,2058.823643562321,2598.8953785005074,2278.6472692917773,1623.7463962042389,-17.123684198703398,-4.1286841953444435,ARCHAEAN- PALAEOPROTEROZOIC,NAN,LOWER BONAI,LOWER BONAI,UNKNOWN,UNKNOWN,LOWER-BONAI-GP-ARCHAEAN-PALAEOPROTEROZOIC,13.081110715505494,4,4,4,4,0,0,1,0.7665983325904954,-0.6421269317428386,12.995000003358953,0.5452663382250422,-0.050680138286882455,0.1181450026860907,0.43056331694364347,1.3191632995125986,1.4033270670932014,0.7886767769025822,3.761007459448804,3.663728365623478,1.2679465507096408,3.398178904422589,1.106771468896836,1.4033270670932014,0.9741348293186508,0.06782054943246266,0.16782029929737408,0.1181450026860907,0.13762002087434363,SHALY_TUFFACEOUS_IOG,0.92,0
GUA(JHILLINGBURUII_FE_3043HA)_SAIL_15,22.1890414230022,85.37576554547569,1,SINGHBHUM_CRATON,519.4940964515786,4.82775034075008,32.969546397588296,464.29201207320176,738.8578404420609,412.9966049952597,1090.0801078061265,1811.604546961679,2159.4126188461128,2707.1171386930805,2775.7931524795094,1923.0315730611328,1436.0550880850867,-15.041278093141155,-12.146656064445791,ARCHAEAN- PALAEOPROTEROZOIC,NAN,LOWER BONAI,LOWER BONAI,UNKNOWN,UNKNOWN,LOWER-BONAI-GP-ARCHAEAN-PALAEOPROTEROZOIC,7.2789878613053505,4,5,5,5,0,0,1,0.544193191587068,0.8389599336263208,2.8946220286953643,0.7352682374491366,0.1693434950527841,0.3067847486730278,0.43604974367752075,0.8895190814539068,1.3391071050667698,0.5304739373959634,4.656289047283853,2.602708484906743,1.8851067478322086,6.554816914704022,0.7103614191143411,1.3391071050667698,0.5589662609375523,-0.15168233838745965,0.1449728851785272,0.3067847486730278,-0.05847038935815658,SHALY_TUFFACEOUS_IOG,0.92,0
GUA(JHILLINGBURU_I__FE_MN_210526HA)_SAIL_14,22.198188408911157,85.37493676246017,1,SINGHBHUM_CRATON,309.5072036897387,0.7139287122163016,330.2328871664074,474.2718992468749,846.9904504351406,559.6402601484942,1414.9582683749773,1969.686176441057,1679.3039054076492,2228.903837598373,1940.4927356409958,2060.3491933066884,1511.450718140732,-21.249634112748225,-10.857695851212148,ARCHAEAN- PALAEOPROTEROZOIC,NAN,LOWER BONAI,LOWER BONAI,UNKNOWN,UNKNOWN,LOWER-BONAI-GP-ARCHAEAN-PALAEOPROTEROZOIC,7.13959299606245,4,4,4,4,0,0,1,-0.4964757910715392,0.8680505681582665,10.391938261536078,0.5986147316802422,0.039296969201376576,0.19181420065244476,0.15662111188046293,1.179998772554693,1.3631600205119543,0.6781139194821411,3.6815599883368613,2.4325530350615323,1.4746784723920847,3.982743902349367,0.9243777850023004,1.3631600205119543,0.6607397511981863,-0.01562722185026591,0.1536755945519489,0.19181420065244476,0.08256829174828001,SHALY_TUFFACEOUS_IOG,0.92,0
KHASJAMDAIRON_SRIRAMMINERALCO,22.178238766558703,85.43681570083457,1,SINGHBHUM_CRATON,351.0144635414892,0.8221466091353663,49.254707130826105,477.02222107921267,719.4671529822981,630.2129391255227,1062.9461448881004,1350.6221332030789,2084.900509861197,2697.6455181544625,1903.4061336613283,2121.6836896152868,1428.515638106194,-10.901980582564555,-9.168326327427879,ARCHAEAN- PALAEOPROTEROZOIC,NAN,LOWER BONAI,LOWER BONAI,UNKNOWN,UNKNOWN,LOWER-BONAI-GP-ARCHAEAN-PALAEOPROTEROZOIC,1.5688992872624288,6,7,7,7,0,0,1,0.7576186092600006,0.6526975125607133,1.7336542551366758,0.6212501537993594,0.11951078741230127,0.30758126783657647,0.28333114531524517,1.3211395820903113,1.485236585119082,0.5295416421331522,3.366613972084896,2.9489653250626215,1.8884256106865924,4.280530192885533,0.7864946207907618,1.485236585119082,0.8759440033325393,-0.07133493946443391,0.1952476431115547,0.30758126783657647,0.13835427505718811,SHALY_TUFFACEOUS_IOG,0.92,0
MAHABIRMN_VKOJHA_24,22.169233840738386,85.4649790295875,1,SINGHBHUM_CRATON,453.2165495632703,1.619747885085294,342.08544737548885,538.2103634909583,560.4116937964816,637.5842031197141,1046.2489771968167,1678.6599410469407,1798.9706914567817,2469.7328225148194,2194.4912986114045,1649.933441565919,1184.7075669913452,-14.937947810211579,-8.799574068511445,ARCHAEAN- PALAEOPROTEROZOIC,NAN,LOWER BONAI,LOWER BONAI,UNKNOWN,UNKNOWN,LOWER-BONAI-GP-ARCHAEAN-PALAEOPROTEROZOIC,0.14716501039817484,7,8,8,8,0,0,1,-0.30759830449965936,0.9515163073058364,6.138373741700134,0.5896239758256869,0.1989965517104414,0.3516339352153148,0.3543148241874793,1.1846375417217094,1.392692581818615,0.47969057855631503,2.587789080885267,2.944145271923897,2.084677172023317,3.873579060705678,0.6680615108875638,1.392692581818615,1.137706812758892,-0.13604586347021191,0.16412161998857008,0.3516339352153148,0.08451632824830352,SHALY_TUFFACEOUS_IOG,0.92,0
ROIDA_C_O,22.03637632262476,85.39881963462972,1,SINGHBHUM_CRATON,269.22221152094403,2.3193189763401505,160.56207826486406,484.15567086458395,724.4602668220141,506.9557344981446,1002.8687291547261,1842.2567384558945,2537.200719830778,2265.7511276393852,2495.684395793466,1866.3488871538696,1489.141168728285,-15.702246392164618,-8.084135889568632,ARCHAEAN- PALAEOPROTEROZOIC,NAN,LOWER BONAI,LOWER BONAI,UNKNOWN,UNKNOWN,LOWER-BONAI-GP-ARCHAEAN-PALAEOPROTEROZOIC,4.621604261112128,5,5,5,5,0,0,1,0.3327853396189127,-0.9430026074909469,7.618110502595986,0.6343243191424244,0.09665841556568444,0.20682616102079274,0.426695154510238,1.047092420802906,1.253305546239388,0.6572395131598301,3.6814829312858226,2.5761921944522643,1.521515336287965,4.4693273376481555,0.8237219276040426,1.253305546239388,0.6997702386388066,-0.07350900556178486,0.11241509050277962,0.20682616102079274,0.02300454165615386,SHALY_TUFFACEOUS_IOG,0.92,0
JODA WEST,21.99994039780121,85.40520888059808,1,SINGHBHUM_CRATON,400.47139411437166,3.370506419204932,66.64785438190307,538.6112061772463,799.6631486645651,759.227862495117,1211.6287957249906,2040.0157912853722,2300.499798878439,2170.1509070434686,2474.2183976268993,2505.321867723942,951.3762327851846,-13.636864567161707,-6.384782984461474,ARCHAEAN- PALAEOPROTEROZOIC,NAN,LOWER BONAI,LOWER BONAI,UNKNOWN,UNKNOWN,LOWER-BONAI-GP-ARCHAEAN-PALAEOPROTEROZOIC,5.00960140557196,5,6,6,6,0,0,1,0.9180860100201604,0.3963812283714529,7.252081582700233,0.48164582154357055,-0.07168707353353372,0.39044179956569053,0.34255071773910567,1.4096027939598184,2.6333660425341563,0.43839174006701304,3.299828665653358,3.132971512786165,2.281064872105557,2.8583657310114328,1.1544459228333812,2.6333660425341563,0.9494345998231762,0.09304513668003048,0.44954624017073846,0.39044179956569053,0.16998768296716857,SHALY_TUFFACEOUS_IOG,0.92,0
DALPAHAR_&_BAITARANI_RB,21.975653008123366,85.39231800375731,1,SINGHBHUM_CRATON,497.6428478854185,1.611093970501229,195.08434105620893,473.5426735913134,619.0217095680617,524.7207666964049,1072.8163740172845,1701.619510498759,2123.2658340797257,2214.77303066348,2617.4428637459623,2365.8573565754386,1563.4728880739708,-11.312691894374751,-8.987684689078575,ARCHAEAN- PALAEOPROTEROZOIC,NAN,LOWER BONAI,LOWER BONAI,UNKNOWN,UNKNOWN,LOWER-BONAI-GP-ARCHAEAN-PALAEOPROTEROZOIC,5.796055039246203,5,5,5,5,0,0,1,-0.2602406351248179,-0.9655437907365111,2.325007205296176,0.616921368823283,-0.03298330428490326,0.1723816174027041,0.418568558410098,1.1080749314710872,1.5132065116758833,0.7059291700421654,4.508793061425551,3.821929532010027,1.4165727120316538,4.220860249893735,1.06821661757299,1.5132065116758833,0.84766133035121,0.036254932471168226,0.20420387657409944,0.1723816174027041,0.051267121471536475,SHALY_TUFFACEOUS_IOG,0.92,0
NAIBEGA & KATUPALI,21.83597390752985,85.40330791288737,1,SINGHBHUM_CRATON,235.32650888948953,2.1731188822732115,314.260500915507,486.29081522528725,666.5982833327082,726.640292057941,1002.594044251786,1424.6894587916252,2378.0154690840272,2407.0791730938095,2050.075617908673,2081.2081268018296,1001.3692650584912,-14.258506710823193,-12.112061599933336,ARCHAEAN- PALAEOPROTEROZOIC,NAN,LOWER BONAI,LOWER BONAI,UNKNOWN,UNKNOWN,LOWER-BONAI-GP-ARCHAEAN-PALAEOPROTEROZOIC,0.8150707325684591,5,5,5,5,0,0,1,-0.7161740434647432,0.697921728754278,2.1464451108898572,0.5362441977295019,0.07260476534711852,0.4124192966770904,0.34313623458766873,1.4942504933535603,2.0783622958528705,0.4160101071189217,2.8641518323232837,3.1221324382573274,2.4037877481184937,3.3126145027879335,0.8646197221931181,2.0783622958528705,1.090072250613932,-0.015000577654881362,0.3503038931786095,0.4124192966770904,0.19815591767024773,SHALY_TUFFACEOUS_IOG,0.92,0
"UNCHBALI,INDRANI_PATNAIK",21.872338109605547,85.4261230669332,1,SINGHBHUM_CRATON,396.61704726790737,4.816801291364449,263.600959107442,320.14394523743135,681.4688194729197,666.9913798058853,1298.1956048409518,1923.9422891932272,1913.8104849575382,2319.289124054429,1770.964034257781,2172.937037553868,1371.4508216986833,-14.10237380705676,-10.513890250243563,ARCHAEAN- PALAEOPROTEROZOIC,NAN,LOWER BONAI,LOWER BONAI,UNKNOWN,UNKNOWN,LOWER-BONAI-GP-ARCHAEAN-PALAEOPROTEROZOIC,1.9730997798416898,5,5,5,5,0,0,1,-0.9937697849647766,-0.11145229693039796,3.5884835568131965,0.5532962297276998,0.03257896668666067,0.2568152500664795,0.15403839645226813,2.08341087702848,1.584407549720269,0.5913237840351182,3.2578187666060083,3.188608153849082,1.6911208813821186,3.4772400225804603,0.9368978684375426,1.584407549720269,0.978755534762416,0.036591005816961175,0.2261282476568678,0.2568152500664795,0.3513676650178295,SHALY_TUFFACEOUS_IOG,0.92,0
SILJORA-KALIMATI IRON ORE AND MANGANESE BLOCK,21.878606111394404,85.38218350233376,1,SINGHBHUM_CRATON,403.38945148235814,0.5,290.3620132301219,553.3062139761985,601.510168691776,548.9149959171816,1312.9404506770456,1672.9275222348742,2219.5654633074205,2151.547147982824,2564.503548825536,2011.7272483090628,1088.7115103934602,-15.738619951071236,-9.38433525497223,ARCHAEAN- PALAEOPROTEROZOIC,NAN,LOWER BONAI,LOWER BONAI,UNKNOWN,UNKNOWN,LOWER-BONAI-GP-ARCHAEAN-PALAEOPROTEROZOIC,5.814388687163554,5,5,5,5,0,0,1,-0.9375128847264621,0.3479505582289924,6.354284696099006,0.5934658832719855,0.03358411825190062,0.32800950458502853,0.32278044453672755,0.9920636729894571,1.847805619079217,0.5060133173972808,3.664915805921377,3.3444609080174086,1.9762325698467376,3.9196363008231705,0.9350142520744373,1.847805619079217,0.9125614554421498,-0.027387947591483726,0.2977048764556675,0.32800950458502853,-0.003983971652530315,SHALY_TUFFACEOUS_IOG,0.92,0
BAMEBARI,21.90377202875569,85.42715949779807,1,SINGHBHUM_CRATON,450.36405845995796,1.0182781765883901,237.16201201585824,507.7190780718394,744.8280433843859,815.2841981870463,1009.9364651391942,1562.0666681819278,2143.958295418117,2258.592147420592,2142.9509317586912,2506.9750157483945,1438.3472457686066,-16.283051506733898,-5.863547916988352,ARCHAEAN- PALAEOPROTEROZOIC,NAN,LOWER BONAI,LOWER BONAI,UNKNOWN,UNKNOWN,LOWER-BONAI-GP-ARCHAEAN-PALAEOPROTEROZOIC,2.041288984460568,5,5,5,5,0,0,1,-0.8402072578844755,-0.5422653997797117,10.419503589745545,0.46954001608633195,-0.05212031638024667,0.22187134118055485,0.3593577326532207,1.6057781395126343,1.7429553408473293,0.6368335455227836,3.0749706890532202,3.365844015474009,1.5702690379494582,2.770312670934538,1.1099724301713765,1.7429553408473293,1.0945938520090146,0.09131010208102981,0.27085943780370286,0.22187134118055485,0.2324749495348547,SHALY_TUFFACEOUS_IOG,0.92,0
JAJANG IRON ORE BLOCK,21.92924413151204,85.43197725696727,1,SINGHBHUM_CRATON,268.6744360209726,4.373221562346091,249.21956322642689,559.8408087887722,667.9051851392219,488.6999485067872,820.0190072959076,1675.1309220573553,2158.0844178934076,2319.6442574297876,1845.3780339028406,2039.8942266617507,1291.5186935180227,-16.951590888009804,-12.795610956848595,ARCHAEAN- PALAEOPROTEROZOIC,NAN,LOWER BONAI,LOWER BONAI,UNKNOWN,UNKNOWN,LOWER-BONAI-GP-ARCHAEAN-PALAEOPROTEROZOIC,1.2290728285949633,5,5,5,5,0,0,1,-0.934946870586023,-0.3547877522990365,4.155979931161209,0.6519657755629068,0.06416964358147255,0.28470760738094314,0.3846927907450105,0.8729266247867382,1.579453890462663,0.5567744660951921,4.174124079039669,3.0541673713498367,1.7960593735698478,4.746561279105619,0.8793995972652268,1.579453890462663,0.7316906031703126,-0.06488271996827118,0.22464208155820606,0.28470760738094314,-0.06784749159167351,SHALY_TUFFACEOUS_IOG,0.92,0
GURUDA & TRINGPAHAR,21.92591360798848,85.39572424713829,1,SINGHBHUM_CRATON,261.15890482241514,7.895183640157147,305.7104345635149,248.29956974450485,721.9532443907028,721.1069590971001,1251.1270534755383,1763.0949284688302,2379.917770023489,1767.8164763962968,2386.2659364898454,2169.5526276404544,901.3110104591669,-17.652223983429085,-7.594846989549545,ARCHAEAN- PALAEOPROTEROZOIC,NAN,LOWER BONAI,LOWER BONAI,UNKNOWN,UNKNOWN,LOWER-BONAI-GP-ARCHAEAN-PALAEOPROTEROZOIC,4.835247935608566,5,5,5,5,0,0,1,-0.8119772403649553,0.5836890962912632,10.05737699387954,0.42054709355539216,-0.10203162074143612,0.32463996938315304,0.3120748530152732,2.9041812554686386,2.407107646591472,0.5098442185507004,3.00864191818134,3.0051151393693747,1.9613834225039712,2.4515315677417022,1.227249918405472,2.407107646591472,0.9988277824097256,0.17823181776614194,0.4129918375513204,0.32463996938315304,0.4877287028692173,SHALY_TUFFACEOUS_IOG,0.92,0
PATABEDA_M,21.93153515139985,85.37465938491475,1,SINGHBHUM_CRATON,426.9747409055208,2.508726892729403,89.88048318930694,647.0699763824582,591.2507822197899,730.0640549847276,997.3055261359993,1679.0510670923575,2261.1482626115567,2414.542028697175,2548.2939220546696,2443.8090432426197,1405.1749077546197,-17.374028199398996,-9.640171260907167,ARCHAEAN- PALAEOPROTEROZOIC,NAN,LOWER BONAI,LOWER BONAI,UNKNOWN,UNKNOWN,LOWER-BONAI-GP-ARCHAEAN-PALAEOPROTEROZOIC,6.857007528981182,5,5,5,5,0,0,1,0.9999978243823522,0.0020859603453246664,7.733856938491829,0.5356721727143905,-0.006024063330552067,0.2642518117104047,0.4374403872024248,1.1282613635359793,1.7391493599957046,0.581963324917087,3.3473898943652998,4.133286775425995,1.718321337545899,3.3073016112817437,1.0121211447908056,1.7391493599957046,1.2347790069875233,0.018003586131602366,0.2698463148824127,0.2642518117104047,0.060265795958588754,SHALY_TUFFACEOUS_IOG,0.92,0
KHANDBANDH,21.942737624057717,85.37573149565378,1,SINGHBHUM_CRATON,406.72862059098674,2.658353258235741,176.19298691153057,468.8328297475861,636.254169967659,546.2317770015691,1218.5938398744154,1358.8867885801862,2163.5192058215052,2055.0696938207984,2319.4857169696807,1866.788554546228,1155.5198057918224,-18.701111928685968,-8.324338929541039,ARCHAEAN- PALAEOPROTEROZOIC,NAN,LOWER BONAI,LOWER BONAI,UNKNOWN,UNKNOWN,LOWER-BONAI-GP-ARCHAEAN-PALAEOPROTEROZOIC,6.728398067509726,5,5,5,5,0,0,1,0.06639603228421381,-0.9977933487936836,10.37677299914493,0.5800319313863296,0.04800814494122994,0.28018215591165757,0.3111552069694233,1.165088579932777,1.6155400743230592,0.5622776729684505,3.4175758894438863,2.934029574544223,1.7784807164201542,3.762266818930654,0.9083821143637718,1.6155400743230592,0.8585118996875452,-0.02245977813552814,0.23533956953337135,0.28018215591165757,0.07625026689247935,SHALY_TUFFACEOUS_IOG,0.92,0
GONUA,21.923403882413087,85.37229228734381,1,SINGHBHUM_CRATON,402.54435653112887,0.5,79.63539905505681,568.6546253390013,752.2381357827771,773.1711830070761,804.4844273432248,1979.4132393774264,1735.924764029775,2011.6668991985637,2235.5379034543776,2567.636755349068,1520.2866802033423,-16.151742901370046,-10.203989433271865,ARCHAEAN- PALAEOPROTEROZOIC,NAN,LOWER BONAI,LOWER BONAI,UNKNOWN,UNKNOWN,LOWER-BONAI-GP-ARCHAEAN-PALAEOPROTEROZOIC,7.248571769808647,5,5,5,5,0,0,1,0.9836828132396561,0.17991143081226343,5.947753468098181,0.4447280880207763,-0.12140925738282732,0.13912420076010926,0.47073781700312495,1.3596498598538669,1.6889161676511721,0.7557347988642059,3.320916258210638,3.413329675534014,1.3232154988072924,2.60183894693643,1.2763727210979248,1.6889161676511721,1.0278276854106692,0.12843603884291474,0.25620589313899156,0.13912420076010926,0.15241662236899697,SHALY_TUFFACEOUS_IOG,0.92,0
GONUA,21.916096528250197,85.37039754057392,1,SINGHBHUM_CRATON,411.18033885472784,2.0760013612924277,355.5604828787929,396.8075258299575,642.7166847908233,592.4948833941152,1233.8896007448964,2054.9750082557443,1888.789815038518,1878.1639132223224,2310.1594419635235,1640.861577076987,1300.3314221836017,-19.369335154452774,-11.684865260252653,ARCHAEAN- PALAEOPROTEROZOIC,NAN,LOWER BONAI,LOWER BONAI,UNKNOWN,UNKNOWN,LOWER-BONAI-GP-ARCHAEAN-PALAEOPROTEROZOIC,7.563260664956906,5,5,5,5,0,0,1,-0.0774066809727675,0.9969996016753367,7.68446989420012,0.5203749830079952,0.06743410547381902,0.181794349175325,0.3036836759156246,1.493154346459801,1.2618795084253713,0.692341819761786,2.7694105388858015,2.5530091459474216,1.4443732418801456,3.169924268870155,0.8736519558551983,1.2618795084253713,0.9218601235863151,-0.00923069029125997,0.11577960197212983,0.181794349175325,0.1978033769470301,SHALY_TUFFACEOUS_IOG,0.92,0
SANINDUPUR,21.91694125496785,85.31390294526804,1,SINGHBHUM_CRATON,318.79777505793584,2.662123796693515,339.8613622871808,529.0219124050055,852.6963851233405,651.7562992207843,918.3242106078828,1930.3043982679012,2073.004034608941,1851.5268755330274,2257.354309399804,2588.8926393338397,1398.8552463470096,-15.61816695171258,-8.498254441197336,ARCHAEAN- PALAEOPROTEROZOIC,NAN,LOWER BONAI,LOWER BONAI,UNKNOWN,UNKNOWN,LOWER-BONAI-GP-ARCHAEAN-PALAEOPROTEROZOIC,13.717997450651975,4,4,4,4,0,0,1,-0.34429289958710857,0.9388622898454816,7.119912510515244,0.4792788079003316,-0.16605768017323524,0.13926720369263018,0.421651653318809,1.2320024609676545,1.8507223275916418,0.7555144157379758,3.972178924019369,3.0361247936136584,1.3236014798847338,2.840826969997555,1.3982473990231916,1.8507223275916418,0.7643474392848069,0.15301012209727757,0.29842342765990215,0.13926720369263018,0.10394364115412036,SHALY_TUFFACEOUS_IOG,0.92,0
KANTHER-KOIRA,21.88953831323301,85.2622250102776,1,SINGHBHUM_CRATON,400.9028327444903,0.9719248114122866,14.193652092662123,395.7267549461075,640.0363814385398,648.6354022648343,1209.6146178599786,1572.4628659150367,2120.5419223408635,1961.1381242219277,2012.9882220149582,1988.1973248144077,1060.607761246197,-16.072661216084683,-8.691137945788757,ARCHAEAN- PALAEOPROTEROZOIC,NAN,LOWER BONAI,LOWER BONAI,UNKNOWN,UNKNOWN,LOWER-BONAI-GP-ARCHAEAN-PALAEOPROTEROZOIC,13.93804251316949,4,4,4,4,0,0,1,0.24519997769704985,0.9694725220125459,7.381523270295926,0.5029182448720164,-0.006851583243512793,0.29801657611530274,0.2492933953775277,1.639099182753186,1.874583041523027,0.5408123719619065,3.0652001337069135,3.1063817298000655,1.849070121897422,3.0234830142646496,1.013797702081498,1.874583041523027,1.0134352047199757,0.05606423735087476,0.30424692201708203,0.29801657611530274,0.24216565616660715,SHALY_TUFFACEOUS_IOG,0.92,0
KANTHER - KOIRA MANGANESE BLOCK,21.89170404111925,85.25744436461407,1,SINGHBHUM_CRATON,406.37652259688133,1.0978611415749033,254.00706210564783,430.0984831443356,702.4684725751886,605.2260384382397,1102.1409601754651,1759.7016932104964,1851.3551805717368,2122.7447605923776,2171.329830752392,2027.1903756524155,1152.6669421431595,-15.706129403226624,-8.055886068520556,ARCHAEAN- PALAEOPROTEROZOIC,NAN,LOWER BONAI,LOWER BONAI,UNKNOWN,UNKNOWN,LOWER-BONAI-GP-ARCHAEAN-PALAEOPROTEROZOIC,13.399632263638537,4,4,4,4,0,0,1,-0.9612956628687259,-0.2755188714948159,7.650243334706069,0.5562811457282116,0.023025512876666827,0.29616973565273186,0.32662239516951536,1.4071801244366478,1.758695681967381,0.5430077901963523,3.349476465906884,2.8858097578886373,1.841594203095608,3.5073586102849648,0.9549854567214752,1.758695681967381,0.861570392416279,0.015346033870931943,0.2750197086957652,0.29616973565273186,0.1691523299931653,SHALY_TUFFACEOUS_IOG,0.92,0
"BAHANJAPALI, KOIRA",21.90638265883258,85.27032610829065,1,SINGHBHUM_CRATON,315.7083723776269,1.657827446808652,333.0893942696397,633.122508309343,773.259083187309,709.188910047576,956.9090870905032,1798.6957369541085,2630.5688686272524,2788.314784381642,2480.3199762534537,1532.9969486451173,1185.3403409747289,-17.044263140039984,-10.026609270757271,ARCHAEAN- PALAEOPROTEROZOIC,NAN,LOWER BONAI,LOWER BONAI,UNKNOWN,UNKNOWN,LOWER-BONAI-GP-ARCHAEAN-PALAEOPROTEROZOIC,14.415603989497468,4,4,4,4,0,0,1,-0.45259977766511705,0.8917137664393696,7.017653869282713,0.5944599506931795,0.29049462593775255,0.40340049461633953,0.44320900953795306,1.1201448370888154,1.2932968653468813,0.4251099435361955,2.1616200207934106,1.982513985278671,2.3523326471251473,3.931695407169991,0.5497933578669788,1.2932968653468813,0.9171426816057772,-0.20821502459992836,0.12789310909652216,0.40340049461633953,0.05666822217356631,SHALY_TUFFACEOUS_IOG,0.92,0
NARAYANPOSHI IRON ORE & MANGANESE BLOCK,21.92726882270367,85.23807038325764,1,SINGHBHUM_CRATON,547.9197060030281,0.5,65.00712424584007,464.74540793893226,538.1634267066968,707.2837592607434,1038.944553060983,1919.758877912382,2433.606692155786,2168.530081026199,2430.419635344125,1963.561584786692,1514.175620060639,-9.846279259638994,-11.1996440466397,ARCHAEAN- PALAEOPROTEROZOIC,NAN,LOWER BONAI,LOWER BONAI,UNKNOWN,UNKNOWN,LOWER-BONAI-GP-ARCHAEAN-PALAEOPROTEROZOIC,11.009237858963035,4,4,4,4,0,0,1,0.9063603290386829,0.4225055667620137,-1.3533647870007055,0.508115755194898,0.04960405353194893,0.1776830716054134,0.4010749538870805,1.5218735799360652,1.2967858929146345,0.6982497649494658,2.776200579047391,3.6486343807384256,1.432152288588032,3.0659972741729007,0.9054804455154289,1.2967858929146345,1.3142545978546474,0.007083144645082089,0.1292179190453129,0.1776830716054134,0.20693883557042198,SHALY_TUFFACEOUS_IOG,0.92,0
"NUAGAON,PRABODH_MOHANTY",21.90245446411452,85.21531582614672,1,SINGHBHUM_CRATON,422.6449628820609,1.3605366643964751,204.4602829989466,497.39462985437785,503.9191188019224,427.66148294380014,1202.9477685435052,1933.6680977436163,2232.4660304863464,2344.437526567008,2392.0149514917052,1788.0580406919348,1719.3442719513723,-13.279768199639374,-13.117573990047683,ARCHAEAN- PALAEOPROTEROZOIC,NAN,LOWER BONAI,LOWER BONAI,UNKNOWN,UNKNOWN,LOWER-BONAI-GP-ARCHAEAN-PALAEOPROTEROZOIC,8.887572679893012,4,4,4,4,0,0,1,-0.4140623648021427,-0.9102485144478167,0.16219420959169106,0.6914529518446053,0.13463522868567301,0.15382057537875646,0.33075925265945305,0.8598031752156298,1.0399651011269608,0.7333717583576049,4.1810125714451924,3.548303627365388,1.3635649145139617,5.481993620157515,0.762681035287612,1.0399651011269608,0.8486708801839129,-0.1237975748484654,0.019591071281807478,0.15382057537875646,-0.07538261287119236,SHALY_TUFFACEOUS_IOG,0.92,0
BANDHAL_KANKDHARA_MINING_AND_MINERALS_,21.89899805304944,85.2103557090666,1,SINGHBHUM_CRATON,272.7826852517616,0.8314492746827046,329.57578713169505,549.6054184551003,527.4343685429906,763.4774267165967,1115.884167967285,1653.1652402443008,2115.8481094824238,2400.120346626582,2101.2128795366552,1917.7060963879583,1098.707062064281,-18.489085000169446,-8.361253463721187,ARCHAEAN- PALAEOPROTEROZOIC,NAN,LOWER BONAI,LOWER BONAI,UNKNOWN,UNKNOWN,LOWER-BONAI-GP-ARCHAEAN-PALAEOPROTEROZOIC,8.493376409429457,4,4,4,4,0,0,1,-0.5063982122622895,0.8622997452264248,10.127831536448259,0.517335968934857,0.11172617901475781,0.3719569822042999,0.30627882737562473,1.3891373696306293,1.7454207412114913,0.4577716543050704,2.5118045757075245,3.6359141670073667,2.1844952374590862,3.1436690326324985,0.7990041408899888,1.7454207412114913,1.447530670741332,-0.04769074197178836,0.27151420943688037,0.3719569822042999,0.16287777186720687,SHALY_TUFFACEOUS_IOG,0.92,0
MAHULSUKHA,21.79825702696792,85.14188766665819,1,SINGHBHUM_CRATON,439.08982477704467,1.3886223058119394,12.220552290887582,519.6545510378083,806.2584103427182,437.12588131607583,1187.6619470708727,1816.399111282712,2053.3140266217465,2332.766296553962,2304.6242094660834,2058.8067102633363,1569.2120361644202,-15.534263825146203,-9.152221035112028,ARCHAEAN- PALAEOPROTEROZOIC,NAN,LOWER BONAI,LOWER BONAI,UNKNOWN,UNKNOWN,LOWER-BONAI-GP-ARCHAEAN-PALAEOPROTEROZOIC,6.74393123384433,5,5,5,5,0,0,1,0.21167538696226007,0.9773400281142575,6.382042790034175,0.6843733592587717,0.06238301988899174,0.19568388009523222,0.31983698128076177,0.8411855137261879,1.3120003297856533,0.6726829163340657,4.709871443335537,2.5535320702386994,1.4865845031174314,5.336600716008831,0.882560208633892,1.3120003297856533,0.5421659795004181,-0.06665383281044873,0.1349482205531699,0.19568388009523222,-0.08625664451815525,SHALY_TUFFACEOUS_IOG,0.92,0
ANAJORI,19.8111386784485,83.47753524663794,1,EASTERN_GHATS_MOBILE_BELT,292.2786496795411,0.5,251.07129620886238,492.03351241148613,624.8141854107553,733.5800824775823,1396.4660876773228,1891.4560809230481,1890.5779387951081,2280.6391348185016,1805.7337383892864,2387.3374843418715,757.5806455685745,-17.216012285874648,-11.931565265727919,ARCHAEAN - PROTEROZOIC,EASTERN GHAT,MIGMATITE,MIGMATITE,GNEISS,UNKNOWN,MIGMATITE-GNEISSIC-COMPLEX-EASTERN-GHAT-ARCHAEAN-PROTEROZOIC,0.019688655705431005,6,6,5,5,0,1,0,-0.9459229653682955,-0.32439134327051705,5.284447020146729,0.5132536621591379,-0.022857515837280292,0.5012996421722284,0.12780827956226432,1.4909148716138194,3.151265142734576,0.33217909561859965,3.254365185358562,3.820875928019385,3.0104242302764046,3.108916376255731,1.0467844065497354,3.151265142734576,1.1740771871580455,0.05908875691767866,0.5182191621317298,0.5012996421722284,0.1970821561349249,GRANULITE_KHONDALITE,0.85,4
RCHINTALAVALASA,18.425295596527807,83.22340341947606,1,EASTERN_GHATS_MOBILE_BELT,450.8376143368207,7.742279649800587,107.04564265411828,509.196880197298,935.8199285668252,743.9375650510342,865.3637582433423,2091.1644644293533,2117.0457140741496,2001.1765591001888,2394.6191659713472,2162.2810054201877,1001.4526497269277,-18.028959453414828,-11.077147346593248,ARCHAEAN - PROTEROZOIC,EASTERN GHAT,MIGMATITE,MIGMATITE,GNEISS,UNKNOWN,MIGMATITE-GNEISSIC-COMPLEX-EASTERN-GHAT-ARCHAEAN-PROTEROZOIC,6.103329357721105,5,6,5,5,0,1,0,0.9560715449878964,-0.2931334181980225,6.9518121068215795,0.4579915212012891,-0.038694869296659454,0.33294950508751714,0.469099207820941,1.4610018099517412,2.159144522559949,0.500431930742178,2.9065355805299595,2.310573794277998,1.9982737652624798,2.6899791735519214,1.080504863255011,2.159144522559949,0.7949580272300784,0.07308010837566443,0.36691721929176235,0.33294950508751714,0.18732282522159469,GRANULITE_KHONDALITE,0.85,4
GIRIJA,18.420015815569293,83.22584339668246,1,EASTERN_GHATS_MOBILE_BELT,484.2736021106664,3.151395848578459,332.78263033555095,672.273246819062,623.5752401342611,499.9936926763282,1342.5818862452936,1940.9013079649446,2156.705558831405,2662.7318870698027,2707.214426953392,2192.302996020334,1060.3053859533063,-18.68014414224787,-10.933517623902882,ARCHAEAN - PROTEROZOIC,EASTERN GHAT,MIGMATITE,MIGMATITE,GNEISS,UNKNOWN,MIGMATITE-GNEISSIC-COMPLEX-EASTERN-GHAT-ARCHAEAN-PROTEROZOIC,5.931771826936111,5,6,5,5,0,1,0,-0.4573675395916339,0.8892777596048915,7.746626518344987,0.6838210079178779,0.09689505889876424,0.43040839593446145,0.33696325316995895,0.7437358162002874,2.067614691951837,0.39820208362093673,4.384661294227294,3.515699231471431,2.511287709969037,5.32553094318331,0.823328479236984,2.067614691951837,0.8018177433838738,-0.10663286226636445,0.3480276371396788,0.43040839593446145,-0.146962733650008,GRANULITE_KHONDALITE,0.85,4
MAHESHWARI,18.495870887187987,83.31227153577375,1,EASTERN_GHATS_MOBILE_BELT,306.13859134834604,3.978215352625611,349.58096825953237,475.3904962373132,698.4551303197037,574.8104283249957,1115.653390628482,1957.8113374751038,1826.8126733940426,2751.7991609094715,1981.4669669894736,1771.3441833463312,961.8728276398194,-15.135566618481493,-12.965968863964836,ARCHAEAN - PROTEROZOIC,EASTERN GHAT,MIGMATITE,MIGMATITE,GNEISS,UNKNOWN,MIGMATITE-GNEISSIC-COMPLEX-EASTERN-GHAT-ARCHAEAN-PROTEROZOIC,1.375913925817226,6,8,6,6,0,1,0,-0.18084584481175164,0.9835114541347874,2.1695977545166567,0.6544166586230025,0.2167640737257447,0.48198288333129985,0.2795543847535032,1.2091331897996531,1.8415575641648825,0.3495432519037387,3.081614551472969,2.536088724839698,2.86087628112001,4.78731599240628,0.6437040202153405,1.8415575641648825,0.8229740215937905,-0.15808014054445096,0.2961606605537304,0.48198288333129985,0.09466753424774413,GRANULITE_KHONDALITE,0.85,4
SHRI RAJA RAJESWARI MINE,18.494496068055597,83.30286639325986,1,EASTERN_GHATS_MOBILE_BELT,466.703851631989,5.4484816133222695,339.9359360808362,496.0879237371974,834.2109952567876,498.37248646654706,965.1823927515308,1816.7653255858722,2173.5188117938774,1879.3353264693285,2203.518081670561,1835.773773119181,904.102902553105,-17.362760470139147,-11.635364793210268,ARCHAEAN - PROTEROZOIC,EASTERN GHAT,MIGMATITE,MIGMATITE,GNEISS,UNKNOWN,MIGMATITE-GNEISSIC-COMPLEX-EASTERN-GHAT-ARCHAEAN-PROTEROZOIC,1.8192956420059996,6,8,6,6,0,1,0,-0.3430706243619438,0.9393096117361442,5.727395676928879,0.5807958538508738,0.011725511195148194,0.35036970226149533,0.39080238051028665,1.0046051548837032,2.030492066671426,0.4810758832329034,3.683537553309273,2.2006108542761185,2.0786741410558256,3.7709451740059743,0.9768207654517905,2.030492066671426,0.5974177860311225,-0.008764493341951859,0.3400411699177774,0.35036970226149533,0.0022972887644509754,GRANULITE_KHONDALITE,0.85,4
MAMIDIVALASA MN MINE,18.46644491663621,83.27320527737001,1,EASTERN_GHATS_MOBILE_BELT,417.15028342428485,2.415127476471098,170.71711799668697,564.0523516806089,880.6092888159124,596.3586866682391,900.4529561391515,2082.0918290407008,2065.8430092585554,2043.992852278405,2432.2766946775323,2639.6175055053936,1403.2497280344494,-14.064347951949593,-12.267660713612708,ARCHAEAN - PROTEROZOIC,EASTERN GHAT,MIGMATITE,MIGMATITE,GNEISS,UNKNOWN,MIGMATITE-GNEISSIC-COMPLEX-EASTERN-GHAT-ARCHAEAN-PROTEROZOIC,0.3927506022169222,6,6,5,5,0,1,0,0.16130897554896576,-0.986903953993165,1.7966872383368848,0.5482732672935738,-0.12717211885696988,0.18587120260040818,0.45963036266784435,1.0572754174928927,1.881074658978674,0.6865237937518941,4.426224619660177,2.99748996068074,1.4566137516269746,3.4274554803090265,1.2914025121328838,1.881074658978674,0.6772114416291308,0.10744844098666566,0.305814587950887,0.18587120260040818,0.027840423687936065,GRANULITE_KHONDALITE,0.85,4
PUTIKAVALASA MINE,18.66701459194964,83.13842771322554,1,EASTERN_GHATS_MOBILE_BELT,453.98541439950407,0.5,310.33535435615283,568.4420746366387,886.1503576636399,586.1162287395684,1071.6319413834449,1881.9525591918996,1680.282337266974,2230.0474144057484,2663.2106586068708,1879.439689571026,1246.4830755680346,-14.012435570939122,-10.824958023775874,ARCHAEAN - PROTEROZOIC,EASTERN GHAT,KHONDALITE,KHONDALITE,GNEISS,UNKNOWN,KHONDALITE-GNEISSIC-COMPLEX-EASTERN-GHAT-ARCHAEAN-PROTEROZOIC,2.0066015858758375,6,7,5,5,0,1,0,-0.7622690829462381,0.6472602607794651,3.1874775471632475,0.5837484583269308,0.08531666260982314,0.2829154933032719,0.4261434516146435,1.0310922675509817,1.5077939884637044,0.5589491357703898,3.2065989546239413,2.1209038299158594,1.7890715536594206,3.8047870051246235,0.8427801474477032,1.5077939884637044,0.6614184861623954,-0.06324671329838723,0.20248632527309016,0.2829154933032719,0.015308152075073274,GRANULITE_KHONDALITE,0.85,4
MARKONDAPUTTI MANGANESE MINE,18.70964533377801,83.21895619853808,1,EASTERN_GHATS_MOBILE_BELT,550.7113684388553,2.695904271531879,304.03778347262534,574.9624244448304,800.8366230593142,705.7626585496274,1238.247516788669,1627.782417965286,1910.7152976285097,2058.865551272452,2237.9438459249627,2596.8624756171885,1394.8513494012775,-13.252171229577101,-11.477394996659125,ARCHAEAN - PROTEROZOIC,EASTERN GHAT,MIGMATITE,MIGMATITE,GNEISS,UNKNOWN,MIGMATITE-GNEISSIC-COMPLEX-EASTERN-GHAT-ARCHAEAN-PROTEROZOIC,4.297444231440965,5,6,5,5,0,1,0,-0.8286686347968885,0.5597394873544845,1.7747762329179757,0.48943394537686186,-0.1155559175969737,0.19226075001960416,0.2875838020805372,1.2274935323010039,1.8617485475209314,0.6774853986272802,3.6795124259964958,3.242686957115052,1.4760465698944534,2.917220858052038,1.2613074577652377,1.8617485475209314,0.8812816963492854,0.11265938531938158,0.3011265783586637,0.19226075001960416,0.10212982921896378,GRANULITE_KHONDALITE,0.85,4
PERUMALI MANGANESE ORE MINE,18.43942345270977,83.56006994300218,1,EASTERN_GHATS_MOBILE_BELT,357.91506955974165,3.0937307025498075,114.87617036757203,531.0984177623347,782.4062525811462,764.1339620731569,1080.8676319433698,2080.673994025038,2009.0067826472382,2426.4913883639665,2176.937417683526,2027.08164033574,1472.6181715303783,-17.704773532148206,-13.254009841733497,ARCHAEAN - PROTEROZOIC,EASTERN GHAT,MIGMATITE,MIGMATITE,GNEISS,UNKNOWN,MIGMATITE-GNEISSIC-COMPLEX-EASTERN-GHAT-ARCHAEAN-PROTEROZOIC,0.23889901877596462,4,4,3,3,0,1,0,0.9072190469669448,-0.4206585323280492,4.450763690414709,0.5210130438981342,0.08968299057064247,0.24463873146842197,0.3364442527121875,1.4387803372751238,1.3765154322743656,0.6068919832088842,2.6527830698472314,2.590830059266013,1.6477396745651738,3.175479046377184,0.8353961811779106,1.3765154322743656,0.9766460308511655,-0.028940656686943924,0.15843172227713945,0.24463873146842197,0.17991794195301247,GRANULITE_KHONDALITE,0.85,4
ROBO MANGANESE MINE,18.44723016007692,83.54180104983732,1,EASTERN_GHATS_MOBILE_BELT,312.16374520782597,4.788758270829432,298.4095706942438,388.55960698156133,739.2526949201183,773.5252191868951,1326.673239537102,1939.5806545078055,2515.291284614842,2117.9319493983467,1857.7692143959791,2100.686380843051,1366.4042482931334,-15.04926877861598,-5.954819538861037,ARCHAEAN - PROTEROZOIC,EASTERN GHAT,MIGMATITE,MIGMATITE,GNEISS,UNKNOWN,MIGMATITE-GNEISSIC-COMPLEX-EASTERN-GHAT-ARCHAEAN-PROTEROZOIC,0.15722941645207558,4,4,3,3,0,1,0,-0.8795691122668975,0.4757711390427355,9.094449239754944,0.4649582032039219,0.004087966059309437,0.21568748199081497,0.16677832379610003,1.9907504622137717,1.5373827927787664,0.6451596558785263,2.7157309497103332,2.8416350625930566,1.5500039248955735,2.7380257218848314,0.9918573542686054,1.5373827927787664,1.0463610392710427,0.0683405184959228,0.21178625276405766,0.21568748199081497,0.33127152442334484,GRANULITE_KHONDALITE,0.85,4
RAMACHANDRAPURAM,18.437115251129637,83.52193316933275,1,EASTERN_GHATS_MOBILE_BELT,299.9437013337029,1.9776212728404374,13.322748497577344,610.6745225840876,757.8361076166638,558.1615170763868,882.3236464922661,1711.3911957743035,2222.441687397427,2841.264016951651,2375.8595323270265,2421.109548068979,1464.4407940375934,-14.735091566715399,-7.494918537941539,ARCHAEAN - PROTEROZOIC,EASTERN GHAT,MIGMATITE,MIGMATITE,GNEISS,UNKNOWN,MIGMATITE-GNEISSIC-COMPLEX-EASTERN-GHAT-ARCHAEAN-PROTEROZOIC,2.05618164066279,4,5,4,4,0,1,0,0.23043610627033473,0.9730874580051718,7.24017302877386,0.6716142113865818,0.07984124722646581,0.3197672118813836,0.4583953091052406,0.9140081917950356,1.653265571590982,0.5154187660087115,4.337650428522807,3.194766679154964,1.9401699451282446,5.09039753715664,0.8521241013759879,1.653265571590982,0.7365200875625229,-0.07349589010018191,0.24621190553575759,0.3197672118813836,-0.044927606337350226,GRANULITE_KHONDALITE,0.85,4
M/S M K MINING CORPORATION,18.357737826880857,83.51740356985316,1,EASTERN_GHATS_MOBILE_BELT,306.57707435311056,0.5,214.65715625353909,388.29236855850496,624.8814283671467,596.9855938881019,1098.1866578230918,1704.1014065201514,1806.194054798024,2597.637148585899,2860.519010035936,2481.567726581597,1282.6169284394327,-16.94835635020793,-11.558038843039972,ARCHAEAN - PROTEROZOIC,EASTERN GHAT,MIGMATITE,MIGMATITE,GNEISS,UNKNOWN,MIGMATITE-GNEISSIC-COMPLEX-EASTERN-GHAT-ARCHAEAN-PROTEROZOIC,10.402994436561867,5,5,4,4,0,1,0,-0.5686645942532101,-0.8225694981233086,5.390317507167959,0.6262559667756523,0.02285188820575434,0.3389005445786897,0.4451789295870488,1.5374641396298483,1.9347691969621554,0.49376292937753086,4.156830161114254,3.9712617625632167,2.025263419625371,4.351255994833169,0.9553173071062658,1.9347691969621554,0.9553581941020451,0.015273157792703367,0.318515404451366,0.3389005445786897,0.21181152230337713,GRANULITE_KHONDALITE,0.85,4
SAI BABA-I,18.38169538678311,83.47677056695854,1,EASTERN_GHATS_MOBILE_BELT,373.0608461527306,1.1681676309159637,82.8031814235731,504.21083721912265,598.1801116577693,434.8217988556955,912.1409833380321,1859.3151090281524,2206.92798367188,2353.1435076580537,2419.339615491169,2066.756231916274,1003.2516529235638,-17.54354391478575,-9.45515720669278,ARCHAEAN - PROTEROZOIC,EASTERN GHAT,MIGMATITE,MIGMATITE,GNEISS,UNKNOWN,MIGMATITE-GNEISSIC-COMPLEX-EASTERN-GHAT-ARCHAEAN-PROTEROZOIC,9.85454841647678,3,4,3,3,0,1,0,0.9921216590778079,0.12527814489645822,8.08838670809297,0.6880723026331625,0.06479497105166604,0.4021850198647013,0.4524110487782544,0.8623809047649394,2.0600576374168,0.4263452905580316,4.753110889569403,3.4550734606228977,2.3455166990807035,5.411742254962821,0.8782958728662069,2.0600576374168,0.72690781531292,-0.06638940167550099,0.346417539804389,0.4021850198647013,-0.07389417111164641,GRANULITE_KHONDALITE,0.85,4
GARBHAM,18.377165202527948,83.44541605412299,1,EASTERN_GHATS_MOBILE_BELT,410.70367773349795,1.5789018891611821,43.404078879820375,419.6579319984514,679.6625542589048,531.3542926854193,1154.5447823937452,1892.6369590535169,1759.5931224335595,2556.746565829933,2344.4302552040717,1983.5270839435384,1564.4535452051991,-12.780958668448054,-9.16506982035741,ARCHAEAN - PROTEROZOIC,EASTERN GHAT,MIGMATITE,MIGMATITE,GNEISS,UNKNOWN,MIGMATITE-GNEISSIC-COMPLEX-EASTERN-GHAT-ARCHAEAN-PROTEROZOIC,8.920582396403658,3,3,2,2,0,1,0,0.687139233828869,0.7265257554506068,3.615888848090645,0.6558698582993755,0.1262521878584878,0.24077768456982773,0.34006686520609264,1.2661604866823288,1.2678721517521954,0.611892303093982,3.7329651938746866,2.918399827378971,1.6342745184295686,4.811754786239891,0.7758012114602663,1.2678721517521954,0.7817913294973411,-0.08404645681663558,0.11811607289433566,0.24077768456982773,0.11744997348130548,GRANULITE_KHONDALITE,0.85,4
SHIVA SHANTHI MINE,18.37290673334928,83.4556609226594,1,EASTERN_GHATS_MOBILE_BELT,404.9021719397017,3.6337861406765155,27.703152586515294,474.8689322725606,662.9815377475071,726.1336796407203,1233.0331085145951,1839.4584531262412,2338.192031855156,2576.4751060893273,2430.5205776917464,2083.223865443336,1152.7219668047182,-15.545008248535893,-7.617828290453046,ARCHAEAN - PROTEROZOIC,EASTERN GHAT,MIGMATITE,MIGMATITE,GNEISS,UNKNOWN,MIGMATITE-GNEISSIC-COMPLEX-EASTERN-GHAT-ARCHAEAN-PROTEROZOIC,10.058518600418045,3,3,2,2,0,1,0,0.4648907620473701,0.8853680474034601,7.9271799580828475,0.5602666091979522,0.10585474374064488,0.38178543827878725,0.3268649981461853,1.5291244146812637,1.8072214494278234,0.447402718401173,2.868926095819101,3.142204938887024,2.2351227599106585,3.548210439455056,0.808555789928348,1.8072214494278234,1.0952547502491836,-0.041289680047872326,0.28755175351765205,0.38178543827878725,0.20921249018656582,GRANULITE_KHONDALITE,0.85,4
MANGOTOPE,18.373991130806807,83.47195524768902,1,EASTERN_GHATS_MOBILE_BELT,454.44649241324214,2.960236024204969,250.6639593161303,506.3009928242784,634.6771950672725,797.7141105903055,1036.885730947842,1862.261734688577,1996.3525766000666,2159.013127985439,2347.2269990128493,2201.3872584696355,1066.1009253093935,-14.728064498576524,-11.637210053320157,ARCHAEAN - PROTEROZOIC,EASTERN GHAT,MIGMATITE,MIGMATITE,GNEISS,UNKNOWN,MIGMATITE-GNEISSIC-COMPLEX-EASTERN-GHAT-ARCHAEAN-PROTEROZOIC,10.845733502932834,3,4,3,3,0,1,0,-0.94359286187166,-0.33110800507515725,3.090854445256367,0.4604073717636747,-0.009717944848850895,0.3388755201449797,0.38720378788712045,1.5755728713168746,2.064895737489276,0.4937908486968648,2.759619300304213,3.46851481683974,2.025148909174544,2.706499855795803,1.0196266196417754,2.064895737489276,1.2568816329518038,0.058927041773020966,0.34744925427695716,0.3388755201449797,0.22347372877774466,GRANULITE_KHONDALITE,0.85,4
JAI DURGA [CHINNARAVYAM S.NO.5(P)],18.33805313759296,83.45830085067149,1,EASTERN_GHATS_MOBILE_BELT,381.17017026901163,1.5407236587813216,122.35498695650381,505.7085772360218,749.6387447456715,484.22162409320856,709.3679215059299,2139.9914749152763,2079.4000384773826,2095.9456888645086,2146.7464069349676,2367.3911060609266,1255.5205310489005,-17.644152023655856,-7.815786432035148,ARCHAEAN - PROTEROZOIC,EASTERN GHAT,MIGMATITE,MIGMATITE,GNEISS,UNKNOWN,MIGMATITE-GNEISSIC-COMPLEX-EASTERN-GHAT-ARCHAEAN-PROTEROZOIC,12.990649956703239,3,3,2,2,0,1,0,0.8447486242584761,-0.5351633038740717,9.828365591620708,0.6246587405601529,-0.06081670051075231,0.25076342783086697,0.5032636371074172,0.9575111930713879,1.8855853374198108,0.5990234084405417,4.88906522009467,3.158042616521995,1.669383841492506,4.32848427300424,1.1295097566263588,1.8855853374198108,0.6459399635374363,0.045836461735587294,0.3068997221229828,0.25076342783086697,-0.021705523371502455,GRANULITE_KHONDALITE,0.85,4
MADUKONDAMMA,18.322303026599112,83.56536770594475,1,EASTERN_GHATS_MOBILE_BELT,510.81806694415855,15.071685202594344,260.9160377503541,513.7536603388228,775.5305208570511,554.8289314931816,1129.842222019474,2014.308630446977,2391.675262459282,2319.535765742412,2555.8199789194264,2101.2689576982457,1071.7972701758717,-18.438568933044387,-11.09581060841387,ARCHAEAN - PROTEROZOIC,EASTERN GHAT,MIGMATITE,MIGMATITE,GNEISS,UNKNOWN,MIGMATITE-GNEISSIC-COMPLEX-EASTERN-GHAT-ARCHAEAN-PROTEROZOIC,10.448068696508953,4,5,3,3,0,1,0,-0.9874580383376433,-0.1578816725347606,7.342758324630516,0.6139467393725235,0.049372641781136914,0.36791977726267916,0.38689865722089084,1.0799512942590388,1.9605097103792188,0.46207404323888424,3.787237533298732,2.709460038615424,2.1641553194081586,4.180632317279015,0.9059006495292361,1.9605097103792188,0.7154185629788145,-0.03227892780757937,0.32444065558872875,0.36791977726267916,0.03843902327240735,GRANULITE_KHONDALITE,0.85,4
BAGUVALASA,18.34630815574076,83.5485972534208,1,EASTERN_GHATS_MOBILE_BELT,356.18088500858397,3.2579155296352327,23.528282687619253,609.0969015246917,688.8406886291847,617.095366734518,1165.5107827600264,1838.127118253005,1816.824014911465,2515.409031124486,2406.4403807779386,2285.665889406946,1195.642404502642,-17.13889954898422,-12.671724808337228,ARCHAEAN - PROTEROZOIC,EASTERN GHAT,MIGMATITE,MIGMATITE,GNEISS,UNKNOWN,MIGMATITE-GNEISSIC-COMPLEX-EASTERN-GHAT-ARCHAEAN-PROTEROZOIC,8.93862728535185,4,4,3,3,0,1,0,0.399201705040805,0.9168631297486632,4.467174740646993,0.6060051073133106,0.04785243835442108,0.35563145624878306,0.34740945238494814,1.0131316776963943,1.9116634529586323,0.47532722878585515,3.7039103012522814,3.3181342563218226,2.1038138322528135,4.07620792934982,0.9086656922260069,1.9116634529586323,0.8958462762510612,-0.03679025162238008,0.31310742760075283,0.35563145624878306,0.006523010632466742,GRANULITE_KHONDALITE,0.85,4
AVAGUDEM,18.352020947104823,83.53828801236872,1,EASTERN_GHATS_MOBILE_BELT,624.8152249930657,0.9477808506487998,113.50452161901973,516.2827441211184,827.7530081055262,650.8177274701568,1160.6442132442546,1988.2621161534967,1792.6339992751418,2334.7650996633542,2354.4033129834143,2591.507919681282,1386.0134803908666,-16.248042774779993,-8.551726881371005,ARCHAEAN - PROTEROZOIC,EASTERN GHAT,MIGMATITE,MIGMATITE,GNEISS,UNKNOWN,MIGMATITE-GNEISSIC-COMPLEX-EASTERN-GHAT-ARCHAEAN-PROTEROZOIC,9.14978958137357,4,5,4,4,0,1,0,0.9170286033936067,-0.39882143944122567,7.696315893408988,0.5640263456518961,-0.05211705054868567,0.2549873900326729,0.3396139285435728,1.2605839215437598,1.8697566470137794,0.593641510230332,3.981925823952283,3.1307743870139206,1.684518318913041,3.5874331591297683,1.1099651604972947,1.8697566470137794,0.7862462839892705,0.06421365831009548,0.30307679525381614,0.2549873900326729,0.11527283769351471,GRANULITE_KHONDALITE,0.85,4
PEDANADIPALLI MN MINE,18.24646226758217,83.63375682004654,1,EASTERN_GHATS_MOBILE_BELT,436.31006129885054,0.5,194.2168652551214,460.4674691767481,565.8310885866495,530.9436128086189,1285.3673287733232,1593.495219294492,1971.608148203879,1905.7508794522507,2106.1584931804373,2214.3928836794353,1387.0854348115317,-18.128440013634698,-7.418483151755144,ARCHAEAN - PROTEROZOIC,EASTERN GHAT,MIGMATITE,MIGMATITE,GNEISS,UNKNOWN,MIGMATITE-GNEISSIC-COMPLEX-EASTERN-GHAT-ARCHAEAN-PROTEROZOIC,6.738056187484494,5,6,4,4,0,1,0,-0.2455927355879449,-0.9693731006307271,10.709956861879554,0.5642099452540794,-0.07491049387987324,0.157513278821808,0.24201235881856492,1.153053466740699,1.596435826163712,0.7278419488293059,4.1706742977751,3.913522824094187,1.3739246554321054,3.589365857104343,1.161952963733613,1.596435826163712,0.9383429482400543,0.07416885062811159,0.22971329422991923,0.157513278821808,0.07108670141113503,GRANULITE_KHONDALITE,0.85,4
SUBHALAKSHMI (NIMMALAVALASA),18.29430987649721,83.67056992555567,1,EASTERN_GHATS_MOBILE_BELT,302.8558199225346,0.5806090240643905,284.6603393420269,557.1269734630686,660.6340540720282,666.6467148910499,939.3419480526427,1879.5854099893618,2328.4433472242495,2099.2938890122896,2675.8769829836897,2193.4958568014335,1075.5424833935926,-16.019689617300767,-4.824182052938631,ARCHAEAN - PROTEROZOIC,EASTERN GHAT,MIGMATITE,MIGMATITE,GNEISS,UNKNOWN,MIGMATITE-GNEISSIC-COMPLEX-EASTERN-GHAT-ARCHAEAN-PROTEROZOIC,2.155030073941961,5,5,3,3,0,1,0,-0.9674431745766398,0.2530883323369003,11.195507564362135,0.5179602091171102,-0.021944230522602314,0.3224580057713157,0.4803402138505938,1.1965794970411028,2.039432089972866,0.5123353564313458,3.290342252522124,3.3202888043097913,1.951846551366963,3.1490350720566322,1.0448731677052576,2.039432089972866,1.0091013470662908,0.0369290975462021,0.3419823375332952,0.3224580057713157,0.08949345976361324,GRANULITE_KHONDALITE,0.85,4
SIDDESHWARI,18.25706121784097,83.61885535971102,1,EASTERN_GHATS_MOBILE_BELT,283.6196751744999,0.9880739728829933,114.75090105554517,575.1576391139713,608.3177679397195,567.8776718221992,1202.0324158175674,2161.861269946622,1765.7438633950946,2281.5067841014056,2516.1756863332776,1644.3267524729797,1178.073656762814,-19.377010376137,-12.399450530180427,ARCHAEAN - PROTEROZOIC,EASTERN GHAT,MIGMATITE,MIGMATITE,GNEISS,UNKNOWN,MIGMATITE-GNEISSIC-COMPLEX-EASTERN-GHAT-ARCHAEAN-PROTEROZOIC,6.3437137913504955,5,5,3,3,0,1,0,0.908136589708143,-0.4186740192957569,6.9775598459565735,0.6014032638225872,0.1623043935841747,0.3189499842194734,0.3534345668823896,0.98734265567553,1.3957758427394005,0.5163577265935908,2.8955650682674636,2.703072039698913,1.9366418806393089,4.017602545919671,0.7207196416029483,1.3957758427394005,0.9335214271514602,-0.12714079179806892,0.16519735967272386,0.3189499842194734,-0.006368978469650835,GRANULITE_KHONDALITE,0.85,4
PARAMESHWARI,18.250406345790125,83.62016428173716,1,EASTERN_GHATS_MOBILE_BELT,423.42251737188667,0.6130770623400291,225.32089551732327,381.7913747890406,493.346338292694,618.4102502033893,1278.8761268716962,1756.3908209215251,1476.9257684156748,2281.0835989185425,2211.7697906581743,1310.7809589512808,1568.583251192561,-18.240094844939744,-8.602160629838423,ARCHAEAN - PROTEROZOIC,EASTERN GHAT,MIGMATITE,MIGMATITE,GNEISS,UNKNOWN,MIGMATITE-GNEISSIC-COMPLEX-EASTERN-GHAT-ARCHAEAN-PROTEROZOIC,5.891615657249362,5,5,3,3,0,1,0,-0.7110559515345605,-0.7031354306158102,9.637934215101321,0.5734357217709681,0.2701389832673887,0.18508104084911592,0.267255311927879,1.6197596106652048,0.8356464071123257,0.6876482962959249,2.119597720769634,2.656918384821777,1.4542317698024958,3.688625139185016,0.5746308285229392,0.8356464071123257,1.253501244359081,-0.15977203619827468,-0.08953445043302352,0.18508104084911592,0.2365711765161033,GRANULITE_KHONDALITE,0.85,4
DEVADA MANGANESE MINE,18.259498383116743,83.54995085459952,1,EASTERN_GHATS_MOBILE_BELT,359.8883493206734,0.7227211090910314,318.9519893650274,527.7920055879887,671.7319314157301,680.091267280407,833.2118623990225,1630.473214276183,2000.7450511500203,2793.135544197452,2600.4562134204843,2216.5127187690505,1424.1000294334854,-14.65817750344625,-10.819602487587066,ARCHAEAN - PROTEROZOIC,EASTERN GHAT,MIGMATITE,MIGMATITE,GNEISS,UNKNOWN,MIGMATITE-GNEISSIC-COMPLEX-EASTERN-GHAT-ARCHAEAN-PROTEROZOIC,4.544753304064649,4,4,3,3,0,1,0,-0.6566912026957862,0.7541595748261517,3.8385750158591847,0.6083807338253165,0.11510245730742127,0.32462865555803694,0.5146811839362184,1.2885592407452051,1.5564304974379928,0.5098571144827178,3.2591400921429927,3.2996983049441613,1.9613338139928571,4.107001037169352,0.7935571628738701,1.5564304974379928,1.0124444506227575,-0.06824630662862541,0.21765915353373977,0.32462865555803694,0.1260877313125308,GRANULITE_KHONDALITE,0.85,4
SADANANDAPURAM,18.254255560779484,83.54973669512705,1,EASTERN_GHATS_MOBILE_BELT,444.2600444682883,1.174620468754063,221.71074774562965,536.0938193848718,667.8252491616716,620.7064496792032,1147.9477738878466,1669.5822222813879,2221.3829759804025,1953.5030144002505,2225.6072904036982,2071.5527306157383,1818.7662598371353,-14.792418959444213,-8.433282578951937,ARCHAEAN - PROTEROZOIC,EASTERN GHAT,MIGMATITE,MIGMATITE,GNEISS,UNKNOWN,MIGMATITE-GNEISSIC-COMPLEX-EASTERN-GHAT-ARCHAEAN-PROTEROZOIC,3.9782481655382647,4,4,3,3,0,1,0,-0.6653703999892209,-0.7465133828794929,6.359136380492275,0.5177498501194852,-0.02932871584010573,0.03571769264924397,0.3194432862837292,1.1578317564518583,1.1389878816326025,0.93102813023531,3.3374113131077627,3.1019383141237062,1.0740814014776692,3.147225249975484,1.0604297583801274,1.1389878816326025,0.9294444160788146,0.039109991848487874,0.06497834016541601,0.03571769264924397,0.07314368131124713,GRANULITE_KHONDALITE,0.85,4
GARVIDI,18.287409258379903,83.52394137941364,1,EASTERN_GHATS_MOBILE_BELT,422.591386211619,0.6664085178201045,83.86541091130816,456.1949197312006,831.3449743242131,571.9975520420775,1024.3730253488493,1582.0733925315224,2364.0575849425422,2426.3973104589686,2154.4991268722406,1945.5651975255773,1595.0320434353819,-16.783753530773733,-12.940979102462501,ARCHAEAN - PROTEROZOIC,EASTERN GHAT,MIGMATITE,MIGMATITE,GNEISS,UNKNOWN,MIGMATITE-GNEISSIC-COMPLEX-EASTERN-GHAT-ARCHAEAN-PROTEROZOIC,8.386590518658695,4,5,4,4,0,1,0,0.9942736120186163,0.10686432727273416,3.842774428311232,0.6184641592707438,0.10998084085699804,0.20673377390349013,0.35551165540843044,1.2538446309863895,1.2197655867247976,0.6573663908637886,3.4013523085516715,2.3402621718701475,1.5212216700748966,4.241971486686547,0.8018329019478382,1.2197655867247976,0.688038743265401,-0.06759611194923303,0.09900396179940894,0.20673377390349013,0.1126273877482586,GRANULITE_KHONDALITE,0.85,4
BG_BAST_000,21.6119941307321,80.51128575153784,0,BASTAR_CRATON,373.4453978608814,7.947630072745704,8.784281360353688,590.0565450649295,743.0811684554777,607.9429215681586,1087.771599034753,1643.0476183744593,1998.1045003412123,2672.2782770820722,2160.0742206299283,2173.0590612559035,1586.0732671399846,-18.035528618153904,-12.525539551397127,ARCHAEAN,NONE,AMGAON GNEISSIC COMPLEX,NONE,GRANITE GNEISS/MIGMATITE,NONE,ARCHAEAN-GRANITE-GNEISS-MIGMATITE,0.3526541876753403,33,99,6,1,0,1,0,0.15271471796411107,0.988270314699952,5.509989066756777,0.6293280940120848,0.10303084818742003,0.25507640654065494,0.3301581050345934,1.030312985463025,1.3700874385231188,0.5935284809777855,3.5744458576409768,2.924389892490882,1.6848391122661683,4.395607182650397,0.8131859167060758,1.3700874385231188,0.8181379727515541,-0.0796468664211075,0.15614927666306724,0.25507640654065494,0.01493020404972926,GRANULITE_KHONDALITE,0.85,1
BG_BAST_001,22.005193335992544,79.87758527155466,0,BASTAR_CRATON,303.78856537384354,0.5,313.2355946043348,467.9955530373979,577.5813175670795,610.2800744874131,1152.1514725307504,1725.8983802819942,2009.4861464344795,2867.862436355699,1907.2328617279773,2081.8788812409275,953.0328623860496,-18.05480710305202,-11.551749646332969,ARCHAEAN,NONE,TIRODI GNEISSIC COMPLEX,NONE,GRANITE GNEISS,NONE,ARCHAEAN-GRANITE-GNEISS,0.22934913296542025,44,55,3,1,0,1,0,-0.7285432166524355,0.6849998404888299,6.503057456719052,0.6490770157292849,0.15879285492390485,0.501146831764553,0.2468082811613699,1.304029641355621,2.1844775361094877,0.33231470588414613,3.4113499110686036,3.604477524317887,3.009195743960406,4.6992562129203055,0.725934010684458,2.1844775361094877,1.0566132505834085,-0.10678454281369049,0.3719534911858286,0.501146831764553,0.13195561291195526,CRATONIC_BASEMENT,0.3,1
BG_BAST_002,21.37162050448668,79.08079013660516,0,BASTAR_CRATON,243.66374977827218,2.6019432253944594,7.65698790613937,490.0461162777234,865.4092566334189,579.2987867129659,1026.9157153829672,1518.8865961642716,2353.8581615362646,2198.9006442040095,2467.8855951045516,2438.3340751901696,1490.9650879083556,-16.74653649188263,-9.842071908663831,ARCHAEAN,NAN,TIRODI GNEISSIC COMPLEX,TIRODI GNEISSIC COMPLEX,GNEISS,UNKNOWN,TIRODI-GNEISSIC-COMPLEX-GP-ARCHAEAN,6.710886587145044,3,4,4,3,0,1,0,0.13324221401378925,0.991083504254159,6.9044645832187985,0.5829681767566657,-0.0516328039064211,0.19185943541054468,0.4123181123301838,1.1821311633506126,1.6354065519907324,0.6780502298547586,4.20911302924792,2.8175502557693117,1.4748169897217278,3.7957970754351598,1.1088877892270326,1.6354065519907324,0.6693928700244535,0.05759774210009918,0.24110380699382636,0.19185943541054468,0.0834648111214262,CRATONIC_BASEMENT,0.3,1
BG_BAST_003,21.263891973385018,80.35911706239487,0,BASTAR_CRATON,339.8136543139681,1.8490694477125582,314.8926021663118,466.1542540572904,802.1033695525352,591.5324331066188,998.6437881257582,1803.1236667899207,1688.6568260670074,2422.85736318005,1892.2137804154124,2125.8332604776933,1286.7232995757724,-14.710963016709417,-11.282162533076711,PALAEOPROTEROZOIC,NAN,NAN,NAN,GRANITE,UNKNOWN,DONGARGARH-GRANITE-PALAEOPROTEROZOIC,4.356154885999262,6,6,6,5,0,0,0,-0.7084309715256212,0.7057801063952317,3.428800483632706,0.6075275771308193,0.06529881392509644,0.3062702139637479,0.309102046985829,1.268962852294289,1.65212929580621,0.5310767850385733,3.5937729495565236,2.6503233105893775,1.8829668834751725,4.095899435910475,0.8774075155666969,1.65212929580621,0.7374765582884124,-0.030616191901871218,0.24588895330803992,0.3062702139637479,0.11853999908704396,CRATONIC_BASEMENT,0.3,1
BG_BAST_004,21.86122651291753,80.07453064003288,0,BASTAR_CRATON,457.0758914891125,14.135247581055722,190.4173682497963,481.2463238065174,738.2097703468615,795.8511887555189,1105.1228626232037,1980.4554347573294,2014.525429459738,2442.440089299662,2042.8890421835595,1875.9230144789497,1162.2545491154376,-14.143508617311351,-8.68189131217316,NEOPROTEROZOIC,NONE,NONE,NONE,GRANITE,ACID  INTRUSIVE,NEOPROTEROZOIC-GRANITE,0.053089267653179326,55,77,6,1,0,0,0,-0.18081729006461528,-0.9835167042880811,5.461617305138191,0.508474611655243,0.1311879203010548,0.3551439631491083,0.29789156064834765,1.6537293849994321,1.6140380042329185,0.4758579560380706,2.357127863382629,2.54117879130255,2.101467435904702,3.068965807602758,0.7680528263228735,1.6140380042329185,1.0780827071734513,-0.04502081724800646,0.2349001828202199,0.3551439631491083,0.24634365160692895,CRATONIC_BASEMENT,0.3,1
BG_BAST_005,21.222642943725383,80.54583773389159,0,BASTAR_CRATON,399.26843697171836,0.5,338.06437146464265,392.2979930483839,657.3515901150168,681.7011392735362,936.9131091705797,1618.4487639706158,2141.893255783513,2348.8704328883227,1831.1029977303667,2397.049871687787,1342.003835133132,-16.99306347096394,-7.946210763484171,PALAEOPROTEROZOIC - MESOPROTEROZOIC,NAN,KHAIRAGARH,KHAIRAGARH,UNKNOWN,UNKNOWN,KHAIRAGARH-GP-PALAEOPROTEROZOIC-MESOPROTEROZOIC,3.455602590199684,7,7,6,6,0,0,1,-0.37356467171391905,0.9276041375755457,9.046852707479768,0.5501171159852839,-0.01015175892078441,0.27279894257198223,0.32304360007423255,1.7377125287810138,1.7861721458223834,0.5713400857584032,3.516276752487106,3.646526309644811,1.750271027284385,3.445601443391786,1.0205117477338705,1.7861721458223834,1.0370418943038033,0.05800468350581509,0.2821692650062319,0.27279894257198223,0.2694631096489039,OTHER_UNDIVIDED,0.1,1
BG_BAST_006,22.115686904880466,79.18221039922089,0,BASTAR_CRATON,267.8835099159211,1.7754029780985063,287.5619648785195,364.79592939245646,584.056076327652,587.4971650167923,937.1262306672222,2103.856784728354,2198.8281186827076,2275.2886996901734,2328.4825768022765,2034.8606775161393,1536.3028836528708,-18.306984851969567,-8.800844917509288,LATE CRETACEOUS - PALAEOCENE,DECCAN TRAP,NAN,NAN,UNKNOWN,UNKNOWN,DECCAN-TRAP-LATE-CRETACEOUS-PALAEOCENE,8.55392753974503,5,6,5,4,0,0,1,-0.953391182405837,0.3017370598895668,9.506139934460279,0.5895626197164351,0.05578183052998717,0.19387854120385045,0.42606338595318305,1.610481685979195,1.324517904538022,0.6752122854505704,3.463609350343619,3.484015930159724,1.4810157049234969,3.8728505111208302,0.8943307620254503,1.324517904538022,1.0058917077019127,-0.0033685473317654484,0.13960654144904538,0.19387854120385045,0.23385787075210265,OTHER_UNDIVIDED,0.1,1
BG_BAST_007,21.40000746392781,79.13012811773618,0,BASTAR_CRATON,395.5862833266064,12.211708824443503,359.25627979200146,607.5604050579977,642.7793223928948,696.664984496181,1201.9059924434755,1902.158417705519,1987.842527498006,2408.9938473750117,2312.419884932032,2257.961005101692,1425.207897751053,-15.464312724267334,-6.762424720678264,ARCHAEAN,NAN,TIRODI GNEISSIC COMPLEX,TIRODI GNEISSIC COMPLEX,GNEISS,UNKNOWN,TIRODI-GNEISSIC-COMPLEX-GP-ARCHAEAN,2.210317424900444,4,5,5,4,0,1,0,-0.012980001836135126,0.9999157562276604,8.701888003589069,0.5513576844806796,0.03236218198271318,0.2565816862970081,0.31599627664634505,1.1466596202611619,1.584302898601953,0.5916195671119825,3.241100173124848,3.5128090200274347,1.6902753973550637,3.457894249786747,0.9373045957028081,1.584302898601953,1.0838322876019908,-0.010371193016223997,0.22609690977775831,0.2565816862970081,0.06831992390542388,CRATONIC_BASEMENT,0.3,1
BG_BAST_008,21.675139520506328,79.32421245235648,0,BASTAR_CRATON,414.6785641755953,7.021854216888542,126.25625356261565,412.24309213453375,788.8748619704186,583.2798561268389,927.6808947262016,2006.1161171248114,2107.577022575285,1666.9384786950786,2268.325946703409,1956.7767881421598,1080.381549664485,-17.6470699412517,-9.168346741089314,ARCHAEAN,NAN,TIRODI GNEISSIC COMPLEX,TIRODI GNEISSIC COMPLEX,GNEISS,UNKNOWN,TIRODI-GNEISSIC-COMPLEX-GP-ARCHAEAN,4.775771707749507,8,8,6,5,0,1,0,0.8063800608202442,-0.5913976644454553,8.478723200162387,0.48157932291153477,-0.07998374265759213,0.21350149336891336,0.4194750255784955,1.414892974171645,1.8111904881554584,0.648123228796129,3.3547820385586244,2.4804653817642754,1.5429164610130872,2.8578708116309754,1.17387462823469,1.8111904881554584,0.7393819774286697,0.09977296079539262,0.2885576386583871,0.21350149336891336,0.17180594793842346,CRATONIC_BASEMENT,0.3,1
BG_BAST_009,21.873038184194616,79.05108894917367,0,BASTAR_CRATON,300.452830741898,5.945320619126628,276.1877840152057,400.6886120434954,868.4586305934608,749.0437101345306,1199.9468751363818,1668.4330892295725,1552.5679822491425,2470.517372515658,2089.355576332356,1905.051934350769,1485.614728398155,-17.036505277722405,-12.433793420680335,LATE CRETACEOUS - PALAEOCENE,DECCAN TRAP,NAN,NAN,UNKNOWN,UNKNOWN,DECCAN-TRAP-LATE-CRETACEOUS-PALAEOCENE,9.154794727199292,5,5,4,3,0,0,1,-0.9941739678274943,0.10778739116490459,4.60271185704207,0.5346920333716423,0.1292324263149692,0.24895595464090994,0.2703943203910731,1.8693910576720596,1.2823324221634058,0.6013374948600576,2.54331210052522,2.1936012436831347,1.6629596648631113,3.298228575704503,0.7711145668406266,1.2823324221634058,0.8624978587180071,-0.03929384395836271,0.12370346234178596,0.24895595464090994,0.302988000831473,OTHER_UNDIVIDED,0.1,1
BG_BAST_010,21.52135911338874,79.45945131792864,0,BASTAR_CRATON,393.8352595350975,1.043962792367266,144.6951288993272,307.72879091170284,834.324352827219,660.6606411417903,1169.3886939280926,1970.905045413323,1955.1853492865534,2331.5444759154916,2056.94156164084,2125.250469055709,1140.603114481009,-13.349447819125924,-7.273246972923321,NEOPROTEROZOIC,NAN,NAN,NAN,GRANITE,UNKNOWN,ACID-INTRUSIVE-GRANITE-GRANODIORITE-NEOPROTEROZOIC,2.1249402371290316,6,7,5,4,0,0,0,0.5779270076564178,-0.8160884595564986,6.076200846202603,0.5584121973090331,0.04628752486049775,0.3429984843920431,0.2750967189132779,2.1468925186933916,1.863269037415753,0.4892049565316317,3.2168564819691348,2.5472712852102948,2.044133006713948,3.5291106011050952,0.9115204492548654,1.863269037415753,0.7918510805913825,0.027029098580368453,0.3014977031538842,0.3429984843920431,0.36445239712832733,CRATONIC_BASEMENT,0.3,1
BG_BAST_011,21.70167698263874,80.21331673050742,0,BASTAR_CRATON,385.23878466013997,0.6558983647527065,172.75522330940717,428.8830601848398,631.1150578213726,608.1967641595348,841.1289906814104,1581.6132199209374,2199.771916761983,2244.3812758054337,2466.0924658866434,2103.8485930631055,1354.1707797410716,-14.345769142868464,-11.210312471211996,CENOZOIC,NONE,NONE,NONE,LATERITE,NONE,CENOZOIC-LATERITE,0.017373166356570314,22,22,2,1,0,0,0,0.12610853352488208,-0.9920164503536237,3.1354566716564687,0.5735809811858509,0.03231951551507487,0.24738019127579006,0.49133796936602503,1.4180946257922145,1.5536065487336623,0.6033603976898909,3.4591578146773756,3.333542059655666,1.6573842145502455,3.6902223168133994,0.937384665789782,1.5536065487336623,0.9636860278621169,0.007201261103709764,0.21679398877899034,0.24738019127579006,0.1729025091343878,LATERITE_WEATHERING,0.78,1
BG_BAST_012,21.419641160374194,79.7256219891445,0,BASTAR_CRATON,277.1326731952439,3.8659585953862425,225.90196675861324,374.15281652740015,568.0382566710989,669.2488618391305,998.3653021496517,1978.0495001673016,1883.8953124639704,2811.7155489298893,2212.362017072878,2243.9481106100498,1224.1624831307165,-15.684051375497097,-8.17916300062886,ARCHAEAN,NONE,TIRODI GNEISSIC COMPLEX,NONE,GNEISS/MIGMATITE,NONE,ARCHAEAN-GNEISS-MIGMATITE,0.11987874689999951,77,132,6,3,0,1,0,-0.7181501855304402,-0.6958881454821559,7.504888374868237,0.6154807787885315,0.11230324571457007,0.39336002049478513,0.37810645185499175,1.7887045893757563,1.8330476057706404,0.43537920582373324,3.352935261018792,3.9503467949676785,2.2968483231427417,4.20130045048093,0.7980708114894492,1.8330476057706404,1.178175682361581,-0.044707078520493125,0.29404645544631486,0.39336002049478513,0.28282113317173196,GRANULITE_KHONDALITE,0.85,1
BG_BAST_013,21.851656025748248,78.883610742896,0,BASTAR_CRATON,412.2008624313455,9.276347832359845,314.52376110708195,611.3612128109096,694.0886246911203,447.20362327246505,1279.1164104571058,1834.3678679587063,2112.9765287497116,2131.266495302362,2429.0895803840363,2019.4062740070772,1245.2834370660935,-18.543838002225446,-6.8525315668897875,LATE CRETACEOUS - PALAEOCENE,DECCAN TRAP,NAN,NAN,UNKNOWN,UNKNOWN,DECCAN-TRAP-LATE-CRETACEOUS-PALAEOCENE,5.1066024902251055,6,6,5,4,0,0,1,-0.7129597140613368,0.7012049957933676,11.691306435335658,0.6531248352443922,0.026949901253464817,0.2623929975033449,0.31011577362668663,0.7314883789974653,1.6216438862651097,0.5842926913300597,4.5156303849110255,2.9094357683736813,1.7114710034305014,4.765763020748369,0.9475146714456609,1.6216438862651097,0.6443033450190513,-0.05298622018987924,0.2371198812794352,0.2623929975033449,-0.15507561160896102,OTHER_UNDIVIDED,0.1,1
BG_BAST_014,21.86829933709158,79.10694342263712,0,BASTAR_CRATON,430.4706073731411,2.847776476666598,354.27004891174624,560.7853671474107,503.15606344371486,496.0555784199214,952.8251703290478,1910.6502439969568,2198.3119501765937,2199.231002733742,2128.687828468944,1549.0920648688807,1491.5607437601275,-15.577206865058683,-9.086623978539201,LATE CRETACEOUS - PALAEOCENE,DECCAN TRAP,NAN,NAN,UNKNOWN,UNKNOWN,DECCAN-TRAP-LATE-CRETACEOUS-PALAEOCENE,10.971375519640974,6,6,5,4,0,0,1,-0.09983989657775652,0.9950035150949683,6.490582886519482,0.6319088424923266,0.1734479461790986,0.19173941728197985,0.3815861423323478,0.8845729696170066,1.0385712216621827,0.6782192235503373,3.1228195571963155,3.0787506587673628,1.4744495056333906,4.4334366832553,0.7043789680296937,1.0385712216621827,0.9858881040584422,-0.14877093154037477,0.01892071364628198,0.19173941728197985,-0.061248373218065255,OTHER_UNDIVIDED,0.1,1
BG_BAST_015,21.271556752283807,80.507993967056,0,BASTAR_CRATON,477.47461188577495,2.967046465105053,276.57842899122653,424.9479723857821,712.3167714184782,488.6682492961039,1030.339360653592,1564.8810788750297,2024.6391758112918,2797.8883255511837,2395.2656856927706,1970.1678349234835,1039.9515700460256,-13.874685418424948,-12.9923176263293,PALAEOPROTEROZOIC,NAN,NANDGAON,NANDGAON,UNKNOWN,UNKNOWN,NANDGAON-GP-BIJLI-RHYOLITE-FM-PALAEOPROTEROZOIC,2.3277564999806035,6,6,6,6,0,0,1,-0.9934159673261194,0.11456315228514997,0.8823677920956481,0.7026259925739308,0.17359705141805676,0.4580536976187618,0.3984482467109032,1.1499484169853291,1.8944803679096405,0.371691593326715,4.0317082882501145,2.7658591110164563,2.690402518202798,5.725537363755124,0.7041624271516264,1.8944803679096405,0.6860265940909457,-0.1344674881259036,0.3090296893314938,0.4580536976187618,0.06974512418712675,OTHER_UNDIVIDED,0.1,1
BG_BAST_016,22.262195236382016,80.25511522660962,0,BASTAR_CRATON,474.8421846831413,1.1496626078372778,150.39604158024017,660.1948644275446,665.2397413701332,635.7237404240077,1169.3091339877844,1620.986031544679,2137.5020296192456,2091.984673787536,2675.819509329016,2338.145540143145,1786.2987685692333,-16.75126733153107,-11.836424333019583,NEOPROTEROZOIC,NONE,NONE,NONE,GRANITE,ACID  INTRUSIVE,NEOPROTEROZOIC-GRANITE,0.5269818723421767,55,198,5,3,0,0,0,0.4940019365997824,-0.8694608022422083,4.914842998511489,0.5338770541757448,-0.0555651537117314,0.07881989794787213,0.3917971320850065,0.9629334817869428,1.308933074340632,0.8538775594762192,3.6779270425008015,3.5147412146675725,1.171128094261644,3.2907134616390676,1.1176685796613732,1.308933074340632,0.9556310303395809,0.03871600632991168,0.13379905997867506,0.07881989794787213,-0.018883226070712123,CRATONIC_BASEMENT,0.3,1
BG_BAST_017,21.53507514609071,78.97580980521148,0,BASTAR_CRATON,256.0097568838618,5.13615815444231,151.68852081974526,558.5412389593275,633.3963498131758,810.57664994336,1217.5085763923894,1919.4456436506769,1888.1988356373854,2162.4711792658654,2496.541450098196,2010.7871762270681,844.728482676376,-13.29777182002657,-7.354511066229729,PALAEOPROTEROZOIC,NAN,SAUSAR,SAUSAR,UNKNOWN,UNKNOWN,SAUSAR-GP-MANSAR-JUNEWANI-SITASAONGI-LOHANGI-BICHUA-FM-PALAEOPROTEROZOIC,0.3857591172666451,4,4,4,3,1,0,1,0.4742646027205076,-0.8803823525073404,5.943260753796841,0.4547167104362956,0.03634666011098998,0.43819594449548827,0.3443768565955454,1.4512386766685044,2.380394665367317,0.3906310939008772,2.48068726614181,3.174611242463824,2.5599600594199097,2.6678182461204036,0.9298561731490228,2.380394665367317,1.2797305335004128,0.01810620634580755,0.40835310761003535,0.43819594449548827,0.1840859818155954,GONDITE_METAMORPHIC,0.95,1
BG_BAST_018,21.95265632916337,79.59227448873128,0,BASTAR_CRATON,295.59574640763896,0.7247729375112479,265.52962857200095,454.0134893193102,520.5296932733204,865.4430160811895,1062.2691670933257,1610.3303991551597,2054.54551846687,2263.2436441422874,2246.89654544588,2026.0849792456356,1150.5830791862857,-13.414509420963586,-10.338245371285632,CENOZOIC,NONE,NONE,NONE,LATERITE,NONE,CENOZOIC-LATERITE,0.2497388348274482,33,77,4,1,0,0,0,-0.9969577729032074,-0.077943563222865,3.0762640496779543,0.4467691333188624,0.05529039289464415,0.3259276626510206,0.3579836976751389,1.906205508282405,1.7609201926710074,0.5083779122304571,2.3410957616584054,3.892352350953059,1.9670406102059625,2.61512728102579,0.8952129319325928,1.7609201926710074,1.6626198766419684,0.0310710533266232,0.2756038351126667,0.3259276626510206,0.3118174223751158,LATERITE_WEATHERING,0.78,1
BG_BAST_019,21.334242058329256,79.69131843820028,0,BASTAR_CRATON,426.35317404877935,1.3688073459173142,85.95977247658884,280.0475428101141,731.3600106569717,690.1856211584833,1010.3734707962537,1892.6412584198247,2234.247557309629,2510.1836205323875,2414.2997425889816,2395.912951771781,1392.5529724854352,-12.672534335713053,-9.840852930115668,ARCHAEAN,NONE,TIRODI GNEISSIC COMPLEX,NONE,GNEISS/MIGMATITE,NONE,ARCHAEAN-GNEISS-MIGMATITE,4.657373324220023,11,22,2,1,0,1,0,0.9975148281792411,0.07045684893989414,2.8316814055973847,0.5686837553293226,0.02329156531128925,0.286371017137071,0.4099445943909563,2.4645301714428274,1.7205183554166887,0.5547613969512422,3.4714037424871504,3.275969308663175,1.802576755302617,3.6369688674215657,0.9544771670166313,1.7205183554166887,0.9437016109136135,0.050349014234363956,0.26484598227400535,0.286371017137071,0.4227211490566226,GRANULITE_KHONDALITE,0.85,1
BG_BAST_020,21.23782737322674,80.4367767237418,0,BASTAR_CRATON,426.2407355820988,1.939505925244407,39.77068072730208,663.2754058072594,626.7299160338089,675.0928922438902,1313.3554792547761,1526.5724387079508,2134.5340514130557,2351.9506268383284,2289.8337063674467,1886.4080318223232,1446.0785416088274,-15.389513746937293,-8.482351167672782,PALAEOPROTEROZOIC,NAN,NANDGAON,NANDGAON,UNKNOWN,UNKNOWN,NANDGAON-GP-BIJLI-RHYOLITE-FM-PALAEOPROTEROZOIC,1.0892666631156216,8,8,7,6,0,0,1,0.6397164713066993,0.7686109785443511,6.9071625792645115,0.5539589118787736,0.10984030196568577,0.23851109215187002,0.2710038736622823,1.017816860561008,1.304499013185764,0.6148422184091145,2.794294015980438,3.009921786964194,1.6264335287039415,3.4838918471456064,0.8020610677342814,1.304499013185764,1.0771671718480809,-0.08136046681502647,0.13213241235297676,0.23851109215187002,0.008829771629385533,OTHER_UNDIVIDED,0.1,1
BG_BAST_021,21.48465797976002,79.99254011183716,0,BASTAR_CRATON,426.3542917675443,2.479697369256445,127.66397675067955,368.8342026589123,563.0083164289712,421.8836492431987,1360.8349495696368,1969.6348425333335,1970.963120695934,1976.8436632119344,2351.970046173682,1637.1590345271302,1274.8810698570737,-14.825216600387975,-8.607354275839352,ARCHAEAN,NONE,AMGAON GNEISSIC COMPLEX,NONE,GRANITE GNEISS/MIGMATITE,NONE,ARCHAEAN-GRANITE-GNEISS-MIGMATITE,0.7727325498878306,22,88,4,1,0,1,0,0.7916078584742143,-0.61102945788388,6.217862324548623,0.6482437604501895,0.09399124931570227,0.21587392868782837,0.26695048554217576,1.143830059842674,1.2841660857247688,0.6449073808602376,3.8805936982468388,2.907877173117737,1.5506102556554133,4.685755568086995,0.8281681875839084,1.2841660857247688,0.749338217896618,-0.06507454418618988,0.12440692832499944,0.21587392868782837,0.06709023501819653,GRANULITE_KHONDALITE,0.85,1
BG_BAST_022,21.80138130727761,79.13273801994595,0,BASTAR_CRATON,726.7458341589249,0.9716440424936204,103.40603699546942,348.3681002434487,392.7737786718351,560.3058820292576,1246.8287076172694,1553.4953370462981,2149.3276089439746,2166.9578592182024,2268.597236962874,2051.8106641423515,1285.6523242496144,-13.17162542333782,-9.442400375229079,LATE CRETACEOUS - PALAEOCENE,DECCAN TRAP,NAN,NAN,UNKNOWN,UNKNOWN,DECCAN-TRAP-LATE-CRETACEOUS-PALAEOCENE,3.5013255303469326,6,6,5,4,0,0,1,0.972751454587978,-0.2318503991736333,3.7292250481087414,0.5891076657899426,0.02729403009692361,0.2552577580096642,0.29065283842211165,1.6083730973913175,1.5959296489772103,0.5932982582873833,3.661947386754837,5.223899278247779,1.6854928946653436,3.8674551255872673,0.9468622818238579,1.5959296489772103,1.4265358611702559,0.018876971625667597,0.2295630969775396,0.2552577580096642,0.23323852744467027,OTHER_UNDIVIDED,0.1,1
BG_BAST_023,22.266543090541013,80.19523908205,0,BASTAR_CRATON,431.38014596238503,0.5,106.67092336415644,561.8056345607712,677.2485094949363,533.3437872900937,1112.7977213847537,1910.4599875359047,2257.214153940056,2148.1613916969472,2308.9161985286523,1954.7478146253789,1402.637521331904,-15.10521212586205,-10.417336742440932,NEOPROTEROZOIC,NONE,NONE,NONE,GRANITE,ACID  INTRUSIVE,NEOPROTEROZOIC-GRANITE,0.40794295222802635,33,55,2,1,0,0,0,0.9579682020882883,-0.2868744042045796,4.687875383421117,0.6022056628712751,0.047140593978143505,0.2099594734637191,0.3495670604819593,0.9493386209231097,1.3936229307309445,0.6529479237921403,3.6650803056923618,2.886308030706247,1.531515703448172,4.027723653788071,0.9099631998186394,1.3936229307309445,0.7875156298244549,-0.042684286609814104,0.1644465075890988,0.2099594734637191,-0.025989008145195683,CRATONIC_BASEMENT,0.3,1
BG_BAST_024,22.23344883572061,80.41068923076976,0,BASTAR_CRATON,482.2009076162539,3.301198801002748,84.09879037796757,675.1801925071418,857.2251596669744,551.7067641923772,978.760141753861,1925.1261867292,1649.0129187129548,2280.694738694239,2403.0233382685437,1810.1261040740237,1242.2326306355799,-17.002468215580425,-10.625336891464714,ARCHAEAN,NONE,TIRODI GNEISSIC COMPLEX,NONE,GNEISS/MIGMATITE,NONE,ARCHAEAN-GNEISS-MIGMATITE,1.842475607581876,22,55,3,1,0,1,0,0.9947006467510604,0.10281353681798054,6.377131324115711,0.6104318092365604,0.11503036984302409,0.2947724999398547,0.4211574172347928,0.817125220049189,1.457155494048429,0.5446729055910918,3.2809568746956406,2.111611029552181,1.8359642796465363,4.13388938215933,0.7936731174802895,1.457155494048429,0.6435960929601217,-0.11171017386151295,0.1860506980371105,0.2947724999398547,-0.1006396127531456,GRANULITE_KHONDALITE,0.85,1
BG_BAST_025,21.857689976692193,80.4593736230416,0,BASTAR_CRATON,465.8601587143882,1.1919717895278963,15.153548269090278,590.7418254808415,846.125921454787,601.5041799556732,975.4333390165152,1660.645636314085,2354.9962942902976,2406.460914657457,2101.660325104512,2047.3864632303928,1648.2953144837265,-16.897085673055724,-8.284202349417313,ARCHAEAN,NONE,TIRODI GNEISSIC COMPLEX,NONE,GNEISS/MIGMATITE,NONE,ARCHAEAN-GNEISS-MIGMATITE,0.405263889695926,33,77,5,1,0,1,0,0.26140671928649967,0.9652287434136373,8.61288332363841,0.600059068948029,0.08062118453567826,0.18698179548695873,0.366003478819583,1.0182183705171937,1.2421235709388305,0.6849458072471558,3.40377760962109,2.419718399940401,1.459969516415953,4.00073846674525,0.8507873325135791,1.2421235709388305,0.7108920362711317,-0.06169081402714222,0.10798850459617401,0.18698179548695873,0.009026957873399898,GRANULITE_KHONDALITE,0.85,1
BG_BAST_026,21.29734175225711,79.15276915235445,0,BASTAR_CRATON,438.6252126175218,3.046585739023553,6.434616504028972,525.1127296041888,634.2903743413729,568.070036453316,1178.3771157898636,1916.4053134169453,2026.023957490164,2404.551438971993,2096.0302932525055,2247.451694174035,1509.8372785579006,-15.522890092452522,-8.892860937864413,ARCHAEAN,NAN,TIRODI GNEISSIC COMPLEX,TIRODI GNEISSIC COMPLEX,GNEISS,UNKNOWN,TIRODI-GNEISSIC-COMPLEX-GP-ARCHAEAN,10.967895174257784,4,4,4,3,0,1,0,0.1120693185476663,0.9937003913857847,6.63002915458811,0.6177986054003473,0.03377034371383693,0.22857059550031492,0.28025015294317573,1.0818058739495824,1.488539013179034,0.6279080802594461,3.9562933194812806,3.5432536603830136,1.592589791978163,4.232843277127777,0.9346656747755882,1.488539013179034,0.8955993320056018,-0.019867492528794776,0.19631559370944449,0.22857059550031492,0.03929563120058546,CRATONIC_BASEMENT,0.3,1
BG_DHAR_000,13.304022764494237,76.05306156229756,0,DHARWAR_CRATON,351.62576798236887,0.5868266346973793,355.58006030497137,527.5803473332229,619.778793963822,402.2770208586634,1162.7597331333025,1852.0884526667112,2193.607785312851,1855.9970614878994,2002.8643615421972,2097.2134315296553,1518.2060877514086,-18.581122843892437,-10.514600001235578,ARCHAEAN,PENINSULAR GNEISSIC COMPLEX,PENINSULAR GNEISSIC COMPLEX-I,PENINSULAR GNEISSIC COMPLEX-I,GNEISS,UNKNOWN,PENINSULAR-GNEISSIC-COMPLEX-I-ARCHAEAN,2.4177090876282894,4,4,4,4,0,1,0,-0.07706601112254913,0.9970259926048364,8.066522842656859,0.643730560143059,-0.061017841171572273,0.10010985073988021,0.2653835714595887,0.7624943236221202,1.3813759851631404,0.8180002643518768,5.213356263402222,3.3838095923434666,1.222493490995214,4.613728750681634,1.1299659217770601,1.3813759851631404,0.6490654796960992,0.023737749881434005,0.1601494212580991,0.10010985073988021,-0.13475542661285486,CRATONIC_BASEMENT,0.3,2
BG_DHAR_001,14.093957766285808,75.96129335401562,0,DHARWAR_CRATON,448.3072298443941,2.2964248230998465,153.99832814491043,548.2732447024246,726.8774256075023,702.2701281729287,1310.2397889419644,1692.2316287614524,2363.39432320195,2565.985246890214,1949.9322238740724,2192.0943218058715,1058.4608191573957,-16.286517830728386,-7.835775374013719,ARCHAEAN,PENINSULAR GNEISSIC COMPLEX,PENINSULAR GNEISSIC COMPLEX-I,PENINSULAR GNEISSIC COMPLEX-I,GNEISS,UNKNOWN,PENINSULAR-GNEISSIC-COMPLEX-I-ARCHAEAN,0.2924698268329499,3,3,3,3,0,1,0,0.438397372851811,-0.8987812545200473,8.450742456714668,0.570247702296223,0.07858021699881414,0.41593236589689775,0.1962143200485139,1.280876157422582,2.071020750186957,0.41249684503356976,3.1214403557040438,3.015768878718466,2.4242609627332694,3.6538436426339294,0.8542895262582821,2.071020750186957,0.9661465640095314,-0.03659641214226916,0.3487507373782882,0.41593236589689775,0.12314397620074362,CRATONIC_BASEMENT,0.3,2
BG_DHAR_002,15.106096271049438,76.1064806553791,0,DHARWAR_CRATON,310.44573069161856,2.6619153684517722,138.3575929774854,540.7142871829412,580.1614560811709,501.9982671686213,1197.5675138804208,1598.2890631847583,1798.2317866092976,2363.142211499156,2045.6793269448801,2644.022309554627,1280.1528938985743,-13.806905763539493,-10.258068230259568,ARCHAEAN,PENINSULAR GNEISSIC COMPLEX,PENINSULAR GNEISSIC COMPLEX-I,PENINSULAR GNEISSIC COMPLEX-I,GNEISS,UNKNOWN,PENINSULAR-GNEISSIC-COMPLEX-I-ARCHAEAN,14.634491718523295,2,2,2,2,0,1,0,0.6644795076494258,-0.7473064859306232,3.548837533279926,0.6495820911881922,-0.056095639921226875,0.2972554476025896,0.2615008522099236,0.9283983762581449,2.0653957195980963,0.5417164007851819,5.2669948826725825,4.557390494116709,1.8459843514913787,4.707470844710915,1.1188587362918057,2.0653957195980963,0.8652733838855936,0.04002793362291542,0.3475556886726967,0.2972554476025896,-0.03713009862173031,CRATONIC_BASEMENT,0.3,2
BG_DHAR_003,13.846149372280975,76.42258334136902,0,DHARWAR_CRATON,358.6863253933992,0.5,244.67302176950514,502.49531391755005,710.1791899819466,646.3171550522264,874.5379547360274,1407.4748616654842,1943.9229794659398,2646.1330118984765,2389.8656267010324,1997.1363415327307,1224.883512819824,-20.382507702330564,-11.703324348668787,ARCHAEAN,DHARWAR,CHITRADURGA,CHITRADURGA,UNKNOWN,UNKNOWN,CHITRADURGA-GP-DHARWAR-SGP-ARCHAEAN,0.16562290879764396,5,5,4,4,0,0,1,-0.9038812241727947,-0.4277835113557909,8.679183353661777,0.6073944189992043,0.1397714887563844,0.3671514935769817,0.46419740503829743,1.2862152857251512,1.630470423513678,0.46289566958621325,3.0900252651986695,2.812158349460143,2.1603140070409284,4.094171084767944,0.7547376990490517,1.630470423513678,0.910076165648532,-0.08721817899568998,0.23967972370809815,0.3671514935769817,0.12519174790856866,BIF_GREENSTONE,0.88,2
BG_DHAR_004,13.524125717441953,76.86373486728186,0,DHARWAR_CRATON,336.3172806953807,1.4363426048314814,78.5713996314231,488.3360883161501,756.6080278384691,848.1490936724971,1257.7921426584378,1869.9300094599387,2036.5192869073448,2411.049581822668,2126.803121127029,2183.504590393401,1048.5996560776337,-12.93103579641097,-11.51794139780669,ARCHAEAN,PENINSULAR GNEISSIC COMPLEX,PENINSULAR GNEISSIC COMPLEX-I,PENINSULAR GNEISSIC COMPLEX-I,GNEISS,UNKNOWN,PENINSULAR-GNEISSIC-COMPLEX-I-ARCHAEAN,3.6236287906704834,4,5,4,4,0,1,0,0.9801723877651227,0.19814663828290888,1.4130943986042812,0.4795351996862194,0.04952493383487337,0.39381157789802657,0.25675476991594554,1.7368142806324582,2.082305268417367,0.4349141815864339,2.574434853622683,2.8859125295636603,2.2993041868257684,2.842719041931734,0.9056240924905098,2.082305268417367,1.1209887568528187,0.02230098402753133,0.35113500290214206,0.39381157789802657,0.26922334039778384,CRATONIC_BASEMENT,0.3,2
BG_DHAR_005,13.371466480463472,77.17770779222089,0,DHARWAR_CRATON,387.368672544769,0.5052226439117606,341.98602622208114,474.9925497680382,802.6933223884307,518.8676949254934,950.2909059028381,1487.039445727589,1927.5742253526257,2575.3307394339404,2478.403616057774,1947.2359912202596,1390.0410459864418,-13.755251562593681,-11.957481672619533,ARCHAEAN- PALAEOPROTEROZOIC,NAN,NAN,NAN,GRANITE,UNKNOWN,CLOSEPET-GRANITE-ARCHAEAN-PALAEOPROTEROZOIC,6.6864161681903225,4,4,4,3,0,0,0,-0.30924893686628996,0.9509811223400123,1.7977698899741483,0.6646189917905378,0.1388801504724166,0.29891010409328667,0.44568353929513677,1.0923701731458975,1.400847834991489,0.5397524380702347,3.75285647287603,2.4258778969287302,1.8527012170015866,4.963366884578114,0.7561110348460146,1.400847834991489,0.6464083851291841,-0.10590543581218952,0.16696095015630727,0.29891010409328667,0.04414619192946836,CRATONIC_BASEMENT,0.3,2
BG_DHAR_006,14.976162969382312,75.83781665860809,0,DHARWAR_CRATON,588.3192710006158,0.5,283.0842051895987,419.6828328906659,669.9845923520047,341.6683724979037,1042.4043092071472,1819.0688398882617,2481.686046684098,2416.6363278625317,2358.6784371881404,1846.0920840339081,1165.588560555046,-16.919529231660952,-10.544820033207374,ARCHAEAN,PENINSULAR GNEISSIC COMPLEX,PENINSULAR GNEISSIC COMPLEX-I,PENINSULAR GNEISSIC COMPLEX-I,GNEISS,UNKNOWN,PENINSULAR-GNEISSIC-COMPLEX-I-ARCHAEAN,0.6307197613614094,3,3,3,3,0,1,0,-0.9740384115634434,0.22638280146460785,6.374709198453578,0.7522620522457957,0.1338448497217185,0.34923764027302306,0.3870162021165346,0.8141109068733409,1.5838282434506583,0.4823185626377089,5.403169351421503,2.755424680435876,2.0733184998301852,7.073046601070201,0.7639097625015143,1.5838282434506583,0.5099645214056344,-0.12909005300413087,0.2259547420725232,0.34923764027302306,-0.1024684268418248,CRATONIC_BASEMENT,0.3,2
BG_DHAR_007,13.212700869384285,76.88628442837322,0,DHARWAR_CRATON,211.94613266674267,16.104204589883636,32.187960832413424,457.5459938506581,659.6326249823035,588.5395355931878,1137.5300309377542,1747.31035678355,1911.5101393581056,2636.556439050687,1857.8739466404866,1924.527703974669,1463.8509574625593,-14.91321834425638,-7.532551443327614,ARCHAEAN,PENINSULAR GNEISSIC COMPLEX,PENINSULAR GNEISSIC COMPLEX-I,PENINSULAR GNEISSIC COMPLEX-I,GNEISS,UNKNOWN,PENINSULAR-GNEISSIC-COMPLEX-I-ARCHAEAN,5.7227484265062705,3,3,3,3,0,1,0,0.5326984595655744,0.8463051170685807,7.380666900928766,0.6350251027951571,0.1561095372486642,0.28599730902332593,0.240483060333198,1.286295896405531,1.3147019461571041,0.5552132073586171,3.2700058098304914,2.9175750685599047,1.801109890189768,4.479828924174955,0.7299398847451454,1.3147019461571041,0.8922232048737035,-0.10362361532997759,0.13595787024014291,0.28599730902332593,0.12522259215931433,CRATONIC_BASEMENT,0.3,2
BG_DHAR_008,14.82577189084952,76.73931218566968,0,DHARWAR_CRATON,441.7634171337062,1.3619550788179708,150.3290792825742,344.5634548643692,592.2017413243439,741.1055598498428,1399.3501234675946,1935.8285550876392,1977.7797085128893,2430.562659004445,2513.7438960554223,1956.3724285434935,1032.452109276417,-15.993704546187347,-11.610190362061017,ARCHAEAN- PALAEOPROTEROZOIC,NAN,NAN,NAN,GRANITE,UNKNOWN,CLOSEPET-GRANITE-ARCHAEAN-PALAEOPROTEROZOIC,10.63648017309059,5,5,5,4,0,0,0,0.49501774876038185,-0.8688828623078046,4.38351418412633,0.532671446710217,0.10809146269312747,0.40372641841731527,0.28478584126605777,2.1508536301120826,1.8948795872185453,0.4247790547701943,2.639802656857784,3.3035573668947515,2.3541650356583737,3.27964434137731,0.804905160741635,1.8948795872185453,1.25144103247833,-0.01418851501229424,0.30912497781882886,0.40372641841731527,0.36525137886946757,CRATONIC_BASEMENT,0.3,2
BG_DHAR_009,14.973921797377676,75.62587590794796,0,DHARWAR_CRATON,234.85557159293134,5.810247148194645,316.4825907223793,472.13282985642,597.311964596014,835.4182199642653,1566.4877834008041,1739.5909001020273,2144.965586952655,2275.521188389274,2552.6996613979277,2207.842739264138,1729.7601532104552,-13.540019263122634,-9.623048477963794,ARCHAEAN,DHARWAR,SHIMOGA (= CHITRADURGA),SHIMOGA (= CHITRADURGA),UNKNOWN,UNKNOWN,SHIMOGA-CHITRADURGA-GP-ARCHAEAN,4.079960128394169,3,3,3,3,0,0,1,-0.6885749483475426,0.725165181533269,3.9169707851588402,0.4629157881041038,0.015095461845646639,0.13626034939772264,0.2394190337230191,1.7694558932681463,1.276386633077406,0.7601599850075247,2.6427993594822223,3.6962975236250166,1.3155125482861696,2.723810818685278,0.9702580444248466,1.276386633077406,1.3986296409291958,0.05104667260381741,0.12141462686497984,0.13626034939772264,0.2778364866747106,BIF_GREENSTONE,0.88,2
BG_DHAR_010,14.024471175651826,75.69697740119273,0,DHARWAR_CRATON,337.526132078951,1.028610920026905,340.1035280249077,400.91271142792664,657.3521108098473,484.7495446102341,1191.0084588704274,1734.1104427305818,1835.5271042632605,2868.1086801117203,2101.5343312912864,2804.722736010227,1075.9168353519844,-14.034633714460117,-11.313378691254826,ARCHAEAN,DHARWAR,SHIMOGA (= CHITRADURGA),SHIMOGA (= CHITRADURGA),UNKNOWN,UNKNOWN,SHIMOGA-CHITRADURGA-GP-ARCHAEAN,1.9196295910335448,3,3,3,3,0,0,1,-0.3403216507145063,0.9403090843201258,2.7212550232052912,0.7108439948987968,0.01117359911492867,0.4544067570756115,0.2765418493162838,1.20911492597626,2.606821123387148,0.37513112471558907,5.785921330734741,4.2666976885312735,2.6657345467669797,5.916681523653951,0.9778997408574754,2.606821123387148,0.7374275306967568,0.0031182295966079437,0.44549509647088636,0.4544067570756115,0.09466004960251477,BIF_GREENSTONE,0.88,2
BG_DHAR_011,15.185137879513865,76.55960681560686,0,DHARWAR_CRATON,478.00555372706293,4.00449472857123,168.2645440499531,391.7128546227383,716.7365506816178,674.6369145560174,1072.5205071919418,1946.374140857659,2012.950243413622,2522.259280569973,2455.047885723748,1885.1869691172478,1354.825584300109,-18.80014144636602,-10.520618082542875,ARCHAEAN,DHARWAR,SANDUR,SANDUR,UNKNOWN,UNKNOWN,SANDUR-GP-DHARWAR-SGP-ARCHAEAN,1.0283691164441282,5,5,5,5,0,0,1,0.2033932221536247,-0.9790971336808041,8.279523363823145,0.5779425582391166,0.1445445446676499,0.30111120510844747,0.39192078626069277,1.722274122158925,1.3914610039635895,0.5371476256226925,2.794372684992383,2.630236960420387,1.861685598453814,3.7386914685674966,0.7474199749772826,1.3914610039635895,0.9412620480609986,-0.06469883975108683,0.16369115116361402,0.30111120510844747,0.26532013026631174,BIF_GREENSTONE,0.88,2
BG_DHAR_012,13.961065457161093,75.60804919548625,0,DHARWAR_CRATON,385.7852017185916,4.99823177989873,220.82810011585477,494.3915320922783,771.358462623325,568.8158497541941,1180.1758472720826,1867.0116058168235,2169.8397174750385,2443.436105251103,2135.8754406477,1975.0124083153612,1497.964827597017,-14.825475173071647,-13.020082423970504,ARCHAEAN,PENINSULAR GNEISSIC COMPLEX,PENINSULAR GNEISSIC COMPLEX-I,PENINSULAR GNEISSIC COMPLEX-I,GNEISS,UNKNOWN,PENINSULAR-GNEISSIC-COMPLEX-I-ARCHAEAN,3.8408405940516803,3,3,3,3,0,1,0,-0.6537917856995686,-0.7566745013225762,1.8053927491011432,0.6223318244543328,0.10601542496002203,0.23988203522623908,0.28820410485476555,1.1505371991231583,1.3184638054320297,0.6130566802073263,3.4721472787663847,2.5604339635272515,1.6311705445979046,4.295654036383385,0.8082930440712724,1.3184638054320297,0.7374208964821344,-0.07187597812034309,0.13735983514319247,0.23988203522623908,0.06999981270132201,CRATONIC_BASEMENT,0.3,2
BG_DHAR_013,13.915259339946022,76.05281164744547,0,DHARWAR_CRATON,283.0029699863625,3.169063079591989,60.13222059314708,591.360182907568,599.6821049319656,608.3456810265451,1233.1483138810754,1863.2311914365557,2026.7707110358476,1980.923895865416,2374.417594187084,2081.0630960666253,1157.3398924499718,-16.411255707286497,-10.441076458313075,ARCHAEAN,DHARWAR,SHIMOGA (= CHITRADURGA),SHIMOGA (= CHITRADURGA),UNKNOWN,UNKNOWN,SHIMOGA-CHITRADURGA-GP-ARCHAEAN,0.8502477464768129,3,3,3,3,0,0,1,0.8671769391364492,0.4980001568573438,5.970179248973421,0.5301024762189295,-0.024652762398169693,0.2624330071358052,0.3163543810626596,1.028722760816836,1.798143404409124,0.5842424811378816,3.420856196651394,3.470277127633226,1.7116180882354117,3.2562471541944444,1.0505517649414338,1.798143404409124,1.0144469461551058,0.02225988888107502,0.2852403504464834,0.2624330071358052,0.01415805208213263,BIF_GREENSTONE,0.88,2
BG_DHAR_014,14.878094210177547,76.58384770130387,0,DHARWAR_CRATON,315.62266616660287,2.2324982541584513,356.82070540931153,553.465328480185,829.2688568959522,910.8777681718739,1051.8998561664212,1893.8535179617052,2079.4548910420112,1977.9230956341155,2033.8753982612586,2218.739654612924,1513.1171608582376,-15.8343348589638,-10.387410759609924,ARCHAEAN,PENINSULAR GNEISSIC COMPLEX,PENINSULAR GNEISSIC COMPLEX-I,PENINSULAR GNEISSIC COMPLEX-I,GNEISS,UNKNOWN,PENINSULAR-GNEISSIC-COMPLEX-I-ARCHAEAN,0.34472219219599415,4,5,5,4,0,1,0,-0.05546068726343209,0.9984608716260581,5.4469240993538754,0.3693730988736408,-0.057382871403533604,0.13314253073373386,0.31822652682420915,1.645772046873055,1.4663369833755115,0.7650030294065272,2.435825892018525,2.6755371716747955,1.3071843644976282,2.1714473253994857,1.1217522351544467,1.4663369833755115,1.0984106776697034,0.10567538962930251,0.18908080573732244,0.13314253073373386,0.24407697913471726,CRATONIC_BASEMENT,0.3,2
BG_DHAR_015,15.24058930792555,76.30276537277531,0,DHARWAR_CRATON,441.1637974041208,1.8576523472688222,83.40181249803962,354.3599517101458,652.8876398957432,454.67326387653316,1369.2817033868482,1492.8855753585788,1983.5469352613584,2373.1788705354634,1901.7233868663557,2179.0652435864354,992.7041005498959,-17.45634380193963,-8.91942411192861,ARCHAEAN,PENINSULAR GNEISSIC COMPLEX,PENINSULAR GNEISSIC COMPLEX-I,PENINSULAR GNEISSIC COMPLEX-I,GNEISS,UNKNOWN,PENINSULAR-GNEISSIC-COMPLEX-I-ARCHAEAN,3.6949060502781106,4,4,4,4,0,1,0,0.9933764010318948,0.11490572602320563,8.536919690011022,0.6784320801764335,0.0426413043852834,0.4101374829233244,0.1627761708177335,1.2830830922038194,2.195080326740153,0.4183014236544291,4.7925959406875664,3.3375807828079274,2.390620595633936,5.219525874651771,0.918205226636189,2.195080326740153,0.6964035392869965,-0.017495889318272506,0.3740376471119297,0.4101374829233244,0.12399158663671489,CRATONIC_BASEMENT,0.3,2
BG_DHAR_016,13.475066765658093,76.7125161382791,0,DHARWAR_CRATON,314.2670031454577,1.5016515559639119,339.38343868864524,400.829749074373,677.8632705651564,647.9113627644031,1134.5106138787103,1951.3577359973965,1766.8165319802313,2336.3802994420603,2254.295702596758,2485.2287381844353,1663.0294247956401,-12.50372586175833,-9.553438173489258,ARCHAEAN,DHARWAR,CHITRADURGA,CHITRADURGA,UNKNOWN,UNKNOWN,CHITRADURGA-GP-DHARWAR-SGP-ARCHAEAN,3.692343228212732,7,7,6,5,0,0,1,-0.3521122011608433,0.9359577970152638,2.9502876882690714,0.5657854952633842,-0.030871113263214026,0.16836256370467279,0.3304364380293781,1.6164253343076074,1.4943985353689286,0.7117974006547576,3.835754205243616,3.666268468043934,1.404894142702418,3.6060184002138094,1.0637089936575017,1.4943985353689286,0.955814232667311,0.06744573020078269,0.19820350636034914,0.16836256370467279,0.23559829081289588,BIF_GREENSTONE,0.88,2
BG_DHAR_017,14.949805611818864,76.45417123586815,0,DHARWAR_CRATON,399.48127306237774,9.283946168772733,233.87279363725264,555.2616950390573,605.2788320852177,671.4462488941977,1174.6614633637091,1922.4937588027205,2170.7505064946326,2146.469358747921,2319.067763431291,1372.0823788394375,1303.5373162414396,-13.919876360194849,-12.39678424990409,ARCHAEAN,PENINSULAR GNEISSIC COMPLEX,PENINSULAR GNEISSIC COMPLEX-I,PENINSULAR GNEISSIC COMPLEX-I,GNEISS,UNKNOWN,PENINSULAR-GNEISSIC-COMPLEX-I-ARCHAEAN,6.047070261081261,3,3,3,3,0,1,0,-0.8077100184621279,-0.5895799573220829,1.523092110290758,0.5234447423940063,0.22008685318334617,0.24432765547178348,0.3275601013848036,1.20924287355663,1.052583889000626,0.607293698520125,2.0434731433165974,2.2668600054055763,1.646649720232255,3.1967850875422243,0.6392275634442662,1.052583889000626,1.1093172471796386,-0.13870735641251886,0.025618387657408682,0.24432765547178348,0.09471248175657815,CRATONIC_BASEMENT,0.3,2
BG_DHAR_018,14.97322451389549,76.33945251381947,0,DHARWAR_CRATON,384.10146559134324,6.214624748996293,218.7852461563893,401.40100851693524,437.5759739727058,739.4364957433281,1199.8886378081693,1596.6633742847005,2486.0852757623934,2335.245674903015,2250.580076596349,1383.9210389412983,1150.89714800778,-17.479542327945936,-7.831603511912915,ARCHAEAN,PENINSULAR GNEISSIC COMPLEX,PENINSULAR GNEISSIC COMPLEX-I,PENINSULAR GNEISSIC COMPLEX-I,GNEISS,UNKNOWN,PENINSULAR-GNEISSIC-COMPLEX-I-ARCHAEAN,15.450460757522853,3,3,3,3,0,1,0,-0.6264031086127119,-0.7794992915457531,9.64793881603302,0.5190159795622741,0.25578972627516094,0.3397303514853184,0.30450687296406953,1.842139103320145,1.2024715154906886,0.4928377171976736,1.8715887639255688,3.16269886395756,2.029065478975505,3.158142295096398,0.592623317204581,1.2024715154906886,1.6898471077838566,-0.1261910733172816,0.09192923265319393,0.3397303514853184,0.2963046758786876,CRATONIC_BASEMENT,0.3,2
BG_DHAR_019,14.402285507578586,76.22681973120953,0,DHARWAR_CRATON,321.3559687154765,11.736117362954921,184.5678639659431,462.02934800023803,768.404539636105,630.7781468817985,1163.2379915921683,1751.1839052651596,2104.0483587723566,2697.156732010899,2053.99236044436,1951.2365483969552,1225.2045568931414,-18.669221213820464,-9.57939391955601,ARCHAEAN,PENINSULAR GNEISSIC COMPLEX,PENINSULAR GNEISSIC COMPLEX-I,PENINSULAR GNEISSIC COMPLEX-I,GNEISS,UNKNOWN,PENINSULAR-GNEISSIC-COMPLEX-I-ARCHAEAN,4.840451847972936,4,5,4,4,0,1,0,-0.07963983880199152,-0.9968237036084128,9.089827294264454,0.6209191765181796,0.16046838949651598,0.3752719513387224,0.27686993814772026,1.3652339364300288,1.5925802232994435,0.45425782710277174,3.093380065478421,2.539335005466875,2.2013929956716143,4.275919736706413,0.7234420323133185,1.5925802232994435,0.8208933101301356,-0.10053147542165664,0.2285677483728883,0.3752719513387224,0.15441768062302544,CRATONIC_BASEMENT,0.3,2
BG_DHAR_020,13.258463991511418,75.68341542588861,0,DHARWAR_CRATON,572.9549680392793,0.5,83.04113221839313,524.0041679219642,753.6843897092433,653.8855593454513,1225.8410750704418,1792.1385424744738,2149.558105794461,2473.850618637575,2250.025234467216,2429.1900562631126,1502.22981734818,-16.771345261955695,-9.603212965645026,ARCHAEAN,PENINSULAR GNEISSIC COMPLEX,PENINSULAR GNEISSIC COMPLEX-I,PENINSULAR GNEISSIC COMPLEX-I,GNEISS,UNKNOWN,PENINSULAR-GNEISSIC-COMPLEX-I-ARCHAEAN,7.911412336785131,3,4,4,4,0,1,0,0.992633384974266,0.12115677048572449,7.168132296310668,0.5818793386480184,0.009108748086463316,0.24436648520772267,0.2946557974027344,1.247863276909977,1.6170562097710177,0.6072435439001003,3.715007951819212,3.2230865946117846,1.6467857237435004,3.7833082249600776,0.9819469441606765,1.6170562097710177,0.8675853811037829,0.014014439139876624,0.23578255909554385,0.24436648520772267,0.11026617204187067,CRATONIC_BASEMENT,0.3,2
BG_DHAR_021,13.272287127079489,76.58189769914843,0,DHARWAR_CRATON,437.05271200862103,4.593929772111776,63.55009152198298,402.5324436109092,651.8672442881787,576.918657583603,1007.4120220179615,1773.1006431196536,2252.399006125709,2014.7478725618155,2417.3236881451835,1630.3055905183212,1153.8861770373906,-15.130994707817388,-10.018364706770278,ARCHAEAN,NAN,NAN,NAN,GRANITE,UNKNOWN,ACID-INTRUSIVE-GRANITE-GRANODIORITE-ARCHAEAN,1.016714519223578,5,6,6,5,0,0,0,0.8953241133241746,0.4454152355951473,5.11263000104711,0.5547894367192164,0.10546958661428356,0.2716822712176659,0.4116848087084573,1.4332227508797628,1.4128825022336757,0.572719888269428,2.825884665475885,2.5009779250337894,1.7460542563987012,3.4922563910625404,0.8091859095183708,1.4128825022336757,0.885024768085345,-0.04542239392476957,0.17111587601886755,0.2716822712176659,0.178044839177752,CRATONIC_BASEMENT,0.3,2
BG_DHAR_022,13.923018756475551,76.36457017498,0,DHARWAR_CRATON,197.73716720081535,9.751445428414343,79.37503526526312,488.4300404916768,686.6990717224872,649.6039635369618,1016.2547369080954,1866.7719933137068,1820.7472907597262,2272.122793214264,2338.7767424693657,1197.7102980918728,1112.6605776443057,-15.519588312107555,-11.03551489444444,ARCHAEAN,DHARWAR,CHITRADURGA,CHITRADURGA,UNKNOWN,UNKNOWN,CHITRADURGA-GP-DHARWAR-SGP-ARCHAEAN,0.8713854287472699,5,5,4,4,0,0,1,0.9828551051502096,0.1843796146003416,4.484073417663115,0.555328736807035,0.30964385506171715,0.3425513801591689,0.3941906397291029,1.3299836380928907,1.0764381529102018,0.4897009001791566,1.843754600459684,1.7441559857412219,2.0420628148636997,3.497704628132673,0.5271327329410732,1.0764381529102018,0.9459805456872715,-0.19819117022787427,0.03681215050966856,0.3425513801591689,0.14162487441772803,BIF_GREENSTONE,0.88,2
BG_DHAR_023,15.287402890030014,75.9237967895531,0,DHARWAR_CRATON,396.7808883292485,0.6998453339527919,67.11777437193163,373.2779604065436,731.5939217704099,582.2488496952849,934.9768650542458,2086.273356366237,2474.553224788513,2098.7583797868597,2395.625257649803,2271.3538218657627,1244.6158506040654,-13.493734350463512,-9.564395320502548,ARCHAEAN,PENINSULAR GNEISSIC COMPLEX,PENINSULAR GNEISSIC COMPLEX-I,PENINSULAR GNEISSIC COMPLEX-I,GNEISS,UNKNOWN,PENINSULAR-GNEISSIC-COMPLEX-I-ARCHAEAN,16.727741944178433,4,4,4,4,0,1,0,0.9213060757802125,0.3888381600749409,3.929339029960964,0.5656491757461057,-0.03949451045539266,0.2554732046335867,0.43855385253016427,1.5598264829279525,1.8249436715259841,0.5930248388751821,3.90100181246121,3.104664693310421,1.6862700061886342,3.6045728167271687,1.082236927632515,1.8249436715259841,0.7958634313013658,0.07164705126536473,0.2920212819265969,0.2554732046335867,0.2186970442491034,CRATONIC_BASEMENT,0.3,2
BG_DHAR_024,14.143880722981947,76.78443693552319,0,DHARWAR_CRATON,320.4392181708451,0.5,280.65041048403117,431.8905884839029,523.7454143113457,688.3729078841656,1165.925184593034,2016.3533455345657,2144.5123352130163,2203.0750208978598,2182.471199886442,2173.0971671108146,1005.7594718075079,-14.420160555638295,-9.048823128142836,ARCHAEAN,PENINSULAR GNEISSIC COMPLEX,PENINSULAR GNEISSIC COMPLEX-I,PENINSULAR GNEISSIC COMPLEX-I,GNEISS,UNKNOWN,PENINSULAR-GNEISSIC-COMPLEX-I-ARCHAEAN,1.7057975969512127,5,6,6,6,0,1,0,-0.9827731230070024,0.18481609425335058,5.37133742749546,0.5238559191788321,0.006850245486760892,0.37313097682011154,0.3035918984089582,1.5938594742403436,2.160652945226322,0.456525293878139,3.156860386375966,4.149147856156402,2.190459131096353,3.200409243979381,0.9863927217688573,2.160652945226322,1.314327319648145,0.04120933611864729,0.36721935825747093,0.37313097682011154,0.22894820727698317,CRATONIC_BASEMENT,0.3,2
BG_DHAR_025,13.72623578063073,75.63086584670894,0,DHARWAR_CRATON,456.71900013166015,4.729876036160177,126.04509330002284,505.582554731403,627.0947322653706,579.3428630352003,1216.840475526817,1537.5561613137188,2459.008517799604,2196.5960835925894,2642.9294786790397,1772.937477960171,1755.135976985454,-14.060861948494185,-13.49379138269111,ARCHAEAN,DHARWAR,SHIMOGA (= CHITRADURGA),SHIMOGA (= CHITRADURGA),UNKNOWN,UNKNOWN,SHIMOGA-CHITRADURGA-GP-ARCHAEAN,0.33060250260370216,4,4,3,3,0,0,1,0.808554141263013,-0.5884217880453032,0.5670705658030748,0.5825968261799962,0.10672755349118865,0.11171306650553818,0.36947512927001985,1.145891717322192,1.0101425189831443,0.7990253598721976,3.0602560038651814,2.8272243154207914,1.2515247314990623,3.7915304044534266,0.8071294902125824,1.0101425189831443,0.9238522224839625,-0.069225667611712,0.005045671865113077,0.11171306650553818,0.06798652426048937,BIF_GREENSTONE,0.88,2
BG_DHAR_026,13.866428341701665,75.7740761883318,0,DHARWAR_CRATON,308.6731335410569,2.990495004695344,20.823363562822692,352.56050131746645,759.4264679621828,661.4810433292405,1168.6659299227829,1924.4139980612097,1938.7327409847223,2180.5886043489986,2055.956665861305,1804.3381197837211,1158.4013521963193,-15.346289198779125,-11.077521674692191,ARCHAEAN,PENINSULAR GNEISSIC COMPLEX,PENINSULAR GNEISSIC COMPLEX-I,PENINSULAR GNEISSIC COMPLEX-I,GNEISS,UNKNOWN,PENINSULAR-GNEISSIC-COMPLEX-I-ARCHAEAN,0.26397373744879715,4,4,3,3,0,1,0,0.35548812776533484,0.9346807963245511,4.268767524086934,0.5345075064315363,0.09441841984001507,0.3061366656233215,0.27516111089198964,1.8762199366666537,1.5576105076233728,0.531233332759216,2.7277246041318817,2.375922085319852,1.8824119967852322,3.2965247047406687,0.8274546218198461,1.5576105076233728,0.8710271110687088,-0.013468767737642424,0.21802010385263243,0.3061366656233215,0.30464288503560216,CRATONIC_BASEMENT,0.3,2
BG_SING_000,22.250788356639802,85.48487222773865,0,SINGHBHUM_CRATON,369.6737202679791,6.4542699946251725,348.8769468506921,515.2379790368319,554.5710576830751,616.7810904946524,1351.1738650021307,2065.7866639070817,2499.9736229627215,1986.2161570066512,2471.8900742716796,1809.0768841095978,1507.9041965451008,-18.77859746042198,-10.509893940807178,PALAEOPROTEROZOIC - MESOPROTEROZOIC,NAN,KOLHAN,KOLHAN,UNKNOWN,UNKNOWN,KOLHAN-GP-PALAEOPROTEROZOIC-MESOPROTEROZOIC,3.324468500703906,6,6,6,6,0,0,1,-0.19291677733064316,0.9812151227046794,8.268703519614803,0.5260993138968786,0.04667341123105499,0.1368905223423282,0.2931460804156162,1.1970800181511496,1.1997293243528417,0.7591843367432979,2.9330939437939674,3.262119174422055,1.3172031487413138,3.22029352779514,0.9108157119843245,1.1997293243528417,1.1121768452167442,-0.015342271755128,0.09079722800657487,0.1368905223423282,0.08970088411155995,OTHER_UNDIVIDED,0.1,0
BG_SING_001,22.043382629557296,85.52287635411263,0,SINGHBHUM_CRATON,425.44885510824116,0.5269538624496741,318.16291858683326,478.4289760858655,709.355793216663,743.8655275849385,1099.160597175643,1877.3617041378404,2270.534208687652,2268.0863296204525,2645.4727732399906,2133.160595242182,1352.367520911943,-16.3913970622938,-9.487658788611444,ARCHAEAN,NAN,SINGHBHUM GRANITE COMPLEX,SINGHBHUM GRANITE COMPLEX,GRANITE,UNKNOWN,SINGHBHUM-GRANITE-COMPLEX-GP-ARCHAEAN,0.6910193068126605,7,8,7,7,0,0,0,-0.6670147972874738,0.7450444686054318,6.903738273682357,0.5060574915509072,0.030656251887486507,0.25292928628849165,0.4129408736962077,1.5548086826091934,1.5773527245214918,0.596259279311468,2.867669643598233,3.0071800535552367,1.677122744277302,3.049054220774354,0.9405111994386208,1.5773527245214918,1.048649399426397,0.023207940895641283,0.2240099772793522,0.25292928628849165,0.21716251728593183,CRATONIC_BASEMENT,0.3,0
BG_SING_002,22.16257045382938,85.11194203533162,0,SINGHBHUM_CRATON,457.91796747531095,5.551175388611538,333.99082195027665,524.1991963533718,544.3418195376595,614.3466904052665,1200.3112483388768,2018.1960850371934,2221.6688188875187,2159.8480907881726,2470.227023187224,1912.1054171450978,1053.866487379508,-13.879820520182669,-7.613377988145748,PALAEOPROTEROZOIC,NAN,UPPER BONAI,UPPER BONAI,UNKNOWN,UNKNOWN,UPPER-BONAI-GP-PALAEOPROTEROZOIC,6.632152421156843,5,6,6,6,0,0,1,-0.43851511645376945,0.8987238133272852,6.266442532036921,0.5570990942319282,0.06084123335385918,0.3441443152973163,0.34597535308476124,1.1719718258002687,1.8143715909263536,0.4879354670295332,3.1124207941468964,3.5126924755780573,2.0494513437933604,3.515682791173989,0.8852962504238135,1.8143715909263536,1.128604614281632,-0.03024569578138351,0.2893617866598736,0.3441443152973163,0.07917774331376369,SHALY_TUFFACEOUS_IOG,0.92,0
BG_SING_003,22.224791298942986,85.32360534514939,0,SINGHBHUM_CRATON,271.97332336498016,0.7881292057345803,358.1668161527167,497.9131307251729,726.6429982433526,424.96642849724304,936.2448685791028,2202.454089140153,2151.4853799576927,1567.6378274994331,2299.3689432337924,2248.219175692656,1298.5113226968176,-16.103045857049292,-11.543481629193565,ARCHAEAN- PALAEOPROTEROZOIC,NAN,LOWER BONAI,LOWER BONAI,UNKNOWN,UNKNOWN,LOWER-BONAI-GP-ARCHAEAN-PALAEOPROTEROZOIC,8.894587679596615,4,4,4,4,0,0,1,-0.03198963538705974,0.9994882006446114,4.559564227855727,0.5734562670886114,-0.17835609338755046,0.09389829021643538,0.42128762995657126,0.8534951207750163,1.731382033151665,0.828323544564992,5.290345353519839,3.0939803700492647,1.2072577257442942,3.688850974308791,1.4341445038007825,1.731382033151665,0.5848352340004062,0.1282271419467684,0.26776995127183156,0.09389829021643538,-0.0790424941368834,SHALY_TUFFACEOUS_IOG,0.92,0
BG_SING_004,22.165208108614845,85.5376547799541,0,SINGHBHUM_CRATON,349.89488877431467,0.625503196379313,62.602289719015424,589.1312343979075,676.4358517702516,758.8113650785391,1041.93504462884,2004.7419092213963,2045.323704023621,2813.243006125416,2217.925738334255,1243.6120011286826,1496.000694827687,-14.993819262752506,-10.995923693635683,PALAEOPROTEROZOIC - MESOPROTEROZOIC,NAN,KOLHAN,KOLHAN,UNKNOWN,UNKNOWN,KOLHAN-GP-PALAEOPROTEROZOIC-MESOPROTEROZOIC,0.009631724799541452,8,8,8,8,0,0,1,0.8878337754539308,0.4601643045296095,3.9978955691168228,0.5751400810227013,0.38690833214476583,0.3056783051514834,0.36074874715224303,1.2880175408897259,0.8312910579500992,0.5317708747657414,1.6388947987897762,1.8384773604705276,1.8805091561598122,3.707433931391899,0.44205637336655496,0.8312910579500992,1.121778749560553,-0.2590200366270396,-0.09212568403533866,0.3056783051514834,0.12588082802684333,OTHER_UNDIVIDED,0.1,0
BG_SING_005,21.822602432480306,85.06603115471661,0,SINGHBHUM_CRATON,337.25492199551394,0.6280562979598274,142.64712680495714,490.0179602118326,518.486818409449,520.3694469051119,1204.3306636348666,1849.8617191283458,2364.1169648642517,2572.192413554168,2609.021912761564,1842.9444404616602,1252.9346662284233,-16.637496630492265,-11.0250682212931,ARCHAEAN- PALAEOPROTEROZOIC,NAN,LOWER BONAI,LOWER BONAI,UNKNOWN,UNKNOWN,LOWER-BONAI-GP-ARCHAEAN-PALAEOPROTEROZOIC,5.4890485026579645,5,5,5,5,0,0,1,0.6067222140859506,-0.7949139292619308,5.612428409199165,0.663470306679934,0.16516995894794148,0.3448925276113532,0.36836123086361755,1.0619395371104743,1.470902265429672,0.48710767481428546,3.5416076940737624,3.554467291108295,2.0529341878966703,4.943011977181261,0.7164877829643601,1.470902265429672,1.0036310035765368,-0.12881639683691923,0.19057907421761652,0.3448925276113532,0.030039454618546027,SHALY_TUFFACEOUS_IOG,0.92,0
BG_SING_006,21.75955461377936,85.25626467317575,0,SINGHBHUM_CRATON,321.20036906836594,5.89786148897403,272.96585125347286,445.64755670997977,796.4739354457172,548.0857027486298,1227.3653166114716,2009.0176948169508,2130.8791713665705,2205.924818768751,1994.2562686845818,1762.183811726685,1598.278236462757,-18.05962369708369,-11.603055180209083,ARCHAEAN- PALAEOPROTEROZOIC,NAN,LOWER BONAI,LOWER BONAI,UNKNOWN,UNKNOWN,LOWER-BONAI-GP-ARCHAEAN-PALAEOPROTEROZOIC,1.572556308299414,5,5,5,4,0,0,1,-0.9986605500352098,0.051740755728653984,6.456568516874608,0.6019726876369109,0.1118268294169245,0.15973032283611496,0.23804501290134955,1.2298635844994694,1.1025513395740942,0.7245388519769709,3.2151610590720328,2.2124814524257626,1.3801882344782619,4.024780802858635,0.7988412823204992,1.1025513395740942,0.6881401608626072,-0.06878551725431768,0.04877471397228332,0.15973032283611496,0.10308414754214294,SHALY_TUFFACEOUS_IOG,0.92,0
BG_SING_007,22.172610336145745,85.5164383499538,0,SINGHBHUM_CRATON,538.8908816252988,3.829747736555891,250.5674224993652,489.7838002425827,606.5408423201951,554.4772576552159,1055.9049578503727,1828.9775666193782,1667.2446652108265,2304.7047624351494,2107.468934905089,2023.0977964882522,1555.378848195466,-16.24668812809222,-10.694372990224524,PALAEOPROTEROZOIC - MESOPROTEROZOIC,NAN,KOLHAN,KOLHAN,UNKNOWN,UNKNOWN,KOLHAN-GP-PALAEOPROTEROZOIC-MESOPROTEROZOIC,0.3416144044050509,8,8,8,8,0,0,1,-0.9430336437709607,-0.3326973800859646,5.552315137867696,0.6121427358837667,0.0650692729272477,0.1941216796397697,0.33241849126039646,1.1320857411954126,1.3007106259254575,0.674871190823237,3.648657839268123,3.3354683674950008,1.4817642426006237,4.1565361364410025,0.8778121295991234,1.3007106259254575,0.9141631000808058,-0.04037806026992655,0.13070336755080933,0.1941216796397697,0.06195142188000016,OTHER_UNDIVIDED,0.1,0
BG_SING_008,21.604866491371833,85.30644838154653,0,SINGHBHUM_CRATON,416.448353986486,2.5913158472111553,55.40252628234782,523.463842322911,598.9747562985619,771.1881902487899,1089.26011222129,1804.780608656991,1854.2189784244595,2007.0864131706096,2250.6105586270696,1938.5856724529585,1529.7287136645823,-15.381905113934693,-8.458395560024059,ARCHAEAN- PALAEOPROTEROZOIC,NAN,LOWER BONAI,LOWER BONAI,UNKNOWN,UNKNOWN,LOWER-BONAI-GP-ARCHAEAN-PALAEOPROTEROZOIC,2.6183214187114254,4,4,4,3,0,0,1,0.8231614050693686,0.5678074508178127,6.923509553910634,0.44484379656203793,0.017360981656301105,0.13496823618208387,0.34772317868316205,1.473240606941145,1.2672741603585735,0.762163852470056,2.513764726238604,3.2365064618017967,1.3120538262306827,2.602589660923778,0.9658705568260458,1.2672741603585735,1.2875136737429942,0.03420086298703033,0.11788347685752057,0.13496823618208387,0.1913443469767348,SHALY_TUFFACEOUS_IOG,0.92,0
BG_SING_009,21.892187702204147,85.13326468628243,0,SINGHBHUM_CRATON,266.5204441098459,1.5556149058732385,293.69992499662237,483.90880562605633,700.0569197230943,385.0758364623435,872.3189379978786,1729.7171528572535,2059.1139345175957,2723.9307194527164,2659.4134393779996,2339.35313396873,1185.0858069317508,-17.311375438922887,-12.10767099072869,ARCHAEAN- PALAEOPROTEROZOIC,NAN,LOWER BONAI,LOWER BONAI,UNKNOWN,UNKNOWN,LOWER-BONAI-GP-ARCHAEAN-PALAEOPROTEROZOIC,3.0992117891007487,5,5,5,5,0,0,1,-0.9156631195108809,0.40194657800210504,5.2037044481941965,0.7522836765294967,0.07595418241230123,0.39366549149655566,0.5060107363519838,0.7957611665454011,1.973994725370514,0.4350645917803629,6.075045241438954,3.3416613202714913,2.29850927352392,7.073751335330379,0.8588152100945984,1.973994725370514,0.5500636092056567,-0.08148831343896616,0.32750385126960513,0.39366549149655566,-0.11373385013164013,SHALY_TUFFACEOUS_IOG,0.92,0
BG_SING_010,21.68390575713358,85.20256910284218,0,SINGHBHUM_CRATON,462.60757523492987,7.340209335530163,80.79860586119784,483.2473352963106,794.8637349428715,965.1523387025993,1046.4456198790085,2112.6826717664217,2168.199776296422,2774.322173693278,2444.941909010224,1542.1989685019828,1030.0393880546283,-16.471422489713337,-9.144371209694194,CENOZOIC,NAN,NAN,NAN,LATERITE,UNKNOWN,LATERITE-BAUXITE-CENOZOIC,1.554902857428919,5,5,5,4,0,0,0,0.9871323745017715,0.15990520695241434,7.327051280019143,0.4838032264987259,0.28544357002250853,0.4584955338416223,0.4005560188202838,1.9972222632403733,1.4972232954289402,0.3712760534628632,1.597881396606461,1.9402054701522122,2.693413672499995,2.8744914761830795,0.5558831568191912,1.4972232954289402,1.214236220699804,-0.13013504011146906,0.19911046693738713,0.4584955338416223,0.33271548711625565,LATERITE_WEATHERING,0.78,0
BG_SING_011,22.260036792738763,85.19392175921246,0,SINGHBHUM_CRATON,570.994057731137,1.7440946239410573,80.57434133614431,423.84066497545956,578.4178181021603,736.1662489972657,1233.557474527968,1636.3142668115997,2087.550532442023,2339.173432061631,2107.9885603724388,2113.6474428992256,1146.6030986593014,-17.878926483971966,-13.403804460036671,PALAEOPROTEROZOIC,NAN,UPPER BONAI,UPPER BONAI,UNKNOWN,UNKNOWN,UPPER-BONAI-GP-PALAEOPROTEROZOIC,4.9113505871159155,4,4,4,4,0,0,1,0.986498920714738,0.16376776065104265,4.475122023935295,0.5212455692020255,0.05064789162751581,0.3421247238742399,0.26168458445578413,1.7368938568058259,1.8433993798963817,0.4901744703720271,2.8711550453543286,3.6541879815876017,2.0400899254124525,3.1775070265314653,0.9035873155128881,1.8433993798963817,1.272724014865185,0.015464503474536028,0.2966165733634148,0.3421247238742399,0.26924458810588187,SHALY_TUFFACEOUS_IOG,0.92,0
BG_SING_012,21.854540721665508,85.58306924963257,0,SINGHBHUM_CRATON,472.9218734496032,5.936289319968243,193.3107922416289,426.96792659592415,686.1679849847972,644.5562805542075,1186.280752415985,2106.473544935623,2368.173573754606,2555.882661046336,2272.4230736537743,2267.5009269635116,1349.06023516668,-13.761510164871808,-11.122675992884412,ARCHAEAN,NAN,SINGHBHUM GRANITE COMPLEX,SINGHBHUM GRANITE COMPLEX,GRANITE,UNKNOWN,SINGHBHUM-GRANITE-COMPLEX-GP-ARCHAEAN,6.8450186901013925,5,5,5,5,0,0,0,-0.23023304122453572,-0.9731355233103461,2.638834171987396,0.5972075752018765,0.05978826455766584,0.30904995479984443,0.3140316070826965,1.50961287463307,1.6808003572965406,0.5278255747807185,3.517925419167315,3.3045857184799505,1.8945652629335594,3.9653366729797126,0.8871694153393039,1.6808003572965406,0.9393563875311555,-0.012009242989458971,0.253954143278447,0.30904995479984443,0.20306433798068424,CRATONIC_BASEMENT,0.3,0
BG_SING_013,22.27371310645948,85.15106937749522,0,SINGHBHUM_CRATON,243.2567030641388,2.0239620838985815,213.45837654301315,367.79157825602454,722.8816500330573,613.9616599322085,1175.0998582071816,1899.9728247480743,1670.7575899115025,2343.821694733481,2196.4192139759266,2656.9942309685866,1436.446678383089,-16.58891151517607,-10.658978600435972,PALAEOPROTEROZOIC,NAN,UPPER BONAI,UPPER BONAI,UNKNOWN,UNKNOWN,UPPER-BONAI-GP-PALAEOPROTEROZOIC,8.003632533114619,4,5,5,5,0,0,1,-0.551331049715488,-0.8342865656473308,5.929932914740096,0.5848501485031665,-0.0626242878812851,0.24002925891801027,0.3029255755639253,1.6693195128995102,1.849699170253703,0.6128651684545331,4.327622390841702,3.675559100402567,1.6316802623958742,3.817537549779151,1.1336161943569265,1.849699170253703,0.8493252789786637,0.09349538676358056,0.2981715332689725,0.24002925891801027,0.25074537251308765,SHALY_TUFFACEOUS_IOG,0.92,0
BG_SING_014,21.94807395412467,85.18052698589005,0,SINGHBHUM_CRATON,336.41893344203737,1.65591848036208,208.83103482161204,619.9661394549552,749.3105607263144,651.4109482343423,1107.4660530771441,1520.1387650396118,2131.5893460311354,1965.8186402810175,2172.5527519416164,1955.4702086719574,757.1071488098881,-13.094488909747634,-6.650280654171871,ARCHAEAN- PALAEOPROTEROZOIC,NAN,LOWER BONAI,LOWER BONAI,UNKNOWN,UNKNOWN,LOWER-BONAI-GP-ARCHAEAN-PALAEOPROTEROZOIC,6.003249348388651,4,5,5,5,0,0,1,-0.4822282635248489,-0.87604560489612,6.444208255575763,0.5022133699359818,0.0026390383379138655,0.4439017382955472,0.3247196927377557,1.0507202018424937,2.5828183093542068,0.38513580699210503,3.001899509012529,2.609692574153509,2.596486693824831,3.017785689036404,0.9947358152009808,2.5828183093542068,0.8693470791784597,0.004062725664171193,0.44178023388529647,0.4439017382955472,0.024732873558233275,SHALY_TUFFACEOUS_IOG,0.92,0
BG_SING_015,21.79938834606423,85.02213216841272,0,SINGHBHUM_CRATON,494.02200342679606,2.174063709648609,32.93526146319175,380.4909411686972,697.6441555277225,677.3234671217272,1101.0594737942265,1873.5298585982844,1700.044570414826,2197.0441577590855,2594.7223896391947,2197.337581305755,1297.9716995970625,-12.942504298918184,-10.549604609505376,ARCHAEAN- PALAEOPROTEROZOIC,NAN,LOWER BONAI,LOWER BONAI,UNKNOWN,UNKNOWN,LOWER-BONAI-GP-ARCHAEAN-PALAEOPROTEROZOIC,1.5917090009507358,5,5,5,5,0,0,1,0.5436910731581766,0.8392854204429565,2.3928996894128076,0.5287147951966165,-6.677242989483006e-05,0.25724417129966737,0.4041534296759565,1.7801303317791575,1.692900993369106,0.5907808882322015,3.2441480101068256,3.1496538181330536,1.6926749302380417,3.243714799742089,1.0001335533223126,1.692900993369106,0.9708724150903314,0.054496562745515335,0.2573065240221275,0.25724417129966737,0.2806092669432849,SHALY_TUFFACEOUS_IOG,0.92,0
BG_SING_016,22.026695033785927,85.30160741393732,0,SINGHBHUM_CRATON,316.3097480943097,1.2552584640072473,315.88591054693694,424.5675841763274,643.2972160916678,690.9737144545063,1000.9518290789829,1379.9946984696753,2267.136705006517,2332.981991692989,2007.0642176841236,1558.8411622312906,1339.522306330796,-16.162091929443488,-14.402486946901837,ARCHAEAN- PALAEOPROTEROZOIC,NAN,LOWER BONAI,LOWER BONAI,UNKNOWN,UNKNOWN,LOWER-BONAI-GP-ARCHAEAN-PALAEOPROTEROZOIC,13.67755322884814,4,4,4,4,0,0,1,-0.6960893680812645,0.7179551459835258,1.759604982541651,0.5430001085523152,0.1989146984960473,0.27051287200025115,0.3344770681503944,1.6274763749746408,1.163729154565198,0.5741674434377307,2.2560064548995493,2.423205200978136,1.741652213572922,3.3763686512422666,0.6681753940294677,1.163729154565198,1.0741127057542437,-0.10139759226493684,0.07566989378790075,0.27051287200025115,0.23881332799273383,SHALY_TUFFACEOUS_IOG,0.92,0
BG_SING_017,21.636035125874994,85.16718787854197,0,SINGHBHUM_CRATON,419.94374853316054,4.818720595279288,95.61601533193418,422.5274187544642,597.2409779351281,681.1164912603793,1204.8242630303803,1925.1016033662072,2079.2190828227594,2186.363070314139,2752.1952139335935,1382.413138706093,1230.613935921112,-18.0168974650947,-13.9977778137225,CENOZOIC,NAN,NAN,NAN,LATERITE,UNKNOWN,LATERITE-BAUXITE-CENOZOIC,0.2798662742574764,5,5,5,4,0,0,0,0.9952000847040547,-0.09786108217796459,4.0191196513722005,0.524937160389837,0.22527328257534207,0.27970604788070963,0.3910445625856232,1.6120054212249335,1.1233524155957222,0.562858910337082,2.0296280510230544,2.314665583012933,1.7766441649313895,3.2099693593652248,0.6322889170805367,1.1233524155957222,1.140438307623834,-0.11671914020823038,0.05809323760969625,0.27970604788070963,0.23430480603850964,LATERITE_WEATHERING,0.78,0
BG_SING_018,22.23578612017666,85.14373713440018,0,SINGHBHUM_CRATON,449.7170648086403,2.445109854934586,46.6253716618095,551.5939501555553,688.6143883046375,629.8538749380774,1163.1459416584084,1977.0462965977981,2192.314193845306,2245.336680641241,2557.0574225461555,2353.43231273451,1622.8184597539698,-20.171795755466675,-9.931940827306638,PALAEOPROTEROZOIC,NAN,UPPER BONAI,UPPER BONAI,UNKNOWN,UNKNOWN,UPPER-BONAI-GP-PALAEOPROTEROZOIC,9.342564385850403,4,4,4,4,0,0,1,0.7268788551531792,0.6867657023550343,10.239854928160037,0.5618698218128337,-0.023505340717367852,0.16093413995353198,0.37468690392711895,1.1418795902648542,1.4502129287099021,0.7227506115331274,3.736473494315501,3.417634527084171,1.3836031170104177,3.5648533198230026,1.0481422817242072,1.4502129287099021,0.9146684773376629,0.03224023642990234,0.18374441014935072,0.16093413995353198,0.06624069472562544,SHALY_TUFFACEOUS_IOG,0.92,0
BG_SING_019,21.701426410463856,85.29367165616654,0,SINGHBHUM_CRATON,296.57625755797255,0.9248488584897283,319.94930875283177,456.4040257366378,572.7860988014393,598.2927737661942,1173.8028271989199,1681.5288088695893,1909.9457486702515,2277.1501106227215,2622.7154176509243,2098.3319119055786,1405.4450185627177,-18.944074146053584,-8.772458288420182,ARCHAEAN- PALAEOPROTEROZOIC,NAN,LOWER BONAI,LOWER BONAI,UNKNOWN,UNKNOWN,LOWER-BONAI-GP-ARCHAEAN-PALAEOPROTEROZOIC,4.342380966887489,4,4,4,4,0,0,1,-0.6434650998890571,0.7654754504389841,10.171615857633402,0.5838604360348667,0.04086822840445531,0.23670945657719064,0.3816424672885163,1.3108840823427519,1.4930017771584134,0.6171947169355395,3.5071991513278467,3.6633778519293356,1.620234216868349,3.806079910479623,0.9214728098931892,1.4930017771584134,1.0445308885351738,-0.006800779843742358,0.19775428256287397,0.23670945657719064,0.13453036736426072,SHALY_TUFFACEOUS_IOG,0.92,0
BG_SING_020,22.28995531787742,85.1452331629069,0,SINGHBHUM_CRATON,374.642717954438,8.044189473427043,344.0345393627112,579.8193658138987,387.86495165053924,603.3599387981137,1021.094773599863,1824.7095391911164,2381.4822849647053,2279.7803755336345,2234.2651219936856,2453.553806939527,1627.5479770202242,-18.74766964979732,-9.249088284745495,PALAEOPROTEROZOIC,NAN,UPPER BONAI,UPPER BONAI,UNKNOWN,UNKNOWN,UPPER-BONAI-GP-PALAEOPROTEROZOIC,6.614369827357788,5,5,5,5,0,0,1,-0.27505783260953937,0.96142768252227,9.498581365051825,0.581456416748355,-0.03671269018203643,0.16692541283871906,0.3726685794904889,1.0405998373486043,1.5075155018926505,0.7139055997555703,4.066484440051646,6.325794042933659,1.4007454196875944,3.7784748790190754,1.076223759180747,1.5075155018926505,1.5555928285733318,0.03334970921429716,0.20239775272535848,0.16692541283871906,0.019896031710965746,SHALY_TUFFACEOUS_IOG,0.92,0
BG_SING_021,22.070494883184114,85.45697176919722,0,SINGHBHUM_CRATON,150.0,1.6951610982554894,310.3659422155622,426.12075006049054,723.6559804157667,598.560089161205,776.9985620193133,2190.831486750057,2329.1794260929473,2313.0646226243707,2312.5148202302225,1687.9791333090752,1246.009869912442,-13.24306074507699,-9.664859788398019,PALAEOPROTEROZOIC,NAN,DANGOAPASI / JAGANNATHPUR,DANGOAPASI / JAGANNATHPUR,UNKNOWN,UNKNOWN,DANGOAPASI-JAGANNATHPUR-GP-PALAEOPROTEROZOIC,2.200474399134996,5,6,6,6,0,0,1,-0.7619234287137592,0.647667112625822,3.5782009566789714,0.5888480496591489,0.15623060563436206,0.29981242445182665,0.49700909746371136,1.4046724729353433,1.3547076734416101,0.5386835530604644,2.8200662908455296,2.3325712447048366,1.856377446617284,3.864381639613515,0.7297587434734786,1.3547076734416101,0.8271334785213507,-0.09006584852677196,0.15063766863499278,0.29981242445182665,0.16828590165051416,OTHER_UNDIVIDED,0.1,0
BG_SING_022,21.766346280794682,85.43692980916711,0,SINGHBHUM_CRATON,287.80511227991394,2.744988337622172,291.4257869009561,502.31953297790415,770.3934841086195,744.7147106553771,1264.5729067630543,1698.8506591476128,2228.379746662615,2034.8487334008498,1991.712046368822,2255.9706418586256,1534.3693731267313,-15.768350825546108,-7.675480804988666,PALAEOPROTEROZOIC - MESOPROTEROZOIC,NAN,KOLHAN,KOLHAN,UNKNOWN,UNKNOWN,KOLHAN-GP-PALAEOPROTEROZOIC-MESOPROTEROZOIC,0.37551392991464305,5,5,5,5,0,0,1,-0.9308915028172693,0.3652957842387534,8.092870020557442,0.464149873981155,-0.05153372562853927,0.14022100785003686,0.22330328882400363,1.4825517629344975,1.4702917562745186,0.7540459136774694,3.029308548026368,2.928335565481257,1.326179189778837,2.732386914819662,1.1086674914550265,1.4702917562745186,0.9666679755870184,0.08369977214100228,0.19037903346101342,0.14022100785003686,0.19437732261214263,OTHER_UNDIVIDED,0.1,0
BG_SING_023,22.043470797532628,85.32146481044485,0,SINGHBHUM_CRATON,357.2688663746156,8.293234630483692,235.88711303004783,413.17223573921945,443.70675644581615,685.2912394508949,1028.1743815987393,1588.21848258868,2071.506205690043,2120.745962718016,2218.8343982332995,2660.645352163156,1708.7665986318798,-15.220790951816024,-11.079182441474263,ARCHAEAN- PALAEOPROTEROZOIC,NAN,LOWER BONAI,LOWER BONAI,UNKNOWN,UNKNOWN,LOWER-BONAI-GP-ARCHAEAN-PALAEOPROTEROZOIC,11.830364513869002,4,5,5,5,0,0,1,-0.8279342147239676,-0.5608252277576385,4.1416085103417615,0.5115594054298478,-0.11291679634166085,0.1075801051383245,0.3666944246234703,1.6586091187037524,1.5570560383942076,0.8057384655520604,3.8825030806063645,5.996404849633295,1.2410975045830652,3.094663753942992,1.2545799438885212,1.5570560383942076,1.5444687914958792,0.1381017766612003,0.2178505400801649,0.1075801051383245,0.24772694733145495,SHALY_TUFFACEOUS_IOG,0.92,0
BG_SING_024,21.66320283903809,85.50118149735354,0,SINGHBHUM_CRATON,267.6995136231635,3.4257975635006574,198.30865341929015,651.611930221871,579.0269295290062,300.0,970.583635393532,2096.3326804925196,2227.568602764929,1978.8539335750077,2473.4137119107877,2225.9116825071796,1627.9233623181653,-20.440842017870253,-8.21017888794635,ARCHAEAN- PALAEOPROTEROZOIC,NAN,LOWER BONAI,LOWER BONAI,UNKNOWN,UNKNOWN,LOWER-BONAI-GP-ARCHAEAN-PALAEOPROTEROZOIC,1.6250836467071692,4,5,5,5,0,0,1,-0.31413584474050543,-0.9493780443264785,12.230663129923903,0.7367097592799882,-0.05875660415612244,0.09729754358804714,0.4363621468109395,0.46039672637278845,1.367331984209715,0.8226596889617269,7.419705583624913,3.8442282476802228,1.2155694660844152,6.596179756596093,1.1248489055283566,1.367331984209715,0.5181106165924204,-0.02027667298031033,0.15516707723045473,0.09729754358804714,-0.36949088035329786,SHALY_TUFFACEOUS_IOG,0.92,0
BG_SING_025,21.824546045480215,85.11191110623992,0,SINGHBHUM_CRATON,526.9170173538472,0.5,31.31523356810765,384.992126477639,741.9154261005198,692.1490854182737,1204.0218367870991,2192.517438106159,1944.4836350427831,2544.45388742155,2674.015765445349,2182.974451677315,1026.9646016428167,-18.395932858434524,-13.264029770052835,ARCHAEAN- PALAEOPROTEROZOIC,NAN,LOWER BONAI,LOWER BONAI,UNKNOWN,UNKNOWN,LOWER-BONAI-GP-ARCHAEAN-PALAEOPROTEROZOIC,9.436828531920572,5,5,5,5,0,0,1,0.5197462735422532,0.8543206723115983,5.131903088381689,0.5722990484080749,0.07646428665625749,0.42489819941302487,0.37905613071749766,1.7978265944112712,2.1256569564906065,0.40360904409232323,3.1539078711694177,2.942349453776152,2.477645169924638,3.67616448154048,0.8579343731127788,2.1256569564906065,0.9329218131010728,-0.009358571090759422,0.3601345167219514,0.42489819941302487,0.2851594157416351,SHALY_TUFFACEOUS_IOG,0.92,0
BG_SING_026,21.628542599088338,85.35453576591294,0,SINGHBHUM_CRATON,251.28727598354305,9.837158393762731,147.04315670545154,504.7856568181622,885.7495469711698,641.4209814190652,1041.1981040121304,1800.7391343695695,2288.2222449845567,1773.5882645399188,2073.210795799387,2102.566824247305,1236.5809806144048,-14.225840447107426,-11.809895665876132,ARCHAEAN- PALAEOPROTEROZOIC,NAN,LOWER BONAI,LOWER BONAI,UNKNOWN,UNKNOWN,LOWER-BONAI-GP-ARCHAEAN-PALAEOPROTEROZOIC,3.8242257556962773,3,4,4,3,0,0,1,0.5440071715900636,-0.8390805666076286,2.4159447812312944,0.46880453337663014,-0.08487239341226795,0.17839770458474183,0.331367114805749,1.2706798845899914,1.700306615990747,0.6972198703840446,3.277982607175791,2.3737712641945836,1.434267784245258,2.765092370148198,1.185487559372884,1.700306615990747,0.7241561487536236,0.09270815395677173,0.25934336962044763,0.17839770458474183,0.11920653739349348,SHALY_TUFFACEOUS_IOG,0.92,0
BG_EAST_000,19.016346542763422,83.01658782892785,0,EASTERN_GHATS_MOBILE_BELT,340.3959961972715,3.4582692512718918,134.16786612443303,530.7021504745679,682.0793707675408,617.9420367909513,1258.9904576069932,2002.2926070816711,2462.8857967512627,2588.3975858292315,2258.6235157536835,1628.7355628622263,1213.708823637551,-15.426451775234828,-13.614082789863632,ARCHAEAN - PROTEROZOIC,EASTERN GHAT,KHONDALITE,KHONDALITE,GNEISS,UNKNOWN,KHONDALITE-GNEISSIC-COMPLEX-EASTERN-GHAT-ARCHAEAN-PROTEROZOIC,1.5915281340099432,6,6,5,5,0,1,0,0.7173014943020033,-0.6967629197023282,1.8123689853711955,0.6145498544578685,0.22756265664441205,0.3615597812852667,0.2841792946675943,1.1643857766055505,1.3419491807259574,0.46890355245784926,2.635741644450518,2.387897406487342,2.132634725303413,4.188738469844775,0.6292447385787497,1.3419491807259574,0.9059679303738742,-0.16259007444117815,0.14601050456777243,0.3615597812852667,0.07595031360243744,GRANULITE_KHONDALITE,0.85,4
BG_EAST_001,18.76813958744892,83.22649577519793,0,EASTERN_GHATS_MOBILE_BELT,391.7666519557482,1.4273921044295828,93.51136215371743,513.1039277961198,607.1997058770866,577.2629701602226,1192.5508924365047,2068.2951831061764,2335.534323195421,2646.587349315711,2312.1751949418694,2506.6718807131047,1422.313633769082,-16.294410557371194,-10.549690601339584,ARCHAEAN - PROTEROZOIC,EASTERN GHAT,KHONDALITE,KHONDALITE,GNEISS,UNKNOWN,KHONDALITE-GNEISSIC-COMPLEX-EASTERN-GHAT-ARCHAEAN-PROTEROZOIC,0.8174256505814602,6,7,5,5,0,1,0,0.998122672443519,-0.061246475443143863,5.744719956031609,0.6418797938640017,0.027150869445912402,0.300885600395607,0.31946128578151206,1.125041025342833,1.762390389458702,0.5374142038423233,4.342339637124176,4.128249490773424,1.8607621305306508,4.584716986084208,0.9471336286762212,1.762390389458702,0.9506970501174435,-0.012133402076529687,0.2759893724909659,0.300885600395607,0.05884170037215305,GRANULITE_KHONDALITE,0.85,4
BG_EAST_002,18.967759185614174,83.17436642900499,0,EASTERN_GHATS_MOBILE_BELT,509.7145960159504,0.5249188721574903,260.4312409278906,465.1769872897833,661.710355889516,743.6523991984615,1202.5353984800715,1651.5031534923232,1939.48745664237,2224.4548532543445,2001.0526994518787,1916.7427080584803,1471.5883887536334,-14.870315282799755,-10.092522434532684,ARCHAEAN - PROTEROZOIC,EASTERN GHAT,KHONDALITE,KHONDALITE,GNEISS,UNKNOWN,KHONDALITE-GNEISSIC-COMPLEX-EASTERN-GHAT-ARCHAEAN-PROTEROZOIC,5.215016459676346,6,7,5,5,0,1,0,-0.9860868223304802,-0.16623110065861954,4.777792848267071,0.49890463100120874,0.07430511115823449,0.20369525327522964,0.24925716924657895,1.5986439955520781,1.3024992052155104,0.6615501258383245,2.5774712857068054,2.8966490974517325,1.511601252593976,2.9912562006936243,0.8616685137001749,1.3024992052155104,1.1238337007359658,-0.005464782433243298,0.1313786364007604,0.20369525327522964,0.23036783750542808,GRANULITE_KHONDALITE,0.85,4
BG_EAST_003,19.036406607153697,83.38673534630054,0,EASTERN_GHATS_MOBILE_BELT,250.77240639385045,5.530004884880935,178.5152646283575,469.6143440213259,817.4876419148185,724.2279108335143,895.1066433199198,1702.9388329264264,2179.5118098000826,1649.2157280431752,2497.8373104396,2251.344976914905,1090.2768314935659,-12.72840438772837,-9.77179701554696,ARCHAEAN - PROTEROZOIC,EASTERN GHAT,MIGMATITE,MIGMATITE,GNEISS,UNKNOWN,MIGMATITE-GNEISSIC-COMPLEX-EASTERN-GHAT-ARCHAEAN-PROTEROZOIC,0.11740000454315354,7,9,6,6,0,1,0,0.025910620652893988,-0.9996642635091952,2.9566073721814092,0.3897239444277337,-0.1543699212146555,0.2040300837466403,0.47237168915549516,1.5421758694373486,2.0649296672349413,0.6610880628249352,3.1086139323396376,2.753980438025402,1.5126577754305421,2.2772054226243315,1.3651003548341532,2.0649296672349413,0.8859190926130956,0.16817335068979442,0.3474564782143524,0.2040300837466403,0.21327236958108392,GRANULITE_KHONDALITE,0.85,4
BG_EAST_004,19.4050949831051,83.13752094414599,0,EASTERN_GHATS_MOBILE_BELT,484.6847376939464,3.387214276469983,29.176637726753256,483.50491775832876,615.4035820875465,534.983456539403,1281.79159780796,2046.174902630947,1815.5088603730974,2209.6723595081776,2169.002417064348,1631.089708028624,1316.9596284792344,-16.442084927074102,-9.87623329422573,ARCHAEAN - PROTEROZOIC,EASTERN GHAT,CHARNOCKITE,CHARNOCKITE,GNEISS,UNKNOWN,CHARNOCKITE-GNEISSIC-COMPLEX-EASTERN-GHAT-ARCHAEAN-PROTEROZOIC,1.1002191158673524,8,10,6,6,0,1,0,0.48750368584785614,0.8731209287863594,6.565851632848373,0.6101635376526858,0.15064266964601994,0.2531346434265358,0.2571033840836526,1.1064695224058412,1.238526733483551,0.5959976926970123,3.0488600816381126,2.6504390823421438,1.677858842477919,4.1303564219935325,0.7381590760602663,1.238526733483551,0.8693213222050691,-0.10847436634507049,0.10655523147212331,0.2531346434265358,0.050544061208382195,GRANULITE_KHONDALITE,0.85,4
BG_EAST_005,18.511599526575388,83.11347352124059,0,EASTERN_GHATS_MOBILE_BELT,380.9209754917628,2.6684485031715988,79.26595270193208,468.2398398697209,600.0807993349747,664.7757515836988,1139.1875796850784,2137.0028557417018,2225.9258684586484,2283.953959677795,2301.152412205744,1746.162100647666,795.0181669609659,-15.86126039468386,-11.855106661623456,ARCHAEAN - PROTEROZOIC,EASTERN GHAT,CHARNOCKITE,CHARNOCKITE,GNEISS,UNKNOWN,CHARNOCKITE-GNEISSIC-COMPLEX-EASTERN-GHAT-ARCHAEAN-PROTEROZOIC,0.10974030006156855,8,8,5,5,0,1,0,0.9825022930043301,0.18625048789528956,4.006153733060405,0.5491104190937481,0.1334432683443005,0.48358209525549745,0.3377470932878058,1.4197334219764959,2.196380121885969,0.3480885257096134,2.6266934283644994,2.909878302510146,2.8728324102776144,3.4356757911236135,0.7645347194868448,2.196380121885969,1.1078104002204543,-0.06609475997624077,0.37429219226838967,0.48358209525549745,0.17346267167285945,GRANULITE_KHONDALITE,0.85,4
BG_EAST_006,19.387040427417844,83.87733935338098,0,EASTERN_GHATS_MOBILE_BELT,291.66422140568443,7.851561656877559,245.97315491745454,557.1103293435928,631.7256477817967,513.1177592004585,1044.6084291130696,1912.576172034871,2199.1327508297586,2047.3504450177716,2237.0126570220305,2530.5262197666707,1660.4862514504725,-15.61480616253739,-10.380481688826432,ARCHAEAN - PROTEROZOIC,EASTERN GHAT,MIGMATITE,MIGMATITE,GNEISS,UNKNOWN,MIGMATITE-GNEISSIC-COMPLEX-EASTERN-GHAT-ARCHAEAN-PROTEROZOIC,4.280332687340811,4,4,2,2,0,1,0,-0.9133547869915404,-0.4071646265082932,5.2343244737109575,0.5992000536036922,-0.10554582616002052,0.10433690184668991,0.3633582903838377,0.9210343647442291,1.5239669801735674,0.8110415364796121,4.931667574277834,4.005736073319916,1.2329824724512966,3.990020622591465,1.2360005218885253,1.5239669801735674,0.8122477853953555,0.07775762378861543,0.2075966068065473,0.10433690184668991,-0.04110578910508353,GRANULITE_KHONDALITE,0.85,4
BG_EAST_007,18.386912441572733,83.65998404603418,0,EASTERN_GHATS_MOBILE_BELT,421.58931268369435,5.438965047936252,27.407109416508067,656.8418401273082,584.6671391741288,468.24200187321765,1121.5082701013378,1624.0371292995892,1688.640405302924,2171.195401547939,2152.6653735700816,1995.8093133126472,1171.9064398308267,-11.215780729452014,-12.994893337211497,ARCHAEAN - PROTEROZOIC,EASTERN GHAT,CHARNOCKITE,CHARNOCKITE,GNEISS,UNKNOWN,CHARNOCKITE-GNEISSIC-COMPLEX-EASTERN-GHAT-ARCHAEAN-PROTEROZOIC,1.5497017088451581,5,5,3,3,0,1,0,0.4603099437939689,0.8877582754581301,-1.7791126077594832,0.6451955999495235,0.0420892463998737,0.29891071490842586,0.31493659633688303,0.7128687190048596,1.7030449221677728,0.539751713943191,4.262345755113809,3.4135821498677763,1.8527037021903072,4.636908667366642,0.9192214164466851,1.7030449221677728,0.8008693660015906,-0.06877925841749202,0.2600936881423559,0.29891071490842586,-0.16763180755587687,GRANULITE_KHONDALITE,0.85,4
BG_EAST_008,19.225833300301822,83.55520081159946,0,EASTERN_GHATS_MOBILE_BELT,397.9153726016123,0.575719620442193,306.43448905755673,435.4006571993733,692.2670315994795,551.0611052951039,833.564715065252,2197.412222339888,1844.40755433928,2682.548799715838,2348.2387536298615,2535.9826428127635,1313.9659849611241,-20.19871252883805,-7.273542049735499,ARCHAEAN - PROTEROZOIC,EASTERN GHAT,MIGMATITE,MIGMATITE,GNEISS,UNKNOWN,MIGMATITE-GNEISSIC-COMPLEX-EASTERN-GHAT-ARCHAEAN-PROTEROZOIC,1.3079529587919638,5,7,4,4,0,1,0,-0.8045364444738257,0.5939032829623143,12.925170479102551,0.6591666145191236,0.02808570926305872,0.34244407643868935,0.47604261325095243,1.2656414153668292,1.9300215301675203,0.48981997442525277,4.6019989686129215,3.6633011878235586,2.0415663939379973,4.867969757022339,0.9453630972663151,1.9300215301675203,0.7960239031257288,-0.004980780442651257,0.31741115939015035,0.34244407643868935,0.11724777621994274,GRANULITE_KHONDALITE,0.85,4
BG_EAST_009,18.79447586753401,83.24185229090045,0,EASTERN_GHATS_MOBILE_BELT,325.9804810557085,1.3074689298853017,178.25274972503075,370.4157616336738,842.467845846956,714.8632819621034,1161.2979217221007,1693.805820437607,2037.7094427163713,2466.2317905754353,2296.0976053579943,2076.5308022824447,1222.5875715029847,-14.633553970422383,-10.607252145796002,ARCHAEAN - PROTEROZOIC,EASTERN GHAT,CHARNOCKITE,CHARNOCKITE,GNEISS,UNKNOWN,CHARNOCKITE-GNEISSIC-COMPLEX-EASTERN-GHAT-ARCHAEAN-PROTEROZOIC,0.07631126417418499,7,8,5,5,0,1,0,0.030490543803156113,-0.9995350552824988,4.0263018246263815,0.5505552233199121,0.08578502183228603,0.33713882320184846,0.3282238535971186,1.9298943351637934,1.6984720350389257,0.49573100779874085,2.904794317702461,2.464819055177153,2.0172230162019043,3.4499349027360466,0.8419852543365162,1.6984720350389257,0.8485347952893051,-0.008040713072093648,0.25883982742359146,0.33713882320184846,0.3173815269387445,GRANULITE_KHONDALITE,0.85,4
BG_EAST_010,18.13965415170885,83.89721575795333,0,EASTERN_GHATS_MOBILE_BELT,386.28218764910173,0.9998436649209328,173.0111678375933,472.93743613189963,712.307927311603,724.8437549913696,945.5942737726892,1732.9724437657096,2033.8108556290183,2068.858971405475,2257.0355294303336,1547.4306681126427,1586.5068937533538,-16.229604497518128,-10.977772238087383,UNKNOWN,UNKNOWN,UNKNOWN,UNKNOWN,UNKNOWN,UNKNOWN,UNKNOWN,4.961623855918437,4,4,3,3,0,0,1,0.12167587842585827,-0.9925698870151641,5.251832259430746,0.4810874124987703,0.14418875563798195,0.13195726373595315,0.40948886878419527,1.5326419481340714,0.975369645874255,0.7668511555955467,2.1348472071697993,2.172418144748925,1.304034024842426,2.8542136899225885,0.7479633405429446,0.975369645874255,1.0175988869160568,-0.05598629389951605,-0.012468731382438817,0.13195726373595315,0.21031079842965597,OTHER_UNDIVIDED,0.1,4
BG_EAST_011,19.350627085744996,83.63310145727327,0,EASTERN_GHATS_MOBILE_BELT,345.3217762824416,4.768288216539441,213.26680247742632,686.3767470123455,654.7646497873712,676.4393962107022,897.0994571234698,1868.4675668979244,1833.9150742078627,1900.6002076011418,2167.8845945799144,2367.620279919516,600.0,-14.86645654763164,-6.822119343111835,ARCHAEAN - PROTEROZOIC,EASTERN GHAT,KHONDALITE,KHONDALITE,GNEISS,UNKNOWN,KHONDALITE-GNEISSIC-COMPLEX-EASTERN-GHAT-ARCHAEAN-PROTEROZOIC,1.1054975554158877,7,7,4,4,0,1,0,-0.5485384540080752,-0.83612532821009,8.044337204519806,0.4750259984769689,-0.10941798193753596,0.5201152119909281,0.41461394761110865,0.9855220156708097,3.9460337932891374,0.31568974752539103,3.5001217990590114,3.615986716864437,3.1676670073891247,2.8097124671304874,1.2457224140063128,3.9460337932891374,1.0331031087235185,0.08117203836679548,0.5956355977496621,0.5201152119909281,-0.007291776549439613,GRANULITE_KHONDALITE,0.85,4
BG_EAST_012,18.50854468657305,83.34920957461266,0,EASTERN_GHATS_MOBILE_BELT,390.2165610726123,0.5,296.8851477330537,415.70603456242156,650.8188731084456,699.7605365532797,871.6461220673164,2110.832084142955,2185.5753204574803,2218.2456705975574,2429.881167695739,1923.0323046733176,1295.8474144185227,-17.31474510798945,-12.484493067098459,QUATERNARY,NAN,NAN,NAN,UNKNOWN,UNKNOWN,UNDIFF-FLUVIAL-AEOLIAN-COASTA-GLACIAL-SEDIMENTS-QUATERNARY,0.04998131427771993,7,8,6,6,0,0,1,-0.891914780201011,0.45220352150219073,4.83025204089099,0.5203844768399425,0.07128557117290459,0.26248543610003106,0.4719740012411893,1.6833061747745666,1.483995941028467,0.5841766901703304,2.748129111991969,2.9547887763821734,1.7118108538119248,3.170006811692579,0.8669158377252101,1.483995941028467,1.0752001277035477,-0.0021227708199990478,0.1948457055850786,0.26248543610003106,0.25465084216023887,OTHER_UNDIVIDED,0.1,4
BG_EAST_013,19.08893351830536,83.89711025995258,0,EASTERN_GHATS_MOBILE_BELT,439.5917607068942,2.9529974473515006,125.2113148447895,611.1293444355254,523.6809191303344,676.7796115826454,1266.9032562484888,1970.7951953104448,2155.324193966913,2246.6358051623906,2763.4043171230715,2309.606644055113,1273.5453106255754,-16.0979300617169,-12.251174228063938,ARCHAEAN - PROTEROZOIC,EASTERN GHAT,MIGMATITE,MIGMATITE,GNEISS,UNKNOWN,MIGMATITE-GNEISSIC-COMPLEX-EASTERN-GHAT-ARCHAEAN-PROTEROZOIC,6.3130020774969315,4,4,2,2,0,1,0,0.8170310478011954,-0.576593675762127,3.8467558336529635,0.5369938818994966,-0.013820783152072245,0.2764319397931218,0.37131187465461113,1.107424502909992,1.813525300569864,0.5668677171138798,3.4126421675757466,4.410331855283739,1.7640799935847946,3.31959734512251,1.02802894786952,1.813525300569864,1.2923510969508067,0.022008517079589063,0.28914803118717247,0.2764319397931218,0.05097430745346841,GRANULITE_KHONDALITE,0.85,4
BG_EAST_014,19.330629636397674,83.77987554585762,0,EASTERN_GHATS_MOBILE_BELT,522.7415134530817,5.0309480055092255,244.08581492126288,614.2160651261153,768.3109777147159,549.4370245254753,1005.6104909460817,1882.973100072382,2057.260790964726,2424.049796840829,2384.971808209782,2107.5632602620244,1186.5909031020792,-14.57717884106901,-12.19244064973713,QUATERNARY,NAN,NAN,NAN,UNKNOWN,UNKNOWN,UNDIFF-FLUVIAL-AEOLIAN-COASTA-GLACIAL-SEDIMENTS-QUATERNARY,3.1446046901390123,4,5,3,3,0,0,1,-0.8994496096044231,-0.4370244841910471,2.3847381913318806,0.6304426030122893,0.06983970884559608,0.34272557039962215,0.40682136434213434,0.8945337883959892,1.7761498533118,0.4895076430191368,3.835859547773241,2.743112253566522,2.0428690195254475,4.4118792222320575,0.8694389290761649,1.7761498533118,0.7151232245107466,-0.06694429501416216,0.2795777948472936,0.34272557039962215,-0.05566868779110686,OTHER_UNDIVIDED,0.1,4
BG_EAST_015,18.96304746923143,83.08413996499505,0,EASTERN_GHATS_MOBILE_BELT,268.5966051055836,7.3278357053507825,203.6635070384848,435.7129406633604,672.2162802987198,667.5114799141335,1330.0591564874749,1892.6577060236214,1933.7258699651602,2166.170821858085,2599.029553727782,1637.064531617139,1731.5566364089082,-9.774179597912319,-10.135742763398964,ARCHAEAN - PROTEROZOIC,EASTERN GHAT,KHONDALITE,KHONDALITE,GNEISS,UNKNOWN,KHONDALITE-GNEISSIC-COMPLEX-EASTERN-GHAT-ARCHAEAN-PROTEROZOIC,6.7960768031485514,6,6,5,5,0,1,0,-0.4013644892118071,-0.9159184171091578,-0.36156316548664513,0.5288734522136794,0.1391200493596466,0.11150450871465256,0.32296812072940395,1.5319982862245682,0.9454293877830259,0.7993629210295894,2.4524889510143506,2.4353241317724934,1.2509962279371531,3.2451439170628054,0.7557411974819079,0.9454293877830259,0.9930010600524334,-0.06059516731429409,-0.02805067713182163,0.11150450871465256,0.21011005079032397,GRANULITE_KHONDALITE,0.85,4
BG_EAST_016,18.24244307114192,83.89855418852709,0,EASTERN_GHATS_MOBILE_BELT,571.973003719064,1.4653610774078245,96.13017726099167,525.518646334822,661.9520086409375,708.0450477750451,1019.6297805421553,1808.7029337286933,2330.715567811644,2427.874893840465,2002.4445187116344,2149.2884296111706,1078.1676352860572,-14.383927621195857,-9.136736740724805,ARCHAEAN - PROTEROZOIC,EASTERN GHAT,CHARNOCKITE,CHARNOCKITE,GNEISS,UNKNOWN,CHARNOCKITE-GNEISSIC-COMPLEX-EASTERN-GHAT-ARCHAEAN-PROTEROZOIC,0.009228495107666206,6,6,4,4,0,1,0,0.9942818377224646,-0.10678776697374379,5.247190880471052,0.5484291300596782,0.0608644360014552,0.3849660256419368,0.32521197049554457,1.347326210717563,1.9934640563083323,0.4440787445750591,3.035524975888966,3.2468946363302207,2.251852877168264,3.428983647355229,0.8852550163019828,1.9934640563083323,1.069631993653301,-0.01653150500483359,0.33187773046488966,0.3849660256419368,0.14796674234480153,GRANULITE_KHONDALITE,0.85,4
BG_EAST_017,18.909643589489384,83.00919705161662,0,EASTERN_GHATS_MOBILE_BELT,204.31209804297484,6.0263278723935105,316.30679508785687,610.271729850283,999.3107567844861,702.9720462794932,843.896306361058,1911.6279029037012,2464.189564879425,2783.7885100150575,2389.4403598234426,2758.8669426458396,1492.9490443089153,-17.696131196061017,-8.520649063764333,ARCHAEAN - PROTEROZOIC,EASTERN GHAT,KHONDALITE,KHONDALITE,GNEISS,UNKNOWN,KHONDALITE-GNEISSIC-COMPLEX-EASTERN-GHAT-ARCHAEAN-PROTEROZOIC,4.583022786039254,7,7,6,6,0,1,0,-0.6907966647324216,0.7230490771687371,9.175482132296684,0.5967764145382306,0.004496322670166573,0.3018280754916134,0.4780028226408607,1.1519000647466533,1.8479310806451437,0.5363011731679785,3.9245755977391625,2.760769781726721,1.864623925888272,3.960027316574448,0.9910476071473797,1.8479310806451437,0.7034568984707137,0.00988619388766331,0.2977358149842856,0.3018280754916134,0.0705888107323195,GRANULITE_KHONDALITE,0.85,4
BG_EAST_018,18.152207314299048,83.66350176910805,0,EASTERN_GHATS_MOBILE_BELT,366.3393414467975,0.5,287.0733677784941,449.669780721001,709.8752908365686,750.7804708622107,932.5213340077012,1294.0879844611395,1993.6164735537618,2503.8752556110658,2075.6579202572334,2247.8959375543377,1389.0631971765208,-16.847519364045407,-4.856009365010062,TRIASSIC - EARLY CRETACEOUS,GONDWANA,UPPER GONDWANA,UPPER GONDWANA,UNKNOWN,UNKNOWN,UPPER-GONDWANA-GP-YERRAPALLI-TERANI-SRIPERUMPUDURF-KOTA-MALERI-FM-ETC-TRIASSIC-EARL-,0.11833389456335751,4,4,3,3,0,0,1,-0.9559295873502213,0.2935960218198394,11.991509999035344,0.5386421580478052,0.05387029543237257,0.28636775835741823,0.38000946394693974,1.6696262488192606,1.6182819763026197,0.5547653356567708,2.994078857670248,3.1666068158797964,1.8025639574196504,3.3350298115779937,0.8977667444171361,1.6182819763026197,1.0576230494229675,0.007582273693247181,0.2361403327137553,0.28636775835741823,0.25083146052346517,OTHER_UNDIVIDED,0.1,4
BG_EAST_019,18.007592375769327,83.1608080514175,0,EASTERN_GHATS_MOBILE_BELT,432.9485485836119,6.558103850240907,237.04266047703317,463.71357119181107,604.8208949904815,697.913423192117,1285.3717430010408,1740.6785081860403,1965.3232782259395,2287.977873167307,1980.7687681170246,2082.744674098361,1615.379813133879,-16.906828216767707,-14.498864908401528,ARCHAEAN - PROTEROZOIC,EASTERN GHAT,MIGMATITE,MIGMATITE,GNEISS,UNKNOWN,MIGMATITE-GNEISSIC-COMPLEX-EASTERN-GHAT-ARCHAEAN-PROTEROZOIC,5.240843224597155,9,9,6,6,0,1,0,-0.8390758550281073,-0.5440144386951973,2.4079633083661793,0.5325258998481843,0.04695635488241726,0.17231268920642212,0.21291093342001519,1.505052827963015,1.2893219637110978,0.7060294731747723,2.9842450394320497,3.443572614480467,1.4163714645611414,3.2783118849100794,0.9102993073551295,1.2893219637110978,1.1539175114794653,0.005235868180065761,0.12637888812333886,0.17231268920642212,0.20161364442369967,GRANULITE_KHONDALITE,0.85,4
BG_EAST_020,18.82310068404988,83.69189519769269,0,EASTERN_GHATS_MOBILE_BELT,405.2892680961529,0.5,306.2094224739271,433.4655268841085,637.3642403794456,658.6593028295741,1076.6152733094998,1848.2643869833562,2208.0656863906393,2254.212382236676,2165.1571481352407,2422.6030205870693,1133.2027288056236,-19.59128634526003,-8.782528821751166,ARCHAEAN - PROTEROZOIC,EASTERN GHAT,KHONDALITE,KHONDALITE,GNEISS,UNKNOWN,KHONDALITE-GNEISSIC-COMPLEX-EASTERN-GHAT-ARCHAEAN-PROTEROZOIC,2.2536059377859714,6,7,4,4,0,1,0,-0.8068631742439147,0.5907383668334351,10.808757523508865,0.5477594797736699,-0.03600540620284427,0.3309336518709651,0.3357860247342197,1.5195194553179636,2.1378372614780186,0.5027045087821459,3.6780821382186226,3.800971035563333,1.989240162370009,3.4224254772235723,1.0747004313358497,2.1378372614780186,1.033411133018758,0.0682247342428297,0.3626183155924781,0.3309336518709651,0.20619783527704044,GRANULITE_KHONDALITE,0.85,4
BG_EAST_021,18.977941889253902,83.22426930946055,0,EASTERN_GHATS_MOBILE_BELT,323.95704321614653,1.772101209234525,312.22591234552885,398.8194615445707,794.8445709196754,737.716526214807,1017.7569055264098,1569.7971832760986,2021.233536455663,2210.831716455032,2647.974833603393,2163.200539560933,1116.7577752190602,-16.660180383402874,-11.114261145144463,ARCHAEAN - PROTEROZOIC,EASTERN GHAT,KHONDALITE,KHONDALITE,GNEISS,UNKNOWN,KHONDALITE-GNEISSIC-COMPLEX-EASTERN-GHAT-ARCHAEAN-PROTEROZOIC,3.021968132731566,5,5,4,4,0,1,0,-0.7405007310402849,0.6720555537519228,5.545919238258412,0.4996069484034449,0.010889534894878402,0.3287887354028037,0.44471828372778244,1.8497505651002735,1.937036468986812,0.5051301582124036,2.9322923640167495,2.7215390479882897,1.979687774317643,2.996858054409951,0.9784555389186613,1.937036468986812,0.9281267712920337,0.05285587163398097,0.3190414827247653,0.3287887354028037,0.29818419128123713,GRANULITE_KHONDALITE,0.85,4
BG_EAST_022,19.068268832021303,83.2372490874968,0,EASTERN_GHATS_MOBILE_BELT,361.2689974678452,5.586018771642714,255.01067161741253,428.05779639471945,691.3270410537765,617.0826614826034,1124.0027338779182,1877.264663562312,2069.3326158540885,2595.1602281130363,2587.5039571674115,2162.8602690788384,1574.0174768693496,-14.53434183635651,-11.172830297777548,ARCHAEAN - PROTEROZOIC,EASTERN GHAT,KHONDALITE,KHONDALITE,GNEISS,UNKNOWN,KHONDALITE-GNEISSIC-COMPLEX-EASTERN-GHAT-ARCHAEAN-PROTEROZOIC,0.1704491082650714,8,9,6,6,0,1,0,-0.965974015839489,-0.2586391322343365,3.361511538578963,0.6157932740458621,0.0908571031164071,0.24492665538780964,0.39431458561724697,1.4415872464848032,1.3741018123931945,0.6065203447601042,3.5049765624225637,3.1285630931685664,1.6487493084422065,4.2055309375771,0.8334207055176907,1.3741018123931945,0.8926059939003546,-0.04192113501382144,0.15757614567144498,0.24492665538780964,0.18086072879709597,GRANULITE_KHONDALITE,0.85,4
BG_EAST_023,18.488099547238903,83.74649140511802,0,EASTERN_GHATS_MOBILE_BELT,335.629915880705,0.5684762647214566,301.3247982109219,382.0847786590195,536.1722021682633,522.993788364951,1175.2674104251319,1759.1057558027758,2262.723693379428,2143.1716385121745,2410.7511805136,1772.5124483522693,1406.3303270825277,-18.548464238153592,-11.239544256507756,ARCHAEAN - PROTEROZOIC,EASTERN GHAT,CHARNOCKITE,CHARNOCKITE,GNEISS,UNKNOWN,CHARNOCKITE-GNEISSIC-COMPLEX-EASTERN-GHAT-ARCHAEAN-PROTEROZOIC,2.5276844190052796,5,6,4,4,0,1,0,-0.8542338968193492,0.5198888819015361,7.308919981645836,0.6076809162727963,0.09466013647746982,0.20759005583438309,0.3445279879099904,1.368789902679928,1.2603813008633722,0.6561911800039658,3.3891653866569915,3.305864119546708,1.5239461140216601,4.097891183592326,0.8270510936565613,1.2603813008633722,0.9754213017283617,-0.04765847167791988,0.11519353016899754,0.20759005583438309,0.1556870471627383,GRANULITE_KHONDALITE,0.85,4
BG_EAST_024,18.974449348570822,83.84922341049418,0,EASTERN_GHATS_MOBILE_BELT,326.95717187502095,0.9113755785566282,251.08972620094212,482.7266774607381,771.9228934575203,602.062633966186,1267.6098223853692,2151.095139663098,1679.9416607483956,2311.305677249996,1966.8248600275174,2170.1544077368794,913.7656633308104,-13.903034697898814,-11.817539341615946,ARCHAEAN - PROTEROZOIC,EASTERN GHAT,MIGMATITE,MIGMATITE,GNEISS,UNKNOWN,MIGMATITE-GNEISSIC-COMPLEX-EASTERN-GHAT-ARCHAEAN-PROTEROZOIC,2.319988041377255,3,4,3,3,0,1,0,-0.9460272614611939,-0.32408705708842184,2.085495356282868,0.5866896527008626,0.031496714643177076,0.4333361547388793,0.21617843799039274,1.2472122648907087,2.374957270172956,0.39534609027684636,3.6045326211927486,2.811361631218343,2.529429335630228,3.838978775654807,0.9389300723649894,2.374957270172956,0.7799517779418811,-0.003919212282835167,0.40739990500586887,0.4333361547388793,0.11000841835219213,GRANULITE_KHONDALITE,0.85,4
BG_EAST_025,18.986419338450514,83.56830860333547,0,EASTERN_GHATS_MOBILE_BELT,456.46418873189225,4.483650841757169,244.85067783370815,418.40214151530864,613.1855914461006,538.0607090712906,1317.2748844839389,2114.603945042971,2390.026511467587,2312.7994754702713,2300.929837153016,2410.633024925083,1165.1737463841823,-15.024450357831324,-6.630950330793096,ARCHAEAN - PROTEROZOIC,EASTERN GHAT,KHONDALITE,KHONDALITE,GNEISS,UNKNOWN,KHONDALITE-GNEISSIC-COMPLEX-EASTERN-GHAT-ARCHAEAN-PROTEROZOIC,0.39798090142206743,3,4,3,3,0,1,0,-0.9052032981579141,-0.4249788100647307,8.393500027038227,0.6225274657100883,-0.0207123843573314,0.32996968508693864,0.27186271316129046,1.2859893733732586,2.068904341809073,0.5037936743925753,4.480224963100698,3.931326917367158,1.984939568594393,4.298398734900818,1.042300921221291,2.068904341809073,0.8774842652856141,0.038291571152785676,0.34830161634728934,0.32996968508693864,0.12510529536770823,GRANULITE_KHONDALITE,0.85,4
BG_EAST_026,18.14051215174214,83.36771580305944,0,EASTERN_GHATS_MOBILE_BELT,412.13139373685425,4.4558366019709315,222.70009615746636,498.7028729432598,867.3297776217546,545.730389752818,1046.0347031316371,1706.8388861763674,2115.9897153524553,2174.553951797117,2425.4250022254337,1849.1813543699925,1396.5956634620152,-17.468466643942076,-8.315405345972195,ARCHAEAN - PROTEROZOIC,EASTERN GHAT,MIGMATITE,MIGMATITE,GNEISS,UNKNOWN,MIGMATITE-GNEISSIC-COMPLEX-EASTERN-GHAT-ARCHAEAN-PROTEROZOIC,3.428798539694943,6,6,4,4,0,1,0,-0.6781609032481092,-0.7349134570177013,9.15306129796988,0.598769597930147,0.0808633204196032,0.21784533607696685,0.3973516663805154,1.0942996687340303,1.3240635077313652,0.6422446597223223,3.388452220553641,2.1320395078657004,1.557039025060113,3.984667133522448,0.8503727175825647,1.3240635077313652,0.6292074862459126,-0.05492024915522497,0.13943831886234753,0.21784533607696685,0.045026827892416556,GRANULITE_KHONDALITE,0.85,4
BG_WEST_000,15.159121420609035,73.99759585735164,0,WESTERN_COAST_GOA,317.6381364265411,3.586954730580868,270.97799024075084,355.52834830370983,788.0048065714649,604.102946221293,901.0928470876943,1769.832457686661,2009.4715081963204,1956.8836130289749,2393.8840573946495,2527.3487463740844,1509.4410553866473,-16.283059274675693,-9.95360804288525,ARCHAEAN,DHARWAR,GOA (=CHITRADURGA),GOA (=CHITRADURGA),UNKNOWN,UNKNOWN,GOA-GP-DHARWAR-SGP-ARCHAEAN,3.1357036720827405,2,3,3,3,0,0,1,-0.9998543256003226,0.017068320899377046,6.329451231790443,0.5282263826778864,-0.1272157835491455,0.12908270295343127,0.45305058370004847,1.6991695525951955,1.6743606752185076,0.7713494275108675,4.183639159516092,3.2072757958965585,1.2964293006004692,3.2393214137260875,1.2915171491321316,1.6743606752185076,0.7666234271882997,0.1504519185599471,0.2521577146006704,0.12908270295343127,0.2590313582693142,BIF_GREENSTONE,0.88,2
BG_WEST_001,15.583806332851466,74.05723908986671,0,WESTERN_COAST_GOA,460.96398878899254,4.144005981806659,57.09783790550653,506.4704185771566,635.2678104341248,532.8338086900043,1037.9802258315085,1785.2104868783215,2080.368486071281,2380.743625904417,1889.0516041298135,2072.488192756462,1130.1923367017612,-12.803356384717933,-7.297968495026,ARCHAEAN,DHARWAR,GOA (=CHITRADURGA),GOA (=CHITRADURGA),UNKNOWN,UNKNOWN,GOA-GP-DHARWAR-SGP-ARCHAEAN,9.388845839300766,1,2,2,2,0,0,1,0.8395993668860974,0.5432061331800888,5.505387889691933,0.6342408458546448,0.06922061227242134,0.35618743895237,0.29076259755562295,1.0520531665696449,1.8337482246348025,0.47472240350856415,3.8895583483379337,3.2623850216459016,2.106494219157107,4.46807913200835,0.8705213653984378,1.8337482246348025,0.8387546151395983,-0.05132274793039704,0.2942209961603264,0.35618743895237,0.02536638396709263,BIF_GREENSTONE,0.88,2
BG_WEST_002,15.535227933106267,74.1524554503989,0,WESTERN_COAST_GOA,407.65695687889485,2.7386418541847335,317.11347331161426,546.6823169287139,808.1016361735112,586.1242317397056,1139.042075987433,1709.6681047680754,2091.734458104514,2284.749007036154,2127.420537995032,1833.6691465384379,600.0,-14.532904372988268,-13.02505793059775,ARCHAEAN,DHARWAR,GOA (=CHITRADURGA),GOA (=CHITRADURGA),UNKNOWN,UNKNOWN,GOA-GP-DHARWAR-SGP-ARCHAEAN,1.9874262833294098,1,2,2,2,0,0,1,-0.6805485900039495,0.7327029525282645,1.5078464423905178,0.5916752964784565,0.10952745534026767,0.5840192690396583,0.3025837361413993,1.0721477767205465,3.0561152391372044,0.2626109029436574,3.1284649978851156,2.2691070803321765,3.8079150053803987,3.8980626962932585,0.802569183787308,3.0561152391372044,0.7253100411846538,-0.07838894142779847,0.5069173629399241,0.5840192690396583,0.034817873203978715,BIF_GREENSTONE,0.88,2
BG_WEST_003,15.47688678212499,74.10105483724207,0,WESTERN_COAST_GOA,453.1575906955064,1.0152929474079346,313.8636699882835,320.50114859428356,686.7855510527403,411.7023866350836,955.4361610684084,1839.0049968056253,1719.1357132421165,2425.0601173591426,2333.980558962821,2399.2896230760734,1430.8057964342584,-15.982432690203705,-12.661410262661853,ARCHAEAN,DHARWAR,GOA (=CHITRADURGA),GOA (=CHITRADURGA),UNKNOWN,UNKNOWN,GOA-GP-DHARWAR-SGP-ARCHAEAN,1.1219952112954712,2,2,2,2,0,0,1,-0.7209906378677351,0.6929448030738641,3.321022427541852,0.7097378533379046,0.005341754985492119,0.257855004010988,0.4190847541694991,1.2845582212614526,1.6768799982349205,0.5900083818962715,5.827728221004895,3.4935062566543698,1.6948911737063097,5.890323180512176,0.989373255084288,1.6768799982349205,0.599462795052316,0.011775419131229274,0.25286154006909095,0.257855004010988,0.12455722149398456,BIF_GREENSTONE,0.88,2
BG_WEST_004,15.346142330775816,74.09700707752755,0,WESTERN_COAST_GOA,436.6665957731251,1.484641178276422,10.529021892441293,509.92452558780576,765.277367512222,643.4623078110233,956.4273627657435,1648.343586222482,2428.886410039712,2166.5999233902085,2484.0727273792972,2013.9617292785192,994.9198275140061,-16.47536663392197,-14.355935464389376,ARCHAEAN,DHARWAR,GOA (=CHITRADURGA),GOA (=CHITRADURGA),UNKNOWN,UNKNOWN,GOA-GP-DHARWAR-SGP-ARCHAEAN,6.2298391832709035,2,3,3,3,0,0,1,0.18273354781989,0.983162474111556,2.119431169532593,0.542029851910451,0.03651140845578459,0.3706066030966556,0.4440184055060247,1.2618775412055476,2.0242452422387998,0.45920791204404166,3.1298829810247586,2.631675536405667,2.1776628239746736,3.3670968660054204,0.9295494320878603,2.0242452422387998,0.8408223400908618,-0.0035809142016991822,0.33867797126322785,0.3706066030966556,0.11577883346728193,BIF_GREENSTONE,0.88,2
BG_WEST_005,15.117145792678826,74.1889808461046,0,WESTERN_COAST_GOA,305.3904490170135,0.7014044608078615,297.29403020331455,578.2135193978634,728.4732817294475,620.1326022898446,1151.5681822324827,1573.8769330124946,2109.091639099536,2605.205324703262,1800.9680447250134,2327.8544662458326,795.6653004693972,-15.84678185909668,-11.398829080246575,ARCHAEAN,DHARWAR,GOA (=CHITRADURGA),GOA (=CHITRADURGA),UNKNOWN,UNKNOWN,GOA-GP-DHARWAR-SGP-ARCHAEAN,10.48312238212339,3,3,2,2,0,0,1,-0.888665015724568,0.45855696464807205,4.447952778850105,0.6154619350687957,0.05622288602908774,0.5320814059517229,0.21994645022248285,1.0724975816254472,2.9256704570965466,0.30541366264657527,3.753801128817305,3.1955248345194147,3.274247752028512,4.201045568129259,0.8935397311217458,2.9256704570965466,0.851277070816281,-0.03839768217625687,0.4905328858850765,0.5320814059517229,0.03498078067625664,BIF_GREENSTONE,0.88,2
BG_WEST_006,15.168463417464514,73.90972638657259,0,WESTERN_COAST_GOA,329.58370638227274,8.368066487632781,46.39315229044027,383.2287185047036,595.3643345009126,530.120250582499,1092.7021472644324,1924.5422447800538,2197.4604686984226,2080.806554697039,2309.4690061300353,2012.472410322439,600.0,-17.023527115884608,-9.676602946590494,UNKNOWN,UNKNOWN,UNKNOWN,UNKNOWN,UNKNOWN,UNKNOWN,UNKNOWN,3.4008999240105977,1,2,2,2,0,0,1,0.7240894363320953,0.6897060882667837,7.346924169294114,0.5939217830178102,0.016694230943426668,0.5523735204056949,0.35764422295273035,1.3832999031691635,3.3541206782805304,0.28834972590664926,3.7962564235470477,3.3802367564211515,3.4680109187150463,3.925159524627625,0.9671597798519483,3.3541206782805304,0.8904131789091462,0.01569067818128606,0.5406650053798817,0.5523735204056949,0.16082739115999756,OTHER_UNDIVIDED,0.1,2
BG_WEST_007,15.3872833775443,73.97084427176283,0,WESTERN_COAST_GOA,447.25642446109356,3.064631691228095,120.64278753329108,613.8057909470162,615.6450167682538,692.5170235275646,1104.919549311738,1925.905916844362,2309.3409495262895,2728.010071004473,2385.7621924697382,2082.052156941029,1503.4952150494353,-20.20949901143803,-9.794282844135331,ARCHAEAN,DHARWAR,GOA (=CHITRADURGA),GOA (=CHITRADURGA),UNKNOWN,UNKNOWN,GOA-GP-DHARWAR-SGP-ARCHAEAN,6.455670317590707,1,1,1,1,0,0,1,0.8603616433817065,-0.509684061549436,10.415216167302699,0.5950816908118375,0.13429304722426758,0.28938043861161733,0.366931945545224,1.128234748862296,1.3848079692676392,0.5511325747946029,3.006499599575051,3.3819036893835017,1.814445461404631,3.9392678798987255,0.763212782206185,1.3848079692676392,1.1248641726005937,-0.09274214711075646,0.16135805267831624,0.28938043861161733,0.060254044136826085,BIF_GREENSTONE,0.88,2
BG_WEST_008,15.56427515061175,74.28157143080104,0,WESTERN_COAST_GOA,434.93332388901183,1.792859808176578,267.6629722649788,513.5215207492836,782.9960817581161,723.1327151389214,986.2256997949896,1639.1368480680017,1875.344259336734,1863.0908725429347,2562.4029971290533,2248.0680613002874,1332.1543626012417,-11.915644178930538,-9.701316177880239,ARCHAEAN,DHARWAR,GOA (=CHITRADURGA),GOA (=CHITRADURGA),UNKNOWN,UNKNOWN,GOA-GP-DHARWAR-SGP-ARCHAEAN,1.6255241237277365,3,3,3,3,0,0,1,-0.999168251053822,-0.04077751937092991,2.2143280010502995,0.4407809759345,-0.09364201064925105,0.16616455724143236,0.4441651780182389,1.4081838530848882,1.6875432177567142,0.7150238249345073,3.1087904213538717,2.8711102275013074,1.3985547947359498,2.576416238627233,1.2066336072084682,1.6875432177567142,0.9235457635901254,0.11118346213012296,0.2558259208502212,0.16616455724143236,0.1694986263234603,BIF_GREENSTONE,0.88,2
BG_WEST_009,15.548918634132269,74.04806348010219,0,WESTERN_COAST_GOA,378.1188565432267,2.1696762721240717,57.873562577390956,423.5990515393273,646.5224667893459,443.16841491941284,1065.4398928691348,1979.07108615252,2204.1638177877503,2408.692516139223,2523.2143960593594,2187.269117277002,1243.585904821937,-15.689350001601197,-12.822113662132164,ARCHAEAN,DHARWAR,GOA (=CHITRADURGA),GOA (=CHITRADURGA),UNKNOWN,UNKNOWN,GOA-GP-DHARWAR-SGP-ARCHAEAN,9.356871471180481,1,1,1,1,0,0,1,0.8468766332412165,0.531789401991072,2.8672363394690326,0.6892075553631511,0.048177817065338906,0.31900815784237496,0.40621759172552435,1.0461978426598786,1.7588403881365524,0.5162908490698224,4.935525724998286,3.383129320711669,1.9368927428839093,5.435162862728077,0.9080731980995221,1.7588403881365524,0.6854648322350474,-0.03695113408603848,0.2750577352005617,0.31900815784237496,0.022577408722388465,BIF_GREENSTONE,0.88,2
BG_WEST_010,15.00927396991732,74.27132742503508,0,WESTERN_COAST_GOA,390.5594644977904,10.299883079490238,294.4681286828624,475.5384737873835,639.6351536758003,536.1002743577164,961.3650283597543,1673.6844541669336,2041.1189600022653,2418.8576706316558,2495.642829702201,1501.3404658644786,1647.2560907406905,-15.203705469754926,-8.393690514771956,ARCHAEAN,PENINSULAR GNEISSIC COMPLEX,PENINSULAR GNEISSIC COMPLEX-I,PENINSULAR GNEISSIC COMPLEX-I,GNEISS,UNKNOWN,PENINSULAR-GNEISSIC-COMPLEX-I-ARCHAEAN,0.463642838415559,4,5,3,3,0,1,0,-0.910191807105527,0.41418700399454234,6.81001495498297,0.637152010514843,0.2340486813641526,0.18976389372853641,0.44381669463683737,1.1273541527789324,0.9114189793512799,0.6810057946193765,2.8004844147164434,2.347182538185279,1.468416284972179,4.511950061987297,0.6206816066410968,0.9114189793512799,0.8381344746904028,-0.17375988380552923,-0.046343068159610694,0.18976389372853641,0.05986504631372767,CRATONIC_BASEMENT,0.3,2
BG_WEST_011,15.256910488990389,74.28666192761746,0,WESTERN_COAST_GOA,494.98984062095826,0.5826434254497523,299.56830406478707,524.6661530017378,584.4877420650647,535.3943415233972,1233.529761668718,1850.6330476075962,2286.2895705476285,2101.1107330147793,2150.0148733245164,1763.6268779716825,1459.3311707557682,-16.11581549975382,-9.520744963522004,ARCHAEAN,DHARWAR,SHIMOGA (= CHITRADURGA),SHIMOGA (= CHITRADURGA),UNKNOWN,UNKNOWN,SHIMOGA-CHITRADURGA-GP-ARCHAEAN,1.018550757293286,4,4,3,3,0,0,1,-0.8697680443107643,0.49346078779962693,6.595070536231814,0.5938605641302551,0.08732387264697933,0.18025278306018885,0.27086538238818464,1.0204476454976812,1.208517238653791,0.694552241883651,3.2940708145316466,3.0173889853073566,1.4397765042508242,3.9244171373046566,0.8393783580372101,1.208517238653791,0.9160061059891166,-0.06634904811415501,0.09441503814846335,0.18025278306018885,0.010120354986292384,BIF_GREENSTONE,0.88,2
BG_WEST_012,15.578171986253551,74.24120378218694,0,WESTERN_COAST_GOA,326.7585750047753,3.088556131879939,182.68838415390104,486.0804313129929,722.3599065593461,516.6106588780249,1255.287400208563,1964.0688025224913,1632.009967522671,2406.098484465253,1872.999465719173,2378.8229954372446,1704.0750106804792,-17.470233601449177,-8.533891437068004,ARCHAEAN,PENINSULAR GNEISSIC COMPLEX,PENINSULAR GNEISSIC COMPLEX-I,PENINSULAR GNEISSIC COMPLEX-I,GNEISS,UNKNOWN,PENINSULAR-GNEISSIC-COMPLEX-I-ARCHAEAN,0.06408077905826055,2,4,4,4,0,1,0,-0.04690394004406089,-0.9988994045489982,8.936342164381173,0.6464850699373267,0.005700300232066492,0.17080142102105622,0.19746017286364145,1.0628090014233966,1.39596143311283,0.7082316127018269,4.604672687162321,3.2931271109364695,1.411967470899342,4.657469679455217,0.9886640176232295,1.39596143311283,0.7151707251078054,0.0005623628909231844,0.16526202309743618,0.17080142102105622,0.03044828844421816,CRATONIC_BASEMENT,0.3,2
BG_WEST_013,15.176669335241751,74.05403909144077,0,WESTERN_COAST_GOA,429.2387643053034,2.4674805427761206,2.2989138180600888,523.1004793957095,886.2524919243144,711.2422326124923,823.071820664286,1793.2774870592575,2078.1992539469206,2619.8796674400396,2251.7368107346497,2060.359023329536,951.8161319582509,-16.37184896189754,-13.785524355180105,ARCHAEAN,DHARWAR,GOA (=CHITRADURGA),GOA (=CHITRADURGA),UNKNOWN,UNKNOWN,GOA-GP-DHARWAR-SGP-ARCHAEAN,1.8743581343904132,3,3,3,3,0,0,1,0.04011285034643758,0.9991951557313938,2.5863246067174366,0.5729713566544883,0.11954959585596514,0.4670228453654362,0.46463541666192515,1.3596665636293421,2.164660749052368,0.36330528589696365,2.896845724226334,2.3247991286671503,2.752506053135952,3.683526573124501,0.7864326931306505,2.164660749052368,0.802527765271101,-0.06279039302029264,0.36802072716696077,0.4670228453654362,0.15242262236738513,BIF_GREENSTONE,0.88,2
BG_WEST_014,15.510682002910114,74.02676880206252,0,WESTERN_COAST_GOA,361.80266128094956,3.3087051130107543,103.33372794296861,406.3461125536507,573.2467085745727,598.6791247349917,960.5733709711385,1890.9481824282268,1967.3794557275285,1745.795290161484,2600.40795630214,1942.8806091685735,1291.362344011509,-19.198789524388623,-9.37701828240442,ARCHAEAN,DHARWAR,GOA (=CHITRADURGA),GOA (=CHITRADURGA),UNKNOWN,UNKNOWN,GOA-GP-DHARWAR-SGP-ARCHAEAN,7.380039066279019,1,1,1,1,0,0,1,0.9730432822504971,-0.23062257232799094,9.821771241984203,0.48928500036024514,-0.05342982802838673,0.14962441886033054,0.4605007536296626,1.473323122249936,1.5045201036516653,0.7396986064456395,3.245278690455961,3.3892573244955146,1.351901963771388,2.916078438542835,1.1128914249023825,1.5045201036516653,1.0443655667544838,0.08296615395201708,0.201443822986462,0.14962441886033054,0.19137132566824466,BIF_GREENSTONE,0.88,2
BG_WEST_015,15.101695648011656,74.12272050498333,0,WESTERN_COAST_GOA,360.40869170955017,0.5,222.0936906152672,493.54886592288625,682.4219456672758,590.9033674558328,875.5206117364881,1696.7140712224857,2195.0978491395144,2425.686201872704,2698.3636318811077,1692.4277954227578,895.8216562629964,-11.445827003893392,-12.375530479835053,ARCHAEAN,DHARWAR,GOA (=CHITRADURGA),GOA (=CHITRADURGA),UNKNOWN,UNKNOWN,GOA-GP-DHARWAR-SGP-ARCHAEAN,8.839918861623937,2,2,2,2,0,0,1,-0.6703449088577207,-0.7420496635458668,-0.9297034759416611,0.608230848659019,0.17805684999333452,0.46059338423718144,0.5100453443308607,1.1972540249963892,1.8892463490932245,0.36930648952122835,2.8641363135997397,2.4800313115485486,2.707778029484018,4.105047172453227,0.6977109378032661,1.8892463490932245,0.865891506481599,-0.12222889178142503,0.30777796102038985,0.46059338423718144,0.08977297334697347,BIF_GREENSTONE,0.88,2
BG_WEST_016,15.561692864496468,74.17841191867,0,WESTERN_COAST_GOA,478.8899166788471,7.198427328892438,353.22702408987243,366.9028402476016,821.2220555415429,399.5751399152571,1002.4964098389653,1760.7066833143806,2203.4097212210045,1676.6822949174807,2527.6372755744464,1776.0791036172454,1242.6544170361333,-18.469023996844793,-10.794646505102724,ARCHAEAN,DHARWAR,GOA (=CHITRADURGA),GOA (=CHITRADURGA),UNKNOWN,UNKNOWN,GOA-GP-DHARWAR-SGP-ARCHAEAN,1.8675917310835335,2,2,2,2,0,0,1,-0.11793561369185665,0.993021243993866,7.674377491742069,0.6151005809595119,-0.028787627408357514,0.14867345584203728,0.43203487494124126,1.0890489115771302,1.4292622935539279,0.7411388669528193,4.444918919502855,2.162726986531443,1.3492748028589288,4.1961626818848465,1.0592818376753805,1.4292622935539279,0.486561626946565,0.03130163910654594,0.17670479449572354,0.14867345584203728,0.04262653392611081,BIF_GREENSTONE,0.88,2
BG_WEST_017,15.342036702053619,73.93887059750831,0,WESTERN_COAST_GOA,454.28747140892267,9.414959878419381,227.4528697260006,471.101915092104,672.0358608754285,689.8959833230149,1087.4843045314458,1758.828113823932,1944.3223031391542,2058.583799119198,2457.3352057004336,1493.460408011416,1237.8460365583308,-18.06393256769436,-8.931270202727234,ARCHAEAN,DHARWAR,GOA (=CHITRADURGA),GOA (=CHITRADURGA),UNKNOWN,UNKNOWN,GOA-GP-DHARWAR-SGP-ARCHAEAN,3.8785761016941684,2,2,2,2,0,0,1,-0.7367213614872011,-0.6761964474384975,9.132662364967125,0.49797994660234685,0.1590980736709912,0.24897777390223136,0.386437418556451,1.4644304337495733,1.2064993243887487,0.6013095199168749,2.1647617060373636,2.2222927268251205,1.6630370309863285,2.983904597066552,0.7254795301143147,1.2064993243887487,1.0265761434185146,-0.07348318030001683,0.0935868517674751,0.24897777390223136,0.18845345744478414,BIF_GREENSTONE,0.88,2
BG_WEST_018,15.369004336019502,74.2960215400417,0,WESTERN_COAST_GOA,453.2158672400575,2.914504123801892,93.52928918309753,407.68738868281685,725.2371796249734,483.681576566118,882.5532170452204,1650.6843306919523,1943.3217498812705,2707.2915912252365,2444.9099120964916,2069.6157843895403,1456.6534093157677,-16.8805184087728,-9.817812787488174,ARCHAEAN,DHARWAR,GOA (=CHITRADURGA),GOA (=CHITRADURGA),UNKNOWN,UNKNOWN,GOA-GP-DHARWAR-SGP-ARCHAEAN,0.08505262138529229,4,6,4,4,0,0,1,0.9981034604414046,-0.06155877073897219,7.062705621284627,0.6968438457604943,0.13349134838942472,0.30034935174375,0.46953388631078014,1.1864030843397562,1.4208017979657197,0.5380482152343565,4.278880735552987,2.853708882666562,1.8585694936439,5.597260091749425,0.7644598721220259,1.4208017979657197,0.6669288192716557,-0.09909213755229794,0.1738274479991872,0.30034935174375,0.08525559085044258,BIF_GREENSTONE,0.88,2
BG_WEST_019,15.084050409141915,74.1073318609455,0,WESTERN_COAST_GOA,497.4930926438896,4.175047591840854,228.24205311586007,421.15760459281864,573.760647185312,626.5925893292961,961.721028031203,1764.6451673768436,2075.6536189173876,2154.5544916519866,2210.9703133098046,1920.4687258256859,1311.3909702854746,-13.423848550295245,-11.703079959558638,ARCHAEAN,DHARWAR,GOA (=CHITRADURGA),GOA (=CHITRADURGA),UNKNOWN,UNKNOWN,GOA-GP-DHARWAR-SGP-ARCHAEAN,6.272805175910728,2,2,2,2,0,0,1,-0.7459650105692187,-0.665985137226399,1.7207685907366077,0.5493998905063928,0.05744403240817592,0.243270856504451,0.3937506522007995,1.487786474726744,1.4644516912779797,0.6086599223913417,3.064940051104679,3.3471600603836063,1.642953580456644,3.438525327150284,0.8913530534388246,1.4644516912779797,1.0920801057219256,-0.005592826147741278,0.18846045701941927,0.243270856504451,0.1960724853425091,BIF_GREENSTONE,0.88,2
BG_WEST_020,15.526423843156772,74.19630744710169,0,WESTERN_COAST_GOA,381.8903457469483,8.951142752459692,194.39473669770797,578.887454016835,722.8307097207648,650.5114631754011,949.4063941877753,1490.2763402272508,1902.7387099906541,2006.530008897757,2317.484926611595,1810.0236327044054,1455.851784569979,-15.970982001474692,-9.987453687631163,ARCHAEAN,DHARWAR,GOA (=CHITRADURGA),GOA (=CHITRADURGA),UNKNOWN,UNKNOWN,GOA-GP-DHARWAR-SGP-ARCHAEAN,0.460356855608119,2,2,2,2,0,0,1,-0.24860091017338024,-0.9686060021809523,5.983528313843529,0.5103490327360125,0.05148791150210892,0.15904607204429705,0.4187707510485216,1.123727000020208,1.2432746593059023,0.7255569452679963,2.7824623121728083,2.5040768272000435,1.378251569827338,3.0845421170882314,0.9020665645547137,1.2432746593059023,0.8999499516653752,-0.024749017267787003,0.10844622123447777,0.15904607204429705,0.05825937220107958,BIF_GREENSTONE,0.88,2
BG_WEST_021,15.41820944459716,74.18099363359484,0,WESTERN_COAST_GOA,441.37576741654675,4.299391086873814,280.7443422544117,567.3048096475416,661.2855734995451,769.6724455422516,1131.0900994098415,1701.769250571579,2285.236412999468,2250.5155677538296,2767.267381456583,2079.562972449614,1475.8600332847236,-18.472271592060924,-13.063070630487285,ARCHAEAN,DHARWAR,GOA (=CHITRADURGA),GOA (=CHITRADURGA),UNKNOWN,UNKNOWN,GOA-GP-DHARWAR-SGP-ARCHAEAN,3.3639665273171904,2,3,3,3,0,0,1,-0.9824688114919463,0.18642702176884807,5.409200961573639,0.4903148794717404,0.0394802527662012,0.20788444783862434,0.4197094006020673,1.3567176429611456,1.4090516201676775,0.6557875243235695,2.7018804970764343,3.144727561951443,1.5248841458360536,2.923991339256402,0.9240384742599774,1.4090516201676775,1.163903274503958,0.005543450023994588,0.16979778159206788,0.20788444783862434,0.15136206315987064,BIF_GREENSTONE,0.88,2
BG_WEST_022,15.215694690731853,74.01743673770581,0,WESTERN_COAST_GOA,352.07599190658897,0.579286781934426,38.513029977705024,528.7310496725742,778.5729995679862,476.0297560968977,1110.4016505554375,1743.024901326066,2018.774415901562,2816.976584540888,2114.360498552031,2209.1911892558214,1838.7321693457855,-13.491323278485321,-7.699465208203408,ARCHAEAN,NAN,NAN,NAN,GRANITE,UNKNOWN,ACID-INTRUSIVE-GRANITE-GRANODIORITE-ARCHAEAN,2.2676334307065695,3,3,3,3,0,0,0,0.6226925981647804,0.7824665668198197,5.791858070281913,0.7108843972889872,0.1209242155291263,0.21011718444980654,0.31132803018143074,0.9003249487454206,1.201475247393082,0.6527325000795953,4.640867837188868,2.8374875414947187,1.5320211556483168,5.917648093515048,0.7842419424411491,1.201475247393082,0.6114131311381508,-0.10951658273471648,0.09151828900893426,0.21011718444980654,-0.05245158173030531,CRATONIC_BASEMENT,0.3,2
BG_WEST_023,15.485616693287108,74.22404535787167,0,WESTERN_COAST_GOA,409.1749717239598,3.005457524483961,273.9700449007301,392.6149788261937,798.7386051564752,300.0,991.739366999412,1748.7640495009239,1460.462591749239,1842.0794381984933,2753.694697677463,2727.9593796629833,1221.175836178469,-14.537998746429038,-10.410568038992503,ARCHAEAN,PENINSULAR GNEISSIC COMPLEX,PENINSULAR GNEISSIC COMPLEX-I,PENINSULAR GNEISSIC COMPLEX-I,GNEISS,UNKNOWN,PENINSULAR-GNEISSIC-COMPLEX-I-ARCHAEAN,3.105262158603086,2,2,2,2,0,1,0,-0.9976003836617575,0.0692349226757296,4.127430707436535,0.7198983426942825,-0.19384516774962257,0.20269404479965075,0.47042753918019653,0.7641073708721116,2.233879263420363,0.6629333188311435,9.093197901899284,3.4153343266953198,1.5084473358518329,6.140264773527429,1.480912995180026,2.233879263420363,0.37559221213007093,0.1507347800432635,0.38154772139953497,0.20269404479965075,-0.13371783967108927,CRATONIC_BASEMENT,0.3,2
BG_WEST_024,15.520243391148062,74.26529622102258,0,WESTERN_COAST_GOA,368.2871251069084,3.2662729996190527,194.8559683233997,454.68732402441583,938.9563642018613,640.2234499229064,1126.5231308209097,1751.7005108258443,2017.5391475432027,2037.172522090164,2269.4929613769855,1646.434974131036,1064.7443248334052,-14.923130085567095,-7.762900111489348,ARCHAEAN,PENINSULAR GNEISSIC COMPLEX,PENINSULAR GNEISSIC COMPLEX-I,PENINSULAR GNEISSIC COMPLEX-I,GNEISS,UNKNOWN,PENINSULAR-GNEISSIC-COMPLEX-I-ARCHAEAN,1.516796178310148,3,3,3,3,0,1,0,-0.25639005947286064,-0.966573399904789,7.1602299740777475,0.5217566195840536,0.10607469668087288,0.3134926708005421,0.33656195942221995,1.40805211556871,1.546319556896746,0.5226579058794228,2.571656773518117,1.753473361647724,1.913297373522617,3.181971105796738,0.8081961421871021,1.546319556896746,0.6818457956619401,-0.04294247932434047,0.21455263003271677,0.3134926708005421,0.16945319211733667,CRATONIC_BASEMENT,0.3,2
BG_WEST_025,15.306805439316562,74.10060651787488,0,WESTERN_COAST_GOA,388.7296368493446,1.931560763729874,346.6771213892381,577.0478159983347,737.9633173213575,818.0562299661939,1017.9979873119102,1787.6471600279742,1871.520359414326,2674.3579207949065,2681.3580272737695,2447.8143129901564,1361.5209038291023,-14.56853151765832,-11.053063374192085,ARCHAEAN,DHARWAR,GOA (=CHITRADURGA),GOA (=CHITRADURGA),UNKNOWN,UNKNOWN,GOA-GP-DHARWAR-SGP-ARCHAEAN,3.433048894902533,3,3,3,3,0,0,1,-0.2304383160574262,0.9730869347045092,3.5154681434662347,0.5315239287679114,0.04422803400992164,0.32529148512352063,0.4496350264624416,1.4176576114983461,1.7978529042838347,0.5091019764906082,2.992232343367252,3.316986430380023,1.9642430103785964,3.269161482501347,0.9152904676825365,1.7978529042838347,1.108532375060353,0.002219455726594654,0.2851661371463464,0.32529148512352063,0.1727530032560983,BIF_GREENSTONE,0.88,2
BG_WEST_026,15.478977107380064,74.1599855723111,0,WESTERN_COAST_GOA,433.56413228932223,4.667216063591872,123.073979773927,491.33735309119237,712.5796316582166,756.2840988233381,1059.251733451092,1895.8883036172128,1741.119320598592,2764.425585884433,1998.2962476256155,2391.9304683045216,1099.429993215114,-11.211276198835098,-11.047151976813165,ARCHAEAN,DHARWAR,GOA (=CHITRADURGA),GOA (=CHITRADURGA),UNKNOWN,UNKNOWN,GOA-GP-DHARWAR-SGP-ARCHAEAN,3.39372166677295,1,3,3,3,0,0,1,0.8379666362149361,-0.5457214642934846,0.16412422202193255,0.5703797433832993,0.0722399914965262,0.43091558629798027,0.30712339419665236,1.539235908945306,2.1756096167015406,0.39770648862145547,3.162740653761275,3.3567202298241843,2.5144171074375348,3.6552739724796286,0.8652540620564428,2.1756096167015406,1.061332746772576,-0.016793995876542334,0.370199665421152,0.43091558629798027,0.21236148602062885,BIF_GREENSTONE,0.88,2
BG_PRAN_000,19.821180126354623,78.83663413554888,0,PRANHITA_GODAVARI_BASIN,306.36013850898746,9.53286910016866,227.74388152822132,665.5463631985356,699.4384301577336,643.0625356802088,1351.0178135447804,1974.9034148265046,1827.766139591034,2274.142193927429,2496.476050291162,1866.2721781869898,1670.4901921091341,-11.629810209927776,-11.528373573275694,LATE PERMIAN - EARLY TRIASSIC,GONDWANA,LOWER GONDWANA,LOWER GONDWANA,UNKNOWN,UNKNOWN,LOWER-GONDWANA-GP-BARREN-MEASURE-KAMTHI-PALI-FM-LATE-PERMIAN-EARLY-TRIASSIC,0.8376743970137023,4,5,4,3,0,0,1,-0.7401463229109313,-0.6724458496276317,0.1014366366520818,0.559124164695659,0.09850946764867874,0.15303124412863056,0.29771541605699847,0.9662174872739299,1.117200319933315,0.7345583736299487,2.902162809579243,2.6682436867214667,1.3613621937491123,3.536424630903894,0.8206488505203365,1.117200319933315,0.9193983444915809,-0.07897816209937919,0.055356273768007516,0.15303124412863056,-0.01718147226448642,OTHER_UNDIVIDED,0.1,1
BG_PRAN_001,19.93400320509054,78.47039612548123,0,PRANHITA_GODAVARI_BASIN,568.3148548116915,9.09256674568941,335.53011798360626,511.46542715154976,644.6833707189312,565.9200195804748,1301.0691577685523,1670.0469546303466,2124.0698638032536,1990.2368243683395,2165.8074660130947,2160.9707863758094,1229.195490263692,-17.37343068600659,-8.24765213661385,LATE CRETACEOUS - PALAEOCENE,DECCAN TRAP,NAN,NAN,UNKNOWN,UNKNOWN,DECCAN-TRAP-LATE-CRETACEOUS-PALAEOCENE,5.954764035897821,3,3,3,2,0,0,1,-0.4142148569833167,0.9101791319593581,9.12577854939274,0.5572102539804775,-0.041128745650891516,0.23638991582751812,0.24942863615719404,1.1064677853706075,1.7580367010248243,0.6176126753338517,3.818509167000774,3.3519877837301326,1.6191377518983967,3.5168164263333823,1.0857857511383708,1.7580367010248243,0.8778263011058464,0.043068671039781424,0.27484648828519775,0.23638991582751812,0.050543278214455124,OTHER_UNDIVIDED,0.1,1
BG_PRAN_002,19.625349771583966,78.2751855518727,0,PRANHITA_GODAVARI_BASIN,289.45843566502685,2.0977750370626618,36.90350207664453,495.3639293192025,713.8483843461692,708.7834856301041,905.0628144608604,1559.3598289221711,2392.300982214611,2823.9608754522897,1996.1832020189531,1962.7100251987154,1158.6059080315024,-12.752230014377695,-11.418862314656952,LATE CRETACEOUS - PALAEOCENE,DECCAN TRAP,NAN,NAN,UNKNOWN,UNKNOWN,DECCAN-TRAP-LATE-CRETACEOUS-PALAEOCENE,2.9226836609539886,2,3,3,2,0,0,1,0.600469103144208,0.7996479576471077,1.3333676997207426,0.5987349134357923,0.17992689866280845,0.4181612155027917,0.3760868195886062,1.4308338622341323,1.6940272873624274,0.410276897846774,2.7691249333846337,2.7494774317475428,2.437378278014208,3.984236270625817,0.6950202609267186,1.6940272873624274,0.9929047962844254,-0.10813736282864042,0.25761702247085155,0.4181612155027917,0.17723706706014006,OTHER_UNDIVIDED,0.1,1
BG_PRAN_003,19.746968084597704,78.2287538190374,0,PRANHITA_GODAVARI_BASIN,270.7230248491041,0.5,337.4022554051224,455.2706828637999,650.4598589860971,512.9099180325085,1224.459862681876,1591.5911175513793,2168.9005842502957,2698.610597937299,2404.6335106027364,2155.7065741256215,1182.1710697122205,-15.233663620482199,-8.710809135169647,LATE CRETACEOUS - PALAEOCENE,DECCAN TRAP,NAN,NAN,UNKNOWN,UNKNOWN,DECCAN-TRAP-LATE-CRETACEOUS-PALAEOCENE,11.073696210301627,2,2,2,1,0,0,1,-0.3842589808885743,0.9232253438930683,6.522854485312552,0.6805812599843152,0.11183942137615255,0.390756207821603,0.325197928574517,1.1266043174129616,1.8235149104324442,0.43806656291120855,4.202895077934712,3.3141269842103673,2.282758109037021,5.261373387022098,0.7988209099062048,1.8235149104324442,0.7885343117767043,-0.0833430612568521,0.2916630290265468,0.390756207821603,0.05953355712334517,OTHER_UNDIVIDED,0.1,1
BG_PRAN_004,19.57192475127697,78.67266660845522,0,PRANHITA_GODAVARI_BASIN,484.2299786150061,14.662108961922472,247.6388600282928,490.6832723825826,696.8460976269614,672.3993546291841,1221.7094831737388,1702.5594157610146,1966.5692545925372,2469.736746940558,2602.3679471489922,2552.739304021365,1479.6043558679103,-15.001808367724502,-10.76490479533858,LATE CRETACEOUS - PALAEOCENE,DECCAN TRAP,NAN,NAN,UNKNOWN,UNKNOWN,DECCAN-TRAP-LATE-CRETACEOUS-PALAEOCENE,2.9011976115910625,3,4,4,3,0,0,1,-0.9248042763801914,-0.3804432288645844,4.236903572385922,0.5720113112991676,-0.01652622256872362,0.2507082485526088,0.36104354285987617,1.3703327402907388,1.7252850683848435,0.5990939548928482,3.796463043354185,3.6632755913410207,1.6691872631198532,3.6730206926351854,1.0336078556348245,1.7252850683848435,0.9649180155475561,0.04279623766681823,0.2661318177222996,0.2507082485526088,0.15623660595570613,OTHER_UNDIVIDED,0.1,1
BG_PRAN_005,19.41830014996343,78.22987855099937,0,PRANHITA_GODAVARI_BASIN,451.2496424566642,6.39001338786455,24.421341277861885,467.80241308955647,811.759753560796,675.601717508329,927.7605066871073,1729.6157364366982,2200.2989229375544,2096.899412765645,2138.764640351626,2281.681869789394,1260.5632541921286,-19.384541663286658,-13.951926599783238,LATE CRETACEOUS - PALAEOCENE,DECCAN TRAP,NAN,NAN,UNKNOWN,UNKNOWN,DECCAN-TRAP-LATE-CRETACEOUS-PALAEOCENE,11.064182695968796,3,3,3,2,0,0,1,0.4134436085713913,0.910529726330484,5.43261506350342,0.512640979375985,-0.04220144495609801,0.24909767919541168,0.3949108763836632,1.4442031446613939,1.8100494841424135,0.6011558045735677,3.377258830583133,2.8107846650070774,1.663462269052136,3.103750856933017,1.0881217548208064,1.8100494841424135,0.8322680617171819,0.0710943133671322,0.2882687616381692,0.24909767919541168,0.18173740908945024,OTHER_UNDIVIDED,0.1,1
BG_PRAN_006,19.893560336395794,78.48815251312901,0,PRANHITA_GODAVARI_BASIN,436.17078353469395,0.5,108.34688410085386,536.6486941350872,579.3457434720359,736.6230898248767,1222.8166465632291,1646.0007867605086,1999.0001317518218,2287.742664790491,1975.2460098853996,2252.5825119700326,1139.5832949674045,-16.340771530776394,-11.140628135572932,LATE CRETACEOUS - PALAEOCENE,DECCAN TRAP,NAN,NAN,UNKNOWN,UNKNOWN,DECCAN-TRAP-LATE-CRETACEOUS-PALAEOCENE,2.9258599155934477,3,3,3,2,0,0,1,0.9491682254580678,-0.3147692484674806,5.200143395203462,0.5128743347545303,0.007743972390497528,0.33500150933096257,0.2352766171011948,1.3726355742641865,1.9766721045676532,0.4981256467381749,3.057985203053534,3.8881488877127,2.0075256217654553,3.10571674074004,0.984631071341099,1.9766721045676532,1.271474066830627,0.028349788255798845,0.3281087305338335,0.33500150933096257,0.15705554623287074,OTHER_UNDIVIDED,0.1,1
BG_PRAN_007,19.47623630759113,78.61779460804385,0,PRANHITA_GODAVARI_BASIN,436.5510958337852,8.877077793371466,254.94195191230136,556.5361853435668,793.9878561129045,923.5626042802185,1330.6897877618828,1540.7766671500212,1947.1879187841082,2259.909979738792,2327.038808916261,1970.9072040136073,1716.3379794058828,-17.62564718067313,-12.358216428725697,LATE CRETACEOUS - PALAEOCENE,DECCAN TRAP,NAN,NAN,UNKNOWN,UNKNOWN,DECCAN-TRAP-LATE-CRETACEOUS-PALAEOCENE,1.012285413650748,4,4,4,3,0,0,1,-0.9656631131998199,-0.259797520783459,5.267430751947433,0.41977662435267793,0.0683089727362205,0.13670475427622264,0.2723955576657168,1.6594834746470108,1.1483211503293327,0.7594718347342274,2.1340266406906045,2.4822888490766246,1.3167045218007494,2.446948335519834,0.8721175714128638,1.1483211503293327,1.1631948725745922,0.013662194219201368,0.0690404928002647,0.13670475427622264,0.24797427121872653,OTHER_UNDIVIDED,0.1,1
BG_PRAN_008,19.861996131859165,78.37265682199748,0,PRANHITA_GODAVARI_BASIN,378.8977904437777,7.137983759294022,24.246216528757813,417.12084315936403,811.7115067339865,663.1657563896644,931.6182790633379,1708.7758345051623,1846.0402129887434,2382.7128261538946,2328.1411678057048,1654.7830005226995,1085.9575398345626,-14.343882370213382,-9.932194552635325,LATE CRETACEOUS - PALAEOCENE,DECCAN TRAP,NAN,NAN,UNKNOWN,UNKNOWN,DECCAN-TRAP-LATE-CRETACEOUS-PALAEOCENE,0.2952703327918473,3,3,3,2,0,0,1,0.41065864439561267,0.9117891630103736,4.411687817578057,0.5645487903078916,0.1802924031874697,0.37384794434796387,0.4284128663712583,1.589864821371279,1.523800828576587,0.45576517969717667,2.495278114232274,2.038634397511836,2.1941123262726925,3.5929370592544863,0.6944953590984384,1.523800828576587,0.8169968641210844,-0.09415892903874915,0.2075444399441199,0.37384794434796387,0.22775892351645777,OTHER_UNDIVIDED,0.1,1
BG_PRAN_009,19.7737342854914,78.26827797199502,0,PRANHITA_GODAVARI_BASIN,299.2471065662752,2.560429850890272,209.58136566345837,373.50136371537775,668.1931473008922,564.0140011721751,962.3745768478605,1836.2853240227942,1714.5976625146218,2662.750359532834,2487.0799068886245,2037.4595368378775,1308.8915185082483,-13.85783899919439,-12.380815471348981,LATE CRETACEOUS - PALAEOCENE,DECCAN TRAP,NAN,NAN,UNKNOWN,UNKNOWN,DECCAN-TRAP-LATE-CRETACEOUS-PALAEOCENE,11.078060037561917,2,2,2,1,0,0,1,-0.49365905417211364,-0.8696555284903869,1.4770235278454091,0.6504151289348241,0.13303465937654038,0.3408813992442498,0.44201346525586677,1.5100721294605581,1.5566297943494605,0.49155622618949923,3.612427225194859,3.04920746646207,2.034355269207666,4.721071372834434,0.7651710678691518,1.5566297943494605,0.844088273886633,-0.07711943470335106,0.21772013935834672,0.3408813992442498,0.20321014928266012,OTHER_UNDIVIDED,0.1,1
BG_PRAN_010,19.431009032701162,78.62508370525453,0,PRANHITA_GODAVARI_BASIN,386.82241023743535,3.131498253901762,124.51790050306442,333.1035701517363,467.81451009914053,617.1868256588806,1252.6492200265254,1919.0058931671128,2014.216784556922,2519.854260284351,2587.398642841122,2461.9824464591748,1463.0765379025577,-20.148972702032623,-8.148049798570767,ARCHAEAN- PALAEOPROTEROZOIC,PENINSULAR GNEISSIC COMPLEX,PENINSULAR GNEISSIC COMPLEX-II,PENINSULAR GNEISSIC COMPLEX-II,GNEISS,UNKNOWN,PENINSULAR-GNEISSIC-COMPLEX-II-GRANITE-DOMINATED-ARCHAEAN-PALAEOPROTEROZOIC,1.2336628129813731,4,4,4,3,0,1,0,0.8239491902292255,-0.5666636850201393,12.000922903461856,0.6065165810370216,0.011616561766310598,0.26532665910176695,0.3475866630136881,1.8528376130129747,1.6827434389084581,0.5806195066046552,3.989039201933442,5.2627321043861865,1.7222983167883164,4.082806293720646,0.9770336659090438,1.6827434389084581,1.3192981641565298,0.0381332762655131,0.2544944960781419,0.26532665910176695,0.2989436244547878,CRATONIC_BASEMENT,0.3,1
BG_PRAN_011,19.724381072966064,78.70994392119857,0,PRANHITA_GODAVARI_BASIN,319.05544596390996,1.7820769519315476,223.52958639629176,520.6393061530035,619.2178012905567,425.401650462197,1140.7242966238473,1688.5153893783358,2134.771767782429,2030.6559807538106,2335.1462046818765,1641.8496430231057,892.1662223957317,-16.04406972800854,-10.182151720706054,NEOPROTEROZOIC,NAN,PENGANGA,PENGANGA,UNKNOWN,UNKNOWN,PENGANGA-GP-NEOPROTEROZOIC,6.279341650748224,3,3,3,2,0,0,1,-0.6887290527416144,-0.7250188217623308,5.861918007302487,0.6535898462786697,0.10586950094986515,0.38951728118862666,0.3436324532993124,0.8170755542611798,1.8402956758147102,0.43934877714993215,3.8595281362442186,2.651489729380709,2.276096009356641,4.773502814984401,0.8085316556697576,1.8402956758147102,0.68699841782421,-0.10480439785358006,0.295847958397693,0.38951728118862666,-0.10066969608893424,CARBONATE_SEDIMENTARY,0.7,1
BG_PRAN_012,19.835654800233595,78.98068166357002,0,PRANHITA_GODAVARI_BASIN,467.7607760075976,0.5,16.467132172504627,391.7306715060901,809.6994546561109,543.5815555802036,1182.7214412859284,1717.4004355713132,2078.7427925967245,2644.1241125048846,2813.875828698566,1783.4731895469915,1420.0651253514811,-13.756276990411497,-10.355191989517477,NEOPROTEROZOIC,NAN,PENGANGA,PENGANGA,UNKNOWN,UNKNOWN,PENGANGA-GP-NEOPROTEROZOIC,6.229029497255464,4,4,3,2,0,0,1,0.2834652693284833,0.9589825030127143,3.401085000894019,0.6589512254208724,0.1943832882824866,0.3011815924934256,0.40813579072750306,1.3876410343429328,1.2559094343293964,0.5370644736752286,3.280967074687432,2.2026360238834766,1.8619738372833161,4.864263845042272,0.6745043398068526,1.2559094343293964,0.6713374348754277,-0.13216706992734187,0.11343958721891798,0.3011815924934256,0.1623531474455431,CARBONATE_SEDIMENTARY,0.7,1
BG_PRAN_013,19.877111716861222,78.41666580100966,0,PRANHITA_GODAVARI_BASIN,366.7648356648075,1.428927102052594,313.7532502148555,307.7687525638014,677.7131937701118,574.9789318075585,1151.0883824600746,1614.660338230538,2008.4872758515812,2378.2830350032887,2406.058686133823,2137.8803208702207,1036.2230811298878,-16.37335792462689,-8.688215724424834,LATE CRETACEOUS - PALAEOCENE,DECCAN TRAP,NAN,NAN,UNKNOWN,UNKNOWN,DECCAN-TRAP-LATE-CRETACEOUS-PALAEOCENE,1.2299563572699368,3,3,3,2,0,0,1,-0.7223247334705402,0.6915540321744303,7.685142200202057,0.6106143386028359,0.05323162497370249,0.39304658062823916,0.3528024788182352,1.8682173714829815,2.06314678541608,0.43570217061770056,3.718188961169738,3.1545502394938825,2.2951457808823226,4.136295956776008,0.8989175335762116,2.06314678541608,0.8484104134974059,0.004965346697860722,0.3470766701233064,0.39304658062823916,0.30270278095529124,OTHER_UNDIVIDED,0.1,1
BG_PRAN_014,19.663382852423382,78.26276510507381,0,PRANHITA_GODAVARI_BASIN,305.70525228867393,5.683327688731626,350.4560289038629,511.08628836247715,580.069776770509,562.3502762271949,1158.6043881392216,1793.7121659250447,1891.935866646708,2471.766448964729,2263.393373498275,1804.6035645458212,1505.6956952085006,-14.541872709995271,-8.072186131848275,LATE CRETACEOUS - PALAEOCENE,DECCAN TRAP,NAN,NAN,UNKNOWN,UNKNOWN,DECCAN-TRAP-LATE-CRETACEOUS-PALAEOCENE,4.79759064382057,2,3,3,2,0,0,1,-0.16580447260258394,0.9861586469047356,6.469686578146996,0.629315331297097,0.1560114962351469,0.2428862220420085,0.3228491255667976,1.1003039759267732,1.1985181129825913,0.6091577524365162,3.209038276719377,3.1110111812440784,1.6416108880359395,4.395421410926258,0.730086600443813,1.1985181129825913,0.9694528102956531,-0.1151254512565532,0.09029632845617955,0.2428862220420085,0.04775688616174241,OTHER_UNDIVIDED,0.1,1
BG_PRAN_015,19.415210446049272,78.97011873174235,0,PRANHITA_GODAVARI_BASIN,351.0752742512306,0.5,348.79602790284895,679.4399613946232,629.5225078771782,636.7590359237095,901.0291807533375,1630.314273161837,2233.814162170693,2666.6352148196506,1947.108160224293,1862.2429658654362,1059.337247020256,-15.297669064745833,-10.040197503539304,LATE CRETACEOUS - PALAEOCENE,DECCAN TRAP,NAN,NAN,UNKNOWN,UNKNOWN,DECCAN-TRAP-LATE-CRETACEOUS-PALAEOCENE,1.9398483590577789,4,4,4,3,0,0,1,-0.19430235662045126,0.9809416874675777,5.257471561206529,0.6144819613416346,0.17761401757441825,0.4313767704483583,0.3672853004850534,0.9371821958771916,1.7579321121254743,0.3972561528985301,2.924564643577336,2.958183289088342,2.517267489463998,4.187824687502852,0.6983493485789858,1.7579321121254743,1.011495263385321,-0.14492078521528662,0.27481898837797725,0.4313767704483583,-0.03242741069203506,OTHER_UNDIVIDED,0.1,1
BG_PRAN_016,19.901588072307323,78.75677936487496,0,PRANHITA_GODAVARI_BASIN,417.1638308848062,1.4199986380655905,269.8746594274529,479.5143270768085,764.0620026504553,529.5338074379579,1257.0976559932174,1914.62556264824,1810.2309776117513,2022.1049376216122,2284.3351199209583,1972.9204254815468,1473.192257962215,-15.316679536094748,-11.542400599098581,LATE CRETACEOUS - PALAEOCENE,DECCAN TRAP,NAN,NAN,UNKNOWN,UNKNOWN,DECCAN-TRAP-LATE-CRETACEOUS-PALAEOCENE,5.831561796880053,3,3,3,2,0,0,1,-0.9999976071916546,-0.002187603932441355,3.7742789369961667,0.5849460988506282,0.012311439266946134,0.15704320656792325,0.29006267480892955,1.1043127940759618,1.3392144938851112,0.7285439196674091,3.7257685799162745,2.5821470195553955,1.372600843725636,3.8186512464360045,0.9756765773127518,1.3392144938851112,0.6930508321419032,0.00016685770529036733,0.14501213781405786,0.15704320656792325,0.04957095563694977,OTHER_UNDIVIDED,0.1,1
BG_PRAN_017,19.645371766648562,78.33863545605668,0,PRANHITA_GODAVARI_BASIN,329.2647902476423,1.7772233319913737,46.83104644702751,547.0792619561314,734.6733568201379,743.3133734056919,1275.438498864166,1442.8267016131776,2270.7261410455644,2291.0436053233843,2265.903263647216,1690.3147787429552,1576.4582665736782,-16.542629956136594,-13.547939232224259,ARCHAEAN- PALAEOPROTEROZOIC,PENINSULAR GNEISSIC COMPLEX,PENINSULAR GNEISSIC COMPLEX-II,PENINSULAR GNEISSIC COMPLEX-II,GNEISS,UNKNOWN,PENINSULAR-GNEISSIC-COMPLEX-II-GRANITE-DOMINATED-ARCHAEAN-PALAEOPROTEROZOIC,1.5774202619768398,3,4,4,3,0,1,0,0.7293394509430583,0.684152004526829,2.994690723912335,0.5100686050643528,0.1508853934962751,0.18476664323226963,0.2796862971511015,1.3586941120546474,1.072222978248903,0.6880961419601888,2.274027128994454,2.300770486299269,1.4532852866758863,3.082204201095081,0.7377924951221398,1.072222978248903,1.0117603496759293,-0.07672872136097512,0.03485289934593193,0.18476664323226963,0.1520731798368205,CRATONIC_BASEMENT,0.3,1
BG_PRAN_018,19.49386222560265,78.40019431853167,0,PRANHITA_GODAVARI_BASIN,306.0001643990212,2.698090584433586,272.9747505344481,486.5463486838052,656.1067900830305,620.0227771410017,1065.5913883897958,1728.0740655095076,1879.5122558361206,2167.1363621601963,2590.0761990703677,1807.7634461350895,1515.3591314082012,-18.43316160827142,-11.37209951407036,LATE CRETACEOUS - PALAEOCENE,DECCAN TRAP,NAN,NAN,UNKNOWN,UNKNOWN,DECCAN-TRAP-LATE-CRETACEOUS-PALAEOCENE,5.944202845322975,4,4,4,3,0,0,1,-0.9986525015240384,0.051895868812271304,7.061062094201059,0.5550862032413418,0.09041055957805902,0.17699335456441231,0.41701953850861856,1.2743344545569804,1.1929604061990247,0.6992449377751431,2.915640376237886,2.7552884236284583,1.430114034233056,3.4952528174172333,0.8341715255513242,1.1929604061990247,0.9450028342452221,-0.044454957897439466,0.08799083025551992,0.17699335456441231,0.12062186195289416,OTHER_UNDIVIDED,0.1,1
BG_PRAN_019,19.72953599882367,78.77167673816005,0,PRANHITA_GODAVARI_BASIN,401.9318490342721,8.833739166535645,8.851289925168544,472.08882774470857,643.3175588185312,618.9769646747524,1093.4784575279207,1860.2214678383484,1934.4642477823322,1908.0351436586361,2465.6209060167134,2311.0283750361928,1362.8291620595255,-18.243060294850054,-11.234424493295924,NEOPROTEROZOIC,NAN,PENGANGA,PENGANGA,UNKNOWN,UNKNOWN,PENGANGA-GP-NEOPROTEROZOIC,5.72833714935495,3,3,3,2,0,0,1,0.15387041524131545,0.9880910359442925,7.00863580155413,0.5101115955174154,-0.0955172230748272,0.16668560064668222,0.38553080651749394,1.31114512139722,1.695757940670992,0.7142578929296123,3.7336258103189994,3.592360164532263,1.4000545302208924,3.082562436840715,1.211208494511067,1.695757940670992,0.9621639503348162,0.10355329145245595,0.25809362588080925,0.16668560064668222,0.13462812033515248,CARBONATE_SEDIMENTARY,0.7,1
BG_PRAN_020,19.796118426030638,78.42394711755675,0,PRANHITA_GODAVARI_BASIN,402.04699139978504,1.4881198881177653,7.964478550439011,553.5261186390214,640.8241850956178,583.931581183579,870.3338746166417,1836.7669032645008,1777.307258064551,2386.67749440123,2055.1577195918458,1707.7890653307109,1242.174764267575,-14.581294971089365,-9.785885094015406,NEOPROTEROZOIC,NAN,PENGANGA,PENGANGA,UNKNOWN,UNKNOWN,PENGANGA-GP-NEOPROTEROZOIC,1.6984862623582775,3,3,3,2,0,0,1,0.1385591414722432,0.9903541610527392,4.7954098770739595,0.6068607032232582,0.16580631908962487,0.3153897288279547,0.4049999141736611,1.0549304910207062,1.3748379962966308,0.5204619252752246,2.9246389773002694,2.6649884670175203,1.9213701333621274,4.087255368987553,0.7155508310701235,1.3748379962966308,0.9112196353594716,-0.12394731541033956,0.157837291506284,0.3153897288279547,0.026731070986260524,CARBONATE_SEDIMENTARY,0.7,1
BG_PRAN_021,19.972919168397915,78.79031753335661,0,PRANHITA_GODAVARI_BASIN,334.3751142165983,1.4913727008547335,116.49967889383485,456.77803646490787,587.7589815501498,637.0709752244877,1177.1382134026753,2338.606732796099,1989.69152768516,2927.889137896106,2393.0635966027594,1620.6383596515486,1155.8951059162891,-15.961083488962235,-10.690293762276054,LATE CRETACEOUS - PALAEOCENE,DECCAN TRAP,NAN,NAN,UNKNOWN,UNKNOWN,DECCAN-TRAP-LATE-CRETACEOUS-PALAEOCENE,0.4294291581339181,4,4,4,3,0,0,1,0.8949368622410708,-0.4461927975686145,5.27078972668618,0.6425929293283886,0.2874008739448014,0.43390980662868506,0.3405760927720938,1.3947057935626577,1.4020635176621752,0.39478786630292056,2.5438898021316807,2.757317893501134,2.533005910637656,4.595860190096609,0.5535176650378824,1.4020635176621752,1.0838983225069307,-0.19973105967677285,0.16738255069899932,0.43390980662868506,0.16482433742505465,OTHER_UNDIVIDED,0.1,1
BG_PRAN_022,19.73261243150684,78.68937659698749,0,PRANHITA_GODAVARI_BASIN,337.6065524943509,4.68128133082948,175.91154854567966,501.3913851257522,841.5375689469442,710.7608091134398,1185.8086162571217,1869.9600049135815,2314.568740865155,1839.9805638735618,2517.8827929322633,1910.9925061398317,1667.758672704276,-16.27702448921445,-8.624134055897144,NEOPROTEROZOIC,NAN,PENGANGA,PENGANGA,UNKNOWN,UNKNOWN,PENGANGA-GP-NEOPROTEROZOIC,8.3125485109669,3,3,3,2,0,0,1,0.07129639857194094,-0.9974551737048993,7.652890433317307,0.44270256729127594,-0.01893160545860297,0.04909768928211674,0.3596612215073899,1.4175768247745213,1.145844741370948,0.9064001569053962,2.688657673507394,2.270834451586413,1.1032654741268781,2.588747913070636,1.0385938539905988,1.145844741370948,0.8445978343643654,0.056492905431369984,0.06796612036217367,0.04909768928211674,0.17272535974442801,CARBONATE_SEDIMENTARY,0.7,1
BG_PRAN_023,19.651760037456672,78.39818479160093,0,PRANHITA_GODAVARI_BASIN,400.88449436218724,2.106572207223188,277.34667041080553,505.7358244956811,647.767953078866,524.615676271801,1090.6713474501034,1599.189080631598,2213.4381794576702,2291.929847237632,2732.007839846958,2319.5866507529536,1125.1261949580892,-16.847780084644704,-11.225966542541379,ARCHAEAN- PALAEOPROTEROZOIC,PENINSULAR GNEISSIC COMPLEX,PENINSULAR GNEISSIC COMPLEX-II,PENINSULAR GNEISSIC COMPLEX-II,GNEISS,UNKNOWN,PENINSULAR-GNEISSIC-COMPLEX-II-GRANITE-DOMINATED-ARCHAEAN-PALAEOPROTEROZOIC,0.11375469408637107,4,4,4,3,0,1,0,-0.9917906127695156,0.1278725162897355,5.621813542103325,0.6274758052325996,-0.0059973337450652435,0.3414645933604054,0.42936809801401155,1.0373314482074025,2.0616235397290117,0.4909077805427811,4.421497014377605,3.580891330216288,2.037042471743326,4.368778796616468,1.0120670371026357,2.0616235397290117,0.8098821081969253,0.008248448083761736,0.34675182197997034,0.3414645933604054,0.018323699964267665,CRATONIC_BASEMENT,0.3,1
BG_PRAN_024,19.613583607190755,78.8062768883715,0,PRANHITA_GODAVARI_BASIN,249.67240926524082,0.8903386579595388,245.98633557834188,426.5527637085561,801.7158520825496,547.6071862017218,1268.6530039805755,1780.9071505821853,2315.252864646168,2460.135733768693,2571.8759918535147,2040.923457600933,1040.7334816075008,-16.610377690961503,-10.114082333705884,LATE CRETACEOUS - PALAEOCENE,DECCAN TRAP,NAN,NAN,UNKNOWN,UNKNOWN,DECCAN-TRAP-LATE-CRETACEOUS-PALAEOCENE,4.762687994323166,3,3,3,2,0,0,1,-0.9134484293880286,-0.40695450218488016,6.496295357255619,0.635868356378648,0.09313636152095608,0.4054428098946348,0.33933423987873573,1.2837970621896604,1.9610433330995662,0.42303904898375566,3.72698442478462,2.545694275289311,2.3638479734551803,4.492519074375213,0.8295979074475031,1.9610433330995662,0.6830439788563551,-0.05445587581549119,0.32456240113663737,0.4054428098946348,0.12426544776353166,OTHER_UNDIVIDED,0.1,1
BG_PRAN_025,19.40863609317785,78.29285811240554,0,PRANHITA_GODAVARI_BASIN,253.32826030611002,2.1079882270165426,160.5249742956294,559.3633879629218,832.1316051922452,586.5901368345669,1049.888415353009,1444.7507333067097,2214.871360105466,2330.769550414045,2540.2116635778693,1960.6256765653145,1466.3422337582074,-13.906176411023722,-7.632025113606222,LATE CRETACEOUS - PALAEOCENE,DECCAN TRAP,NAN,NAN,UNKNOWN,UNKNOWN,DECCAN-TRAP-LATE-CRETACEOUS-PALAEOCENE,12.344167840119956,3,3,3,2,0,0,1,0.3333959454872839,-0.9427869025037631,6.2741512974175,0.597862313860437,0.08625257152625768,0.22765390264027316,0.4151202515372648,1.0486745260931796,1.337086002224175,0.6291236441065562,3.342411592194651,2.3561485490702014,1.589512662982375,3.973420963090553,0.8411924187768072,1.337086002224175,0.7049247167990018,-0.0630669726310931,0.14423346106448104,0.22765390264027316,0.023759034078365035,OTHER_UNDIVIDED,0.1,1
BG_PRAN_026,19.42760158521305,78.23258304185518,0,PRANHITA_GODAVARI_BASIN,315.3400200872808,0.5313697267598547,98.50559986139972,466.0032194643673,779.8310898147961,471.9541984179464,1184.69088888404,1783.8800501406479,1857.1926377233187,2271.717986871065,2365.021498653791,2113.3076392546823,1100.9657992033763,-16.670488163736053,-9.316349572090067,LATE CRETACEOUS - PALAEOCENE,DECCAN TRAP,NAN,NAN,UNKNOWN,UNKNOWN,DECCAN-TRAP-LATE-CRETACEOUS-PALAEOCENE,10.200881114124853,3,3,3,2,0,0,1,0.9890014123348108,-0.14790607289678698,7.354138591645986,0.6559689592098873,0.036125295742049285,0.34712776577350923,0.3325144351359528,1.0127702507026646,1.9195034385848322,0.4846401732440142,4.477781195423181,2.7099556098059914,2.063386516140121,4.813428908298175,0.930268479863191,1.9195034385848322,0.6052005414721685,-0.028641716002793083,0.3149519974324249,0.34712776577350923,0.006344615260541739,OTHER_UNDIVIDED,0.1,1
BG_ARAV_000,23.155460584011006,74.20365785938003,0,ARAVALLI_CRATON,360.78975634593377,0.6791907612283387,358.96482005677603,419.54038724057244,636.8379687281952,529.8816354306352,947.0503491961827,1633.3887885998483,2027.2263706479373,1975.1959091385438,2447.0780013558624,1576.2877701421044,1062.4841256334682,-18.682129426603137,-10.12007508337713,PALAEOPROTEROZOIC,ARAVALLI,LUNAVADA,LUNAVADA,UNKNOWN,UNKNOWN,LUNAVADA-GP-ARAVALLI-SGP-PALAEOPROTEROZOIC,7.410305759027234,4,5,4,3,0,0,1,-0.01806631543276235,0.9998367908047212,8.562054343226007,0.5769539055843953,0.11232154640364746,0.3004634368191824,0.4419478277755044,1.2630050652639218,1.4835871243899401,0.5379132875781135,2.9747922210707713,2.475178687625786,1.859035687805564,3.727617213617308,0.7980412282402612,1.4835871243899401,0.8320509464232962,-0.06411307186842954,0.19471317135690078,0.3004634368191824,0.11621938973292117,GONDITE_METAMORPHIC,0.95,3
BG_ARAV_001,22.774173829087324,73.597834160651,0,ARAVALLI_CRATON,407.9816809038204,2.4146081498098617,153.42526880495026,522.9207874856323,720.373009033661,567.6157039100875,1096.4671773688642,1983.0780551120324,1928.3561915941582,2358.196685735041,2662.3762251765397,2248.41169613251,939.0989344575587,-14.512696448919653,-11.203888883870354,NEOPROTEROZOIC,NAN,NAN,NAN,GRANITE,UNKNOWN,GODHRA-GRANITE-NEOPROTEROZOIC,11.623621365056854,4,4,4,2,0,0,0,0.4473647009674869,-0.8943516223098559,3.3088075650492996,0.6119944626491032,0.02383206482470543,0.4303823236705141,0.41659331866038474,1.0854716745033042,2.3942223883333575,0.39822756928632425,3.9611513153757203,3.1211770358073907,2.5111269927976787,4.1545656072158685,0.9534453630521678,2.3942223883333575,0.78794693305287,-0.011425033874795553,0.41076341791582016,0.4303823236705141,0.040984338200611876,CRATONIC_BASEMENT,0.3,3
BG_ARAV_002,22.791615875116833,73.97347177078056,0,ARAVALLI_CRATON,512.7820595254597,1.9000667568960246,162.49932875868316,408.122561456717,677.5804393609084,716.1828098784,1073.8468613145747,1690.091945080893,2392.7264788885886,2110.8090057460186,2016.8056506300875,2215.030509421093,1179.2725401348705,-16.409753327729433,-11.266462793429953,PALAEOPROTEROZOIC,ARAVALLI,LUNAVADA,LUNAVADA,UNKNOWN,UNKNOWN,LUNAVADA-GP-ARAVALLI-SGP-PALAEOPROTEROZOIC,12.311089806882908,4,4,4,2,0,0,1,0.3007169726315958,-0.9537134278027588,5.14329053429948,0.49332516198539195,-0.024092780900808682,0.2831347650012738,0.305100228953625,1.754822878615916,1.878302455248778,0.5586827308231046,3.0928283613849272,3.2690295904074103,1.7899246629745875,2.947304757506126,1.0493751458999792,1.878302455248778,1.0569709029630938,0.07564601686868251,0.3051459913446952,0.2831347650012738,0.2740005126737585,GONDITE_METAMORPHIC,0.95,3
BG_ARAV_003,22.473201869910017,73.93385164923798,0,ARAVALLI_CRATON,457.1893660881817,8.621524573384844,58.9045756290009,482.2544925895303,589.6298139269871,648.8817461902117,1133.7961883061412,1776.6468168409506,1836.7064977862115,1752.5195737553618,2262.640168195761,1977.2074577712835,1279.3212440258767,-15.937208268934446,-11.701226505903895,NEOPROTEROZOIC,NAN,NAN,NAN,GRANITE,UNKNOWN,GODHRA-GRANITE-NEOPROTEROZOIC,4.6125490997259595,5,5,5,3,0,0,0,0.8563083321137283,0.5164649459088244,4.235981763030551,0.4595807530956894,-0.06024244725054598,0.15607624476792445,0.33236129315253554,1.345517262805447,1.5455128768156199,0.7299897030847488,3.0470998241713363,3.353303051705616,1.3698823345342894,2.7008304384336954,1.128208486942171,1.5455128768156199,1.100490052848772,0.08050321841524148,0.2143037195237877,0.15607624476792445,0.1473096234925048,CRATONIC_BASEMENT,0.3,3
BG_ARAV_004,22.698504734397375,74.11585009805222,0,ARAVALLI_CRATON,365.60553230329157,1.575121040639049,286.1314375499746,479.2704802684637,712.4359281721603,641.2948902504298,1044.5709606749963,1672.8884317191194,2296.613491665604,2598.6480551284326,2156.85781281094,2401.777353538925,1360.7729319151747,-12.78484338720098,-11.082013731565798,PALAEOPROTEROZOIC,ARAVALLI,LUNAVADA,LUNAVADA,UNKNOWN,UNKNOWN,LUNAVADA-GP-ARAVALLI-SGP-PALAEOPROTEROZOIC,7.333000991061191,4,4,4,2,0,0,1,-0.9606268501073683,0.2778417802505515,1.7028296556351812,0.6041319854306841,0.039370790574917075,0.312640440850142,0.3474345145518807,1.3380646530809563,1.7650096466819145,0.5236464894528686,3.745199574030312,3.37121873728316,1.9096852915507116,4.052188923665764,0.9242411060146355,1.7650096466819145,0.9001439483766698,-0.005692916859201849,0.2766752182347078,0.312640440850142,0.14459166247690375,GONDITE_METAMORPHIC,0.95,3
BG_ARAV_005,22.935093650867646,73.54530400977204,0,ARAVALLI_CRATON,378.288541288758,3.0411583432484517,249.7256012813359,566.8716452665262,562.0960208840197,713.598775838477,1080.2791106492498,2147.7702703706664,2296.4498514239294,2539.5964549605105,2444.788279681531,1761.7511703140883,1537.8265610748708,-16.041121114701014,-8.488668322511371,NEOPROTEROZOIC,NAN,NAN,NAN,GRANITE,UNKNOWN,GODHRA-GRANITE-NEOPROTEROZOIC,7.361248851134916,4,4,4,2,0,0,0,-0.9380438610757414,-0.34651654318100744,7.5524527921896425,0.5612936049067898,0.1808375774826911,0.24568701596578715,0.3870873993467549,1.2588366000280846,1.145611094099645,0.6055397334744049,2.46882593902324,3.1342530488102263,1.6514192936907193,3.558857634554702,0.6937130370375201,1.145611094099645,1.2695318024964026,-0.11306677299715125,0.0678646261432646,0.24568701596578715,0.11458845752230783,CRATONIC_BASEMENT,0.3,3
BG_ARAV_006,22.674612614626472,74.12585991571423,0,ARAVALLI_CRATON,289.7723571825972,3.501367703812468,79.47706060395375,517.9758586303963,798.7679388461563,604.8891032760664,1223.907075716226,1735.7514467764177,2502.5164443775393,2312.91524421277,2657.555543912697,2438.372697976071,1431.7244809164483,-15.421632653762549,-10.443776542584537,PALAEOPROTEROZOIC,ARAVALLI,LUNAVADA,LUNAVADA,UNKNOWN,UNKNOWN,LUNAVADA-GP-ARAVALLI-SGP-PALAEOPROTEROZOIC,7.003981400411523,4,5,5,3,0,0,1,0.9831818674897714,0.18262917466638678,4.977856111178012,0.5853806276700183,-0.026404935938085777,0.235320572269631,0.36935779326510004,1.1677940043531903,1.703101908764013,0.6190129464881196,4.031106992569034,3.052667209509816,1.6154750955412842,3.823701283197812,1.0542421314498966,1.703101908764013,0.7572776436076901,0.036153416814321895,0.2601092867356833,0.235320572269631,0.07740311392449264,GONDITE_METAMORPHIC,0.95,3
BG_ARAV_007,22.80313625858009,74.35648984118832,0,ARAVALLI_CRATON,378.3338177606849,0.5,29.65717642170337,477.99784330038847,633.5382702701606,662.9511334921779,1034.4853644142675,2166.51140869584,2009.8689496215106,2357.2686720514257,2200.7564283197316,2146.348099678575,1252.281945111705,-18.35784698259665,-12.699546138762463,PALAEOPROTEROZOIC,ARAVALLI,LUNAVADA,LUNAVADA,UNKNOWN,UNKNOWN,LUNAVADA-GP-ARAVALLI-SGP-PALAEOPROTEROZOIC,9.220649809201536,5,5,5,3,0,0,1,0.49480930410638113,0.8690015837556102,5.658300843834189,0.5609914665443694,0.0468335968659684,0.30612861373365063,0.36048961353191356,1.3869333123510053,1.713949567302249,0.531242772378024,3.237566070872905,3.38787441424088,1.8823785485135105,3.5557200967113496,0.9105233205768526,1.713949567302249,1.0464263384799917,-0.004600403881070522,0.2630666305308243,0.30612861373365063,0.16210478627153418,GONDITE_METAMORPHIC,0.95,3
BG_ARAV_008,22.958693631618946,73.66293442708142,0,ARAVALLI_CRATON,354.02072249718753,3.8124386896259614,244.97974874689672,545.4213039360229,700.1159655872839,608.6456071774254,859.0134348891982,1962.8303524236533,2256.7108751076357,2568.5795031788903,1752.4239081326405,1999.034223036548,1250.45108090507,-16.43933890470192,-6.463661413880433,PALAEOPROTEROZOIC,ARAVALLI,LUNAVADA,LUNAVADA,UNKNOWN,UNKNOWN,LUNAVADA-GP-ARAVALLI-SGP-PALAEOPROTEROZOIC,2.0656916887890815,4,4,4,2,0,0,1,-0.9061583555623585,-0.4229385707694704,9.975677490821486,0.6168696983402585,0.12469208522358022,0.3451473856800342,0.342114458648092,1.115918284946384,1.598650480585779,0.4868259202686458,3.284397679336926,2.855290149688833,2.054122340608193,4.22015614450984,0.7782644920214719,1.598650480585779,0.8693497023704075,-0.08849165287365979,0.2303697576330253,0.3451473856800342,0.05478391467408029,GONDITE_METAMORPHIC,0.95,3
BG_ARAV_009,22.37056874740043,74.14241927820632,0,ARAVALLI_CRATON,409.044670430428,0.6862052406973688,235.62403714120867,591.2166039213851,708.3287871546142,649.1898584339591,1362.4375856308131,1896.4133454670773,2601.9634040385454,2356.0849141945205,2246.9448137438826,2094.0379093895067,1427.5393672287958,-14.780947909582798,-9.360069617709675,ARCHAEAN,NAN,JHABUA GNEISSIC COMPLEX=CHHOTA UDEPUR,JHABUA GNEISSIC COMPLEX=CHHOTA UDEPUR,GNEISS,UNKNOWN,JHABUA-GNEISSIC-COMPLEX-CHHOTA-UDEPUR-ARCHAEAN,0.9701312445595328,5,7,5,3,0,1,0,-0.8253504447172312,-0.5646207961145858,5.420878291873123,0.5679663872131422,0.05888534207581304,0.2454116681931787,0.2450577772034483,1.0980575529002317,1.4668862771803357,0.6058947018515828,3.225617096384312,2.9563077830636177,1.65045179602844,3.6292694347518544,0.8887786241849527,1.4668862771803357,0.9165092105394617,-0.03586199806770517,0.18926137057866135,0.2454116681931787,0.04673730444434666,CRATONIC_BASEMENT,0.3,3
BG_ARAV_010,22.326511310541623,74.08577558127347,0,ARAVALLI_CRATON,305.54921508029094,11.360993952953493,98.37342971935536,524.624824508149,654.1095026295923,555.896547662726,1307.218111803573,1873.746629463504,1964.1188310745868,2526.0043886903286,2578.3684330043516,2067.8205702567175,1618.1425407321424,-19.110747467682486,-12.813886801026339,NEOPROTEROZOIC,NAN,NAN,NAN,GRANITE,UNKNOWN,GODHRA-GRANITE-NEOPROTEROZOIC,1.6396013850213036,6,7,6,3,0,0,0,0.9893399709673151,-0.145624248826877,6.296860666656148,0.6392508653180997,0.09973906764590627,0.21907086384739624,0.32714502848281557,1.0596077818549425,1.2778976616257902,0.6405937168345602,3.719793863140725,3.161275839569025,1.561051837859948,4.544018837258347,0.8186132133009549,1.2778976616257902,0.8498524246752389,-0.07523546683476602,0.12199743075614757,0.21907086384739624,0.0289413277062791,CRATONIC_BASEMENT,0.3,3
BG_ARAV_011,23.240230241424957,74.07547417787588,0,ARAVALLI_CRATON,426.7411862817055,0.5633141650856303,342.3108824101477,480.82820958747044,738.6693801475275,351.7301125895928,906.1605957341571,1878.7594596432502,1762.291145542881,2225.6294497815375,2484.40747573747,2466.0848689253153,1331.5785498708,-15.59830981376858,-10.883697854481648,PALAEOPROTEROZOIC,ARAVALLI,LUNAVADA,LUNAVADA,UNKNOWN,UNKNOWN,LUNAVADA-GP-ARAVALLI-SGP-PALAEOPROTEROZOIC,12.163727046569171,4,4,4,3,0,0,1,-0.3038521127438705,0.9527192102508936,4.714611959286932,0.7270616656765286,-0.05125107855220007,0.2513350076089962,0.46548154948348114,0.7315088941221917,1.8520010459109546,0.5982930129735711,7.011298645309632,3.338550279550287,1.6714218236138325,6.327662499715494,1.1080392866203945,1.8520010459109546,0.47616717514834295,0.020157825177130363,0.29873798534663804,0.2513350076089962,-0.15506192587834097,GONDITE_METAMORPHIC,0.95,3
BG_ARAV_012,22.688169926206523,74.14328821844235,0,ARAVALLI_CRATON,517.946502170232,1.874253900878124,54.380841041124086,375.0531014119872,632.5096343377476,605.2292921595066,1203.4561707867792,1414.465484130878,1686.397792540292,2627.9959346434866,2457.046561952644,1776.996261758696,1182.7172864473978,-15.798417854710387,-9.778227234343165,PALAEOPROTEROZOIC,ARAVALLI,LUNAVADA,LUNAVADA,UNKNOWN,UNKNOWN,LUNAVADA-GP-ARAVALLI-SGP-PALAEOPROTEROZOIC,7.106509585452709,4,4,4,2,0,0,1,0.812906061289035,0.582394827861261,6.020190620367222,0.6256188480437129,0.19318982525931885,0.3792672300339318,0.3424639953444993,1.6137162664893148,1.5024691704590722,0.4500453255677504,2.9360711417026097,2.8094374575176477,2.2219984120764518,4.342149271930374,0.6761792275464779,1.5024691704590722,0.9568696796789921,-0.11528167629146363,0.20078935526402752,0.3792672300339318,0.2348060028642412,GONDITE_METAMORPHIC,0.95,3
BG_ARAV_013,22.758252890491516,74.04561678931593,0,ARAVALLI_CRATON,370.2115866388828,0.5,155.6405283753367,394.7909069539702,767.1297297457244,776.5022949709934,1024.5537844172986,1744.2233211698488,2256.796646349493,2380.196431483171,2280.00167453138,1871.2442282560205,1051.7834997286136,-15.917425088825121,-6.590815813405246,PALAEOPROTEROZOIC,ARAVALLI,LUNAVADA,LUNAVADA,UNKNOWN,UNKNOWN,LUNAVADA-GP-ARAVALLI-SGP-PALAEOPROTEROZOIC,6.777847582636212,5,5,4,2,0,0,1,0.4124601511731247,-0.9109756438534694,9.326609275419875,0.5080288855457347,0.11971287943100678,0.38706896834867105,0.37991430476206295,1.9668697513710929,1.7791154044151982,0.4418893690346921,2.409837341068109,2.4392800243017434,2.2630098588105927,3.065279322203169,0.7861721842443989,1.7791154044151982,1.0122177043199172,-0.02346432969653703,0.28034654628885824,0.38706896834867105,0.3258888441116282,GONDITE_METAMORPHIC,0.95,3
BG_ARAV_014,23.241464808776527,73.88610263780078,0,ARAVALLI_CRATON,416.1540549889047,20.188285653027656,339.7017312603356,455.58202365162657,545.4020319753251,721.8836942465751,1139.5230822996589,1969.0315942368643,1685.7069542271115,2348.5129859014687,2030.2423159450534,2410.890867621744,938.6986838969436,-13.925682202683515,-12.216224916517739,PALAEOPROTEROZOIC,ARAVALLI,LUNAVADA,LUNAVADA,UNKNOWN,UNKNOWN,LUNAVADA-GP-ARAVALLI-SGP-PALAEOPROTEROZOIC,1.0935262602360758,4,4,4,3,0,0,1,-0.3469073119817595,0.9378994172583701,1.709457286165776,0.5297782210494981,-0.013106238433830915,0.4288784669780949,0.2810047815707857,1.5845306776503825,2.568333061941412,0.3996991667205656,3.33972201269659,4.42039215451699,2.5018816194030395,3.25331213513457,1.026560585812461,2.568333061941412,1.3235808643918903,0.055362434411906455,0.4395142033500198,0.4288784669780949,0.22616511574038595,GONDITE_METAMORPHIC,0.95,3
BG_ARAV_015,23.261190563823916,74.40535064195606,0,ARAVALLI_CRATON,442.11295925400015,2.4414140298037914,151.10183409340402,431.23902382725737,692.6379579546411,726.1937233050288,1144.133619352024,1790.220563305179,2018.089808353657,1982.484727821992,2478.823580406117,1921.3395194448422,1466.5674180108808,-15.331122970302957,-8.047918561288107,PALAEOPROTEROZOIC,ARAVALLI,LUNAVADA,LUNAVADA,UNKNOWN,UNKNOWN,LUNAVADA-GP-ARAVALLI-SGP-PALAEOPROTEROZOIC,1.6095081410593355,4,4,4,3,0,0,1,0.48325435853983456,-0.8754799968887085,7.28320440901485,0.46380219236818104,0.015662899887026488,0.1495823454814557,0.368397937677761,1.6839703308296885,1.3100928702893726,0.739762277453873,2.6457671763599637,2.773944879291066,1.3517856063917395,2.729966758827667,0.9691572860621817,1.3100928702893726,1.0484463259868568,0.046195933404125374,0.1342339413966476,0.1495823454814557,0.2548352808867131,GONDITE_METAMORPHIC,0.95,3
BG_ARAV_016,22.495791134789297,73.56936130087516,0,ARAVALLI_CRATON,343.89015753027473,3.16686763431131,229.86934115907079,465.0422957611643,873.8928999058285,755.9743793986839,1064.8388299525518,1518.9620306392849,2196.2089011485714,2371.738963575427,2141.429547491344,2370.1599231994774,1444.4946309098893,-13.043856203287111,-7.2010271460553135,PALAEOPROTEROZOIC,ARAVALLI,CHAMPANER,CHAMPANER,UNKNOWN,UNKNOWN,CHAMPANER-GP-ARAVALLI-SGP-PALAEOPROTEROZOIC,1.2733769136486375,5,6,6,3,0,0,1,-0.7645766223399972,-0.6445328452229268,5.842829057231798,0.5165961219846742,0.00033299747913660547,0.2429736832049503,0.33577685660278256,1.6256034873897418,1.6408229361612006,0.6090445249182274,3.135238421637395,2.712185807600339,1.641916079978469,3.1373271701676253,0.9993342263210521,1.6408229361612006,0.8650652484018159,0.04852543025431668,0.2426603192810074,0.2429736832049503,0.23827036052653588,GONDITE_METAMORPHIC,0.95,3
BG_ARAV_017,22.40077800137743,73.51822182565155,0,ARAVALLI_CRATON,400.1683233629375,0.5,143.13398326660595,484.53199399176856,579.9668675394425,629.7523350057581,982.4351501620405,1789.5191098845062,2140.7386181025813,2092.011270626387,2896.024183345114,2609.830794902613,1444.3408812766654,-17.987179031188074,-11.25730861014914,QUATERNARY,NAN,NAN,NAN,UNKNOWN,UNKNOWN,UNDIFF-FLUVIAL-AEOLIAN-COASTA-GLACIAL-SEDIMENTS-QUATERNARY,0.6064821049027163,6,6,6,3,0,0,1,0.5999458108634577,-0.8000406389849133,6.7298704210389335,0.5372468542299301,-0.11013120324955772,0.18314646317619637,0.493388964055295,1.299712591769005,1.8069354865790583,0.6904077912323078,4.144217727647699,4.49996531952777,1.4484193422046052,3.321958730467113,1.2475223390520545,1.8069354865790583,1.0858419147143572,0.11400025037285853,0.28747917119209077,0.18314646317619637,0.13032610896925376,OTHER_UNDIVIDED,0.1,3
BG_ARAV_018,22.394442960755928,74.18300677341635,0,ARAVALLI_CRATON,381.13331607036156,4.851476893255997,98.71747284552121,522.3754203485385,612.2255029475149,641.7047278146155,996.4188421525611,2140.821103251098,2193.597870120518,2140.4293183678765,2492.626802088629,1979.4614919175099,1267.835138411986,-15.728150865563304,-10.555027237720466,ARCHAEAN,NAN,JHABUA GNEISSIC COMPLEX=CHHOTA UDEPUR,JHABUA GNEISSIC COMPLEX=CHHOTA UDEPUR,GNEISS,UNKNOWN,JHABUA-GNEISSIC-COMPLEX-CHHOTA-UDEPUR-ARCHAEAN,2.7920519194121405,5,5,5,3,0,1,0,0.9884477125438434,-0.15156226300383427,5.173123627842838,0.5386960387732005,0.03907089625031722,0.2560230260196114,0.42883014785914003,1.228435913309287,1.5612924980416394,0.5923274956756854,3.0846920757059966,3.2332228552295104,1.6882552406305713,3.3355361465416804,0.9247964761116688,1.5612924980416394,1.0481509242542562,-0.007880156666991885,0.21914424036284375,0.2560230260196114,0.10250952870544328,CRATONIC_BASEMENT,0.3,3
BG_ARAV_019,22.37118864846023,73.81897563029376,0,ARAVALLI_CRATON,388.79084886939484,0.8246099338759212,354.23195326553815,474.3600977552727,731.3907849658915,552.0582915022214,962.5712126778136,2049.3783431069437,2148.9037682761877,2096.15609292097,2204.8379243615123,2304.4086979725917,1651.7336864729377,-15.831066427220104,-12.072618494747541,NEOPROTEROZOIC,NAN,NAN,NAN,GRANITE,UNKNOWN,GODHRA-GRANITE-NEOPROTEROZOIC,7.608750127781992,5,5,5,3,0,0,0,-0.10050144678205779,0.9949369121681602,3.7584479324725635,0.5830712988789983,-0.0473240629101181,0.1185793693221477,0.3922027933696879,1.1637958018619818,1.395145425348932,0.7879821981116317,4.1742126316548696,3.150721532442245,1.2690642013410613,3.796983255916829,1.099349759617412,1.395145425348932,0.7548061885591854,0.052690562924855154,0.16497763424815448,0.1185793693221477,0.07569836480371014,CRATONIC_BASEMENT,0.3,3
BG_ARAV_020,23.144875310969454,73.52327193573582,0,ARAVALLI_CRATON,310.429119453008,7.991601998840706,147.36024227341548,518.9201315060961,697.9581781939598,585.2319858370245,975.2266687654333,1787.5991981267937,2381.3504789289464,2033.4412670251936,2197.1536881528427,1753.8923155980424,1178.9703763537955,-18.13850898751016,-10.40692228216061,PALAEOPROTEROZOIC,ARAVALLI,LUNAVADA,LUNAVADA,UNKNOWN,UNKNOWN,LUNAVADA-GP-ARAVALLI-SGP-PALAEOPROTEROZOIC,9.156256005851763,3,4,4,3,0,0,1,0.5393552356915282,-0.8420783394270013,7.731586705349551,0.5530316846717094,0.07381154716234807,0.2659904723501216,0.38517670692843436,1.1277881685003797,1.4876474840145362,0.5797907197480898,2.9969180684692596,2.512890267470657,1.7247602705585037,3.4745900989028935,0.8625242062198141,1.4876474840145362,0.8384914788345661,-0.043593523549316726,0.19602756740909863,0.2659904723501216,0.060056810315625,GONDITE_METAMORPHIC,0.95,3
BG_ARAV_021,23.114468482588936,73.7818547747734,0,ARAVALLI_CRATON,382.20591568330485,0.8035608985629167,321.8757133244884,485.1579531848096,715.0630099273559,687.7348264748256,1089.9232564925967,1990.2898554116173,1890.4903962374647,2831.19285075424,2326.763948346603,2326.419989420343,1538.8173093018013,-14.087409995817307,-10.073179948685862,PALAEOPROTEROZOIC,ARAVALLI,LUNAVADA,LUNAVADA,UNKNOWN,UNKNOWN,LUNAVADA-GP-ARAVALLI-SGP-PALAEOPROTEROZOIC,14.714352629943077,3,3,3,2,0,0,1,-0.6173693876440942,0.7866734005926196,4.014230047131445,0.6091224998855703,0.09786947506105197,0.295737422528127,0.36199997756312485,1.417548286166713,1.5118233814019628,0.5435226033254259,3.382728191856041,3.2534475338099775,1.8398498845837463,4.116692564704927,0.8217101805618314,1.5118233814019628,0.9617821310361324,-0.04773646942976074,0.203765673112789,0.295737422528127,0.17271559398301237,GONDITE_METAMORPHIC,0.95,3
BG_ARAV_022,22.418164827621656,74.19673716536415,0,ARAVALLI_CRATON,424.81984621209045,0.7404965043308555,82.78365812079103,321.96267469169027,728.9187130147664,752.4272880885698,992.6360016333872,1726.6985959263895,1951.061069539123,2632.8347654971008,2290.1245194945627,2159.82719579603,1290.3142762526143,-11.350653388294365,-8.680700003835259,ARCHAEAN,NAN,JHABUA GNEISSIC COMPLEX=CHHOTA UDEPUR,JHABUA GNEISSIC COMPLEX=CHHOTA UDEPUR,GNEISS,UNKNOWN,JHABUA-GNEISSIC-COMPLEX-CHHOTA-UDEPUR-ARCHAEAN,0.1255938415448895,5,5,5,3,0,1,0,0.9920789134660754,0.12561619901896195,2.669953384459106,0.555468807757832,0.0986941231037192,0.342204814197811,0.3952431220965574,2.337001599555254,1.6738768483557473,0.4900855506285093,2.8704796159271044,2.9630563110391983,2.0404600738845047,3.499121846957872,0.82034285754651,1.6738768483557473,1.0322512971910434,-0.00725116410209017,0.2520223957005129,0.342204814197811,0.400659563015911,CRATONIC_BASEMENT,0.3,3
BG_ARAV_023,22.928942846779886,74.37747201352705,0,ARAVALLI_CRATON,510.6029247015538,0.5,76.71769344903,404.85316849449964,743.472146856177,604.66090967509,1202.307809856893,1459.225682634656,1930.0149220404187,2780.0918755360653,2629.2084438824886,2241.9114846480647,1147.9123088301656,-16.034012148967662,-7.8196330579591065,PALAEOPROTEROZOIC,ARAVALLI,LUNAVADA,LUNAVADA,UNKNOWN,UNKNOWN,LUNAVADA-GP-ARAVALLI-SGP-PALAEOPROTEROZOIC,6.439408428927771,4,4,4,2,0,0,1,0.9732498677892074,0.22974919988607204,8.214379091008556,0.6427148755806543,0.10716448241506232,0.4155238868600447,0.37241147868303975,1.4935313719541103,1.9530337513148168,0.4129044505753672,3.7077169121864055,3.0154612934898504,2.421867813184599,4.597770132737962,0.8064163287442997,1.9530337513148168,0.8132932907018062,-0.05610074962224881,0.3227303960754368,0.4155238868600447,0.19792467019870497,GONDITE_METAMORPHIC,0.95,3
BG_ARAV_024,23.035071043803885,74.30348093038485,0,ARAVALLI_CRATON,466.3343743476686,2.235750276534124,11.20826983842409,468.4729955422708,790.9699841956224,570.4791808663447,1323.0869233003891,1615.106802374089,2282.6421986097744,1994.276245111109,2396.6040424360117,1906.3283783893814,1448.1325768294403,-14.989957823452466,-11.496192129243294,PALAEOPROTEROZOIC,ARAVALLI,LUNAVADA,LUNAVADA,UNKNOWN,UNKNOWN,LUNAVADA-GP-ARAVALLI-SGP-PALAEOPROTEROZOIC,7.830223663056231,4,6,5,2,0,0,1,0.1943759362503942,0.9809271101395775,3.4937656942091717,0.5551395073653083,0.02254723951494828,0.15865160019405997,0.28860384605485384,1.2177418657573997,1.3164045941475304,0.7261444244012517,3.341626546568719,2.41011468711788,1.3771365105950906,3.4957914477908854,0.9558998569565134,1.3164045941475304,0.7212399857691869,0.0028460688213483064,0.1365929750085461,0.15865160019405997,0.09818179079089151,GONDITE_METAMORPHIC,0.95,3
BG_ARAV_025,22.582034572571306,73.67743954377973,0,ARAVALLI_CRATON,573.7864211760401,2.912154362866632,234.60005713531862,383.2244205727114,720.9818656928512,620.0580754742257,1012.9920137944936,2112.5777537016397,2298.087689446914,2317.8134374777233,2167.092065272868,1601.6749753298482,1402.4090296709985,-15.830963048369345,-13.934650128451988,PALAEOPROTEROZOIC,ARAVALLI,CHAMPANER,CHAMPANER,UNKNOWN,UNKNOWN,CHAMPANER-GP-ARAVALLI-SGP-PALAEOPROTEROZOIC,1.7299996486850606,5,5,5,3,0,0,1,-0.8151283733870032,-0.5792803594974184,1.8963129199173565,0.5778861852674153,0.1827122283676265,0.24606173841594303,0.3629149489198184,1.6180025086333871,1.1420883210966692,0.6050569068199305,2.5831047705035837,2.2215190829649325,1.6527371022195565,3.73805861969781,0.6910284273706622,1.1420883210966692,0.8600189604191245,-0.09736484106682235,0.06633168222353417,0.24606173841594303,0.23605879261186236,GONDITE_METAMORPHIC,0.95,3
BG_ARAV_026,23.050614751640857,74.30683473926726,0,ARAVALLI_CRATON,310.9387193400755,0.5,132.669483740554,527.9942983996964,655.8742345381457,686.1327423822027,1135.9106750803066,1745.2013836341391,2199.269570250072,1976.623093698976,2822.610171288946,2250.9756194248516,1389.2431898167315,-17.427169339814352,-10.042489558552484,PALAEOPROTEROZOIC,ARAVALLI,LUNAVADA,LUNAVADA,UNKNOWN,UNKNOWN,LUNAVADA-GP-ARAVALLI-SGP-PALAEOPROTEROZOIC,6.583840255571183,4,5,4,2,0,0,1,0.7352756849764214,-0.6777681514223388,7.384679781261868,0.4846446427214913,-0.06489559304891014,0.1745107660944287,0.42609337205577263,1.2995078605248236,1.6202891144649125,0.7028366680236032,3.2806707464928118,3.4320232408243982,1.422805673452267,2.8808173239998256,1.1387986032651598,1.6202891144649125,1.0461346172856292,0.07947680371773434,0.23672544825703246,0.1745107660944287,0.1302486795372058,GONDITE_METAMORPHIC,0.95,3
2_1375_0,21.93052611544568,80.58117168949559,0,BASTAR_CRATON,643.0,6.254339,252.81775,405.5,558.5,494.0,892.0,1662.0,1913.5,2039.5,2181.0,1726.5,908.5,-17.067362340851627,-10.67384373933969,PALAEOPROTEROZOIC - MESOPROTEROZOIC,,CHILPI,,PHYLLITE,,PALAEOPROTEROZOIC-MESOPROTEROZOIC-PHYLLITE,0.6854316216064539,66,121,6,0,0,1,0,-0.9553699254341506,-0.2954120944984238,6.393518601511937,0.61002564,0.0831120552089452,0.3836499320272558,0.4194598111228572,1.2182490722114696,1.9003852483209849,0.4454523165258875,3.4949392641802848,3.091316019532111,2.244909188503127,4.1285425101214575,0.8465310125030645,1.9003852504127683,0.8845120859444942,-0.0481191726399916,0.3104364325197585,0.3836499320272558,0.0983879932202468,GONDITE_METAMORPHIC,0.95,1
1_32_0,21.715469436427465,79.7492419048725,1,BASTAR_CRATON,354.0,0.99824005,270.0,702.5,903.0,971.5,1323.5,1933.0,2141.0,2287.0,2358.5,2510.0,1622.0,-18.191651536553547,-10.895872445587738,ARCHAEAN,,TIRODI GNEISSIC COMPLEX,,GNEISS/MIGMATITE,,ARCHAEAN-GNEISS-MIGMATITE,0.0784021383033509,44,77,3,1,0,1,0,-1.0,-1.8369701987210292e-16,7.295779090965809,0.40371338,-0.0464873879411116,0.1701202353107904,0.2810972296900876,1.382918147497625,1.5474722555194376,0.7092260600309462,2.583633553696723,2.779623474219686,1.4099876686744834,2.354091610910962,1.0975076519457805,1.5474722564734895,1.075858250276855,0.0760315252548243,0.2149080347979409,0.1701202353107904,0.1606929509195382,GRANULITE_KHONDALITE,0.85,1
2_240_0,22.093839834098603,80.07856428803072,0,BASTAR_CRATON,337.0,6.10362,220.80734,509.0,677.0,613.0,1072.5,1775.5,2081.75,2295.5,2333.0,1992.0,1120.0,-14.439209767158658,-7.827525673162569,ARCHAEAN,,TIRODI GNEISSIC COMPLEX,,GNEISS/MIGMATITE,,ARCHAEAN-GNEISS-MIGMATITE,1.6098850404834728,22,77,3,1,0,1,0,-0.6535175751201373,-0.7569113415777938,6.6116840939960895,0.5784769,0.0707871719951516,0.3441663005872738,0.3701365437174757,1.204322198026872,1.7785714269834183,0.4879111302601128,3.2495921643562933,2.94239290555038,2.0495535695986127,3.744698205546493,0.8677847963406665,1.7785714285714285,0.9054652880354506,-0.0368795637236566,0.2802056554369519,0.3441663005872738,0.0926916220207739,GRANULITE_KHONDALITE,0.85,1
2_1256_0,21.68286059161392,79.60290634508944,0,BASTAR_CRATON,349.0,2.1055152,28.283451,512.3376470588236,705.1,665.1428571428571,1189.0,1983.0,2324.333333333333,2529.925,2587.5,2401.25,1512.5,-15.478063661327283,-9.14936554952778,PALAEOPROTEROZOIC,,SAUSAR,BICHUA,MARBLE,,PALAEOPROTEROZOIC-MARBLE,0.2992047295562056,44,99,4,3,1,1,0,0.4738338770056122,0.8806142498289647,6.328698111799504,0.583644,0.0260941864715622,0.2516867968480091,0.3703164304593363,1.2982509867525671,1.5876033047354687,0.5978438093627899,3.610126712785463,3.405545307891724,1.6726776848445106,3.803581400343643,0.9491388084627014,1.587603305785124,0.9433312397430962,0.0039501671134483,0.2270839986644308,0.2516867968480091,0.1297730275864404,GONDITE_METAMORPHIC,0.95,1
1_445_0,21.81760788423185,80.16830598491426,1,BASTAR_CRATON,314.0,5.5046763,327.12573,633.0,804.0,859.0,1205.0,1850.0,2131.0,2267.0,2322.0,2161.0,1296.0,-17.189974384992013,-11.067820521112134,PALAEOPROTEROZOIC,,SAUSAR,MANSAR,PHYLLITE,,PALAEOPROTEROZOIC-PHYLLITE,0.7310124339038153,66,77,5,2,1,1,0,-0.5427973443999955,0.83986370496189,6.122153863879879,0.45041588,0.0239385727136543,0.2725231545684751,0.3166997447358379,1.357030013653981,1.6674382703183346,0.5716806349485308,2.515715945848992,2.687810941930584,1.749228393712015,2.639115250291036,0.953242170269078,1.6674382716049383,1.068407960199005,0.0202702702668462,0.2502169510413026,0.2725231545684751,0.1514745307295747,GONDITE_METAMORPHIC,0.95,1
2_637_0,22.167950845038465,80.39683739319426,0,BASTAR_CRATON,556.0,3.141314,252.84488,361.5,547.5,462.0,872.0,1710.0,1957.5,2169.0,2277.0,1537.5,816.5,-16.203756814341894,-8.83745956317956,PALAEOPROTEROZOIC,,SAUSAR,JUNEWANI,GREY & PINK GNEISS/QTZ-BIOTITE-SILLIMANITE GNEISS,,PALAEOPROTEROZOIC-GREY-PINK-GNEISS-QTZ-BIOTITE-SILLIMANITE-GNEISS,1.0973599613478209,33,44,4,2,1,1,0,-0.9555096982660012,-0.2949596862617249,7.366297251162333,0.64880276,0.170376365797821,0.4530229440787061,0.4461733882355753,1.278008295219894,1.883037352255925,0.3764407559352509,3.327922070718784,2.808219172953024,2.656460498889822,4.694805194805195,0.7088520055325035,1.883037354562156,0.8438356164383561,-0.1172185430204815,0.3062871706430386,0.4530229440787061,0.1220400727115481,GONDITE_METAMORPHIC,0.95,1
1_37_0,21.451095248311084,79.76702854749807,1,BASTAR_CRATON,282.0,2.197205,65.04438,694.0,856.0,837.0,1129.0,1128.0,1182.0,1092.0,1191.0,1151.0,900.0,-26.055303343302786,-15.246630193485974,PALAEOPROTEROZOIC,,SAUSAR,CHORBAOLI,QUARTZITE,,PALAEOPROTEROZOIC-QUARTZITE,0.4237653772129668,66,165,7,2,1,1,0,0.9066348655622152,0.4219161297544622,10.808673149816808,0.13219285,-0.0263040570547017,0.0963855421202883,0.0267241379195154,1.2060518714610204,1.2788888874679012,0.8241758234210843,1.3751493412483282,1.344626166653474,1.2133333319851851,1.3046594982078854,1.054029304029304,1.278888888888889,0.977803738317757,0.0535241123334594,0.122379327097816,0.0963855421202883,0.0934030045111672,GONDITE_METAMORPHIC,0.95,1
1_413_0,21.8157214221352,80.16668901740285,1,BASTAR_CRATON,314.0,8.367607,28.305605,566.0,743.0,713.0,1204.0,1991.0,2315.0,2485.0,2541.0,1969.0,1077.0,-14.60654995562857,-7.661973793164845,PALAEOPROTEROZOIC,,SAUSAR,MANSAR,PHYLLITE,,PALAEOPROTEROZOIC-PHYLLITE,0.5436238957398847,66,77,5,2,1,1,0,0.4741743400959667,0.8804309712831293,6.944576162463725,0.5540963,0.1158509204948695,0.3952835484572478,0.3570093456990629,1.2597173122619836,1.828226553548536,0.4334004022400803,2.76157082361631,2.650067291184297,2.3073351882011743,3.485273492286115,0.792354124748491,1.828226555246054,0.9596231493943472,-0.0643642072101231,0.2928430727863286,0.3952835484572478,0.1149335417396923,GONDITE_METAMORPHIC,0.95,1
2_1381_0,21.96017051982162,80.0416435298534,0,BASTAR_CRATON,328.0,0.0,-0.0,669.5,897.3333333333334,1011.0,1336.5,1881.5,2059.25,2074.5,2217.5,2143.0,1563.5,-17.713565900047755,-9.80334153232827,ARCHAEAN,,TIRODI GNEISSIC COMPLEX,,GNEISS/MIGMATITE,,ARCHAEAN-GNEISS-MIGMATITE,1.4259307501656422,33,44,4,1,0,1,0,-0.0,1.0,7.910224367719485,0.3446767,-0.0162418494330191,0.1404617921549033,0.2478897016747637,1.5100821486033127,1.3706427877386358,0.7536755841148829,2.119683479604665,2.388187218735304,1.3268308274212786,2.051928783382789,1.0330200048204388,1.3706427886152863,1.12667161961367,0.0695150898491836,0.1563469580044929,0.1404617921549033,0.2032133292453357,GRANULITE_KHONDALITE,0.85,1
2_1380_0,21.727057703592603,79.7891271034874,0,BASTAR_CRATON,344.0,0.9983191,270.0,699.5,891.0,1031.5,1395.5,1987.5,2234.5,2371.0,2564.0,2584.0,1696.0,-15.982250696293203,-9.555077347327344,ARCHAEAN,,TIRODI GNEISSIC COMPLEX,,GNEISS/MIGMATITE,,ARCHAEAN-GNEISS-MIGMATITE,2.553936436071419,22,33,2,1,0,1,0,-1.0,-1.8369701987210292e-16,6.427173348965862,0.3936811,-0.0429868819287614,0.1659700024180059,0.2951130192460884,1.4746247298432813,1.5235849047620371,0.7153099954806791,2.505089672801658,2.900112230190671,1.3979952821945782,2.298594280174503,1.0898355124420076,1.5235849056603774,1.1576879910213242,0.0815136105172728,0.2074766354655428,0.1659700024180059,0.191796649224843,GRANULITE_KHONDALITE,0.85,1
1_305_0,21.864769436648125,79.9807377535901,1,BASTAR_CRATON,355.0,8.347464,186.82715,514.0,738.0,732.0,1226.0,2005.0,2333.0,2394.0,2647.0,2050.0,1205.0,-13.817268403927576,-7.178592191849602,ARCHAEAN,,TIRODI GNEISSIC COMPLEX,,GNEISS/MIGMATITE,,ARCHAEAN-GNEISS-MIGMATITE,0.7470152811255311,44,88,5,2,0,1,0,-0.1188744785451093,-0.9929092900918132,6.638676212077974,0.53166986,0.0774077407566589,0.3303695470046208,0.3668990445734833,1.4241245108480067,1.7012448118661867,0.5033416873419626,2.8005464442615486,2.777777774013851,1.9867219900525128,3.2704918032786887,0.8563074352548037,1.7012448132780082,0.991869918699187,-0.0221441124741398,0.2596006143595697,0.3303695470046208,0.1749598714486678,GRANULITE_KHONDALITE,0.85,1
2_616_0,21.426032251884152,79.68267674231925,0,BASTAR_CRATON,285.0,1.3609755,132.95013,758.0,1021.0,1205.0,1683.0,2347.0,2544.0,2682.0,2892.0,3095.0,2222.0,-17.01204006096785,-10.6834825407393,PALAEOPROTEROZOIC,,SAUSAR,MANSAR,MUSCOVITE SCHIST,,PALAEOPROTEROZOIC-MUSCOVITE-SCHIST,0.0092576933340752,33,55,4,2,1,1,0,0.7319470329502173,-0.6813615346901918,6.328557520228548,0.37998456,-0.0714903929251358,0.0938009787736947,0.2642622950242049,1.589709760435739,1.39288928830203,0.8284862040162244,2.56846472815895,3.031341818774396,1.2070207015269934,2.2257261410788383,1.1539895600298284,1.3928892889288929,1.1802154750244858,0.1111111110967556,0.1641903328636091,0.0938009787736947,0.2277126845503246,GONDITE_METAMORPHIC,0.95,1
2_563_0,21.58341708966189,79.76379461247524,0,BASTAR_CRATON,300.0,4.079156,312.91925,918.0,1227.0,1458.0,1902.0,2417.0,2708.5,2822.0,3041.0,3933.5,2929.5,-19.049388031619724,-11.770513720310948,ARCHAEAN,,TIRODI GNEISSIC COMPLEX,,GNEISS/MIGMATITE,,ARCHAEAN-GNEISS-MIGMATITE,1.427943442954509,22,88,5,3,0,1,0,-0.7323141516533676,0.6809669472802689,7.278874311308776,0.31869158,-0.1645326030398145,-0.0186907763159713,0.2304268662289243,1.5882352923875434,1.3427206003267724,1.038093550305424,2.697873797875258,3.2057864684549413,0.9633043178141988,1.935528120713306,1.3938695960311835,1.342720600785117,1.1882640586797066,0.1808574713704366,0.1462917091437721,-0.0186907763159713,0.2272727271770737,GRANULITE_KHONDALITE,0.85,1
2_51_0,21.708732071796565,79.59562999128806,0,BASTAR_CRATON,379.0,4.081049,132.89445,489.5,648.5,592.5,1097.0,2015.0,2361.0,2500.0,2608.0,1897.5,1052.0,-14.333144559256604,-7.420834890081281,PALAEOPROTEROZOIC,,SAUSAR,SITASAONGI,QUARTZ MUSCOVITE SCHIST,,PALAEOPROTEROZOIC-QUARTZ-MUSCOVITE-SCHIST,0.0962799047850187,44,99,5,4,1,1,0,0.7326088339040581,-0.6806499074309319,6.912309669175322,0.61681485,0.1370096645509926,0.4076576575428892,0.4078272603487646,1.210418792215692,1.80370722262005,0.42079999983168,3.202531640164504,2.9259830332675665,2.376425853254348,4.219409282700422,0.759,1.8037072243346008,0.9136468774094064,-0.0911579523512805,0.2866587556241198,0.4076576575428892,0.0951940849397466,GONDITE_METAMORPHIC,0.95,1
1_250_0,22.000594707607,80.23352367454133,1,BASTAR_CRATON,445.0,1.0002335,270.0,370.0,526.0,407.0,842.0,1789.0,2162.5,2318.5,2440.0,1551.0,816.5,-13.953241801165852,-7.128201924946232,PALAEOPROTEROZOIC,,SAUSAR,MANSAR,BIOTITE SCHIST,,PALAEOPROTEROZOIC-BIOTITE-SCHIST,0.0656685789044666,55,143,6,3,1,1,0,-1.0,-1.8369701987210292e-16,6.82503987621962,0.7013392,0.1983460394887334,0.4791068579014013,0.4868982326365331,1.099999997027027,1.8995713387635376,0.352167349427575,3.81081080144764,2.9486691959150777,2.8395590902148693,5.696560196560196,0.6689670045287902,1.8995713410900184,0.7737642585551331,-0.1572151081120811,0.3102428720970463,0.4791068579014013,0.0476190475577618,GONDITE_METAMORPHIC,0.95,1
2_264_0,22.0329340578353,80.2437644687803,0,BASTAR_CRATON,457.0,7.021862,238.28484,352.0,514.5,437.0,835.0,1783.0,2137.5,2347.5,2341.5,1633.0,796.5,-17.250009610876745,-10.517969451554285,PALAEOPROTEROZOIC,,SAUSAR,JUNEWANI,GREY & PINK GNEISS/QTZ-BIOTITE-SILLIMANITE GNEISS,,PALAEOPROTEROZOIC-GREY-PINK-GNEISS-QTZ-BIOTITE-SILLIMANITE-GNEISS,0.0528573248566326,55,99,4,3,1,1,0,-0.8506720440932801,-0.5256967504162077,6.732040159322462,0.6861196,0.1795000627610853,0.4933206105301143,0.4742641270347036,1.2414772692003486,2.0502197086626244,0.3392971244561035,3.736842096712032,3.173955290235267,2.947269299501232,5.371853546910756,0.6956336528221512,2.0502197112366605,0.8493683187560739,-0.1319844847191562,0.3443095285678907,0.4933206105301143,0.107731305313395,GONDITE_METAMORPHIC,0.95,1
2_17_0,22.04263586290379,80.12545634586175,0,BASTAR_CRATON,322.0,3.7047918,-0.0,703.5,947.8571428571428,1050.8,1442.6666666666667,2151.0,2392.1428571428573,2533.833333333333,2660.125,2748.9666666666667,1889.8333333333333,-17.211003020091788,-10.544714274505337,ARCHAEAN,,TIRODI GNEISSIC COMPLEX,,GNEISS/MIGMATITE,,ARCHAEAN-GNEISS-MIGMATITE,2.8508993802412306,22,33,3,2,0,1,0,-0.0,1.0,6.666288745586451,0.41371968,-0.0407233537693288,0.1455805892218565,0.2967390089357679,1.4936744825960562,1.454607989352884,0.7458396366194149,2.6160702931581614,2.900190903747601,1.3407707903655854,2.41133739373176,1.0849042952048935,1.4546079901225857,1.1086058779201204,0.0799240217210796,0.1852059440260687,0.1455805892218565,0.1979707004514788,GRANULITE_KHONDALITE,0.85,1
2_415_0,21.512270519159625,79.67836482895547,0,BASTAR_CRATON,330.0,4.389475,65.05358,472.0,635.0,662.0,1037.0,1893.0,2343.0,2430.0,2541.0,2519.0,1635.0,-15.140342141054628,-8.158151717497384,PALAEOPROTEROZOIC,,SAUSAR,MANSAR,MUSCOVITE SCHIST,,PALAEOPROTEROZOIC-MUSCOVITE-SCHIST,0.6092803809583498,66,121,5,3,1,1,0,0.9067026010699324,0.4217705456916341,6.982190423557244,0.5717982,-0.017983430992527,0.195571955671446,0.4203465622078405,1.4025423699098678,1.54067278193231,0.6728395058959509,3.805135945913692,3.966929127611136,1.4862385312010773,3.6706948640483374,1.036625514403292,1.5406727828746178,1.04251968503937,0.0458655268706451,0.2128069330253233,0.195571955671446,0.1675485007340842,GONDITE_METAMORPHIC,0.95,1
2_196_0,21.635968533782883,80.33539262776048,0,BASTAR_CRATON,296.0,3.4200363,144.35207,730.0,980.5,1016.0,1517.0,2201.0,2625.0,2699.0,2848.0,2544.0,1660.0,-17.424006467838005,-10.514477564595694,CENOZOIC,,,,LATERITE,,CENOZOIC-LATERITE,1.4521373842296388,33,33,3,1,0,0,1,0.5828029547058756,-0.8126135096010286,6.909528903242311,0.45302826,0.0295632271543842,0.238357421372251,0.3049255440309448,1.3917808200112591,1.5325301195587169,0.6150426081455937,2.5039370054095107,2.594594591948399,1.625903613478371,2.656496062992126,0.9425713227121156,1.5325301204819275,1.0362060173380927,0.0187437401604315,0.2102759276378981,0.238357421372251,0.1638029781421517,LATERITE_WEATHERING,0.78,1
2_382_0,22.010566007260724,79.93276771741812,0,BASTAR_CRATON,604.0,8.800681,340.22455,410.0,652.0,603.0,1150.0,2097.0,2438.0,2520.0,2637.0,1980.0,968.0,-15.274837946295552,-8.979134799765468,ARCHAEAN,,TIRODI GNEISSIC COMPLEX,,GRANITE GNEISS,,ARCHAEAN-GRANITE-GNEISS,0.297544686999694,33,44,2,0,0,1,0,-0.338334742140662,0.9410258244387408,6.295703146530084,0.61383283,0.1199999999733333,0.4449541283127998,0.3926590968067971,1.4707317037299228,2.0454545433414726,0.3841269839745528,3.283582084106829,3.0368098112932365,2.6033057824346013,4.17910447761194,0.7857142857142857,2.0454545454545454,0.9248466257668712,-0.062942136756223,0.343283581973106,0.4449541283127998,0.1905231982324549,CRATONIC_BASEMENT,0.3,1
2_688_0,21.50364669243208,80.0799117609569,0,BASTAR_CRATON,293.0,0.99677867,270.0,879.8571428571429,1135.5,1357.8,1851.0,2253.0,2522.4,2631.6666666666665,2827.25,3554.0,2657.0,-18.03545992513041,-11.10718703248445,ARCHAEAN,,AMGAON GNEISSIC COMPLEX,,GRANITE GNEISS/MIGMATITE,,ARCHAEAN-GRANITE-GNEISS-MIGMATITE,0.1167904533932773,66,110,5,0,0,1,0,-1.0,-1.8369701987210292e-16,6.928272892645968,0.3193075,-0.1491081532334254,-0.0047901172309107,0.2086784587808093,1.543205064003501,1.3375987951307495,1.0096263454048289,2.617469433924385,3.129898720273097,0.99046543683711,1.93818431776894,1.3504749841671946,1.337598795634174,1.195772787318362,0.1662379628249284,0.1444211881912057,-0.0047901172309107,0.2135907453270553,GRANULITE_KHONDALITE,0.85,1
2_608_0,21.31014958023273,79.99151753699954,0,BASTAR_CRATON,389.0,13.349969,118.521805,388.0,545.0,505.0,925.0,1783.0,2223.0,2361.0,2511.0,1860.0,890.0,-12.337211307942487,-6.017901615780588,PALAEOPROTEROZOIC,,SAKOLI,DHABETEKRI,PHYLLITE,,PALAEOPROTEROZOIC-PHYLLITE,0.5233508255110099,88,165,6,2,0,1,0,0.8786354571726388,-0.4774931762853036,6.3193096921619,0.6475925,0.1186922529924917,0.4524761610419944,0.4615832361869664,1.3015463883980762,2.0898876381012497,0.3769589155540199,3.683168309538281,3.4128440304351484,2.652808985783361,4.675247524752475,0.7878017789072427,2.0898876404494384,0.926605504587156,-0.0750879937279843,0.3527272725990082,0.4524761610419944,0.1310190368073695,GONDITE_METAMORPHIC,0.75,1
2_570_0,21.62572773954392,80.19471645426736,0,BASTAR_CRATON,286.0,2.7224197,312.91086,598.0,781.5555555555555,820.5,1241.0,1968.0,2204.0,2330.0,2466.0,2148.0,1388.0,-16.531305096087106,-9.458682887231028,ARCHAEAN,,AMGAON GNEISSIC COMPLEX,,GRANITE GNEISS/MIGMATITE,,ARCHAEAN-GRANITE-GNEISS-MIGMATITE,0.259777630711168,44,44,3,1,0,1,0,-0.7324138599192249,0.6808597049306281,7.072622208856078,0.4791303,0.0406431442517545,0.2533620225246471,0.3304558941649701,1.3720735763008802,1.547550431161707,0.5957081542507691,2.61791590174538,2.7483650803617734,1.6786743503755948,2.839731870810481,0.9218884120171674,1.5475504322766571,1.0498294000568666,0.0068684813013027,0.2149321266360486,0.2533620225246471,0.1568558335164921,GRANULITE_KHONDALITE,0.85,1
1_521_0,21.68232160244345,79.7244484030308,1,BASTAR_CRATON,326.0,3.420409,215.65666,971.5,1250.5833333333337,1518.3333333333337,1743.5,2040.5,2156.5,2207.25,2322.416666666667,2816.5,2313.0,-13.557555843734471,-2.0315561109083964,PALAEOPROTEROZOIC,,SAUSAR,MANSAR,SCHIST,,PALAEOPROTEROZOIC-SCHIST,0.1662539683866112,33,121,4,1,1,1,0,-0.5829267636209351,-0.8125247000888173,11.525999732826076,0.18491511,-0.1212739487193284,-0.0233947237379802,0.142382816468025,1.5628752771697976,1.2176826626815034,1.0479102951419594,1.8549945103040648,2.252148995333791,0.9542801552294508,1.4537321624588364,1.2760221995696002,1.217682663207955,1.214100086626241,0.1538657764066592,0.0981577151577819,-0.0233947237379802,0.2196264809346169,GONDITE_METAMORPHIC,0.95,1
2_1236_0,21.30368171018707,79.64252204911911,0,BASTAR_CRATON,266.0,0.92740995,180.0,910.0,1152.0,1254.5,1678.5,2367.5,2642.0,2764.5,2895.0,2890.5,1983.0,-16.887516314613357,-10.458255731173749,ARCHAEAN,,TIRODI GNEISSIC COMPLEX,,GNEISS/MIGMATITE,,ARCHAEAN-GNEISS-MIGMATITE,4.761278768247402,11,11,1,0,0,1,0,1.2246467991473532e-16,-1.0,6.429260583439611,0.37571535,-0.0222811671048132,0.1646129541517403,0.2659888487447274,1.3785714270565148,1.4576399387505596,0.7173087354974467,2.304105219366994,2.5091145811552824,1.3940998480110438,2.203666799521722,1.0455778621812262,1.457639939485628,1.0889756944444444,0.0601700875938141,0.1862111418516033,0.1646129541517403,0.1591591590856275,GRANULITE_KHONDALITE,0.85,1
2_1097_0,21.874471241716616,80.70082728534031,0,BASTAR_CRATON,482.0,4.7591305,321.0553,786.0,1056.0,1205.5,1570.5,2171.0,2381.0,2466.5,2623.5,2813.5,2139.0,-16.68752330651418,-9.975145914109994,PALAEOPROTEROZOIC,,,,GRANITE,MALANJKHAND GRANITE,PALAEOPROTEROZOIC-GRANITE,1.5802194726791778,33,55,5,2,0,0,1,-0.6285700223498826,0.7777529987104312,6.712377392404186,0.3434096,-0.06571969695725,0.0711106285808032,0.2510729613135257,1.5337150107713549,1.3153342677347666,0.8672207578077354,2.33388635227384,2.6642992399012315,1.1531089288671768,2.046038987971796,1.1406851814311778,1.315334268349696,1.1415719696969695,0.1054115381825742,0.1361938414666948,0.0711106285808032,0.2106452421739165,CRATONIC_BASEMENT,0.3,1
2_343_0,21.65833658435746,79.82335291581236,0,BASTAR_CRATON,332.0,0.99784374,270.0,717.75,916.0,992.5,1395.0,2139.5,2533.333333333333,2547.0,2669.0,2099.0,1192.5,-17.164471263639168,-10.597459377005496,ARCHAEAN,,TIRODI GNEISSIC COMPLEX,,GNEISS/MIGMATITE,,ARCHAEAN-GNEISS-MIGMATITE,2.7508120893179275,33,66,4,2,0,1,0,-1.0,-1.8369701987210292e-16,6.567011886633672,0.43918633,0.0964270339869937,0.3622141996624644,0.3134842518913671,1.382793449832402,1.7601677134086642,0.468197879674834,2.114861458826336,2.2914847136555845,2.135849054812705,2.56624685138539,0.8241067923046722,1.760167714884696,1.0835152838427948,-0.0272566371638534,0.2754063496049198,0.3622141996624644,0.1606490278259617,GRANULITE_KHONDALITE,0.85,1
2_1270_0,21.59635282975321,79.69076157987632,0,BASTAR_CRATON,300.0,2.105233,28.269152,641.5,808.0,773.0,1204.0,2019.0,2294.5,2477.0,2499.0,2489.0,1654.0,-16.08436725977047,-10.16221636135576,ARCHAEAN,,TIRODI GNEISSIC COMPLEX,,GNEISS/MIGMATITE,,ARCHAEAN-GNEISS-MIGMATITE,0.8359402126614954,22,55,4,2,0,1,0,0.4736140920829086,0.8807324745803814,5.922150898414712,0.52430767,-0.0024164317353168,0.1992253691117827,0.3497164460303223,1.204988306773206,1.5048367584614044,0.667743237518069,3.219922376170864,3.080445540742023,1.497581619408959,3.204398447606727,1.0048445700444086,1.5048367593712213,0.9566831683168316,0.0224904004353122,0.2015447742694799,0.1992253691117827,0.0929657122000949,GRANULITE_KHONDALITE,0.85,1
1_236_0,21.6661519273293,79.66569858344938,1,BASTAR_CRATON,331.0,4.091355,103.07992,510.7,696.3333333333334,686.3333333333334,1148.5,1831.0,2077.166666666667,2226.6,2294.5,2662.0,1627.0,-14.558066560561011,-6.731380132402048,ARCHAEAN,,TIRODI GNEISSIC COMPLEX,,GNEISS/MIGMATITE,,ARCHAEAN-GNEISS-MIGMATITE,0.1524563130489628,33,77,3,2,0,1,0,0.9740553401600636,-0.2263099518484838,7.826686428158963,0.52876824,-0.0890643537845059,0.155594768487753,0.332849259270157,1.3439070530437172,1.6361401342125752,0.7307104999862075,3.8785818301914783,3.822881756118408,1.3685310378804356,3.244196211753278,1.1955447767897245,1.636140135218193,0.9856390617520344,0.1004058739270513,0.2413149917833259,0.155594768487753,0.1467238449388289,GRANULITE_KHONDALITE,0.85,1
1_148_0,21.83404705393124,80.36557602130691,1,BASTAR_CRATON,665.0,18.663704,61.363792,433.0,566.0,469.0,921.0,2058.0,2528.0,2595.0,2779.0,1734.0,944.0,-11.352588783244428,-3.8640038378617536,ARCHAEAN,,TIRODI GNEISSIC COMPLEX,,GNEISS/MIGMATITE,,ARCHAEAN-GNEISS-MIGMATITE,1.9979456780955387,22,44,4,0,0,1,0,0.8776802913801408,0.4792466026200614,7.488584945382673,0.6938642,0.1988911988452549,0.4665159648300322,0.5021621620264427,1.0831408750966725,1.83686440483383,0.3637764931160784,3.6972281371061233,3.063604234869957,2.7489406750540883,5.533049040511727,0.6682080924855491,1.836864406779661,0.8286219081272085,-0.1577136302508672,0.2949962657598968,0.4665159648300322,0.0399113081597435,GRANULITE_KHONDALITE,0.85,1
2_567_0,21.993587848390863,79.97561735647062,0,BASTAR_CRATON,375.0,4.73331,347.82794,421.0,554.0,445.0,903.0,1871.0,2244.0,2309.0,2392.0,1482.0,741.0,-15.800104185387823,-8.785349985811822,ARCHAEAN,,TIRODI GNEISSIC COMPLEX,,GNEISS/MIGMATITE,,ARCHAEAN-GNEISS-MIGMATITE,0.713800717129118,22,77,3,1,0,1,0,-0.2108481393810758,0.9775188295473076,7.014754199576002,0.6768337,0.2181482457878796,0.5140983604871809,0.4518968132164198,1.0570071233800309,1.9999999973009448,0.3209181462447301,3.330337071167782,2.6750902478788983,3.1160593750120658,5.18876404494382,0.6418362927674318,2.0,0.8032490974729242,-0.1724286020673333,0.3333333331833858,0.5140983604871809,0.0277136258340489,GRANULITE_KHONDALITE,0.85,1
1_265_0,21.45136474289632,79.76675905291283,1,BASTAR_CRATON,287.0,9.63062,124.91682,715.0,996.0,1073.0,1490.0,2004.0,2212.0,2273.0,2471.0,2932.0,2103.0,-23.918690311486568,-14.421355323567822,PALAEOPROTEROZOIC,,SAUSAR,CHORBAOLI,QUARTZITE,,PALAEOPROTEROZOIC-QUARTZITE,0.4317388476290776,66,165,7,2,1,1,0,0.8199838788871082,-0.5723866161653784,9.497334987918746,0.35863718,-0.1266090297547341,0.0388482632452357,0.2476647310659771,1.5006992986004206,1.3941987630079893,0.9252089745159662,2.7325256265307307,2.943775097446009,1.0808368991531925,2.118359739049394,1.289925208974923,1.3941987636709463,1.0773092369477912,0.1454311454103487,0.1646474676932179,0.0388482632452357,0.2002237135345504,GONDITE_METAMORPHIC,0.95,1
2_1358_0,22.07659218064351,80.30359226670265,0,BASTAR_CRATON,605.0,11.923683,4.745196,413.5,533.5,442.5,828.0,1798.5,2169.5,2308.0,2425.5,1744.0,875.0,-15.512868649038058,-9.098714953963544,PALAEOPROTEROZOIC,,SAUSAR,MANSAR,PHYLLITE,,PALAEOPROTEROZOIC-PHYLLITE,1.1749734772605258,55,55,3,2,1,1,0,0.082724649571525,0.9965724421000556,6.414153695074514,0.6782403,0.1391905231640694,0.4502042097234671,0.4910096817301338,1.0701330082947207,1.99314285486498,0.3791161176866914,3.941242928946344,3.2689784381087565,2.637714282699755,5.215819209039548,0.755632582322357,1.993142857142857,0.8294283036551078,-0.1090057049492653,0.3318060327102688,0.4502042097234671,0.0338785046333195,GONDITE_METAMORPHIC,0.95,1
2_393_0,21.756702107968547,79.84922439599501,0,BASTAR_CRATON,335.0,1.3626424,132.8849,656.0,842.5,941.0,1431.0,2020.5,2362.0,2372.5,2581.0,2711.0,1759.0,-17.08450749461606,-9.263720624774878,ARCHAEAN,,TIRODI GNEISSIC COMPLEX,,GNEISS/MIGMATITE,,ARCHAEAN-GNEISS-MIGMATITE,0.4911558590587839,44,55,4,2,0,1,0,0.7327222737344199,-0.6805277875101515,7.82078686984118,0.43202052,-0.0665879807088447,0.1484932832752043,0.2866400796892722,1.4344512173255315,1.5412165994649136,0.741412012332387,2.880977680254009,3.2178041504833184,1.3487777138437875,2.52125398512221,1.142676501580611,1.541216600341103,1.116913946587537,0.0933313374607692,0.2129753914512359,0.1484932832752043,0.1784596116603258,GRANULITE_KHONDALITE,0.85,1
1_336_0,22.000055718436524,80.23514064205276,1,BASTAR_CRATON,445.0,5.892785,340.2259,374.5,528.0,442.5,853.0,1742.5,2165.5,2276.0,2390.0,1591.5,798.5,-14.907370013524272,-8.215466197437934,PALAEOPROTEROZOIC,,SAUSAR,MANSAR,BIOTITE SCHIST,,PALAEOPROTEROZOIC-BIOTITE-SCHIST,0.0057207398620103,55,143,6,3,1,1,0,-0.3383125696481216,0.9410337960020804,6.691903816086338,0.67445284,0.1769877181184259,0.4805659455259177,0.473943878978124,1.181575430756808,1.993112082663604,0.3508347977368916,3.596610161363593,3.014204539745825,2.8503443921723925,5.143502824858757,0.6992530755711776,1.9931120851596744,0.8380681818181818,-0.1316042266769977,0.3317991630410882,0.4805659455259177,0.0832313340474524,GONDITE_METAMORPHIC,0.95,1
1_485_0,21.68501654829581,79.7236399192751,1,BASTAR_CRATON,322.0,4.205374,331.7162,623.6,818.625,982.5,1309.5625,1678.6,1836.6666666666663,1946.0,2044.75,2534.0,1961.0,-13.622926871722216,-6.396230263368773,ARCHAEAN,,TIRODI GNEISSIC COMPLEX,,GNEISS/MIGMATITE,,ARCHAEAN-GNEISS-MIGMATITE,0.0359493390656581,33,110,3,1,0,1,0,-0.4738392409935386,0.880611363596148,7.226696608353443,0.329008,-0.1312499999707031,-0.0038392628605479,0.2191768059120381,1.5755291828487343,1.2921978575766455,1.007708118701075,2.579134857425817,3.095434413687056,0.992350840901402,1.9806615776081424,1.3021582733812949,1.2921978582355942,1.2001832340815393,0.1555840357280386,0.1274749721629644,-0.0038392628605479,0.2234605564887238,GRANULITE_KHONDALITE,0.85,1
1_482_0,21.533560591393258,79.98316320485722,1,BASTAR_CRATON,277.0,2.7214918,132.92905,679.0,880.5,982.5,1385.5,1954.0,2225.5,2330.5,2498.0,2612.5,1837.5,-17.445242484488887,-10.297174552764847,ARCHAEAN,,TIRODI GNEISSIC COMPLEX,,GNEISS/MIGMATITE,,ARCHAEAN-GNEISS-MIGMATITE,0.3512278091738727,33,77,4,1,0,1,0,0.7321976668116351,-0.6810921939910909,7.148067931724038,0.406882,-0.057050374255098,0.1182821496837134,0.2864683918407446,1.446980852066302,1.4217687067092415,0.7884574122340883,2.659033076174012,2.9670641647165654,1.26829931903766,2.372010178117048,1.1210040763784597,1.4217687074829932,1.1158432708688246,0.088651676873548,0.17415730333165,0.1182821496837134,0.1826662653128701,GRANULITE_KHONDALITE,0.85,1
2_1314_0,21.79685680116869,79.55116338472415,0,BASTAR_CRATON,412.0,4.0948777,103.06842,526.0,700.5,755.0,1214.0,1852.0,2077.0,2272.5,2374.0,2370.5,1541.5,-14.6599473734131,-8.622811072991288,ARCHAEAN,,TIRODI GNEISSIC COMPLEX,,GNEISS/MIGMATITE,,ARCHAEAN-GNEISS-MIGMATITE,5.216099106098628,11,11,1,0,0,1,0,0.974100743858113,-0.2261144418542764,6.03713630042181,0.50123864,-0.0211070428556736,0.1916622967510062,0.3232998884271739,1.4353612140012144,1.5377878679612145,0.6783278324847842,3.1397350951791587,3.3840114155831387,1.4742134275224044,3.009933774834437,1.043124312431243,1.5377878689588065,1.0778015703069237,0.0551991897273465,0.211912065385503,0.1916622967510062,0.1787665884631017,GRANULITE_KHONDALITE,0.85,1
1_2_0,21.850486223630625,80.22543883698425,1,BASTAR_CRATON,303.0,0.92740995,-0.0,760.0,786.0,842.0,952.0,1043.0,1092.0,1072.0,1112.0,1215.0,1108.0,-18.026294642301885,-9.263367236385282,PALAEOPROTEROZOIC,,SAUSAR,MANSAR,PHYLLITE,,PALAEOPROTEROZOIC-PHYLLITE,0.8060710883838921,44,88,5,1,1,1,0,-0.0,1.0,8.762927405916603,0.12016719,-0.0625273283504471,-0.0165137614603147,0.0775193798074034,1.1078947353843491,1.0965703961222288,1.0335820885880762,1.4429928723954957,1.5458015247508887,0.9675090243975548,1.2731591448931117,1.1333955223880596,1.0965703971119134,1.0712468193384224,0.0578554898282706,0.0460611278320873,-0.0165137614603147,0.0511860174462009,GONDITE_METAMORPHIC,0.95,1
1_396_0,21.851294707386334,80.22543883698425,1,BASTAR_CRATON,307.0,3.9906838,270.0,1369.0,1406.0,1411.0,1577.0,1701.0,1753.0,1757.0,1807.0,2197.0,2005.0,-15.401059832007356,-8.931526046559222,PALAEOPROTEROZOIC,,SAUSAR,MANSAR,PHYLLITE,,PALAEOPROTEROZOIC-PHYLLITE,0.8491726328061282,44,88,5,1,1,1,0,-1.0,-1.8369701987210292e-16,6.469533785448135,0.109217174,-0.1112797167143956,-0.0659223816943321,0.0679669030532012,1.0306793272237549,1.0957605979572265,1.1411496863169324,1.557051735253684,1.5625889035827958,0.8763092264956063,1.2452161587526578,1.2504268639726808,1.0957605985037406,1.003556187766714,0.0715770715664423,0.045692527357046,-0.0659223816943321,0.0151079136636302,GONDITE_METAMORPHIC,0.95,1
2_697_0,21.809523046674773,80.44022602141723,0,BASTAR_CRATON,711.0,8.367525,28.304539,392.0,596.0,454.0,913.0,2125.0,2486.0,2606.0,2719.0,1566.0,776.0,-14.801968376173452,-7.4898185635942305,ARCHAEAN,,AMGAON GNEISSIC COMPLEX,,GRANITE GNEISS/MIGMATITE,,ARCHAEAN-GRANITE-GNEISS-MIGMATITE,0.0323895500874258,55,88,5,1,0,1,0,0.4741579594109407,0.8804397932438383,7.312149812579221,0.703268,0.249280920362109,0.5410999407034004,0.4972466958983352,1.1581632623516245,2.0180412345128333,0.2977743667314756,3.4493391994507947,2.6275167741149046,3.3582474183527737,5.740088105726873,0.6009209516500383,2.018041237113402,0.761744966442953,-0.1948983658439819,0.3373185310259101,0.5410999407034004,0.0732860519228297,GRANULITE_KHONDALITE,0.85,1
1_597_0,21.66803838942595,79.66542908886414,1,BASTAR_CRATON,333.0,2.1999068,114.922844,525.4285714285714,659.2857142857143,632.0,1055.375,1803.8,2156.0,2434.0,2466.5,2232.75,1309.0,-15.326689854532686,-7.063366588812178,PALAEOPROTEROZOIC,,SAUSAR,MANSAR,SCHIST,,PALAEOPROTEROZOIC-SCHIST,0.0242484761600784,33,77,3,2,1,1,0,0.90687607395427,-0.4213974210757458,8.263323265720508,0.5877365,0.0431242299152248,0.3005610472079719,0.4006743565854341,1.2028276214193057,1.705691366153024,0.5377978633780617,3.5328322728910884,3.386619713173057,1.8594346815435945,3.85126582278481,0.9173171733771568,1.7056913674560734,0.9586132177681472,-0.0162561244046973,0.2608173924582996,0.3005610472079719,0.0920760305301737,GONDITE_METAMORPHIC,0.95,1
2_542_0,21.819763840913737,79.61341663391363,0,BASTAR_CRATON,437.0,3.9898028,270.0,688.5,888.0,1129.5,1532.0,2027.5,2297.0,2533.0,2684.5,3276.5,2163.0,-17.24457685394784,-10.221090251336667,ARCHAEAN,,TIRODI GNEISSIC COMPLEX,,GNEISS/MIGMATITE,,ARCHAEAN-GNEISS-MIGMATITE,2.700214911482182,11,33,3,0,0,1,0,-1.0,-1.8369701987210292e-16,7.023486602611172,0.3832082,-0.1279800326830226,0.0787904599491502,0.2733309616332667,1.6405228734342443,1.5147942665211307,0.8539281481034631,2.900841077555696,3.689752248097126,1.1710587142066304,2.2425852146967684,1.293525463876826,1.5147942672214516,1.2719594594594594,0.1552933464234292,0.2047063148810173,0.0787904599491502,0.2425742572923133,GRANULITE_KHONDALITE,0.85,1
1_533_0,21.974992722009592,80.46609750159988,1,BASTAR_CRATON,672.0,7.0198026,238.27434,373.5,567.5,588.0,976.5,1766.5,2061.5,2242.0,2455.0,1855.5,1127.0,-16.734989311226087,-10.072518567951834,ARCHAEAN,,TIRODI GNEISSIC COMPLEX,,GNEISS/MIGMATITE,,ARCHAEAN-GNEISS-MIGMATITE,0.1014786861414449,44,143,7,3,0,1,0,-0.8505756908481056,-0.5258526353820696,6.662470743274254,0.5844523,0.0943258083967478,0.330958741368074,0.4308611393178315,1.5742971845400344,1.6464063871815382,0.5026761817561659,3.155612239531272,3.269603518467659,1.9893522608790128,3.812925170068027,0.8276092774308653,1.6464063886424134,1.036123348017621,-0.0339988139881401,0.2442581725920341,0.330958741368074,0.2230889233249205,GRANULITE_KHONDALITE,0.85,1
2_1479_0,21.578566187127645,79.80826121903915,0,BASTAR_CRATON,285.0,2.7219439,47.079823,986.0,1221.0,1419.5,1794.0,2142.0,2357.5,2430.0,2577.5,3084.0,2672.5,-15.429741691763155,-6.9700224293851765,ARCHAEAN,,TIRODI GNEISSIC COMPLEX,,GNEISS/MIGMATITE,,ARCHAEAN-GNEISS-MIGMATITE,0.5409138863215524,44,77,5,3,0,1,0,0.7323031340556113,0.6809787954498505,8.459719262377979,0.26250163,-0.1186071816977498,-0.0475257226756441,0.1792290975227658,1.4396551709536969,1.1539756777721326,1.0997942382305377,2.172595982971049,2.5257985237298946,0.9092609912406882,1.7118703768932724,1.2691358024691357,1.153975678203929,1.162571662571663,0.1373192751894287,0.0714844089166187,-0.0475257226756441,0.1802120140593589,GRANULITE_KHONDALITE,0.85,1
2_1201_0,21.887137487222702,80.14944136394774,0,BASTAR_CRATON,309.0,1.3633101,132.85884,644.0,798.0,914.0,1218.0,1853.0,2065.0,2080.0,2234.0,1954.0,1384.0,-16.52156557864413,-9.133776839778507,PALAEOPROTEROZOIC,,SAUSAR,MANSAR,MUSCOVITE SCHIST,,PALAEOPROTEROZOIC-MUSCOVITE-SCHIST,2.501176478494032,55,77,5,1,1,1,0,0.733031724294726,-0.6801944510046379,7.38778873886562,0.38944554,0.0312345066853657,0.2009237874708649,0.2943221320120736,1.4192546561812815,1.4118497099625362,0.665384615064719,2.1378555775296983,2.448621550816264,1.5028901723245012,2.2757111597374178,0.9394230769230768,1.4118497109826589,1.1453634085213034,0.0257510729567684,0.1707609346402753,0.2009237874708649,0.1732991013008349,GONDITE_METAMORPHIC,0.95,1
1_161_0,21.71600842559793,79.75112836696916,1,BASTAR_CRATON,358.0,2.9535353,19.737871,771.5,1039.0,1212.0,1647.0,2209.0,2436.0,2552.0,2770.0,2936.5,2163.0,-17.593034418797643,-11.21739549785251,ARCHAEAN,,TIRODI GNEISSIC COMPLEX,,GNEISS/MIGMATITE,,ARCHAEAN-GNEISS-MIGMATITE,0.1166951857639614,44,77,3,1,0,1,0,0.3377174719555678,0.9412475280902152,6.375638920945134,0.35600424,-0.0700555707260534,0.0825026510959697,0.2542449625867681,1.5709656492923323,1.3576051773658784,0.8475705325832404,2.4228547834794925,2.8262752619573863,1.1798428103653062,2.1056105610561056,1.150666144200627,1.3576051779935274,1.1665062560153994,0.110412205552675,0.1516815373758836,0.0825026510959697,0.2220821778562731,GRANULITE_KHONDALITE,0.85,1
1_196_0,21.449208786214434,79.76837602042424,1,BASTAR_CRATON,286.0,3.8357248,15.034934,618.0,853.0,818.0,1049.0,1175.0,1271.0,1293.0,1342.0,1300.0,905.0,-15.934696619287823,-9.352335375163994,PALAEOPROTEROZOIC,,SAUSAR,CHORBAOLI,QUARTZITE,,PALAEOPROTEROZOIC-QUARTZITE,0.3695579339782437,66,165,7,2,1,1,0,0.2594079348012811,0.9657678413377276,6.582361244123831,0.22501184,-0.0026995757799076,0.176524112749534,0.1225428690411782,1.3236245933274684,1.436464086810537,0.6999226599381881,1.5892420518468924,1.5240328235357177,1.4287292801892495,1.580684596577017,1.005413766434648,1.4364640883977902,0.958968347010551,0.0513775130177767,0.179138321914223,0.176524112749534,0.1392757659197243,GONDITE_METAMORPHIC,0.95,1
1_573_0,21.71600842559793,79.74870291570203,1,BASTAR_CRATON,356.0,2.7802885,180.0,708.5,904.0,1095.0,1455.5,1941.0,2215.0,2292.0,2470.0,2814.5,1987.5,-16.204520831770914,-10.157329236883344,ARCHAEAN,,TIRODI GNEISSIC COMPLEX,,GNEISS/MIGMATITE,,ARCHAEAN-GNEISS-MIGMATITE,0.1341438532332602,44,88,3,1,0,1,0,1.2246467991473532e-16,-1.0,6.04719159488757,0.3534101,-0.1023205718001917,0.0711531720829178,0.258438415422637,1.5455186993006087,1.4161006282183142,0.8671465964803026,2.570319632355872,3.1133849523082024,1.153207546589581,2.0931506849315067,1.2279668411867364,1.4161006289308176,1.211283185840708,0.1315484804440595,0.1722199083356476,0.0711531720829178,0.2143055169313526,GRANULITE_KHONDALITE,0.85,1
2_1404_0,21.910314021552985,79.92791681488387,0,BASTAR_CRATON,555.0,4.759601,321.04825,429.0,610.0,449.0,1064.0,2096.0,2414.0,2509.0,2690.0,1954.0,975.0,-15.650890031961149,-8.760428287290697,ARCHAEAN,,TIRODI GNEISSIC COMPLEX,,GNEISS/MIGMATITE,,ARCHAEAN-GNEISS-MIGMATITE,0.5072507700871393,44,154,4,3,0,1,0,-0.6286657167629819,0.7776756499768308,6.89046174467045,0.6964165,0.1243558144467049,0.4402985073363092,0.4331379860327283,1.0466200441803728,2.0041025620470743,0.3886010361145472,4.351893086075962,3.2032786832733136,2.573333330694017,5.587973273942094,0.7787963332004783,2.0041025641025643,0.7360655737704918,-0.1001685077513258,0.3342437690903913,0.4402985073363092,0.0227790432542379,GRANULITE_KHONDALITE,0.85,1
2_458_0,21.45163423748156,80.03382818688156,0,BASTAR_CRATON,300.0,1.3611032,312.94513,688.5,944.5,1044.5,1525.5,2262.5,2593.5,2673.5,2926.0,3003.5,2196.5,-17.83979494609394,-11.066827547137404,ARCHAEAN,,AMGAON GNEISSIC COMPLEX,,GRANITE GNEISS/MIGMATITE,,ARCHAEAN-GRANITE-GNEISS-MIGMATITE,0.6441455922708466,44,77,5,1,0,1,0,-0.7320064901739782,0.6812976576674644,6.772967398956535,0.43813878,-0.0581292936307681,0.0979466118895386,0.314613051709623,1.5170660834901002,1.3674026854689725,0.8215821953164084,2.875538532431269,3.179989409020657,1.2171636689200258,2.559597893729057,1.1234337011408266,1.3674026860915092,1.1058761249338274,0.0925775978282621,0.155192307662463,0.0979466118895386,0.2054241199045446,GRANULITE_KHONDALITE,0.85,1
2_1162_0,21.313114020670326,79.62796934151636,0,BASTAR_CRATON,273.0,1.8543341,180.0,716.0,969.0,969.5,1488.5,2364.0,2673.0,2752.5,2970.0,2370.5,1467.0,-17.50625065475832,-12.368250387096955,ARCHAEAN,,TIRODI GNEISSIC COMPLEX,,GNEISS/MIGMATITE,,ARCHAEAN-GNEISS-MIGMATITE,5.931259683630067,11,11,1,0,0,1,0,1.2246467991473532e-16,-1.0,5.138000267661363,0.4790435,0.0745656841548768,0.3046569498033755,0.3322866434154342,1.3540502774384773,1.6158827528180757,0.5329700270543252,2.445074778292857,2.4463364267839665,1.876278117330417,2.8390923156266115,0.8612170753860127,1.6158827539195637,1.000515995872033,-0.0188734669870201,0.2354397393523284,0.3046569498033755,0.1504004745473743,GRANULITE_KHONDALITE,0.85,1
2_824_0,21.36270102435373,79.84679894472788,0,BASTAR_CRATON,266.0,2.719787,227.03749,792.0,1042.0,1164.0,1567.0,2169.0,2428.0,2478.0,2603.0,2931.0,1953.0,-17.480475536337728,-10.172158297051388,ARCHAEAN,,AMGAON GNEISSIC COMPLEX,,GRANITE GNEISS/MIGMATITE,,ARCHAEAN-GRANITE-GNEISS-MIGMATITE,3.635973680539293,22,33,3,0,0,1,0,-0.7317997928782065,-0.681519671868255,7.308317239286341,0.3607908,-0.0837493066955538,0.1184834122955352,0.2484412469428198,1.4696969678412917,1.5007680483867034,0.788135592902286,2.518041234950136,2.8128598821373703,1.2688172036513992,2.128865979381444,1.1828087167070218,1.5007680491551458,1.1170825335892514,0.1120162932638131,0.2002457002046999,0.1184834122955352,0.1901840489825234,GRANULITE_KHONDALITE,0.85,1
1_119_0,21.832430086419823,80.36665399964785,1,BASTAR_CRATON,679.0,11.214438,333.91055,451.0,647.0,559.0,1084.0,2306.0,2714.0,2872.0,3063.0,1837.0,938.0,-16.751186892880167,-9.55093082243332,ARCHAEAN,,TIRODI GNEISSIC COMPLEX,,GNEISS/MIGMATITE,,ARCHAEAN-GNEISS-MIGMATITE,2.2058240658710213,22,44,4,0,0,1,0,-0.4397738065732596,0.8981085675195762,7.200256070446846,0.6741475,0.2197918878276084,0.5076115484231991,0.4772124426146099,1.239467846475681,1.958422172752215,0.3266016711954729,3.286225396625715,2.839258109985691,3.061833685435145,5.137745974955277,0.6396239554317549,1.9584221748400847,0.8639876352395672,-0.1620912746700312,0.3239639638472202,0.5076115484231991,0.1069306929634349,GRANULITE_KHONDALITE,0.85,1
2_478_0,21.93133459920138,80.18609262753982,0,BASTAR_CRATON,313.0,3.992916,270.0,588.0,824.0,840.0,1331.0,2072.0,2386.0,2515.0,2619.0,2224.0,1298.0,-16.308866482005644,-9.368769304687577,PALAEOPROTEROZOIC,,SAUSAR,MANSAR,MUSCOVITE SCHIST,,PALAEOPROTEROZOIC-MUSCOVITE-SCHIST,0.893585872963215,44,66,5,1,1,1,0,-1.0,-1.8369701987210292e-16,6.940097177318069,0.49925485,0.0614053597675869,0.3191712561449852,0.3260759492845377,1.4285714261418854,1.7134052375089326,0.5161033795164599,2.6476190444671204,2.699029122938072,1.9375963005103265,2.994047619047619,0.8842942345924454,1.7134052388289676,1.019417475728155,-0.0063239824864076,0.2629187960639072,0.3191712561449852,0.1764705881117152,GONDITE_METAMORPHIC,0.95,1
2_169_0,21.82245878676609,79.94139154414567,0,BASTAR_CRATON,333.0,2.2018514,65.100685,802.0,1052.5,1330.5,1708.0,2290.5,2567.5,2775.5,2921.0,3267.5,2432.5,-16.691391798228942,-9.527692359551867,ARCHAEAN,,TIRODI GNEISSIC COMPLEX,,GNEISS/MIGMATITE,,ARCHAEAN-GNEISS-MIGMATITE,0.4769319576877527,22,77,5,3,0,1,0,0.9070490479225712,0.4210249691678119,7.1636994386770745,0.351924,-0.0814165149625324,0.0658602150411174,0.26204363787815,1.658977554041175,1.3432682419966009,0.8764186629881396,2.455843665948257,3.10451306118336,1.1410071937755366,2.0860578729800827,1.1772653575932264,1.343268242548818,1.2641330166270783,0.1248241697602808,0.1464912280444752,0.0658602150411174,0.2478311839400557,GRANULITE_KHONDALITE,0.85,1
1_254_0,21.449208786214434,79.76648955832759,1,BASTAR_CRATON,290.0,2.7206469,47.054375,533.0,805.0,713.0,1314.0,2262.0,2696.0,2796.0,3029.0,2192.0,1218.0,-15.873217381618591,-8.575327861059176,PALAEOPROTEROZOIC,,SAUSAR,CHORBAOLI,QUARTZITE,,PALAEOPROTEROZOIC-QUARTZITE,0.3097610301412783,66,165,7,2,1,1,0,0.7320006041574405,0.6813039817241215,7.297889520559416,0.5936164,0.1210906174576803,0.3931240656718675,0.3948883259509812,1.3377110669086096,1.799671591297478,0.4356223174407646,3.074333796529686,2.7229813630770416,2.2955665005783525,3.9214586255259465,0.7839771101573677,1.799671592775041,0.8857142857142857,-0.0680141161264013,0.2856304984499617,0.3931240656718675,0.1444622791777991,GONDITE_METAMORPHIC,0.95,1
1_353_0,22.00032521302176,80.23460165288228,1,BASTAR_CRATON,445.0,1.9998537,90.0,355.5,490.5,413.5,800.0,1671.5,1924.0,2041.5,2192.5,1549.5,753.0,-14.205581601029802,-7.562435717313804,PALAEOPROTEROZOIC,,SAUSAR,MANSAR,BIOTITE SCHIST,,PALAEOPROTEROZOIC-BIOTITE-SCHIST,0.0357033981349929,55,143,6,3,1,1,0,1.0,6.123233995736766e-17,6.643145883715999,0.6631365,0.1370091896026151,0.4610842725134785,0.4653299914902823,1.1631504889925444,2.057768921570028,0.3688464362631171,3.747279313791344,3.159021400287418,2.711155374885584,4.937122128174123,0.7590007347538574,2.057768924302789,0.8430173292558614,-0.0995412843808391,0.3459283386119747,0.4610842725134785,0.0754226266899575,GONDITE_METAMORPHIC,0.95,1
1_127_0,21.832160591834587,80.3677319779888,1,BASTAR_CRATON,688.0,14.552249,356.14813,483.0,627.0,613.0,1011.0,2039.0,2332.0,2447.0,2697.0,1769.0,944.0,-15.064799458269594,-8.669278931545941,ARCHAEAN,,TIRODI GNEISSIC COMPLEX,,GNEISS/MIGMATITE,,ARCHAEAN-GNEISS-MIGMATITE,2.3036268612339263,22,44,4,0,0,1,0,-0.0671771850657255,0.9977410615017532,6.395520526723653,0.5993464,0.1608159392407931,0.4432320847999905,0.4546925565116795,1.269151136088714,1.8739406759809951,0.3857785041333149,2.885807499370624,2.8213716063455,2.5921610142032194,3.99184339314845,0.7229260318757662,1.8739406779661016,0.977671451355662,-0.1031626505829889,0.3040914116092549,0.4432320847999905,0.1186131385779077,GRANULITE_KHONDALITE,0.85,1
2_902_0,21.94319236095176,80.09662042524153,0,BASTAR_CRATON,319.0,2.7256515,47.152363,603.9166666666666,796.4375,793.4285714285714,1250.5555555555557,1787.5,1996.2,2048.5,2112.828571428571,1741.0,1138.0,-16.628054936002485,-9.027722753135206,PALAEOPROTEROZOIC,,SAUSAR,MANSAR,BIOTITE SCHIST,,PALAEOPROTEROZOIC-BIOTITE-SCHIST,0.2920915905149777,44,55,5,1,1,1,0,0.7331647081827656,0.6800511088699732,7.6003321828672785,0.44162667,0.0811452698031019,0.2857367016206695,0.2563706621253001,1.313804724903712,1.5298769758085438,0.5555284351693784,2.1942743940655527,2.185984459312897,1.8000878718804147,2.5818329132157003,0.8498901635342934,1.5298769771528995,0.9962220154482572,-0.0227475642320641,0.2094477248317305,0.2857367016206695,0.1356228220912758,GONDITE_METAMORPHIC,0.95,1
1_361_0,21.817877378817087,80.16776699574379,1,BASTAR_CRATON,305.0,5.036582,336.6906,594.0,775.0,811.0,1258.0,2063.0,2330.0,2607.0,2699.0,2385.0,1590.0,-15.072373792908529,-7.773020177553923,PALAEOPROTEROZOIC,,SAUSAR,MANSAR,PHYLLITE,,PALAEOPROTEROZOIC-PHYLLITE,0.7892370089952974,66,77,5,2,1,1,0,-0.3956961784245988,0.918381475412134,7.299353615354605,0.5254535,0.0444711538372453,0.2423159398993767,0.3641647711993518,1.365319863021347,1.4999999990566035,0.6098964324472972,2.9408138064848166,3.077419350867846,1.6396226404782246,3.214549938347719,0.9148446490218642,1.5,1.0464516129032255,-0.0007816163825571,0.1999999999496855,0.2423159398993767,0.1544483984665847,GONDITE_METAMORPHIC,0.95,1
1_253_0,21.71600842559793,79.74951139945773,1,BASTAR_CRATON,355.0,2.1056247,208.28899,752.0,997.5,1131.5,1500.5,2201.0,2439.5,2527.5,2717.5,3094.0,2182.5,-18.05752548189101,-11.504212249565606,ARCHAEAN,,TIRODI GNEISSIC COMPLEX,,GNEISS/MIGMATITE,,ARCHAEAN-GNEISS-MIGMATITE,0.0505308402346762,44,77,3,1,0,1,0,-0.4739190071059496,-0.8805684383985783,6.553313232325406,0.381525,-0.1007738148001825,0.0732484076277604,0.2885253674043325,1.504654253318279,1.4176403200835554,0.8635014833378828,2.7344233294437266,3.101754382855384,1.1580756008439517,2.23376049491825,1.2241345202769536,1.4176403207331043,1.1343358395989975,0.1260493004495604,0.1727470861039046,0.0732484076277604,0.2014865939997416,GRANULITE_KHONDALITE,0.85,1
2_1204_0,21.965829906111573,80.3647675375512,0,BASTAR_CRATON,620.0,6.761989,342.87704,387.0,510.0,461.0,843.0,1634.5,1895.5,2026.5,2193.0,1524.5,782.0,-15.570874377831856,-8.507243089932217,PALAEOPROTEROZOIC,,SAUSAR,MANSAR,PHYLLITE,,PALAEOPROTEROZOIC-PHYLLITE,0.2316322301587013,55,99,6,2,1,1,0,-0.2944233142505121,0.9556751079868848,7.063631287899639,0.6293467,0.1413686285155256,0.4431191025660961,0.4446640314740896,1.1912144672061642,1.9494884885556407,0.3858869970955406,3.3069414244968733,2.9892156804133028,2.5914322217500865,4.39587852494577,0.7522822600542808,1.9494884910485928,0.903921568627451,-0.0972948397141862,0.3219163232942049,0.4431191025660961,0.0872641508404903,GONDITE_METAMORPHIC,0.95,1
1_581_0,21.83189109724935,80.36611501047737,1,BASTAR_CRATON,687.0,11.164382,10.178654,454.0,610.0,554.0,1017.0,2310.0,2717.0,2890.0,2926.0,1708.0,892.0,-14.18589065200333,-7.2657791572943164,ARCHAEAN,,TIRODI GNEISSIC COMPLEX,,GNEISS/MIGMATITE,,ARCHAEAN-GNEISS-MIGMATITE,2.2104060951175164,22,44,4,0,0,1,0,0.1767180581087065,0.9842615139983316,6.920111494709014,0.67828107,0.2570682905052048,0.5282919089031486,0.4841491249089147,1.2202643144928098,1.914798204131392,0.3086505189243424,3.0830324854096887,2.799999995409836,3.239910310269159,5.216606498194946,0.5910034602076124,1.9147982062780269,0.9081967213114754,-0.1930074919384574,0.3138461537254438,0.5282919089031486,0.0992063491079302,GRANULITE_KHONDALITE,0.85,1
1_284_0,21.83323857017553,80.36692349423308,1,BASTAR_CRATON,657.0,17.199326,6.469544,466.0,659.0,586.0,1116.0,2267.0,2640.0,2695.0,2999.0,1786.0,917.0,-15.352374619276556,-7.107532870927219,ARCHAEAN,,TIRODI GNEISSIC COMPLEX,,GNEISS/MIGMATITE,,ARCHAEAN-GNEISS-MIGMATITE,2.1592454897067803,22,44,4,0,0,1,0,0.1126750572509955,0.9936318893199256,8.244841748349335,0.6427918,0.2028565051990947,0.4922480618792226,0.4575941675680208,1.257510726915213,1.9476553959131349,0.3402597401334843,3.047781564764878,2.7101669154625694,2.9389312945049824,4.598976109215017,0.662708719851577,1.9476553980370768,0.8892261001517451,-0.1425989517183085,0.3214946354711451,0.4922480618792226,0.1140684409562086,GRANULITE_KHONDALITE,0.85,1
1_198_0,21.86449994206289,79.98154623734581,1,BASTAR_CRATON,353.0,14.801392,191.42188,543.0,792.0,739.0,1232.0,2001.0,2263.0,2405.0,2542.0,2344.0,1446.0,-14.602483699865036,-8.157030521559712,ARCHAEAN,,TIRODI GNEISSIC COMPLEX,,GNEISS/MIGMATITE,,ARCHAEAN-GNEISS-MIGMATITE,0.8303422396008124,44,88,5,2,0,1,0,-0.1980316699929223,-0.980195622148872,6.445453178305325,0.5298982,0.0128448094308602,0.2490262268893726,0.3471118176080784,1.360957640219231,1.6210235120186558,0.6012474009974024,3.171853852270834,2.959595955859096,1.6632088508553189,3.2543978349120435,0.9746361746361748,1.6210235131396955,0.933080808080808,0.0223843475340102,0.2369393139216519,0.2490262268893726,0.1528861153253618,GRANULITE_KHONDALITE,0.85,1
2_825_0,21.648904273874205,80.05754371038232,0,BASTAR_CRATON,286.0,2.1054044,208.27783,657.1333333333333,879.1333333333333,1034.8461538461538,1393.7222222222222,1875.8125,2131.9166666666665,2190.0,2388.7,2536.6666666666665,1751.6,-17.445526738876396,-10.650897871649844,ARCHAEAN,,TIRODI GNEISSIC COMPLEX,,GNEISS/MIGMATITE,,ARCHAEAN-GNEISS-MIGMATITE,5.953915531733594,11,22,2,0,0,1,0,-0.4737474821021866,-0.8806607310433674,6.794628867226553,0.35820433,-0.0733427362327201,0.1112238684515872,0.2630530699796286,1.5747887069159456,1.448199740362221,0.7998173512329602,2.451250028603316,2.885417453303916,1.2502854525860438,2.116256597041552,1.1582952815829528,1.4481997411890082,1.1771208241216582,0.1128554947109168,0.1830731919229821,0.1112238684515872,0.2232372337558457,GRANULITE_KHONDALITE,0.85,1
2_683_0,21.912200483649634,79.96995797018067,0,BASTAR_CRATON,543.0,3.136145,72.81566,368.0,503.0,354.0,743.0,1735.0,2127.0,2343.0,2307.0,1454.0,676.0,-14.221992123332356,-7.016748151540084,ARCHAEAN,,TIRODI GNEISSIC COMPLEX,,GNEISS/MIGMATITE,,ARCHAEAN-GNEISS-MIGMATITE,0.0199664562369752,66,99,4,3,0,1,0,0.9553591489389144,0.2954469436949948,7.205243971792272,0.7374861,0.2341322095775264,0.5521695923974265,0.5127868850777748,0.961956519125118,2.150887570782711,0.288518992621204,4.107344621165693,2.890656057871459,3.465976326233763,6.61864406779661,0.6205719163465643,2.1508875739644973,0.7037773359840954,-0.1998229696393399,0.3652582157909586,0.5521695923974265,-0.0193905816905947,GRANULITE_KHONDALITE,0.85,1
2_1232_0,21.47777521224944,79.87240093032528,0,BASTAR_CRATON,277.0,0.92740995,180.0,615.0,811.5,752.5,1259.0,2169.5,2441.0,2422.0,2663.5,1846.5,1156.0,-15.58772389149258,-8.796505722763536,ARCHAEAN,,AMGAON GNEISSIC COMPLEX,,GRANITE GNEISS/MIGMATITE,,ARCHAEAN-GRANITE-GNEISS-MIGMATITE,1.5356036801081392,22,77,5,2,0,1,0,1.2246467991473532e-16,-1.0,6.791218168729044,0.5259096,0.1348248799028171,0.353828954624419,0.3580624600744264,1.2235772337828013,1.597318337718583,0.4772914944354701,2.453820594745753,2.2754158936840225,2.095155707530142,3.218604651162791,0.7623864574731627,1.597318339100346,0.9272951324707333,-0.0777146912566155,0.2299750207393922,0.353828954624419,0.1005484459959426,GRANULITE_KHONDALITE,0.85,1
1_69_0,21.851294707386334,80.22678630991044,1,BASTAR_CRATON,309.0,0.0,-0.0,1229.0,1362.0,1463.0,1645.0,1776.0,1854.0,1911.0,1924.0,2198.0,2074.0,-14.699365407356956,-3.235251558002449,PALAEOPROTEROZOIC,,SAUSAR,MANSAR,PHYLLITE,,PALAEOPROTEROZOIC-PHYLLITE,0.7266197561084845,44,88,5,1,1,1,0,-0.0,1.0,11.464113849354508,0.13278009,-0.0698466780068516,-0.0409033876936252,0.0781731577253647,1.1903986971599685,1.0597878490550685,1.085295656156308,1.5023923434706818,1.613803229358441,0.9214079069809992,1.30622009569378,1.15018315018315,1.059787849566056,1.0741556534508077,0.0766063814032338,0.0290262172216698,-0.0409033876936252,0.0869242198785571,GONDITE_METAMORPHIC,0.95,1
2_1464_0,22.236941458858844,80.48496212256639,0,BASTAR_CRATON,512.0,2.7287016,132.78818,908.5,1221.0,1616.5,1898.0,2301.5,2570.5,2763.5,2978.0,3795.5,2785.5,-18.64963219948278,-11.66891959395364,PALAEOPROTEROZOIC,,SAUSAR,JUNEWANI,GREY & PINK GNEISS/QTZ-BIOTITE-SILLIMANITE GNEISS,,PALAEOPROTEROZOIC-GREY-PINK-GNEISS-QTZ-BIOTITE-SILLIMANITE-GNEISS,1.4539530700214498,11,77,3,2,1,1,0,0.7338700162147304,-0.6792899228613593,6.980712605529142,0.26187214,-0.1573410580641346,-0.0039646783197036,0.2214930270259448,1.7793065472985068,1.3625919937667952,1.0079609187595582,2.347974016487489,3.1085176059717297,0.9921019562045944,1.7095576863594184,1.3734394789216573,1.3625919942559683,1.323914823914824,0.1915455746156378,0.1534721166762692,-0.0039646783197036,0.2803960394929125,GONDITE_METAMORPHIC,0.95,1
2_328_0,22.229126115887,80.3362011115162,0,BASTAR_CRATON,568.0,1.8543341,-0.0,605.5,807.0,957.5,1225.0,1877.5,2168.0,2398.0,2488.5,2582.0,1760.0,-17.760592489419032,-10.76485669448333,ARCHAEAN,,TIRODI GNEISSIC COMPLEX,,GNEISS/MIGMATITE,,ARCHAEAN-GNEISS-MIGMATITE,1.8940936396969488,22,55,3,1,0,1,0,-0.0,1.0,6.995735794935703,0.42929518,-0.0369477911572393,0.1534391534022512,0.3402450517462649,1.5813377347954785,1.467045453711906,0.7339449538223749,2.696605741309028,3.199504333086116,1.3624999992258522,2.50443864229765,1.0767306088407005,1.4670454545454543,1.1864931846344486,0.081919608729647,0.1893136802880438,0.1534391534022512,0.2252079333172054,GRANULITE_KHONDALITE,0.85,1
2_1149_0,21.37806221571217,79.8912655512918,0,BASTAR_CRATON,274.0,0.99592143,270.0,836.0,1119.0,1308.0,1740.0,2344.0,2581.0,2674.0,2903.0,3191.0,2234.0,-18.18348968981178,-11.02933977107539,ARCHAEAN,,AMGAON GNEISSIC COMPLEX,,GRANITE GNEISS/MIGMATITE,,ARCHAEAN-GRANITE-GNEISS-MIGMATITE,4.8166001916612,11,22,2,0,0,1,0,-1.0,-1.8369701987210292e-16,7.154149918736389,0.34304368,-0.0881500426107161,0.0896495517339752,0.2504846004198827,1.5645932995638836,1.42837958754325,0.8354525052971382,2.439602444618041,2.8516532592925348,1.1969561319619713,2.04434250764526,1.193343305908751,1.428379588182632,1.168900804289544,0.1234860781466492,0.1764055299213998,0.0896495517339752,0.2201492536286617,GRANULITE_KHONDALITE,0.85,1
2_82_0,22.15582358870285,80.61593649099102,0,BASTAR_CRATON,556.0,5.8935246,199.79424,347.0,514.5,418.0,801.5,1723.5,1998.0,2090.0,2242.0,1351.5,659.5,-15.534418201666206,-8.832155337145391,PALAEOPROTEROZOIC,,SAUSAR,JUNEWANI,GREY & PINK GNEISS/QTZ-BIOTITE-SILLIMANITE GNEISS,,PALAEOPROTEROZOIC-GREY-PINK-GNEISS-QTZ-BIOTITE-SILLIMANITE-GNEISS,5.998385299939772,33,66,5,4,1,1,0,-0.3386433308821548,-0.9409148178496496,6.702262864520815,0.6666667,0.2145866627300344,0.5202764137042094,0.4733037619604719,1.2046109475371445,2.0492797542846404,0.3155502390834688,3.2332535807816902,2.62682215232882,3.169067470554864,5.0,0.6466507177033493,2.049279757391964,0.8124392614188533,-0.1586829905720473,0.3441074090780172,0.5202764137042094,0.092810457395019,GONDITE_METAMORPHIC,0.95,1
2_398_0,22.093570339513366,80.297124396657,0,BASTAR_CRATON,585.0,2.7802885,180.0,406.0,558.5,451.0,847.5,1807.5,2142.5,2349.0,2438.5,1772.0,915.5,-14.955318483856924,-8.234282817254645,PALAEOPROTEROZOIC,,SAUSAR,JUNEWANI,GREY & PINK GNEISS/QTZ-BIOTITE-SILLIMANITE GNEISS,,PALAEOPROTEROZOIC-GREY-PINK-GNEISS-QTZ-BIOTITE-SILLIMANITE-GNEISS,0.6752339752518303,44,55,3,2,1,1,0,1.2246467991473532e-16,-1.0,6.72103566660228,0.67785716,0.1400145595389433,0.4391177820679682,0.4841752889579503,1.1108374356875923,1.935554339775473,0.3897403148617538,3.92904655448105,3.1727842378284974,2.565811029420196,5.208425720620842,0.7543635589612601,1.9355543418896777,0.8075201432408237,-0.106870228986165,0.3186976743000195,0.4391177820679682,0.052508751397306,GONDITE_METAMORPHIC,0.95,1
1_215_0,21.832160591834587,80.36638450506261,1,BASTAR_CRATON,681.0,11.66195,340.24738,515.0,726.0,662.0,1273.0,2545.0,3003.0,3117.0,3278.0,2092.0,1180.0,-14.005952866168098,-6.790376520937609,ARCHAEAN,,TIRODI GNEISSIC COMPLEX,,GNEISS/MIGMATITE,,ARCHAEAN-GNEISS-MIGMATITE,2.2092327593865795,22,44,4,0,0,1,0,-0.3379597553952215,0.9411605621429332,7.215576345230489,0.64964277,0.1967748127861825,0.4507796135790599,0.4405625136364398,1.2854368907078897,1.7728813544297617,0.3785691368692431,3.1601208411478536,2.88154269575545,2.6415254214902326,4.70845921450151,0.6711581649021495,1.7728813559322034,0.9118457300275482,-0.1374882555375057,0.2787286062717822,0.4507796135790599,0.124893797684882,GRANULITE_KHONDALITE,0.85,1
2_395_0,21.77044633181557,79.78050327675986,0,BASTAR_CRATON,348.0,0.92740995,180.0,738.5,982.0,1135.5,1475.5,2111.5,2405.0,2378.5,2578.0,2536.5,1906.0,-18.05954462215692,-10.435887277999427,ARCHAEAN,,TIRODI GNEISSIC COMPLEX,,GNEISS/MIGMATITE,,ARCHAEAN-GNEISS-MIGMATITE,2.276085657709288,11,33,2,1,0,1,0,1.2246467991473532e-16,-1.0,7.623657344157486,0.35372794,-0.0321464903291665,0.1102812463273937,0.2719871715130166,1.5375761658258955,1.330797480938721,0.8013453854104077,2.2338176994858494,2.5829938873900264,1.2479013634586036,2.094671950682519,1.066428421273912,1.330797481636936,1.156313645621181,0.0817498895151347,0.1419245919770569,0.1102812463273937,0.211846317923241,GRANULITE_KHONDALITE,0.85,1
2_460_0,21.66130102479505,80.5609595956029,0,BASTAR_CRATON,735.0,1.9951247,90.0,452.35,629.0,588.0,1057.0,1708.0,2015.25,2029.0,2265.428571428572,1889.0,1094.0,-14.900365036677965,-8.11645679796561,CENOZOIC,,,,LATERITE,,CENOZOIC-LATERITE,0.3291021190892652,44,231,3,0,0,0,1,1.0,6.123233995736766e-17,6.783908238712355,0.5506305,0.0357325165809769,0.299391610534937,0.3637184502495581,1.2998784098598908,1.7266910404692035,0.5391818627209551,3.2125850285500253,3.0031796454639434,1.85466178989519,3.450680272108844,0.9310004928536224,1.726691042047532,0.9348171701112876,-0.0008773079752584,0.2665102245167582,0.299391610534937,0.1303888113323508,LATERITE_WEATHERING,0.78,1
1_501_0,21.53409958056373,79.98235472110152,1,BASTAR_CRATON,275.0,3.5153315,121.8044,691.5,895.0,907.0,1356.5,1941.0,2239.0,2217.0,2426.5,2029.0,1293.5,-17.070804422716442,-10.429010234786968,ARCHAEAN,,TIRODI GNEISSIC COMPLEX,,GNEISS/MIGMATITE,,ARCHAEAN-GNEISS-MIGMATITE,0.432914429682052,33,77,4,1,0,1,0,0.8498522231807949,-0.5270210610162182,6.641794187929474,0.41933417,0.0442769665463313,0.2630679389650853,0.2828443033880929,1.311641357466896,1.5686122910176945,0.5834460980679089,2.2370452015027067,2.267039103612247,1.7139543859961697,2.444321940463065,0.9152007216959857,1.568612292230383,1.0134078212290505,0.0047052784661296,0.2213694506481958,0.2630679389650853,0.134813887935681,GRANULITE_KHONDALITE,0.85,1
1_237_0,21.84994723446016,80.22840327742185,1,BASTAR_CRATON,318.0,7.8680615,297.9405,608.0,678.0,652.0,796.0,1007.0,1007.0,930.0,1010.0,1035.0,817.0,-11.196752397465742,-4.628906195105757,PALAEOPROTEROZOIC,,SAUSAR,MANSAR,PHYLLITE,,PALAEOPROTEROZOIC-PHYLLITE,0.5077183853060668,44,88,5,1,1,1,0,-0.8834346492350154,0.4685543944207602,6.567846202359985,0.17572694,-0.0534351144766233,0.0646823124987508,0.1184939091259723,1.0723684192888678,1.2668298638104898,0.8784946227112961,1.5874233104487372,1.526548670314825,1.1383108921195706,1.4263803680981595,1.1129032258064515,1.266829865361077,0.9616519174041298,0.0462015503732708,0.1177105830897891,0.0646823124987508,0.0349206348929201,GONDITE_METAMORPHIC,0.95,1
2_1222_0,22.08494651278582,80.22489984781379,0,BASTAR_CRATON,522.0,27.249954,208.35092,457.0,666.5,531.5,1078.5,2122.5,2539.0,2670.0,2764.5,1780.5,828.5,-15.352814690325538,-9.698143017715708,ARCHAEAN,,TIRODI GNEISSIC COMPLEX,,GNEISS/MIGMATITE,,ARCHAEAN-GNEISS-MIGMATITE,2.0873056507619854,33,66,3,1,0,1,0,-0.4748705210113851,-0.8800556733948004,5.65467167260983,0.66796815,0.1998651836423176,0.5263684434682383,0.4387197500809993,1.1630196911093662,2.149064571938365,0.3102996253519477,3.349952957008555,2.671417850455488,3.222691607456015,5.0235183443085605,0.6668539325842696,2.149064574532287,0.7974493623405852,-0.1498437212447428,0.364890762604488,0.5263684434682383,0.0753667171721125,GRANULITE_KHONDALITE,0.85,1
1_258_0,21.449747775384907,79.76514208540142,1,BASTAR_CRATON,287.0,4.085587,256.9012,746.0,1071.0,1110.0,1625.0,2203.0,2468.0,2491.0,2690.0,3341.0,2433.0,-18.942518391687628,-12.27380591786645,PALAEOPROTEROZOIC,,SAUSAR,CHORBAOLI,QUARTZITE,,PALAEOPROTEROZOIC-QUARTZITE,0.2701802154791703,55,165,7,2,1,1,0,-0.973980714039317,-0.2266309084821891,6.668712473821177,0.38350457,-0.1457475994263121,0.0117790414273397,0.2468134414259991,1.4879356548419094,1.3732018079025066,0.976716177849572,3.009909907198279,3.1195144695429367,1.023838881617822,2.244144144144144,1.3412284223203532,1.3732018084669133,1.0364145658263306,0.1579084286995436,0.1572566677940324,0.0117790414273397,0.1961206895495039,GONDITE_METAMORPHIC,0.95,1
2_886_0,21.86503893123336,79.5290648287348,0,BASTAR_CRATON,585.0,1.8543341,180.0,433.0,624.0,575.5,1163.5,2006.0,2328.5,2417.0,2635.0,2027.0,1050.0,-14.869540408227008,-8.536269931506977,ARCHAEAN,,TIRODI GNEISSIC COMPLEX,,GNEISS/MIGMATITE,,ARCHAEAN-GNEISS-MIGMATITE,2.7493953402384297,11,44,2,0,0,1,0,1.2246467991473532e-16,-1.0,6.333270476720029,0.61537176,0.08775877585784,0.3942890105583245,0.3873897590134554,1.32909930408984,1.9304761886376416,0.4344228380494734,3.5221546420118948,3.248397430691671,2.3019047597124715,4.199826238053866,0.8386429458005792,1.9304761904761905,0.9222756410256412,-0.045392021999928,0.3175170619702577,0.3942890105583245,0.1412989587096688,GRANULITE_KHONDALITE,0.85,1
2_736_0,21.48720752273269,79.61961500937406,0,BASTAR_CRATON,331.0,0.99666643,270.0,449.0,584.0,559.0,920.0,1785.0,2035.0,2115.0,2225.0,1666.0,870.0,-14.391415251612614,-8.045487462235448,ARCHAEAN,,TIRODI GNEISSIC COMPLEX,,GNEISS/MIGMATITE,,ARCHAEAN-GNEISS-MIGMATITE,0.0271631184826403,44,132,5,3,0,1,0,-1.0,-1.8369701987210292e-16,6.345927789377166,0.58189976,0.1187516529704438,0.4170854269959513,0.4149443559888889,1.2449888613697353,1.9149425265345488,0.4113475175360059,2.980321998246293,2.852739721142569,2.431034479964328,3.783542039355993,0.7877068557919622,1.914942528735632,0.9571917808219178,-0.0707872206993553,0.3138801260591956,0.4170854269959513,0.1091269840187232,GRANULITE_KHONDALITE,0.85,1
2_668_0,21.75885806465044,79.56436861940071,0,BASTAR_CRATON,421.0,2.1057653,28.296104,739.0,979.0,1198.5,1675.0,2301.5,2537.5,2739.0,2930.0,3826.5,2665.5,-19.68015639207468,-12.36817893649957,ARCHAEAN,,TIRODI GNEISSIC COMPLEX,,GNEISS/MIGMATITE,,ARCHAEAN-GNEISS-MIGMATITE,0.9860797568869476,22,55,3,2,0,1,0,0.4740283372276981,0.8805095885367425,7.311977455575109,0.3912381,-0.165638565202096,0.0135997779602923,0.2725298587898958,1.6217861953697077,1.4355655593938978,0.97316538847274,3.1927409234937496,3.908580179868662,1.0275745634861848,2.285356695869837,1.397042716319825,1.4355655599324704,1.2242083758937692,0.1819357873477671,0.1788354898060943,0.0135997779602923,0.2371612902001748,GRANULITE_KHONDALITE,0.85,1
2_918_0,22.19274434688016,80.211425118552,0,BASTAR_CRATON,581.0,1.3648936,227.20284,378.5,518.5,408.0,859.0,1723.5,2023.5,2248.0,2281.0,1562.0,794.0,-14.01691109553714,-7.290379263997671,NEOPROTEROZOIC,,,,GRANITE,ACID  INTRUSIVE,NEOPROTEROZOIC-GRANITE,0.223272492387029,55,154,3,1,0,0,1,-0.733763541706951,-0.6794049343813096,6.72653183153947,0.6927711,0.1800524933910623,0.4779750162794297,0.4528662418939916,1.0779392309697775,1.967254405582803,0.3532028468179702,3.828431363165609,3.012536156195688,2.831234253361166,5.509803921568627,0.6948398576512456,1.9672544080604533,0.7868852459016393,-0.1428260632779666,0.3259762307614702,0.4779750162794297,0.0375079465511659,CRATONIC_BASEMENT,0.3,1
2_816_0,21.59069344346326,80.33081121981148,0,BASTAR_CRATON,284.0,2.989714,270.0,771.0,1036.0,1178.0,1472.0,1449.0,1599.0,1559.0,1527.0,1914.0,1533.0,-24.33547739622064,-15.70214973897392,ARCHAEAN,,AMGAON GNEISSIC COMPLEX,,GRANITE GNEISS/MIGMATITE,,ARCHAEAN-GRANITE-GNEISS-MIGMATITE,1.87569865955724,11,22,2,0,0,1,0,-1.0,-1.8369701987210292e-16,8.633327657246719,0.1392035,-0.1022171033394134,0.0084087968924939,0.0183394464760455,1.527885860534519,1.248532288813743,0.9833226420889528,1.6247877745120645,1.8474903457070555,1.0169602080776514,1.3234295415959254,1.22771007055805,1.24853228962818,1.1370656370656371,0.1405385466358283,0.1105308963996139,0.0084087968924939,0.2088250383741277,GRANULITE_KHONDALITE,0.85,1
2_119_0,21.61440896696401,79.81284262698816,0,BASTAR_CRATON,338.0,1.8543341,180.0,460.4166666666667,668.1538461538462,671.2857142857143,1115.6666666666667,1877.75,2152.75,2296.833333333333,2458.0,2133.5,1329.75,-15.117808925418997,-8.449827915618695,PALAEOPROTEROZOIC,,SAUSAR,LOHANGI ( INCLUDES UTEKATA),CALC GNEISS,,PALAEOPROTEROZOIC-CALC-GNEISS,0.0285109721577036,44,88,4,2,1,1,0,1.2246467991473532e-16,-1.0,6.667981009800302,0.5476693,0.0368670528846134,0.266665134695191,0.3756179459820115,1.457996118358845,1.604436923027308,0.5789492777393734,3.1782294057783345,3.193126866047588,1.727267028844569,3.4215435908349288,0.9288875988680068,1.6044369242338783,1.004687345810993,0.0085464597350707,0.2320796938621007,0.266665134695191,0.1863290658231736,GONDITE_METAMORPHIC,0.95,1
1_153_0,21.973914743668647,80.46690598535558,1,BASTAR_CRATON,663.0,12.067533,139.21667,296.5,555.5,409.5,911.5,1733.0,2118.0,2270.0,2371.5,1883.5,1057.0,-13.019582725079996,-5.732618132853103,PALAEOPROTEROZOIC,,SAUSAR,MANSAR,SCHIST,,PALAEOPROTEROZOIC-SCHIST,0.0209779580204607,44,143,7,3,1,1,0,0.6532003313613568,-0.7571851339728044,7.286964592226893,0.69434595,0.0930540507781259,0.3645927260701554,0.4447151993771809,1.3811129801648805,1.7819299888534246,0.4656387663146966,4.599511588279581,3.39063905780263,2.147587509794146,5.543345543345543,0.8297356828193833,1.781929990539262,0.7371737173717372,-0.0562815104318795,0.2810746470732614,0.3645927260701554,0.1600566569970868,GONDITE_METAMORPHIC,0.95,1
2_681_0,21.710079544722745,79.98963107490289,0,BASTAR_CRATON,298.0,0.9982015,90.0,693.5,931.5,1081.0,1476.5,2028.0,2217.5,2254.0,2454.5,2577.0,1895.5,-16.721905363546448,-9.95155280323138,PALAEOPROTEROZOIC,,SAUSAR,MANSAR,MUSCOVITE SCHIST,,PALAEOPROTEROZOIC-MUSCOVITE-SCHIST,0.2231469469808614,33,99,4,1,1,1,0,1.0,6.123233995736766e-17,6.770352560315068,0.35172415,-0.0668598633684827,0.0863959512986152,0.2487916560038688,1.5587599112346648,1.3595357418308964,0.8409494228744679,2.3839037905791822,2.7665056331009064,1.1891321544768492,2.0851063829787235,1.1433007985803016,1.3595357425481402,1.160493827160494,0.107561880235022,0.1523756288088595,0.0863959512986152,0.2183713720944652,GONDITE_METAMORPHIC,0.95,1
1_435_0,21.815451927549965,80.1656110390619,1,BASTAR_CRATON,315.0,5.699,299.11917,547.0,731.0,668.0,1114.0,1896.0,2111.0,2308.0,2309.0,1896.0,1052.0,-15.361752113199858,-8.688761303477353,PALAEOPROTEROZOIC,,SAUSAR,MANSAR,PHYLLITE,,PALAEOPROTEROZOIC-PHYLLITE,0.5288771131441056,66,77,5,2,1,1,0,-0.8736094562263212,0.4866276995732479,6.672990809722505,0.5510753,0.0980019029262602,0.373809523698271,0.3491089686388814,1.2212065791202804,1.8022813671080973,0.4558058923501707,2.838323349044426,2.593707246793834,2.193916347724414,3.455089820359281,0.8214904679376083,1.8022813688212929,0.9138166894664844,-0.0536999446293227,0.2862957936613651,0.373809523698271,0.0995884772842893,GONDITE_METAMORPHIC,0.95,1
1_188_0,22.00086420219224,80.23352367454133,1,BASTAR_CRATON,444.0,4.0855207,312.83603,347.5,491.0,400.5,788.0,1634.5,1898.5,1917.5,2182.5,1469.5,711.0,-14.495516530353454,-7.894149797456386,PALAEOPROTEROZOIC,,SAUSAR,MANSAR,BIOTITE SCHIST,,PALAEOPROTEROZOIC-BIOTITE-SCHIST,0.0956687146817246,55,143,6,3,1,1,0,-0.733302458140445,0.6799025701416203,6.601366732897068,0.6544435,0.1322704457832092,0.4590070380601077,0.469449587453476,1.1525179822949123,2.0668073107358547,0.3707953061951524,3.669163536406583,2.9928716843322367,2.696905762732903,4.787765293383271,0.7663624511082138,2.0668073136427565,0.8156822810590632,-0.0955259975585185,0.3478559961715863,0.4590070380601077,0.0708556148785352,GONDITE_METAMORPHIC,0.95,1
2_1015_0,21.37725373195646,79.69911591201863,0,BASTAR_CRATON,275.0,1.3607317,312.9597,576.0,814.0,723.0,1318.0,2232.0,2450.0,2544.0,2691.0,1952.0,1129.0,-15.218998593882816,-9.62345348452777,ARCHAEAN,,TIRODI GNEISSIC COMPLEX,,GNEISS/MIGMATITE,,ARCHAEAN-GNEISS-MIGMATITE,2.0885226988093315,22,33,3,2,0,1,0,-0.7318332162798553,0.6814837808411015,5.5955451093550455,0.5573921,0.131672597835482,0.3852436699196178,0.3424794212166427,1.2552083311541522,1.7289636831452933,0.4437893080016551,2.699861683679306,2.39803439508841,2.2533215214762428,3.5186721991701244,0.7672955974842768,1.7289636846767051,0.8882063882063882,-0.076790336483729,0.2671210645027195,0.3852436699196178,0.1131639721992579,GRANULITE_KHONDALITE,0.85,1
1_556_0,21.973914743668647,80.46636699618512,1,BASTAR_CRATON,666.0,2.725969,227.15855,391.5,581.0,565.0,939.0,1624.5,1942.5,2221.5,2197.5,1884.0,1174.0,-16.839925004606354,-9.974349514109544,PALAEOPROTEROZOIC,,SAUSAR,MANSAR,SCHIST,,PALAEOPROTEROZOIC-SCHIST,0.0177831777204165,44,143,7,3,1,1,0,-0.7332381382211847,-0.6799719351987483,6.865575490496809,0.59447336,0.0822067957417593,0.3084965394467688,0.4012434240710207,1.4431673015500197,1.60477001566885,0.5284717530819394,3.3345132684344896,3.242685020236342,1.892248720705069,3.931858407079646,0.8480756245779878,1.604770017035775,0.9724612736660928,-0.0323982615502966,0.2321778939724729,0.3084965394467688,0.1813904859577726,GONDITE_METAMORPHIC,0.95,1
2_795_0,21.788502469026376,80.27475634608243,0,BASTAR_CRATON,306.0,0.92740995,180.0,712.0,954.0,957.0,1433.0,2013.0,2200.0,2391.0,2602.0,2279.0,1505.0,-16.123955840010478,-10.575585752085075,ARCHAEAN,,TIRODI GNEISSIC COMPLEX,,GNEISS/MIGMATITE,,ARCHAEAN-GNEISS-MIGMATITE,0.5466903077620778,55,297,5,1,0,1,0,1.2246467991473532e-16,-1.0,5.5483700879254005,0.4283154,0.0239828693738794,0.2274127309477893,0.2897149937324126,1.3441011217077232,1.5142857132795442,0.6294437471227755,2.3814002064980144,2.3888888863848123,1.5887043178812594,2.498432601880878,0.9531576746131326,1.5142857142857142,1.0031446540880504,0.0209812273196117,0.2045454544913992,0.2274127309477893,0.1467944876292423,GRANULITE_KHONDALITE,0.85,1
2_147_0,21.912739472820107,79.96160363803835,0,BASTAR_CRATON,490.0,21.08472,327.10828,586.0,812.0,585.0,1273.0,2761.0,3259.0,3448.0,3562.0,2084.0,946.0,-16.506201960274673,-9.568213621247706,ARCHAEAN,,TIRODI GNEISSIC COMPLEX,,GNEISS/MIGMATITE,,ARCHAEAN-GNEISS-MIGMATITE,0.1603060086800843,77,110,4,3,0,1,0,-0.5430531080737249,0.839698351678427,6.937988339026967,0.7098934,0.2465654374102376,0.5694128355554363,0.4734229575029114,0.9982935136547892,2.2029598285380976,0.2743619488763451,3.5623931563036013,2.56650245989347,3.6448202921302113,5.894017094017094,0.6044083526682135,2.202959830866808,0.7204433497536946,-0.2036401610915052,0.3755775576318226,0.5694128355554363,-0.0008539709642579,GRANULITE_KHONDALITE,0.85,1
1_34_0,21.533560591393258,79.982893710272,1,BASTAR_CRATON,277.0,1.3615139,227.07095,672.5,871.0,940.5,1362.0,2068.0,2362.5,2420.5,2563.0,2373.0,1666.5,-18.58654766113085,-10.537375344827051,ARCHAEAN,,TIRODI GNEISSIC COMPLEX,,GNEISS/MIGMATITE,,ARCHAEAN-GNEISS-MIGMATITE,0.3592959104479184,33,77,4,1,0,1,0,-0.7321976668116349,-0.6810921939910911,8.049172316303805,0.44034514,0.009909252110168,0.1844873990250826,0.3059872610685383,1.398513009072843,1.4239423933849729,0.6884941125021714,2.523125994127457,2.7244546466998223,1.452445243652898,2.5736310473152577,0.9803759553811195,1.423942394239424,1.0797933409873708,0.0344181690416891,0.1748978833581141,0.1844873990250826,0.1661500308951332,GRANULITE_KHONDALITE,0.85,1
2_126_0,21.32146835281264,79.66893251847222,0,BASTAR_CRATON,264.0,2.7193763,132.97058,660.5,945.0,1023.5,1462.5,2153.5,2403.0,2483.0,2638.0,2829.5,1963.5,-17.315812350238364,-11.642929131959132,ARCHAEAN,,TIRODI GNEISSIC COMPLEX,,GNEISS/MIGMATITE,,ARCHAEAN-GNEISS-MIGMATITE,6.504128579359832,11,11,1,0,0,1,0,0.7317037948888531,-0.6816227376967785,5.672883218279232,0.416227,-0.0652235293994873,0.1168334644963828,0.2866723569597189,1.5495836464048696,1.4410491461975812,0.7907772852232069,2.7645334609042176,2.99417989101145,1.264578558052163,2.425989252564729,1.13954893274265,1.4410491469315,1.083068783068783,0.101407846766039,0.1806801585268766,0.1168334644963828,0.2155581946463431,GRANULITE_KHONDALITE,0.85,1
1_106_0,21.66669091649977,79.66839352930174,1,BASTAR_CRATON,329.0,2.1054626,151.71922,461.5,637.4,598.6666666666666,1033.0,1733.5,2024.5,2177.5,2315.25,2058.0,1231.0,-14.28657469791912,-7.815202966215679,ARCHAEAN,,TIRODI GNEISSIC COMPLEX,,GNEISS/MIGMATITE,,ARCHAEAN-GNEISS-MIGMATITE,0.293866572697489,33,77,3,2,0,1,0,0.4737928242408122,-0.8806363379386039,6.471371731703442,0.56870985,0.0282139062617839,0.277688132528183,0.3829612482989737,1.2972192099012945,1.6718115339790318,0.5653272098437074,3.437639192476104,3.2287417583483813,1.76888708223486,3.637249443207127,0.9451205510907004,1.6718115353371243,0.9392322978767912,0.0033360609296903,0.251444207889497,0.277688132528183,0.1293821724923293,GRANULITE_KHONDALITE,0.85,1
1_218_0,21.99843875092511,80.23406266371181,1,BASTAR_CRATON,482.0,8.876551,326.01703,464.5,651.5,530.5,1111.0,2417.5,2808.0,2911.5,3086.5,1845.0,873.5,-15.047252673181738,-8.383891111421056,PALAEOPROTEROZOIC,,SAUSAR,MANSAR,BIOTITE SCHIST,,PALAEOPROTEROZOIC-BIOTITE-SCHIST,0.1743150298088161,55,154,6,3,1,1,0,-0.5589464642907672,0.8292037445989074,6.6633615617606825,0.691749,0.2242194890730117,0.5384412151813894,0.4706372839855539,1.142088264494966,2.1121923272899914,0.3000171731753333,3.4778510773273306,2.831926319521218,3.3331425262356698,5.488218661639962,0.633693972179289,2.112192329708071,0.8142747505755947,-0.1739546205035287,0.3573661944611491,0.5384412151813894,0.0663316582247923,GONDITE_METAMORPHIC,0.95,1
2_439_0,21.816529905890903,79.83170724795467,0,BASTAR_CRATON,356.0,0.9989435,270.0,565.0,759.5,669.0,1206.0,2281.5,2602.0,2680.5,2925.5,2128.5,1252.5,-14.103251179677663,-8.807261375770768,ARCHAEAN,,TIRODI GNEISSIC COMPLEX,,GNEISS/MIGMATITE,,ARCHAEAN-GNEISS-MIGMATITE,0.8166193721526424,22,22,2,1,0,1,0,-1.0,-1.8369701987210292e-16,5.295989803906895,0.6005374,0.1147847785163683,0.363081616993877,0.4161926660011635,1.1840707943644764,1.699401196247983,0.4672635700551152,3.1816143450200083,2.8025016421296884,2.140119758770364,4.006726457399103,0.7940682708449917,1.6994011976047905,0.8808426596445029,-0.0741353632179157,0.2590949422481233,0.363081616993877,0.0842787681650901,GRANULITE_KHONDALITE,0.85,1
2_317_0,21.691214923756235,80.6143195234796,0,BASTAR_CRATON,463.0,6.0963283,319.2727,415.25,599.0,520.8333333333334,864.0,1690.0,1998.0,2198.5,2323.0,1717.0,992.0,-15.700409200503383,-8.822364181415647,PALAEOPROTEROZOIC,,,,GRANITE,MALANJKHAND GRANITE,PALAEOPROTEROZOIC-GRANITE,2.045467013707859,22,55,4,1,0,0,1,-0.6524595617655808,0.7578235416379371,6.878045019087736,0.61694044,0.1229728003772257,0.3781538942553976,0.4577973013938509,1.2542644962771077,1.730846772448743,0.4512167384802289,3.296639993670451,2.8664440686703774,2.216229836475575,4.22112,0.7809870366158744,1.7308467741935485,0.8695047301057318,-0.077483295815287,0.2676264303183365,0.3781538942553976,0.1127926643502615,CRATONIC_BASEMENT,0.3,1
2_1053_0,21.391267450388725,79.88129425163807,0,BASTAR_CRATON,266.0,4.752889,141.14891,497.0,736.0,687.0,1148.0,2093.0,2414.0,2544.0,2680.0,2259.0,1350.0,-15.844723776029603,-8.549930688394397,ARCHAEAN,,AMGAON GNEISSIC COMPLEX,,GRANITE GNEISS/MIGMATITE,,ARCHAEAN-GRANITE-GNEISS-MIGMATITE,3.051814289618004,22,33,3,0,0,1,0,0.6272984890316743,-0.7787789196290423,7.294793087635206,0.57474464,0.0593379137915182,0.3066255777332754,0.4002089863113351,1.3822937597941776,1.673333332093827,0.5306603771498977,3.288209602200568,3.069293474090634,1.88444444304856,3.703056768558952,0.8879716981132075,1.6733333333333331,0.9334239130434784,-0.0158677133763374,0.2518703241197367,0.3066255777332754,0.1604729728374383,GRANULITE_KHONDALITE,0.85,1
2_156_0,21.91839885911006,80.1731568874485,0,BASTAR_CRATON,310.0,1.36347,47.1474,782.0,1065.0,1220.0,1642.0,2430.0,2734.0,2928.0,3003.0,3101.0,2185.0,-17.271278712196846,-10.909947033663952,PALAEOPROTEROZOIC,,SAUSAR,MANSAR,MUSCOVITE SCHIST,,PALAEOPROTEROZOIC-MUSCOVITE-SCHIST,0.710650650112474,55,77,5,1,1,1,0,0.7331057989355053,0.6801146135521089,6.361331678532894,0.4117647,-0.0286946425561959,0.1453158615010139,0.2930032292157151,1.5601022997952656,1.4192219673138573,0.7462431691440427,2.541803276605079,2.911737086467852,1.340045765977096,2.4,1.059084699453552,1.4192219679633866,1.1455399061032865,0.0760801892571186,0.173287930349359,0.1453158615010139,0.2187812186719374,GONDITE_METAMORPHIC,0.95,1
2_1127_0,21.91516492408723,80.16534154447666,0,BASTAR_CRATON,304.0,2.106283,331.67773,668.0,830.0,841.0,1358.0,2223.0,2557.0,2652.0,2779.0,1967.0,1156.0,-16.79836308373664,-10.24219186946902,PALAEOPROTEROZOIC,,SAUSAR,MANSAR,MUSCOVITE SCHIST,,PALAEOPROTEROZOIC-MUSCOVITE-SCHIST,0.4545267949757066,55,66,5,1,1,1,0,-0.4744304014124036,0.8802930161120589,6.556171214267618,0.5184655,0.1483004979111711,0.3928571427539766,0.343485617514265,1.25898203404344,1.7015570919536702,0.4358974357330704,2.33888228021536,2.3698795152170127,2.2941176450742926,3.153388822829964,0.7417043740573153,1.7015570934256057,1.0132530120481928,-0.0835509138244858,0.2596861990843144,0.3928571427539766,0.1146454604939393,GONDITE_METAMORPHIC,0.95,1
2_1126_0,22.03832394954002,80.05484876452996,0,BASTAR_CRATON,322.0,1.3640895,132.82846,472.25,691.5,603.5,1123.25,2227.75,2544.5,2760.5,2867.0,1969.5,1032.0,-13.953078444703902,-7.06005503039528,ARCHAEAN,,TIRODI GNEISSIC COMPLEX,,GNEISS/MIGMATITE,,ARCHAEAN-GNEISS-MIGMATITE,0.0180616134931304,22,66,2,1,0,1,0,0.733392281435898,-0.6798056792424205,6.8930234143086215,0.64120096,0.1672304439392747,0.4557679629648601,0.4370026939572702,1.2779248252452624,1.9084302307088847,0.3738453177417695,3.263463126324005,2.8481561780937725,2.674903098183233,4.574150787075394,0.713457706937149,1.90843023255814,0.8727404193781634,-0.1136373422703979,0.3123438279818945,0.4557679629648601,0.1220079013506782,GRANULITE_KHONDALITE,0.85,1
2_134_0,22.125101205985963,79.963490100135,0,BASTAR_CRATON,373.0,0.92740995,180.0,442.0,605.5,633.5,1092.5,1696.5,1900.0,2079.0,2230.0,2305.0,1531.5,-15.208778022640706,-7.2612063230087,ARCHAEAN,,TIRODI GNEISSIC COMPLEX,,GNEISS/MIGMATITE,,ARCHAEAN-GNEISS-MIGMATITE,1.870889127960205,11,99,2,0,0,1,0,1.2246467991473532e-16,-1.0,7.947571699632006,0.53290325,-0.051551094878752,0.1516410469044063,0.3423626786027501,1.4332579153093712,1.5050603973195815,0.7366522362979067,3.63851617420913,3.806771257131674,1.3574926533741476,3.281767955801105,1.1087061087061088,1.505060398302318,1.046242774566474,0.0764722044003164,0.2016160562487642,0.1516410469044063,0.1780567176401146,GRANULITE_KHONDALITE,0.85,1
2_118_0,21.557006620308776,80.27152241105959,0,BASTAR_CRATON,296.0,0.9971447,270.0,670.0,876.0,1014.0,1493.0,2111.0,2435.0,2504.0,2724.0,2846.0,1926.0,-16.284861230433357,-9.658592374142492,ARCHAEAN,,AMGAON GNEISSIC COMPLEX,,GRANITE GNEISS/MIGMATITE,,ARCHAEAN-GRANITE-GNEISS-MIGMATITE,2.228289241081645,11,33,2,0,0,1,0,-1.0,-1.8369701987210292e-16,6.626268856290865,0.4235361,-0.0639252336329111,0.1304740406026018,0.2919136826436059,1.5134328335620406,1.4776739348506365,0.7691693287663062,2.8067061116304672,3.248858443779842,1.300103841484889,2.4694280078895465,1.1365814696485623,1.4776739356178608,1.1575342465753424,0.0975263008107014,0.1927912824407394,0.1304740406026018,0.2042755343205014,GRANULITE_KHONDALITE,0.85,1
2_34_0,21.946965285145065,79.99609894494854,0,BASTAR_CRATON,352.0,2.7256916,312.84686,635.0,832.0,917.0,1369.0,2098.0,2431.0,2629.0,2695.0,2487.0,1686.0,-15.788662791493229,-9.911212391737797,ARCHAEAN,,TIRODI GNEISSIC COMPLEX,,GNEISS/MIGMATITE,,ARCHAEAN-GNEISS-MIGMATITE,0.402794320122791,44,88,5,3,0,1,0,-0.7331739304300827,0.6800411662081232,5.877450399755434,0.4827975,0.0277560594159976,0.2185399767743824,0.3262795274787698,1.444094485914812,1.4750889670966256,0.6413084820687301,2.7121046862463416,2.9891826887149247,1.5593119800953072,2.866957470010905,0.9459870673259796,1.4750889679715302,1.1021634615384617,0.0209958008366832,0.1919482386312129,0.2185399767743824,0.1817010308107596,GRANULITE_KHONDALITE,0.85,1
2_346_0,21.630848136663403,79.76595056915713,0,BASTAR_CRATON,307.0,2.1053452,151.72516,797.3636363636364,1082.388888888889,1242.4,1710.25,2272.875,2537.0,2703.4,2902.0,3596.333333333333,2677.25,-16.927492033793158,-9.50487524205825,ARCHAEAN,,TIRODI GNEISSIC COMPLEX,,GNEISS/MIGMATITE,,ARCHAEAN-GNEISS-MIGMATITE,0.3414789787278478,55,121,5,1,0,1,0,0.4737015238733715,-0.8806854525198231,7.422616791734908,0.37026712,-0.1417414493510188,0.004860007618994,0.2583879884528401,1.558134760330694,1.3432938022187093,0.9903269952687996,2.8946662350600985,3.32258892060737,1.0097674849155789,2.175949774629749,1.3303001159034302,1.3432938027204533,1.147831442796284,0.1604376980615266,0.1465005379467076,0.004860007618994,0.2181803594712407,GRANULITE_KHONDALITE,0.85,1
2_1215_0,21.522780807983825,80.08934407144015,0,BASTAR_CRATON,290.0,4.7326255,12.133384,762.0,942.0,1066.5,1370.6666666666667,2134.2,2343.0,2583.5,2796.0,2333.0,1697.5,-18.734435176438552,-11.443632690129055,ARCHAEAN,,AMGAON GNEISSIC COMPLEX,,GRANITE GNEISS/MIGMATITE,,ARCHAEAN-GRANITE-GNEISS-MIGMATITE,0.8376520661110528,22,121,5,0,0,1,0,0.2101882431717913,0.9776609342877294,7.290802486309497,0.41561645,0.0509508796804737,0.2069609903744543,0.3420799999179007,1.3996062973758447,1.3743740787190726,0.6570543833338284,2.187529299402222,2.476645432615026,1.5219440344495174,2.422409751523676,0.903038513644281,1.3743740795287187,1.132165605095541,0.0080059303175676,0.1576727452778383,0.2069609903744543,0.1665299424848072,GRANULITE_KHONDALITE,0.85,1
2_638_0,21.707923588040856,80.12545634586175,0,BASTAR_CRATON,307.0,2.2004087,294.91678,739.6666666666666,1012.1666666666666,1081.6666666666667,1580.0833333333337,2261.5,2524.666666666667,2655.0,2824.5,2622.5,1796.5,-17.988551189570252,-10.6630609421485,ARCHAEAN,,TIRODI GNEISSIC COMPLEX,,GNEISS/MIGMATITE,,ARCHAEAN-GNEISS-MIGMATITE,2.474457494222503,11,44,3,1,0,1,0,-0.9069206682152168,0.4213014378851143,7.325490247421751,0.42105263,0.0061582188524569,0.1928563405160381,0.2825276699765331,1.4623704351567774,1.4597829104036832,0.676647834020095,2.4244992273425274,2.5909764505934696,1.477873642372461,2.4545454545454546,0.987758945386064,1.459782911216254,1.068664580931994,0.0435987133974693,0.1869201176313826,0.1928563405160381,0.1877745240550286,GRANULITE_KHONDALITE,0.85,1
1_583_0,21.533021602222785,79.982893710272,1,BASTAR_CRATON,275.0,1.3615111,47.070847,725.0,975.5,967.5,1433.0,2422.5,2755.0,2930.0,3033.0,2507.5,1622.0,-15.644122233106438,-9.002087244204368,ARCHAEAN,,TIRODI GNEISSIC COMPLEX,,GNEISS/MIGMATITE,,ARCHAEAN-GNEISS-MIGMATITE,0.3018135626978995,33,77,4,1,0,1,0,0.7321964424184183,0.681093510253777,6.64203498890207,0.5035279,0.0777011494109974,0.2873462213779995,0.3582624271477244,1.3344827567800237,1.5459309484920276,0.5535836175585039,2.591731263471079,2.5704766759913102,1.806411836124284,3.02842377260982,0.85580204778157,1.5459309494451294,0.9917990773962072,-0.0252454417916906,0.2144327399892401,0.2873462213779995,0.1432791727366149,GRANULITE_KHONDALITE,0.85,1
2_714_0,21.954241638946428,80.39495093109761,0,BASTAR_CRATON,626.0,2.1064124,208.32881,627.5,937.0,892.5,1227.5,1325.0,1437.5,1204.0,1445.0,1498.5,991.5,-22.38565232332344,-15.055246924702905,PALAEOPROTEROZOIC,,SAUSAR,MANSAR,PHYLLITE,,PALAEOPROTEROZOIC-PHYLLITE,0.5555702578984495,33,88,6,2,1,1,0,-0.4745308789568129,-0.8802388567408703,7.330405398620531,0.14858097,-0.108973172947651,0.0967888863143753,0.0813844714382097,1.422310754705481,1.5113464432563324,0.82350498270473,1.6789915947574323,1.5992529331918326,1.2143217335206034,1.3490196078431371,1.2446013289036544,1.5113464447806355,0.9525080042689434,0.1325044404659551,0.2036144577495524,0.0967888863143753,0.1743421051484591,GONDITE_METAMORPHIC,0.95,1
1_159_0,21.83458604310171,80.36530652672167,1,BASTAR_CRATON,660.0,21.164423,54.17145,438.0,602.0,505.0,1018.0,2439.0,2946.0,3081.0,3236.0,1829.0,937.0,-11.459269313253431,-4.6084254084077205,ARCHAEAN,,TIRODI GNEISSIC COMPLEX,,GNEISS/MIGMATITE,,ARCHAEAN-GNEISS-MIGMATITE,1.935252755108636,22,44,4,0,0,1,0,0.8107722388719296,0.5853617485577604,6.850843904845711,0.71834916,0.2549898166486782,0.5335988052430067,0.5213916312831707,1.1529680338973332,1.951974384256164,0.3041220382005446,3.621782171045976,3.038205975019592,3.2881536784544783,6.100990099009901,0.593638429081467,1.951974386339381,0.8388704318936877,-0.202460276746547,0.3224873462319279,0.5335988052430067,0.0710498408578474,GRANULITE_KHONDALITE,0.85,1
2_413_0,22.243409328904505,80.15375327731152,0,BASTAR_CRATON,359.0,2.1073854,151.62212,732.0,944.0,992.5,1371.0,2208.5,2468.5,2650.5,2792.5,2603.0,1814.0,-15.674451275106424,-8.262973068752867,NEOPROTEROZOIC,,,,GRANITE,ACID  INTRUSIVE,NEOPROTEROZOIC-GRANITE,0.733673506350484,44,55,2,0,0,0,1,0.4752845704968724,-0.8798321300382269,7.411478206353557,0.4551194,0.0090415913183512,0.1873670063417253,0.3414194787218879,1.3558743150876034,1.434950385096499,0.6843991697097155,2.622670022546428,2.757415251316297,1.4611356111019098,2.670528967254408,0.982078853046595,1.4349503858875414,1.0513771186440677,0.0305245055846195,0.1786280280329119,0.1873670063417253,0.1510582776740746,CRATONIC_BASEMENT,0.3,1
1_75_0,21.53221311846708,79.98235472110152,1,BASTAR_CRATON,281.0,1.9933465,270.0,1001.5,1250.0,1516.5,1718.5,2148.5,2386.0,2558.0,2601.5,3102.5,2561.5,-16.254154386863554,-6.305522589285804,ARCHAEAN,,TIRODI GNEISSIC COMPLEX,,GNEISS/MIGMATITE,,ARCHAEAN-GNEISS-MIGMATITE,0.2317262021043844,33,77,4,1,0,1,0,-1.0,-1.8369701987210292e-16,9.94863179757775,0.2556142,-0.0961929158031635,-0.0006836605135885,0.2043981481008337,1.5142286555025175,1.211204371965175,1.0013682560588866,2.045829210652272,2.4819999980144,0.9986336127274512,1.6867787668974612,1.2128616106333072,1.2112043724380246,1.2132,0.1295469829272425,0.0955155367063002,-0.0006836605135885,0.2045274026193298,GRANULITE_KHONDALITE,0.85,1
2_470_0,22.08683297488247,80.17342638203374,0,BASTAR_CRATON,380.0,19.582321,342.86325,612.5,796.5,724.5,1268.0,2113.5,2457.5,2774.0,2711.5,1981.5,953.0,-17.008338376236242,-10.163962344307196,ARCHAEAN,,TIRODI GNEISSIC COMPLEX,,GNEISS/MIGMATITE,,ARCHAEAN-GNEISS-MIGMATITE,1.4820755283863494,44,66,4,2,0,1,0,-0.2946533184694957,0.9556042182383426,6.844376031929047,0.5858225,0.1666491430624226,0.488596726458654,0.3627340117193783,1.1828571409259476,2.0792235025401644,0.3435472241011005,2.7349896442581234,2.4877589422627007,2.910807971762006,3.828847481021394,0.714311463590483,2.0792235047219307,0.9096045197740112,-0.1116947065881502,0.350485602197824,0.488596726458654,0.0837696334451984,GRANULITE_KHONDALITE,0.85,1
1_57_0,21.96636889528204,80.46798396369653,1,BASTAR_CRATON,615.0,6.202101,306.57257,782.5,1089.5,1387.5,1794.0,2116.5,2334.0,2496.0,2613.0,3184.5,2471.5,-18.719664824021905,-10.533731476503576,ARCHAEAN,,TIRODI GNEISSIC COMPLEX,,GNEISS/MIGMATITE,,ARCHAEAN-GNEISS-MIGMATITE,0.6044063012264936,33,99,6,2,0,1,0,-0.8031028221496173,0.595840462754352,8.18593334751833,0.2854384,-0.1212041193343536,0.0049320583784736,0.1858407079224323,1.7731629370311015,1.2884887714794706,0.9901842944750864,2.295135133480984,2.9229004103507106,1.0099130078859344,1.798918918918919,1.2758413461538465,1.2884887720008091,1.2735199632859109,0.1647665753563764,0.126060820345463,0.0049320583784736,0.2788018431894922,GRANULITE_KHONDALITE,0.85,1
2_1040_0,21.74565282997388,79.64791194082382,0,BASTAR_CRATON,366.0,0.92740995,180.0,552.0,708.5,816.5,1248.0,1910.0,2181.5,2365.0,2543.0,2964.0,1993.0,-16.696897948475904,-9.094742937046098,ARCHAEAN,,TIRODI GNEISSIC COMPLEX,,GNEISS/MIGMATITE,,ARCHAEAN-GNEISS-MIGMATITE,0.4839269673075246,33,187,7,4,0,1,0,1.2246467991473532e-16,-1.0,7.602155011429806,0.48672011,-0.1124038280892467,0.0853602569790362,0.3415985227270909,1.479166663987017,1.4872052175177093,0.8427061307219001,3.630128593227032,4.183486232627401,1.186653285907349,2.8965094917330068,1.253276955602537,1.4872052182639235,1.1524347212420607,0.1289287047213245,0.1958846075860632,0.0853602569790362,0.1932773107831367,GRANULITE_KHONDALITE,0.85,1
1_80_0,22.001403191362705,80.23379316912657,1,BASTAR_CRATON,442.0,2.204126,294.87186,340.5,481.5,393.0,783.0,1623.0,1996.5,1981.5,2153.5,1567.5,778.5,-14.523619966147985,-7.832840889679963,PALAEOPROTEROZOIC,,SAUSAR,MANSAR,BIOTITE SCHIST,,PALAEOPROTEROZOIC-BIOTITE-SCHIST,0.1556777249871759,55,143,6,3,1,1,0,-0.9072506905857004,0.4205902809525794,6.69077907646802,0.6689829,0.1166525781581706,0.4358695650594675,0.4667120720358549,1.1541850186367548,2.013487473328853,0.3928841784542597,3.988549608171629,3.255451706634576,2.5452793801602063,5.041984732824427,0.7910673732021196,2.013487475915221,0.8161993769470405,-0.0844133099627756,0.3363171354065145,0.4358695650594675,0.0715746420292097,GONDITE_METAMORPHIC,0.95,1
1_366_0,21.66803838942595,79.66596807803462,1,BASTAR_CRATON,332.0,1.3621923,132.9025,490.57142857142856,654.75,558.8333333333334,1044.6,1763.0833333333337,2094.75,2306.5,2371.7,2060.0,1159.0,-13.735516650246913,-6.5445758692846905,ARCHAEAN,,TIRODI GNEISSIC COMPLEX,,GNEISS/MIGMATITE,,ARCHAEAN-GNEISS-MIGMATITE,0.0133010283452363,33,77,3,2,0,1,0,0.732513196038933,-0.6807528315246494,7.190940780962222,0.60993487,0.0564525363434209,0.3311210502579365,0.3884612006005148,1.1391477359811588,1.7773943039021618,0.5024929544753987,3.6862511118050976,3.1462390177224298,1.990077651432202,4.127348643006263,0.8931281161933666,1.7773943054357204,0.8535064273895889,-0.0329101236157075,0.2799005901584652,0.3311210502579365,0.0650482132108446,GRANULITE_KHONDALITE,0.85,1
1_175_0,21.68313008619916,79.72552638137175,1,BASTAR_CRATON,317.0,3.4204156,215.65681,904.0833333333331,1123.75,1281.2,1483.0,1553.3333333333333,1697.4166666666663,1575.35,1743.1666666666667,2305.5,2022.5,-20.33956569506029,-10.757755768579925,PALAEOPROTEROZOIC,,SAUSAR,MANSAR,SCHIST,,PALAEOPROTEROZOIC-SCHIST,0.2317814644511589,33,121,4,1,1,1,0,-0.5829288908036281,-0.8125231739873342,9.58180992648037,0.10297386,-0.1881417730166995,-0.1242825576040461,0.0806426615444616,1.4171260008290618,1.1399258337997893,1.2838416851595889,1.799484856541145,2.0516129014001216,0.7789122369449135,1.2295894473930689,1.4634843050750628,1.1399258343634115,1.140111234705228,0.1825325303022465,0.0653881700403446,-0.1242825576040461,0.1725710624072069,GONDITE_METAMORPHIC,0.95,1
2_992_0,22.138575935247754,80.25804768179779,0,BASTAR_CRATON,600.0,3.0011907,270.0,408.5,539.0,510.0,999.0,1855.5,2197.5,2277.0,2490.0,1699.5,848.5,-15.433758749987396,-8.866524413657086,ARCHAEAN,,TIRODI GNEISSIC COMPLEX,,GNEISS/MIGMATITE,,ARCHAEAN-GNEISS-MIGMATITE,0.8298201794809273,44,55,3,1,0,1,0,-1.0,-1.8369701987210292e-16,6.56723433633031,0.6340151,0.1452282157311132,0.4570468723541683,0.4273430781234328,1.248470009183672,2.002946373596999,0.3726394376931755,3.3323529346424454,3.1530612186399605,2.6835592189940374,4.464705882352941,0.7463768115942029,2.0029463759575723,0.9461966604823748,-0.097242083739072,0.33398744099922,0.4570468723541683,0.1105062600865473,GRANULITE_KHONDALITE,0.85,1
2_722_0,22.023501747352043,80.4706789095489,0,BASTAR_CRATON,753.0,0.92740995,180.0,339.0,482.5,371.0,785.5,1732.5,2105.5,2261.0,2373.5,1467.5,716.5,-15.020707610424612,-8.525974273096743,LATE CRETACEOUS - PALAEOCENE,DECCAN TRAP,AMARKANTAK,MANDLA,BASALT,,LATE-CRETACEOUS-PALAEOCENE-BASALT,0.2765945654259412,66,176,5,3,0,0,0,1.2246467991473532e-16,-1.0,6.494733337327869,0.7180851,0.2128201689116749,0.5187237613707057,0.5026907247538175,1.0943952770076837,2.048150729869992,0.3168951789841242,3.9555255958072086,3.0414507708985474,3.155617581080785,6.09433962264151,0.6490490933215392,2.048150732728541,0.7689119170984456,-0.1715669707848221,0.3438644687070218,0.5187237613707057,0.0450704224717318,OTHER_UNDIVIDED,0.1,1
2_1210_0,21.840784418562134,80.46501952325893,0,BASTAR_CRATON,602.0,0.0,-0.0,462.0,621.0,642.0,992.0,1705.0,1980.0,2073.0,2265.0,2257.0,1520.0,-15.150842391222715,-8.686279465412005,ARCHAEAN,,AMGAON GNEISSIC COMPLEX,,GRANITE GNEISS/MIGMATITE,,ARCHAEAN-GRANITE-GNEISS-MIGMATITE,1.1335126820285726,33,77,4,0,0,1,0,-0.0,1.0,6.4645629258107125,0.52707183,-0.0424942263181306,0.1539103812541301,0.3908504757780625,1.3896103866025749,1.4848684200757445,0.733236854446099,3.515576318511563,3.634460541651432,1.3638157885764368,3.2289719626168223,1.0887602508441871,1.4848684210526315,1.0338164251207729,0.0669856459206872,0.1951284087383827,0.1539103812541301,0.1630434781131852,GRANULITE_KHONDALITE,0.85,1
2_491_0,21.8968392922912,80.7285852276196,0,BASTAR_CRATON,538.0,2.202795,294.8879,427.0,679.5,623.0,961.0,1739.5,1991.0,2190.0,2210.0,1546.0,876.5,-14.89799662296641,-7.586849399203196,PALAEOPROTEROZOIC,,,,GRANITE,MALANJKHAND GRANITE,PALAEOPROTEROZOIC-GRANITE,2.2119108981514994,22,66,4,1,0,0,1,-0.9071329104448256,0.4208442500354495,7.311147223763214,0.55705655,0.1723768736155308,0.4283384965177438,0.3938820560094979,1.4590163900257227,1.7638334263960829,0.4002283103195305,2.4815409269959217,2.275202351324205,2.498573870509328,3.5152487961476724,0.7059360730593607,1.7638334284084427,0.9168506254598968,-0.0936063518400321,0.2763673889468039,0.4283384965177438,0.1866666664888888,CRATONIC_BASEMENT,0.3,1
2_173_0,21.51388748667104,79.79020508182835,0,BASTAR_CRATON,296.0,1.3614148,312.93292,400.0,426.0,303.0,348.0,256.0,252.0,227.5,222.5,163.0,120.0,-30.24133027829944,-22.579469510734217,PALAEOPROTEROZOIC,,SAUSAR,MANSAR,MUSCOVITE SCHIST,,PALAEOPROTEROZOIC-MUSCOVITE-SCHIST,0.1563902155309445,33,99,5,2,1,1,0,-0.7321516612854339,0.681141648173843,7.661860767565223,-0.14231856,0.1651728548907225,0.3093525170953884,-0.2199824711306179,0.75749999810625,1.3583333220138891,0.5274725251539669,0.5379537936041129,0.3826291070830303,1.8958333175347224,0.7508250825082509,0.7164835164835165,1.3583333333333334,0.7112676056338029,-0.1476909006422579,0.1519434623606238,0.3093525170953884,-0.1379800851522331,GONDITE_METAMORPHIC,0.95,1
2_326_0,21.798204274094868,79.9176760206449,0,BASTAR_CRATON,334.0,2.953728,19.748304,525.5,710.0,689.0,1249.5,2051.0,2286.5,2490.5,2600.0,2415.5,1477.5,-14.165124689760829,-7.940154728395425,PALAEOPROTEROZOIC,,SAUSAR,LOHANGI ( INCLUDES UTEKATA),CALC GNEISS,,PALAEOPROTEROZOIC-CALC-GNEISS,0.4799281347893221,33,66,4,2,1,1,0,0.3378888583072479,0.941186017443855,6.224969961365402,0.56659853,0.0152874031766637,0.2552923386453396,0.3508247823481427,1.311132252500224,1.6348561748664254,0.5932543663548467,3.5058055101512258,3.40211267126463,1.6856175961518662,3.614658925979681,0.9698855651475607,1.6348561759729272,0.9704225352112676,0.0144596029712507,0.2409452863496159,0.2552923386453396,0.1346233016594291,GONDITE_METAMORPHIC,0.95,1
1_514_0,21.81733838964661,80.16803649032902,1,BASTAR_CRATON,316.0,3.8363822,344.92847,632.0,804.0,901.0,1230.0,1857.0,2071.0,2327.0,2396.0,2272.0,1571.0,-15.995969417906869,-8.727097333560081,PALAEOPROTEROZOIC,,SAUSAR,MANSAR,PHYLLITE,,PALAEOPROTEROZOIC-PHYLLITE,0.7179127690651286,66,77,5,2,1,1,0,-0.2600247377497289,0.9656019551337832,7.2688720843467856,0.44175962,0.0119591215455622,0.1939456130851858,0.3215664643349237,1.4256329091366569,1.4462126025167328,0.6751181776213502,2.5216426165131605,2.8258706432514047,1.4812221505530094,2.5826859045504995,0.9763644177052,1.446212603437301,1.1206467661691542,0.0348988910575833,0.1824095758047334,0.1939456130851858,0.1754729287831226,GONDITE_METAMORPHIC,0.95,1
1_179_0,21.97445373283912,80.46528901784417,1,BASTAR_CRATON,657.0,8.871756,308.48022,357.0,565.5,468.0,869.0,1869.5,2200.5,2490.0,2418.5,1752.5,946.5,-17.995134420786965,-11.085987221701352,ARCHAEAN,,TIRODI GNEISSIC COMPLEX,,GNEISS/MIGMATITE,,ARCHAEAN-GNEISS-MIGMATITE,0.0875503532201893,44,143,7,3,0,1,0,-0.7828230185285161,0.6222444227648027,6.909147199085613,0.68356997,0.173836181455784,0.4491488431691696,0.4713307983357169,1.310924366075842,1.851558370996769,0.380120481775052,3.7446581116567135,3.0990274038920824,2.63074484666588,5.32051282051282,0.7038152610441767,1.8515583729529848,0.8275862068965517,-0.1236309817220264,0.2986291217863545,0.4491488431691696,0.1345454543823691,GRANULITE_KHONDALITE,0.85,1
2_154_0,22.09922972580332,80.69301194236847,0,BASTAR_CRATON,560.0,5.9843397,270.0,852.5,1065.0,1211.5,1556.5,2023.0,2228.0,2352.0,2555.5,3414.0,2471.5,-18.86525950932424,-11.010550744254886,PALAEOPROTEROZOIC,,SAUSAR,SITASAONGI,SCHISTOSE GRIT,,PALAEOPROTEROZOIC-SCHISTOSE-GRIT,0.267213778919121,55,55,5,3,1,1,0,-1.0,-1.8369701987210292e-16,7.854708765069347,0.3200505,-0.1841831425278905,-0.0247745413030424,0.242947470758038,1.42111436783447,1.3813473593439825,1.0508078226824795,2.817994219712757,3.2056337998069164,0.9516487958925152,1.9413949649195208,1.451530612244898,1.381347359902893,1.1375586854460094,0.1814814814583037,0.1601393254336693,-0.0247745413030424,0.1739341084428614,GONDITE_METAMORPHIC,0.95,1
1_5_0,21.449747775384907,79.76810652583902,1,BASTAR_CRATON,281.0,2.9529178,19.704397,468.0,624.0,515.0,566.0,457.0,456.0,393.0,377.0,323.0,222.0,-27.383312633349966,-21.587510006435355,PALAEOPROTEROZOIC,,SAUSAR,CHORBAOLI,QUARTZITE,,PALAEOPROTEROZOIC-QUARTZITE,0.419621975706741,66,165,7,2,1,1,0,0.3371675078826891,0.9414446726325328,5.795802626914611,-0.13436124,0.0977653629919478,0.278048780035693,-0.2004241779422861,1.1004273480760098,1.454954948401104,0.5648854947458385,0.6271844648015835,0.5176282042986727,1.77027026229608,0.7631067961165049,0.821882951653944,1.454954954954955,0.8253205128205128,-0.0135373749184594,0.1853211005773924,0.278048780035693,0.0478128178557346,GONDITE_METAMORPHIC,0.95,1
2_1163_0,21.450017269970143,80.15429226648199,0,BASTAR_CRATON,321.0,0.99641186,90.0,580.0,798.0,649.0,1120.0,2336.0,2629.0,2742.0,2850.0,1647.0,979.0,-13.15624179984423,-7.168142541824844,ARCHAEAN,,AMGAON GNEISSIC COMPLEX,,GRANITE GNEISS/MIGMATITE,,ARCHAEAN-GRANITE-GNEISS-MIGMATITE,1.0729269761661209,11,110,4,0,0,1,0,1.0,6.123233995736766e-17,5.9880992580193855,0.6172221,0.2494873546936688,0.4737973661720512,0.4357682618549702,1.1189655153121283,1.6823289053295925,0.3570386577837204,2.5377503812977653,2.063909771849737,2.800817157506826,4.224961479198767,0.600656455142232,1.682328907048008,0.8132832080200502,-0.1826272694584145,0.2543792839853849,0.4737973661720512,0.0561432058127394,GRANULITE_KHONDALITE,0.85,1
2_1068_0,21.998977740095583,80.36746248340356,0,BASTAR_CRATON,610.0,1.8543341,-0.0,648.0,849.0,1058.0,1436.0,1863.0,2142.5,2281.5,2531.5,3499.5,2519.5,-16.276283073155405,-9.076392322034255,PALAEOPROTEROZOIC,,SAUSAR,MANSAR,MUSCOVITE SCHIST,,PALAEOPROTEROZOIC-MUSCOVITE-SCHIST,0.0667211894872727,88,154,7,3,1,1,0,-0.0,1.0,7.199890751121149,0.3663722,-0.2106901919718577,-0.0495730056135028,0.2761184624382814,1.6327160468630926,1.3889660641440895,1.1043173346025346,3.3076559515050508,4.1219081223534655,0.9055368125002832,2.156427221172023,1.5338593030900722,1.388966064695376,1.2461719670200235,0.2174435688236351,0.1628177437842136,-0.0495730056135028,0.2403282530830432,GONDITE_METAMORPHIC,0.95,1
1_136_0,21.45055625914061,79.76810652583902,1,BASTAR_CRATON,283.0,2.9529197,160.2955,469.0,628.0,494.0,562.0,422.0,424.0,369.0,362.0,295.0,215.0,-27.3336939342762,-21.571751030631127,PALAEOPROTEROZOIC,,SAUSAR,CHORBAOLI,QUARTZITE,,PALAEOPROTEROZOIC-QUARTZITE,0.3602274118206485,66,165,7,2,1,1,0,0.3371692003069985,-0.9414440665086478,5.761942903645071,-0.14484356,0.11144578296469,0.2636986296854475,-0.2164502162159629,1.05330490180532,1.372093016873986,0.5826558249792525,0.597165990693996,0.4697452221819344,1.7162790617847483,0.7469635627530364,0.7994579945799458,1.372093023255814,0.7866242038216561,-0.0301167793299835,0.1568627447904652,0.2636986296854475,0.0259605399522735,GONDITE_METAMORPHIC,0.95,1
2_432_0,22.0367069820286,80.66552349467442,0,BASTAR_CRATON,593.0,4.86282,124.807335,654.5,903.0,1016.0,1446.5,2147.0,2415.0,2707.0,2718.0,2879.0,2078.0,-16.292622897316903,-8.93858715248128,PALAEOPROTEROZOIC,,,,GRANITE,MALANJKHAND GRANITE,PALAEOPROTEROZOIC-GRANITE,1.8061838435799384,44,66,6,2,0,0,1,0.8210761397107322,-0.5708186864475637,7.354035744835624,0.4542036,-0.0307912638684584,0.1314524555629148,0.3053187656848796,1.5523300205464785,1.3854667943284569,0.7676394529857261,2.8336614145337977,3.1882613475213053,1.3026948983143911,2.6643700787401574,1.0635389730328777,1.3854667949951878,1.1251384274640088,0.0735202921417322,0.1615896711394815,0.1314524555629148,0.2164022746384901,CRATONIC_BASEMENT,0.3,1
1_81_0,21.99924723468082,80.23271519078563,1,BASTAR_CRATON,444.0,8.159175,283.05054,363.0,498.5,386.0,846.0,1697.0,2014.5,2152.0,2274.5,1578.5,746.0,-16.138790444579193,-9.073617901393291,PALAEOPROTEROZOIC,,SAUSAR,MANSAR,BIOTITE SCHIST,,PALAEOPROTEROZOIC-BIOTITE-SCHIST,0.0843583162375967,55,143,6,3,1,1,0,-0.9741712587997796,0.2258104482269423,7.0651725431859,0.6958235,0.1537327435588439,0.485162180646942,0.4577792019042528,1.0633608786133308,2.1159517397909493,0.3466542749318521,4.089378227747725,3.166499492143432,2.884718494792603,5.575129533678757,0.733503717472119,2.1159517426273458,0.7743229689067201,-0.1228931800149808,0.3581415356600811,0.485162180646942,0.0307076101058643,GONDITE_METAMORPHIC,0.95,1
1_456_0,21.86503893123336,79.97912078607868,1,BASTAR_CRATON,346.0,4.759007,141.05714,555.0,749.0,713.0,1255.0,2116.0,2477.0,2556.0,2777.0,2511.0,1530.0,-15.88954815930997,-8.71987715975005,ARCHAEAN,,TIRODI GNEISSIC COMPLEX,,GNEISS/MIGMATITE,,ARCHAEAN-GNEISS-MIGMATITE,0.5801643160626491,44,88,5,2,0,1,0,0.6285450452206663,-0.7777731842436781,7.169670999559919,0.56378096,0.0088809946696504,0.251101321524449,0.3774801586365376,1.2846846823699376,1.6411764695155708,0.598591549061584,3.521739125495457,3.352469955470668,1.6705882342022298,3.584852734922861,0.9823943661971832,1.6411764705882352,0.951935914552737,0.0178374112047612,0.2427616925902594,0.251101321524449,0.124605678135169,GRANULITE_KHONDALITE,0.85,1
2_1495_0,22.12294524930408,80.26128161682063,0,BASTAR_CRATON,604.0,4.7335024,167.81712,395.0,503.5,480.5,904.0,1703.0,2022.5,2251.5,2333.0,1728.5,846.0,-14.457714156009471,-8.175800108863797,ARCHAEAN,,TIRODI GNEISSIC COMPLEX,,GNEISS/MIGMATITE,,ARCHAEAN-GNEISS-MIGMATITE,1.1634098157693853,33,55,3,1,0,1,0,0.2110327347971761,-0.9774789945794358,6.281914047145676,0.64824307,0.1314070351428625,0.4537530264878925,0.4414581401169422,1.216455693122897,2.043144205622761,0.3757495001662227,3.597294477424985,3.4329692086733483,2.6613475145846954,4.685744016649323,0.7677104152787031,2.043144208037825,0.9543197616683218,-0.0901040057480992,0.3427850066642902,0.4537530264878925,0.0976584807565294,GRANULITE_KHONDALITE,0.85,1
2_1440_0,21.828118173056048,80.42163089503596,0,BASTAR_CRATON,644.0,2.9537978,160.24791,659.0,926.0,1142.0,1599.0,2331.0,2603.0,2725.0,2933.0,3316.0,2680.0,-17.486152486445818,-10.67342558892524,ARCHAEAN,,TIRODI GNEISSIC COMPLEX,,GNEISS/MIGMATITE,,ARCHAEAN-GNEISS-MIGMATITE,1.107886408490076,33,66,4,0,0,1,0,0.3379510494149454,-0.9411636883132164,6.812726897520577,0.40936127,-0.0978314848373064,0.0083256244202912,0.2943512797232234,1.732928677188272,1.2373134323741368,0.9834862381711976,2.9036777557761138,3.580993516651195,1.01679104439672,2.3861646234676006,1.216880733944954,1.2373134328358208,1.2332613390928726,0.1369548584370116,0.1060707137915158,0.0083256244202912,0.2681843418832957,GRANULITE_KHONDALITE,0.85,1
2_684_0,21.46187503172052,80.05727421579708,0,BASTAR_CRATON,303.0,2.952946,160.29408,592.0,819.25,785.8333333333334,1300.5,1894.0,2071.6,2162.0,2386.5,2331.0,1572.5,-14.955596711631689,-8.44210603440489,ARCHAEAN,,AMGAON GNEISSIC COMPLEX,,GRANITE GNEISS/MIGMATITE,,ARCHAEAN-GRANITE-GNEISS-MIGMATITE,0.0857630032964893,55,88,6,1,0,1,0,0.3371925326475773,-0.9414357099275088,6.513490677226798,0.46684006,-0.0376140663170233,0.1578524567792603,0.2945484132642939,1.3274211689289055,1.4823529402337976,0.7273357998485959,2.9662778329167194,2.845285318467763,1.3748807622417292,2.7512195121951217,1.078168362627197,1.4823529411764709,0.9592106601566474,0.0618026969376631,0.1943127961587517,0.1578524567792603,0.1406798111958293,GRANULITE_KHONDALITE,0.85,1
2_661_0,21.3166174502784,80.01577204967076,0,BASTAR_CRATON,333.0,1.360431,47.0285,426.0,577.0,490.0,900.0,1720.0,2044.0,2125.0,2263.0,1576.0,776.0,-14.307502412763997,-8.069165769181701,PALAEOPROTEROZOIC,,SAKOLI,DHABETEKRI,PHYLLITE,,PALAEOPROTEROZOIC-PHYLLITE,0.790944863643665,88,198,7,2,0,1,0,0.73169284995838,0.6816344865980474,6.238336643582294,0.625239,0.1483382869093925,0.4650120646449459,0.4309200125099842,1.150234739083956,2.030927832434372,0.3651764704163875,3.216326524048313,2.731369146046154,2.7384020583268014,4.336734693877551,0.7416470588235294,2.0309278350515463,0.8492201039861352,-0.105046567012119,0.340136054277153,0.4650120646449459,0.0698689955569115,GONDITE_METAMORPHIC,0.75,1
2_713_0,21.475888750152784,79.54334804175231,0,BASTAR_CRATON,373.0,0.99658847,90.0,926.0,1215.0,1519.0,1874.0,2451.0,2728.0,2952.0,3128.0,3740.0,2746.0,-17.53457988624453,-10.23305017801054,ARCHAEAN,,TIRODI GNEISSIC COMPLEX,,GNEISS/MIGMATITE,,ARCHAEAN-GNEISS-MIGMATITE,0.4261987386543719,55,176,6,3,0,1,0,1.0,6.123233995736766e-17,7.301529708233989,0.32050994,-0.1177525403290865,0.0361530361466912,0.2506997200618353,1.64038876712701,1.361981062868907,0.9302168018529076,2.462146147161194,3.0781892978780334,1.0750182079115012,1.9433838051349568,1.2669376693766938,1.3619810633648943,1.2502057613168724,0.151143701417189,0.1532531606300874,0.0361530361466912,0.2425357872218667,GRANULITE_KHONDALITE,0.85,1
2_65_0,21.81518243296473,79.73846212146307,0,BASTAR_CRATON,510.0,5.036568,23.30903,473.5,632.5,554.0,1062.0,1884.5,2164.5,2395.0,2424.5,2157.0,1289.5,-15.57048683200085,-8.933185161291972,ARCHAEAN,,TIRODI GNEISSIC COMPLEX,,GNEISS/MIGMATITE,,ARCHAEAN-GNEISS-MIGMATITE,0.590485582101247,22,77,5,2,0,1,0,0.39569024776755,0.9183840306874108,6.637301670708878,0.62427944,0.0522847100060885,0.3000407110055528,0.3907930588295445,1.1700105571911077,1.6727413713278467,0.538413360944295,3.89350179802617,3.410276674450156,1.8573090330691668,4.323104693140794,0.9006263048016702,1.6727413726250484,0.8758893280632412,-0.0282283358673307,0.251704627810328,0.3000407110055528,0.0783454987072063,GRANULITE_KHONDALITE,0.85,1
1_92_0,21.85156420197157,80.22597782615473,1,BASTAR_CRATON,309.0,3.4217794,324.31128,1220.0,1394.0,1491.0,1731.0,1812.0,1854.0,1789.0,1896.0,2050.0,1843.0,-11.874267990317437,-4.418988869529692,PALAEOPROTEROZOIC,,SAUSAR,MANSAR,PHYLLITE,,PALAEOPROTEROZOIC-PHYLLITE,0.8145186521799488,44,88,5,1,1,1,0,-0.583381322614827,0.8121983947436582,7.455279120787743,0.09085366,-0.0679864547882296,-0.014867841405598,0.0454921422537931,1.2221311465392366,1.112316874057343,1.030184460016666,1.3749161627264144,1.4705882342391765,0.9706999452139446,1.1998658618376927,1.145891559530464,1.112316874660879,1.069583931133429,0.0812213740334013,0.0531723606336572,-0.014867841405598,0.0999631132054728,GONDITE_METAMORPHIC,0.95,1
1_178_0,21.84967773987492,80.22840327742185,1,BASTAR_CRATON,321.0,15.08298,302.72375,625.0,730.0,661.0,875.0,1191.0,1276.0,1281.0,1331.0,1179.0,937.0,-13.01526763786407,-5.51987616826554,PALAEOPROTEROZOIC,,SAUSAR,MANSAR,PHYLLITE,,PALAEOPROTEROZOIC-PHYLLITE,0.4933506852933486,44,88,5,1,1,1,0,-0.841286771562977,0.5405890934833436,7.49539146959853,0.3192585,0.0414634146172913,0.1550946798218689,0.2067089754276024,1.05759999830784,1.2582710765653458,0.7314597964625605,1.7836611168174568,1.6150684909382624,1.3671291340799048,1.9379727685325263,0.9203747072599532,1.2582710779082178,0.9054794520547944,-0.0176187933749015,0.1143667296245904,0.1550946798218689,0.0279937791384185,GONDITE_METAMORPHIC,0.95,1
2_1242_0,21.64054994173189,79.87320941408099,0,BASTAR_CRATON,348.0,4.0800185,47.092056,529.2,829.8,683.8,1273.6666666666663,2108.2833333333333,2399.166666666667,2452.5,2640.6666666666665,2156.0,1384.1666666666663,-14.878760816421066,-7.998027090214177,ARCHAEAN,,TIRODI GNEISSIC COMPLEX,,GNEISS/MIGMATITE,,ARCHAEAN-GNEISS-MIGMATITE,0.2412936321290851,44,55,4,2,0,1,0,0.7324485105089922,0.6808224287236422,6.880733726206889,0.56394476,0.0643376369611939,0.2784535186068324,0.3492293280211456,1.2921390754116795,1.557615892914426,0.5643900779214175,3.1529686996885515,2.5982164345646948,1.7718242010077132,3.586575021936239,0.8791029561671764,1.557615894039735,0.8240539889129911,-0.0243751610367816,0.2180217503268147,0.2784535186068324,0.1274525967621989,GRANULITE_KHONDALITE,0.85,1
1_311_0,21.998977740095583,80.23298468537087,1,BASTAR_CRATON,449.0,6.821703,324.2832,395.0,590.5,466.0,949.0,1960.5,2307.5,2551.0,2554.0,1734.5,828.5,-15.964111358126573,-9.014857372853909,PALAEOPROTEROZOIC,,SAUSAR,MANSAR,BIOTITE SCHIST,,PALAEOPROTEROZOIC-BIOTITE-SCHIST,0.114349713262759,55,154,6,3,1,1,0,-0.5837793015942674,0.8119123887650129,6.949253985272666,0.69108385,0.1905261929318571,0.5096907825093384,0.4581787038372313,1.1797468324563372,2.0935425442443663,0.3247745980694729,3.7221029963045,2.9373412312661453,3.079058535812844,5.4742489270386265,0.6799294394355155,2.0935425467712734,0.7891617273497037,-0.1448557271650916,0.3534920014227499,0.5096907825093384,0.0824622530981855,GONDITE_METAMORPHIC,0.95,1
2_1411_0,21.768559869718924,79.66596807803462,0,BASTAR_CRATON,380.0,3.5194495,301.76273,507.5,688.0,637.0,1136.5,1844.5,2066.0,2228.0,2352.5,2003.5,1091.5,-15.868485752548583,-7.719802104368792,ARCHAEAN,,TIRODI GNEISSIC COMPLEX,,GNEISS/MIGMATITE,,ARCHAEAN-GNEISS-MIGMATITE,0.3258961804357336,66,99,3,1,0,1,0,-0.8502352895807805,0.5264028422714739,8.14868364817979,0.5553229,0.0530544723967731,0.3423708388786351,0.3485239322589499,1.2551724113198572,1.835547410136924,0.4899012565126117,3.1452119259886784,2.912063949255721,2.0412276664762,3.497645211930926,0.8992369838420108,1.8355474118185984,0.9258720930232558,-0.0176711309490939,0.2946688205833057,0.3423708388786351,0.1131498469959372,GRANULITE_KHONDALITE,0.85,1
2_230_0,22.171723769231765,80.13246320507788,0,BASTAR_CRATON,388.0,3.4244075,215.75003,478.0,613.5,662.5,1054.0,1807.5,2115.5,2276.5,2399.0,1613.0,845.5,-14.508881229194506,-7.972542361645155,ARCHAEAN,,TIRODI GNEISSIC COMPLEX,,GNEISS/MIGMATITE,,ARCHAEAN-GNEISS-MIGMATITE,0.6665589220649355,22,55,3,1,0,1,0,-0.5842500905764976,-0.8115736760524914,6.53633886754935,0.5491664,0.170587479066567,0.4583600254777835,0.3895163624704557,1.38598326069878,1.9077468930718544,0.3714034700762559,2.434716977457031,2.6291768498301926,2.6924896479095333,3.43622641509434,0.7085438172633428,1.907746895328208,1.0798696006519968,-0.0952286282116841,0.312182224806922,0.4583600254777835,0.1617711528612265,GRANULITE_KHONDALITE,0.85,1
1_565_0,21.99843875092511,80.23271519078563,1,BASTAR_CRATON,459.0,18.792437,342.07068,448.0,619.5,498.0,953.0,2036.0,2487.5,2500.5,2677.5,1660.0,791.0,-15.242739986917869,-8.554119613903119,PALAEOPROTEROZOIC,,SAUSAR,MANSAR,BIOTITE SCHIST,,PALAEOPROTEROZOIC-BIOTITE-SCHIST,0.1743587235691507,55,154,6,3,1,1,0,-0.3078435374501053,0.9514369955231956,6.68862037301475,0.6678339,0.2020189880538351,0.5193680691115394,0.4750034429210843,1.111607140375877,2.098609352593414,0.3163367325269599,3.333333326639893,2.6795803023735587,3.1611883651565256,5.021084337349397,0.6638672265546891,2.0986093552465235,0.8038740920096852,-0.1548027024077543,0.3545491634620362,0.5193680691115394,0.0528541225656933,GONDITE_METAMORPHIC,0.95,1
2_293_0,21.43196113275934,79.66327313218227,0,BASTAR_CRATON,290.0,2.1046996,28.24212,590.0,827.0,812.0,1226.0,2248.0,2654.0,2802.0,2915.0,2064.0,1213.0,-15.677222199554512,-9.318045189575429,PALAEOPROTEROZOIC,,SAUSAR,MANSAR,MUSCOVITE SCHIST,,PALAEOPROTEROZOIC-MUSCOVITE-SCHIST,2.088978302565861,22,55,4,2,1,1,0,0.4731985120921878,0.8809558264486022,6.359177009979083,0.5506364,0.1516646115594606,0.3957658778590869,0.4078724944680336,1.3762711841080149,1.7015663629830449,0.4329050676542095,2.541871918051882,2.4957678325323243,2.309975266026401,3.450738916256157,0.7366167023554604,1.7015663643858203,0.9818621523579202,-0.082322910006011,0.2596887396217001,0.3957658778590869,0.1583452209997537,GONDITE_METAMORPHIC,0.95,1
1_511_0,21.849138750704444,80.22624732073997,1,BASTAR_CRATON,308.0,1.9977337,270.0,653.0,740.0,749.0,917.0,1107.0,1184.0,1240.0,1266.0,1331.0,1221.0,-15.273712462473146,-8.598758486765952,PALAEOPROTEROZOIC,,SAUSAR,MANSAR,PHYLLITE,,PALAEOPROTEROZOIC-PHYLLITE,0.6606387848886266,44,88,5,1,1,1,0,-1.0,-1.8369701987210292e-16,6.674953975707194,0.24685772,-0.0353947880064586,0.0077204388428604,0.1598717360696877,1.1470137807855838,1.090090089197305,0.984677418560744,1.7770360456915406,1.7986486462180424,1.0155610147292702,1.6555407209612818,1.0733870967741936,1.09009009009009,1.012162162162162,0.0470677070105543,0.043103448258972,0.0077204388428604,0.0684736090809745,GONDITE_METAMORPHIC,0.95,1
1_41_0,21.533021602222785,79.98154623734581,1,BASTAR_CRATON,278.0,0.92740995,-0.0,721.5,964.5,895.5,1381.0,2216.0,2598.0,2692.5,2743.0,1868.0,1109.5,-16.853220003144873,-9.165653210291143,ARCHAEAN,,TIRODI GNEISSIC COMPLEX,,GNEISS/MIGMATITE,,ARCHAEAN-GNEISS-MIGMATITE,0.3421540786290337,33,77,4,1,0,1,0,-0.0,1.0,7.687566792853728,0.50083613,0.1807915798309853,0.4163598105164756,0.3302618815882003,1.241164239443986,1.6836412783383132,0.4120705662350713,2.085985480640999,1.9367547932226488,2.4267688125941693,3.006700167504188,0.6937790157845868,1.683641279855791,0.9284603421461898,-0.10530149735244,0.2547439125928652,0.4163598105164756,0.1076066789687033,GRANULITE_KHONDALITE,0.85,1
1_186_0,21.68366907536963,79.7319942514174,1,BASTAR_CRATON,335.0,1.3622711,312.8994,1334.5,1552.5,1701.5,2002.6666666666667,2290.833333333333,2445.333333333333,2358.0,2495.5,2806.5,2424.5,-16.66945477624989,-8.78627723187561,ARCHAEAN,,TIRODI GNEISSIC COMPLEX,,GNEISS/MIGMATITE,,ARCHAEAN-GNEISS-MIGMATITE,0.1943034739267318,33,132,5,2,0,1,0,-0.7325500272394829,0.6807131977502955,7.883177544374279,0.16171943,-0.086842869573658,-0.0139048614712169,0.1095631553352336,1.2750093658486252,1.157558258957493,1.0282018655520773,1.6494269752280768,1.8077294674346347,0.9725716638595292,1.3858360270349692,1.190203562340967,1.157558259434935,1.09597423510467,0.0994451557710572,0.0730261900070682,-0.0139048614712169,0.1208827404081414,GRANULITE_KHONDALITE,0.85,1
2_287_0,21.63947196339095,79.82928179668755,0,BASTAR_CRATON,345.0,2.722557,312.90817,632.5,830.25,959.75,1337.5,1892.5,2166.5,2316.75,2470.5,2939.75,1980.5,-19.11919693332296,-11.956091601746824,ARCHAEAN,,TIRODI GNEISSIC COMPLEX,,GNEISS/MIGMATITE,,ARCHAEAN-GNEISS-MIGMATITE,0.8327260507261062,55,77,4,2,0,1,0,-0.7324458250372762,0.680825317820558,7.16310533157613,0.41416144,-0.118519927686004,0.0782477165447093,0.2975315125269087,1.5173913019487884,1.4843473862739978,0.8548613355541766,3.063037246092173,3.5408009593004506,1.1697803579046804,2.4139098723625945,1.2689111902449552,1.484347387023479,1.1559771153267089,0.1387479466853443,0.1949596056714679,0.0782477165447093,0.2055267701645302,GRANULITE_KHONDALITE,0.85,1
2_74_0,21.51038405706297,79.95378829506652,0,BASTAR_CRATON,280.0,2.1979384,294.94672,603.0,838.0,870.5,1348.0,2046.5,2394.5,2467.0,2673.5,2532.0,1729.0,-16.340206605552133,-9.082503987816889,ARCHAEAN,,AMGAON GNEISSIC COMPLEX,,GRANITE GNEISS/MIGMATITE,,ARCHAEAN-GRANITE-GNEISS-MIGMATITE,1.155953232249977,33,44,3,1,0,1,0,-0.9067003926720903,0.4217752931695702,7.257702617735244,0.47835207,-0.0130026005175029,0.1758817921411149,0.3296033817407426,1.4436152546540375,1.4644303056885886,0.7008512360353258,2.908673172994057,3.0214797099982342,1.4268363207479258,2.834003446295233,1.026347790839076,1.4644303065355695,1.0387828162291168,0.0513711857780809,0.1884534146471594,0.1758817921411149,0.1815405495883674,GRANULITE_KHONDALITE,0.85,1
1_152_0,21.84994723446016,80.22516934239903,1,BASTAR_CRATON,306.0,2.1060662,331.6887,651.0,698.0,695.0,781.0,773.0,798.0,800.0,803.0,815.0,687.0,-21.56144569367948,-12.326759964723228,PALAEOPROTEROZOIC,,SAUSAR,MANSAR,PHYLLITE,,PALAEOPROTEROZOIC-PHYLLITE,0.8025248053749563,44,88,5,1,1,1,0,-0.4742618495113119,0.8803838356638027,9.23468572895625,0.07023411,-0.0092879256908433,0.0759919300094203,0.0138888888801206,1.0675883240129211,1.1863173199616923,0.8587499989265625,1.172661868816314,1.1676217748314874,1.1644832588581029,1.1510791366906474,1.01875,1.1863173216885008,0.995702005730659,0.0199257007700352,0.0852197070005194,0.0759919300094203,0.0326894501985962,GONDITE_METAMORPHIC,0.95,1
2_669_0,21.86261347996624,79.84679894472788,0,BASTAR_CRATON,526.0,2.1061077,151.68658,393.0,553.0,513.0,927.0,1988.0,2284.0,2591.0,2590.0,1965.0,1072.0,-13.385899400926512,-6.907523346896591,ARCHAEAN,,TIRODI GNEISSIC COMPLEX,,GNEISS/MIGMATITE,,ARCHAEAN-GNEISS-MIGMATITE,0.8131487558024254,22,33,2,1,0,1,0,0.4742944242514757,-0.8803662869078763,6.478376054029921,0.66945875,0.1374012291182174,0.4146874145742049,0.4728461755834955,1.3053435081288969,1.8330223863497923,0.4137398686168507,3.830409349258461,3.553345382362848,2.416977609685655,5.050682261208577,0.7583944423002702,1.8330223880597007,0.9276672694394212,-0.0926400585696374,0.294040171124781,0.4146874145742049,0.1324503309796354,GRANULITE_KHONDALITE,0.85,1
2_194_0,21.90546311901874,79.82766482917613,0,BASTAR_CRATON,551.0,1.8543341,-0.0,388.0,579.0,462.0,1004.0,1959.0,2216.0,2189.0,2462.0,2005.0,1146.0,-15.33160782296846,-8.091683191896118,ARCHAEAN,,TIRODI GNEISSIC COMPLEX,,GNEISS/MIGMATITE,,ARCHAEAN-GNEISS-MIGMATITE,1.7339583541677648,11,33,2,1,0,1,0,-0.0,1.0,7.239924631072343,0.6514523,0.0438721983681754,0.3127436280921308,0.4206578186899429,1.1907216464156658,1.74956369829881,0.5235267242925872,4.339826830433275,3.462867006109038,1.910122162382092,4.738095238095238,0.9159433531292828,1.74956369982548,0.7979274611398963,-0.0218080888140745,0.2726118691613418,0.3127436280921308,0.0870588234269896,GRANULITE_KHONDALITE,0.85,1
2_210_0,21.73110012237114,80.45855165321328,0,BASTAR_CRATON,320.0,4.205675,208.29147,514.0,713.5,684.5,1082.5,2057.0,2348.5,2572.0,2770.5,1985.0,1141.5,-14.506221382605696,-7.8974914391619855,ARCHAEAN,,AMGAON GNEISSIC COMPLEX,,AMPHIBOLITE,,ARCHAEAN-AMPHIBOLITE,0.1986928051390027,55,110,7,3,0,1,0,-0.4739571213319665,-0.8805479243849909,6.608729943443709,0.57961,0.1288128154204931,0.3852161033027558,0.4381001815629119,1.3317120596659298,1.7389399897162154,0.4438180402629012,2.899926949744445,2.782060262393749,2.2531756441058466,3.757487216946677,0.7717729393468118,1.738939991239597,0.959355290819902,-0.0723655633615905,0.2697905004734398,0.3852161033027558,0.1422611596643628,CRATONIC_BASEMENT,0.3,1
2_845_0,21.430344165247924,80.15995165277195,0,BASTAR_CRATON,321.0,4.849094,304.92072,611.0,829.0,811.0,1235.0,2029.0,2240.0,2315.0,2582.0,2320.0,1557.0,-15.838641032077138,-9.65730261621966,ARCHAEAN,,AMGAON GNEISSIC COMPLEX,,GRANITE GNEISS/MIGMATITE,,ARCHAEAN-GRANITE-GNEISS-MIGMATITE,2.01933455966105,11,88,4,0,0,1,0,-0.8199449158664699,0.572442429371485,6.181338415857479,0.48112604,-0.0010787486513314,0.1957644627593583,0.3528949435805882,1.327332240053466,1.4900449572960532,0.6725701940939222,2.86066584110892,2.798552469483049,1.4868336535087772,2.854500616522812,1.0021598272138228,1.4900449582530508,0.9782870928829916,0.0338451378514371,0.1968016507101362,0.1957644627593583,0.1406469759911062,GRANULITE_KHONDALITE,0.85,1
2_424_0,21.991701386294213,80.49870634641341,0,BASTAR_CRATON,799.0,14.468438,160.22697,352.0,561.0,477.5,956.5,1856.0,2129.0,2316.0,2394.5,1620.0,830.5,-12.3396965712501,-5.587614976116598,LATE CRETACEOUS - PALAEOCENE,DECCAN TRAP,AMARKANTAK,MANDLA,BASALT,,LATE-CRETACEOUS-PALAEOCENE-BASALT,0.0126284362201462,165,275,10,3,0,0,0,0.3382949957613482,-0.941040113833002,6.752081595133504,0.65813494,0.1768292682477568,0.4721118701820715,0.429125634011004,1.3565340870553009,1.9506321469589016,0.3585924005360136,3.3926701499629943,2.887700529611942,2.788681513800504,4.850261780104712,0.6994818652849741,1.950632149307646,0.8511586452762924,-0.1197146154402025,0.3221791469813592,0.4721118701820715,0.1512959612401495,OTHER_UNDIVIDED,0.1,1
2_710_0,21.943461855536995,79.92872529863958,0,BASTAR_CRATON,395.0,5.506099,212.89732,390.0,514.0,380.0,861.0,1745.0,2138.0,2210.0,2397.0,1787.0,856.0,-13.81520766059256,-7.609319487725695,ARCHAEAN,,TIRODI GNEISSIC COMPLEX,,GNEISS/MIGMATITE,,ARCHAEAN-GNEISS-MIGMATITE,0.6293792390654,33,88,4,3,0,1,0,-0.5431351762851321,-0.839645270505181,6.205888172866864,0.7065637,0.1058293720025445,0.4416177428435689,0.4714548801499524,0.974358971860618,2.087616819991102,0.3873303165668189,4.702631566572022,3.4766536897341367,2.5817756979184865,5.815789473684211,0.8085972850678733,2.0876168224299065,0.7392996108949417,-0.0908328088754284,0.3522512295299844,0.4416177428435689,-0.0129870129701467,GRANULITE_KHONDALITE,0.85,1
2_216_0,21.877705176739447,80.31167710425973,0,BASTAR_CRATON,482.0,9.64944,304.83737,418.0,591.0,469.0,989.0,2232.0,2523.0,2628.0,2805.0,1639.0,761.0,-15.219430539842689,-8.688073786765713,ARCHAEAN,,TIRODI GNEISSIC COMPLEX,,GNEISS/MIGMATITE,,ARCHAEAN-GNEISS-MIGMATITE,1.0802823343601196,44,88,6,2,0,1,0,-0.820776798251718,0.5712490240268762,6.531356753076974,0.69712627,0.231778767229487,0.5508999703302154,0.4786505006645623,1.122009566693757,2.153745069443173,0.2895738202855503,3.494669502143562,2.7732656467457435,3.4533508496013785,5.603411513859276,0.6236681887366818,2.1537450722733245,0.7935702199661591,-0.1819945672910371,0.3658333331809028,0.5508999703302154,0.0574971814458881,GRANULITE_KHONDALITE,0.85,1
1_400_0,21.863960952892416,79.9799292698344,1,BASTAR_CRATON,342.0,2.9953926,90.0,653.0,814.0,862.0,1278.0,1617.0,1787.0,1840.0,1946.0,2564.0,1807.0,-22.962348685039903,-14.404087318921295,ARCHAEAN,,TIRODI GNEISSIC COMPLEX,,GNEISS/MIGMATITE,,ARCHAEAN-GNEISS-MIGMATITE,0.6628972934571952,44,88,5,2,0,1,0,1.0,6.123233995736766e-17,8.55826136611861,0.36195412,-0.164396003595732,0.0090485330383744,0.2071960297124082,1.3200612537211929,1.418926396558425,0.9820652168575732,2.9744779547859883,3.149877146007522,1.018262312662832,2.1345707656612527,1.3934782608695653,1.4189263973436634,1.058968058968059,0.1576279776723047,0.1731869137100922,0.0090485330383744,0.1379537952884793,GRANULITE_KHONDALITE,0.85,1
2_690_0,21.620068353253966,79.83089876419896,0,BASTAR_CRATON,346.0,0.997579,90.0,872.5,1194.75,1547.2,1848.3333333333333,2242.4,2484.875,2598.333333333333,2770.5,3513.5,2649.2,-18.76340029842314,-10.651560862420624,ARCHAEAN,,TIRODI GNEISSIC COMPLEX,,GNEISS/MIGMATITE,,ARCHAEAN-GNEISS-MIGMATITE,1.2334813187492677,66,88,4,2,0,1,0,1.0,6.123233995736766e-17,8.111839436002514,0.25355804,-0.1497368492569491,-0.0096934432667361,0.1996535921337307,1.7732951269073982,1.3262494332907109,1.0195766513074112,2.2708764204557417,2.9407825880386835,0.9807992346189544,1.6793778007583593,1.3522129570237331,1.3262494337913333,1.294998953756016,0.1863518085627806,0.1402469696496265,-0.0096934432667361,0.2788362192508013,GRANULITE_KHONDALITE,0.85,1
2_975_0,22.10327214458185,80.27475634608243,0,BASTAR_CRATON,556.0,7.5833645,148.33554,409.0,562.5,452.5,934.5,2022.5,2389.0,2510.5,2649.0,1678.0,785.0,-12.934149476959448,-5.539728578212864,ARCHAEAN,,TIRODI GNEISSIC COMPLEX,,GNEISS/MIGMATITE,,ARCHAEAN-GNEISS-MIGMATITE,0.7934521619449851,33,77,4,2,0,1,0,0.5249438003791426,-0.851136890543174,7.394420898746584,0.6945663,0.1987585053840853,0.5235927778717667,0.4784428629891327,1.1063569655101295,2.137579615111364,0.312686715669115,3.7082872846225694,2.9831111058078026,3.198089167900523,5.548066298342541,0.6683927504481179,2.137579617834395,0.8044444444444444,-0.1562376237314381,0.3625659763042769,0.5235927778717667,0.0504933255362816,GRANULITE_KHONDALITE,0.85,1
2_195_0,22.121867270963133,80.55449172555724,0,BASTAR_CRATON,544.0,3.4239957,144.25957,632.0,823.0,997.0,1451.5,2018.5,2260.0,2405.5,2638.0,3284.5,2364.5,-17.07313996761997,-11.125457163593993,PALAEOPROTEROZOIC,,SAUSAR,JUNEWANI,GREY & PINK GNEISS/QTZ-BIOTITE-SILLIMANITE GNEISS,,PALAEOPROTEROZOIC-GREY-PINK-GNEISS-QTZ-BIOTITE-SILLIMANITE-GNEISS,2.897742128354174,44,55,5,3,1,1,0,0.5841141019015611,-0.8116715567024217,5.947682804025977,0.41396034,-0.1544815465457853,0.0085953878388688,0.2901332680547418,1.5775316430735258,1.389088601654012,0.982955726051567,3.294383146144049,3.9908869939357374,1.017339817713115,2.412738214643932,1.36541259613386,1.3890886022414888,1.2114216281895505,0.169968574918709,0.1628606832779499,0.0085953878388688,0.2240638427108263,GONDITE_METAMORPHIC,0.95,1
2_174_0,22.21942431081852,80.44345995644007,0,BASTAR_CRATON,537.0,6.5407243,8.772476,649.5,885.5,1142.0,1578.5,2116.0,2402.0,2626.5,2758.0,3581.5,2678.5,-17.191596093788576,-9.34418599307243,PALAEOPROTEROZOIC,,SAUSAR,JUNEWANI,GREY & PINK GNEISS/QTZ-BIOTITE-SILLIMANITE GNEISS,,PALAEOPROTEROZOIC-GREY-PINK-GNEISS-QTZ-BIOTITE-SILLIMANITE-GNEISS,0.2355819973810101,22,22,2,1,1,1,0,0.1525110891289595,0.988301759430134,7.847410100716146,0.3939233,-0.153833762861818,-0.0098020735137036,0.2719935431172619,1.7582755939056574,1.3371289896071947,1.0197982101580818,3.136164620721397,4.0446075617791,0.9805861485978772,2.299912434325744,1.3636017513801637,1.3371289901064027,1.2896668548842465,0.1809488092779612,0.1442492012549122,-0.0098020735137036,0.2749092937343514,GONDITE_METAMORPHIC,0.95,1
2_1297_0,21.484782071465567,80.0610471399904,0,BASTAR_CRATON,291.0,0.0,-0.0,702.625,948.8947368421052,966.2857142857144,1454.4,2142.7272727272725,2399.4,2527.1666666666665,2593.125,2088.0,1290.0,-16.94333020431132,-10.511267651868158,ARCHAEAN,,AMGAON GNEISSIC COMPLEX,,GRANITE GNEISS/MIGMATITE,,ARCHAEAN-GRANITE-GNEISS-MIGMATITE,0.3301630634549778,33,88,3,0,0,1,0,-0.0,1.0,6.432062552443162,0.44680184,0.0951572712949715,0.3241060122278899,0.2813385957390408,1.3752509701625526,1.6186046499080582,0.5104530763659753,2.160851564883802,2.2004548204665464,1.95904392612994,2.615341021092056,0.8262217239332587,1.6186046511627907,1.0183276150329232,-0.0279286746030527,0.2362344581893918,0.3241060122278899,0.1579837146893602,GRANULITE_KHONDALITE,0.85,1
2_1371_0,21.33197864163684,79.6349762007325,0,BASTAR_CRATON,268.0,1.3605068,227.03148,703.5,917.0,1019.5,1437.0,2163.0,2427.5,2548.0,2712.0,2637.0,1756.0,-17.378047372735242,-11.3985521178175,ARCHAEAN,,TIRODI GNEISSIC COMPLEX,,GNEISS/MIGMATITE,,ARCHAEAN-GNEISS-MIGMATITE,4.850096065746517,11,22,2,1,0,1,0,-0.7317283013316408,-0.6815964297370632,5.979495254917742,0.4284513,-0.0171648987430733,0.1840148698457214,0.3073029644957091,1.4491826560779208,1.5017084273908266,0.6891679746117866,2.586562037678703,2.875681567202092,1.451025056121284,2.499264345267288,1.0349293563579278,1.5017084282460136,1.1117775354416577,0.0586276780459427,0.200546323651139,0.1840148698457214,0.1834010445830522,GRANULITE_KHONDALITE,0.85,1
2_958_0,21.60632412940694,80.1739653712042,0,BASTAR_CRATON,279.0,0.0,-0.0,696.0,930.0,1098.0,1396.0,2004.0,2203.0,2320.0,2350.0,2458.0,1921.0,-17.48813522222416,-10.108366317950429,ARCHAEAN,,AMGAON GNEISSIC COMPLEX,,GRANITE GNEISS/MIGMATITE,,ARCHAEAN-GRANITE-GNEISS-MIGMATITE,1.1469992839945329,22,33,2,0,0,1,0,-0.0,1.0,7.379768904273732,0.35751903,-0.0288823775577893,0.0940815845097661,0.2546716496917587,1.577586204629905,1.279541904591597,0.8280172410224064,2.2386156628063607,2.643010749846225,1.2077043200376345,2.1129326047358834,1.0594827586206896,1.2795419052576782,1.1806451612903226,0.0821667680946185,0.1226307375833225,0.0940815845097661,0.224080267433623,GRANULITE_KHONDALITE,0.85,1
2_106_0,22.196247776488228,80.30844316923691,0,BASTAR_CRATON,571.0,1.364911,47.203514,749.5,998.0,1227.0,1671.0,2326.0,2618.5,2820.0,2924.0,3449.0,2491.0,-19.60038166590936,-12.476601627646948,ARCHAEAN,,TIRODI GNEISSIC COMPLEX,,GNEISS/MIGMATITE,,ARCHAEAN-GNEISS-MIGMATITE,0.3800546623294726,33,44,4,2,0,1,0,0.7337715338491433,0.6793963026928211,7.123780038262412,0.3936249,-0.1003349816397615,0.0619469026432033,0.2726877039667709,1.6370913920785972,1.3845845036593398,0.8833333330200946,2.810920943104384,3.455911820184457,1.132075471243647,2.2982885085574574,1.223049645390071,1.3845845042151743,1.2294589178356714,0.1341944090553399,0.1612794612523098,0.0619469026432033,0.2415886667130844,GRANULITE_KHONDALITE,0.85,1
2_765_0,21.57883568171288,79.74762493736108,0,BASTAR_CRATON,322.0,0.92740995,180.0,972.5,1249.0,1416.5,1763.0,2222.5,2463.0,2487.5,2645.5,2984.5,2303.5,-16.9544718480711,-9.562302075906066,ARCHAEAN,,TIRODI GNEISSIC COMPLEX,,GNEISS/MIGMATITE,,ARCHAEAN-GNEISS-MIGMATITE,0.2458613748843968,44,143,5,2,0,1,0,1.2246467991473532e-16,-1.0,7.392169772165035,0.274334,-0.0908260233752145,0.0384053433441024,0.2001814675739635,1.456555268425136,1.2956370734553346,0.9260301503814956,2.1069537577783595,2.38951160737429,1.079878445374483,1.7560889516413696,1.1997989949748744,1.295637074017799,1.134107285828663,0.1197048721384423,0.1287821482358581,0.0384053433441024,0.1858518207677472,GRANULITE_KHONDALITE,0.85,1
2_465_0,21.412018533451885,79.93142024449195,0,BASTAR_CRATON,282.0,2.1046352,331.76114,610.0,987.0,1049.0,1532.0,2073.0,2296.0,2259.0,2403.0,2901.0,1879.0,-18.38390874658835,-10.401717278642897,ARCHAEAN,,AMGAON GNEISSIC COMPLEX,,GRANITE GNEISS/MIGMATITE,,ARCHAEAN-GRANITE-GNEISS-MIGMATITE,5.258557796704535,11,11,1,0,0,1,0,-0.47314838693632,0.8809827489454934,7.982191467945455,0.36577994,-0.1244186046270506,0.0918318027810942,0.2213468868560744,1.7196721283284064,1.54390633233427,0.8317839748420611,2.765490941119646,2.9392097234658463,1.2022352308662931,2.1534795042898,1.2841965471447545,1.543906333155934,1.0628166160081054,0.1585276433262168,0.2138075313360235,0.0918318027810942,0.2646172391412795,GRANULITE_KHONDALITE,0.85,1
1_524_0,21.68313008619916,79.72471789761603,1,BASTAR_CRATON,325.0,5.695016,119.14164,735.9230769230769,949.6,1071.7777777777778,1355.25,1568.8333333333337,1692.3333333333337,1764.375,1831.875,2385.428571428572,2070.0,-13.867155500908506,-5.329674023378529,PALAEOPROTEROZOIC,,SAUSAR,MANSAR,SCHIST,,PALAEOPROTEROZOIC-SCHIST,0.2010083569414332,33,121,4,1,1,1,0,0.87341854559686,-0.4869702703527861,8.537481477529976,0.24420308,-0.1496585466249226,-0.0797066014462052,0.1495470054831401,1.4563720175789985,1.152380951824247,1.1732199780810657,2.225674592870213,2.512035139971079,0.8523550720520024,1.6462134563549655,1.3519963564596935,1.1523809523809525,1.128662360760086,0.1606223350713229,0.0707964601611013,-0.0797066014462052,0.185791083627323,GONDITE_METAMORPHIC,0.95,1
1_537_0,21.450017269970143,79.76568107457189,1,BASTAR_CRATON,288.0,2.7206552,312.94547,782.0,1088.0,1143.0,1623.0,2184.0,2392.0,2453.0,2682.0,3140.0,2258.0,-22.026383989728902,-13.837061917187546,PALAEOPROTEROZOIC,,SAUSAR,CHORBAOLI,QUARTZITE,,PALAEOPROTEROZOIC-QUARTZITE,0.3444564433437526,66,165,7,2,1,1,0,-0.7320024472594034,0.6813020014694249,8.189322072541357,0.36429366,-0.1228321115460697,0.0413924856630455,0.2459930313017437,1.4616368267754003,1.3906111597030066,0.9205055030898878,2.7471566030208603,2.886029409112105,1.0863596097934636,2.146106736657918,1.280065226253567,1.3906111603188662,1.0505514705882353,0.1393987762517426,0.1633938495436469,0.0413924856630455,0.187532467435048,GONDITE_METAMORPHIC,0.95,1
2_803_0,21.54838279358123,79.70639226582,0,BASTAR_CRATON,372.0,10.992985,180.0,473.5,652.0,645.5,1117.0,2116.0,2395.0,2517.0,2742.0,2016.5,1130.5,-13.398718762650876,-8.22496698674374,PALAEOPROTEROZOIC,,SAUSAR,SITASAONGI,QUARTZITE,,PALAEOPROTEROZOIC-QUARTZITE,0.1411896218110739,44,110,4,2,1,1,0,1.2246467991473532e-16,-1.0,5.173751775907135,0.59177864,0.110400352903849,0.3801233720685062,0.4210935474420592,1.3632523730448736,1.7837240143443396,0.4491458083237402,3.123934929320008,3.0927914062993995,2.226448472157056,3.899302865995352,0.8011521652761223,1.7837240159221583,0.9900306748466258,-0.0581158779198379,0.281537972582924,0.3801233720685062,0.1537086683166142,GONDITE_METAMORPHIC,0.95,1
2_27_0,21.86045752328436,79.62473540649354,0,BASTAR_CRATON,526.0,6.785254,132.86418,413.5,538.5,462.0,893.5,1722.0,2027.0,2139.0,2247.0,1892.0,1030.0,-13.219265858842702,-6.027796736161751,ARCHAEAN,,TIRODI GNEISSIC COMPLEX,,GNEISS/MIGMATITE,,ARCHAEAN-GNEISS-MIGMATITE,1.94028101667796,22,33,3,0,0,1,0,0.7329683265923878,-0.6802627670337065,7.191469122680951,0.644752,0.0612751178215641,0.3499526663458653,0.4309823275175984,1.1172914120500812,1.836893202100104,0.4815334266098488,4.095238086373944,3.513463317523745,2.0766990271100005,4.62987012987013,0.884525479195886,1.836893203883495,0.8579387186629527,-0.0404565372382642,0.2950034222125245,0.3499526663458653,0.0553969159846979,GRANULITE_KHONDALITE,0.85,1
1_147_0,22.00032521302176,80.23487114746752,1,BASTAR_CRATON,444.0,2.2041116,65.12798,355.0,500.5,398.0,811.0,1683.5,1968.0,2231.5,2215.0,1472.5,705.0,-14.924648579722358,-8.295603495755874,PALAEOPROTEROZOIC,,SAUSAR,MANSAR,BIOTITE SCHIST,,PALAEOPROTEROZOIC-BIOTITE-SCHIST,0.035712136887139,55,143,6,3,1,1,0,0.9072495160725306,0.4205928144728095,6.629045083966485,0.6972808,0.2049136068561248,0.5198365399217312,0.4639788498136223,1.1211267574052768,2.088652479306876,0.315930987983002,3.6997487344227418,2.942057936179705,3.1652482224606406,5.60678391959799,0.6598700425722608,2.088652482269504,0.7952047952047953,-0.1606461745208332,0.3524684269334244,0.5198365399217312,0.0571049136027823,GONDITE_METAMORPHIC,0.95,1
2_585_0,21.455137667089623,79.958908692186,0,BASTAR_CRATON,278.0,2.1047742,208.2459,636.0,845.0,803.0,1289.0,2086.0,2356.0,2471.0,2668.0,2023.0,1122.0,-17.44995579006855,-10.5825048421625,ARCHAEAN,,AMGAON GNEISSIC COMPLEX,,GRANITE GNEISS/MIGMATITE,,ARCHAEAN-GRANITE-GNEISS-MIGMATITE,4.257305925591849,11,11,1,0,0,1,0,-0.4732566307537513,-0.8809246059950916,6.86745094790605,0.50946856,0.0996884734980666,0.3754522681949757,0.3484963355197128,1.2625786143670148,1.803030301423324,0.4540671790958854,2.519302612055663,2.3940828374034524,2.202317288589734,3.0772104607721045,0.8186968838526912,1.803030303030303,0.9502958579881656,-0.0473622113522059,0.2864864863953938,0.3754522681949757,0.116052814373834,GRANULITE_KHONDALITE,0.85,1
2_322_0,21.71816438227982,80.54559840424446,0,BASTAR_CRATON,584.0,6.7609844,342.90497,738.0,993.0,1221.0,1577.0,1957.0,2189.0,2351.0,2437.0,2871.0,2048.0,-17.048490570552804,-9.9968969929124,PALAEOPROTEROZOIC,,,,GRANITE,MALANJKHAND GRANITE,PALAEOPROTEROZOIC-GRANITE,0.1216435838622758,44,143,4,0,0,0,1,-0.293957415902854,0.95581851710234,7.051593577640404,0.3163494,-0.0995787054577597,0.0688792907322393,0.2142501245106502,1.6544715424736158,1.4018554680655004,0.8711186725346156,2.3513513494255927,2.891238667783244,1.147949218189478,1.9254709254709248,1.2211824755423224,1.40185546875,1.229607250755287,0.1396741400724586,0.1673104289149602,0.0688792907322393,0.2465543643458119,CRATONIC_BASEMENT,0.3,1
2_1075_0,21.88740698180794,79.51208666986494,0,BASTAR_CRATON,586.0,1.8543341,180.0,415.5,530.0,539.0,934.5,1610.5,1892.5,2003.0,2187.5,2089.0,1262.0,-13.75146786291354,-7.31886653487223,ARCHAEAN,,TIRODI GNEISSIC COMPLEX,,GNEISS/MIGMATITE,,ARCHAEAN-GNEISS-MIGMATITE,0.6846409259179422,44,77,4,1,0,1,0,1.2246467991473532e-16,-1.0,6.43260132804131,0.57592446,-0.0210166177856753,0.2269525267298767,0.4013452913512667,1.2972322471787432,1.6553090319688517,0.630054917309009,3.87569572564806,3.941509426525454,1.5871632317058928,3.716141001855288,1.0429355966050924,1.6553090332805072,1.0169811320754718,0.0415139205307611,0.2467920023136998,0.2269525267298767,0.1293871135365247,GRANULITE_KHONDALITE,0.85,1
1_168_0,22.00032521302176,80.2332541799561,1,BASTAR_CRATON,444.0,0.0,-0.0,409.5,571.5,453.0,880.0,1766.0,2112.0,2298.5,2338.0,1632.0,795.5,-15.106050049123423,-8.175009811549398,PALAEOPROTEROZOIC,,SAUSAR,MANSAR,BIOTITE SCHIST,,PALAEOPROTEROZOIC-BIOTITE-SCHIST,0.0356597043746584,55,143,6,3,1,1,0,-0.0,1.0,6.931040237574027,0.67072505,0.1695713013180075,0.4857789267983908,0.453076444856098,1.106227103525697,2.051539909426097,0.346095279379554,3.602648998669649,2.855643039622672,2.8893777462107133,5.073951434878588,0.7100282793125952,2.0515399120050284,0.7926509186351706,-0.1299812225891964,0.3445932027416712,0.4857789267983908,0.0504347825502205,GONDITE_METAMORPHIC,0.95,1
2_646_0,21.6939098696086,79.982893710272,0,BASTAR_CRATON,294.0,1.3623233,47.102623,699.5,941.0,1033.0,1415.3333333333333,2034.0,2294.958333333333,2433.75,2481.0,2284.75,1581.75,-17.071298137785536,-10.394695288755338,PALAEOPROTEROZOIC,,SAUSAR,MANSAR,MUSCOVITE SCHIST,,PALAEOPROTEROZOIC-MUSCOVITE-SCHIST,0.6546214443900548,44,77,3,1,1,1,0,0.7325740614117748,0.6806873324417438,6.676602849030198,0.4040528,0.0315778319314235,0.2121778109296033,0.273505004635083,1.4767691186893936,1.4444444435312505,0.6499229581304888,2.21176185652298,2.428002122818276,1.5386439060922117,2.356001936108422,0.9387776065742168,1.4444444444444444,1.0977683315621678,0.0286002170161835,0.1818181817711578,0.2121778109296033,0.1924963923852834,GONDITE_METAMORPHIC,0.95,1
2_1492_0,22.00113369677747,80.65124028165691,0,BASTAR_CRATON,624.0,2.2041223,245.12811,450.0,572.5,583.5,918.0,1710.5,1994.5,2118.5,2340.5,1825.0,1037.5,-14.300317835520891,-7.730284247544889,PALAEOPROTEROZOIC - MESOPROTEROZOIC,,CHILPI,,PHYLLITE,,PALAEOPROTEROZOIC-MESOPROTEROZOIC-PHYLLITE,0.1262031252678362,88,99,6,1,0,1,0,-0.90725047036502,-0.4205907559878723,6.570033587976004,0.5680977,0.0744262710601176,0.342522179866121,0.4365505599396806,1.2966666637851851,1.7590361428828565,0.489733301633357,3.127677800980844,3.18777292019603,2.0419277088752503,3.630676949443016,0.8614585791833844,1.7590361445783131,1.0192139737991266,-0.0321478802426867,0.2751091702095689,0.342522179866121,0.1291727139533887,GONDITE_METAMORPHIC,0.95,1
2_826_0,21.687172504977696,80.2235523748876,0,BASTAR_CRATON,293.0,1.3622894,227.1013,701.5,936.0,1103.0,1502.0,2052.0,2306.0,2390.5,2522.0,2564.0,1948.0,-17.435511504289956,-10.668926975694074,CENOZOIC,,,,LATERITE,,CENOZOIC-LATERITE,1.1534679055936068,22,77,4,1,0,0,1,-0.7325583436654053,-0.6807042479125556,6.766584528595882,0.36854157,-0.035018669888986,0.1019937766274072,0.2534791251855171,1.5723449728120529,1.3162217652380792,0.8148922816084953,2.3245693541935,2.7393162363896195,1.2271560568649096,2.1672710788757934,1.0725789583769083,1.3162217659137576,1.1784188034188037,0.0850717561643628,0.1365248226647772,0.1019937766274072,0.2224993071640347,LATERITE_WEATHERING,0.78,1
2_981_0,21.854259147823928,79.758943709941,0,BASTAR_CRATON,523.0,2.7802885,180.0,418.5,565.0,559.5,977.5,1698.0,1973.0,2014.0,2151.5,2121.0,1193.5,-14.181152081667728,-6.630387166532695,ARCHAEAN,,TIRODI GNEISSIC COMPLEX,,GNEISS/MIGMATITE,,ARCHAEAN-GNEISS-MIGMATITE,0.9240627361263292,22,33,2,1,0,1,0,1.2246467991473532e-16,-1.0,7.550764915135033,0.5651836,-0.0258766626297758,0.2558067029599979,0.3751997442073507,1.3369175595294682,1.7771260982177408,0.5926017871933457,3.790884711723173,3.75398229424074,1.6874738150921875,3.59964253798034,1.0531281032770603,1.7771260997067448,0.9902654867256636,0.0485038137984541,0.2798310453221206,0.2558067029599979,0.1441717789936893,GRANULITE_KHONDALITE,0.85,1
2_265_0,21.303951204772307,79.76271663413429,0,BASTAR_CRATON,255.0,1.3603677,312.974,610.0,881.5,947.0,1391.5,2093.5,2269.5,2288.5,2401.0,2057.5,1304.5,-18.2612134492994,-10.183903702349316,ARCHAEAN,,AMGAON GNEISSIC COMPLEX,,GRANITE GNEISS/MIGMATITE,,ARCHAEAN-GRANITE-GNEISS-MIGMATITE,0.6018933864196874,22,44,3,1,0,1,0,-0.7316631073466536,0.6816664120725321,8.077309746950082,0.41461906,0.0531523239638397,0.2738658501881809,0.2661832563569721,1.5524590138484278,1.5772326549810405,0.570024032960444,2.1726504728905485,2.334089617318106,1.7543119955888753,2.4165786694825764,0.8990605199912607,1.577232656190111,1.0743051616562678,0.0179569710286368,0.2239738250374854,0.2738658501881809,0.2164418752624008,GRANULITE_KHONDALITE,0.85,1
2_290_0,21.843748858999728,80.12976825922553,0,BASTAR_CRATON,315.0,1.8543341,180.0,604.0,860.0,849.0,1298.0,2157.0,2452.0,2550.0,2631.0,2215.0,1338.0,-16.581524055926145,-9.75255268015412,PALAEOPROTEROZOIC,,SAUSAR,MANSAR,MUSCOVITE SCHIST,,PALAEOPROTEROZOIC-MUSCOVITE-SCHIST,0.8185353662274543,44,88,5,1,1,1,0,1.2246467991473532e-16,-1.0,6.828971375772024,0.5004413,0.0703043021888133,0.3117283949815513,0.3392720793231682,1.405629136745647,1.6554559030975664,0.5247058821471742,2.6089517048186672,2.575581392353975,1.905829594988169,3.0035335689045937,0.8686274509803922,1.655455904334828,0.9872093023255814,-0.014474107427714,0.2468336616248709,0.3117283949815513,0.1686166550800986,GONDITE_METAMORPHIC,0.95,1
2_1307_0,21.95801456313973,79.88857060543944,0,BASTAR_CRATON,516.0,5.3178506,110.354004,362.0,514.0,403.0,890.0,1880.0,2279.0,2450.0,2457.0,1805.0,883.0,-14.050414979769076,-6.7874740216544645,ARCHAEAN,,TIRODI GNEISSIC COMPLEX,,GNEISS/MIGMATITE,,ARCHAEAN-GNEISS-MIGMATITE,2.7581908213955493,11,77,3,2,0,1,0,0.9375615146830066,-0.3478195023073122,7.262940958114612,0.7174904,0.1515863689420478,0.4701470145604119,0.4681804599736539,1.1132596654329845,2.0441676081040003,0.3604081631182008,4.478908177471692,3.511673144918924,2.774631933437563,6.079404466501241,0.736734693877551,2.044167610419026,0.7840466926070039,-0.1203187250756337,0.343005952253346,0.4701470145604119,0.0535947711717715,GRANULITE_KHONDALITE,0.85,1
2_323_0,21.90492412984827,79.5891621212424,0,BASTAR_CRATON,603.0,3.9921787,270.0,371.5,505.0,458.5,913.5,1836.5,2168.5,2248.0,2405.0,1731.5,959.0,-15.15064055121243,-8.450615099778409,ARCHAEAN,,TIRODI GNEISSIC COMPLEX,,GNEISS/MIGMATITE,,ARCHAEAN-GNEISS-MIGMATITE,1.3045479453843425,22,77,3,1,0,1,0,-1.0,-1.8369701987210292e-16,6.700025451434021,0.66118604,0.1297901746124412,0.4019332708444237,0.4494500525992316,1.2341857301906172,1.805526588315405,0.4266014232977752,3.776444920880164,3.4287128644975984,2.344108443853901,4.902944383860414,0.7702402135231317,1.805526590198123,0.907920792079208,-0.0893024222706513,0.2871213528016646,0.4019332708444237,0.1048192769821454,GRANULITE_KHONDALITE,0.85,1
2_539_0,21.46699542884,80.14674641809539,0,BASTAR_CRATON,316.0,4.0860434,76.902725,698.0,914.0,994.0,1376.0,1829.0,2005.0,2100.0,2241.0,2294.0,1549.0,-16.35576069503025,-9.62969672449166,ARCHAEAN,,AMGAON GNEISSIC COMPLEX,,GRANITE GNEISS/MIGMATITE,,ARCHAEAN-GRANITE-GNEISS-MIGMATITE,1.1322408832202553,55,121,5,1,0,1,0,0.9739867457640178,0.2266049846671925,6.72606397053859,0.35746607,-0.0441511151469842,0.151000274006303,0.2391484655130913,1.4240687658680964,1.4809554541762713,0.7376190472678005,2.3078470801731923,2.509846824387476,1.3557133625850784,2.112676056338028,1.0923809523809525,1.4809554551323434,1.087527352297593,0.0805126519749404,0.1938589643003229,0.151000274006303,0.1749408982417606,GRANULITE_KHONDALITE,0.85,1
1_373_0,21.449208786214434,79.76810652583902,1,BASTAR_CRATON,286.0,3.7047918,-0.0,634.0,770.0,677.0,836.0,754.0,842.0,692.0,707.0,784.0,548.0,-22.664979033262817,-15.676511292274808,PALAEOPROTEROZOIC,,SAUSAR,CHORBAOLI,QUARTZITE,,PALAEOPROTEROZOIC-QUARTZITE,0.3618893310851278,66,165,7,2,1,1,0,-0.0,1.0,6.988467740988009,0.010956903,-0.0623306232640036,0.116129032164412,-0.0836033700041455,1.0678233421643164,1.4306569316958817,0.791907513306492,1.1580502198551696,1.018181816859504,1.2627737203234055,1.0221565731166913,1.1329479768786128,1.4306569343065694,0.8792207792207792,0.0484391818986583,0.1771771770441612,0.116129032164412,0.0327993897537762,GONDITE_METAMORPHIC,0.95,1
1_357_0,22.000055718436524,80.23460165288228,1,BASTAR_CRATON,446.0,2.9542048,19.7741,389.5,527.5,461.5,838.0,1618.0,1896.0,2002.5,2169.0,1520.5,726.0,-14.281622371626796,-7.608042899419471,PALAEOPROTEROZOIC,,SAUSAR,MANSAR,BIOTITE SCHIST,,PALAEOPROTEROZOIC-BIOTITE-SCHIST,0.0057032623577183,55,143,6,3,1,1,0,0.3383125696481219,0.94103379600208,6.673579472207325,0.62540585,0.1368152142671543,0.4678394720660291,0.4426338541926725,1.184852371797555,2.0943526141951065,0.3625468162983536,3.2946912171295963,2.882464449511916,2.758264459010655,4.33911159263272,0.7593008739076155,2.0943526170798896,0.8748815165876778,-0.0937357109982314,0.353661250677204,0.4678394720660291,0.0846063453764907,GONDITE_METAMORPHIC,0.95,1
2_369_0,21.78499903941832,79.79559497353307,0,BASTAR_CRATON,354.0,1.3627869,47.12074,653.0,868.5,1000.5,1328.0,2192.5,2552.0,2592.5,2759.0,2331.0,1586.5,-16.597063945860075,-9.156455125676052,ARCHAEAN,,TIRODI GNEISSIC COMPLEX,,GNEISS/MIGMATITE,,ARCHAEAN-GNEISS-MIGMATITE,3.688333331120584,11,22,2,1,0,1,0,0.7327892590054252,0.6804556575459416,7.440608820184023,0.44308376,0.0531126231231618,0.2407274466999934,0.3501345729507867,1.5321592625847484,1.4692719814249782,0.611957569677162,2.3298350801301,2.683937820743883,1.6341002195814054,2.5912043978010995,0.899132111861138,1.4692719823510874,1.151986183074266,0.0130758704556673,0.1900446712980103,0.2407274466999934,0.2101602659751071,GRANULITE_KHONDALITE,0.85,1
2_445_0,21.33224813622208,80.03086374644397,0,BASTAR_CRATON,317.0,4.966078,90.0,898.0,1165.0,1473.0,1752.0,2108.0,2378.0,2482.0,2634.0,2956.0,2281.0,-17.782016175749984,-10.382737351554065,PALAEOPROTEROZOIC,,SAKOLI,DHABETEKRI,PHYLLITE,,PALAEOPROTEROZOIC-PHYLLITE,0.4143110988664633,99,165,6,2,0,1,0,1.0,6.123233995736766e-17,7.399278824195921,0.2551201,-0.087164398659955,0.0422002939235355,0.2010943911990208,1.640311802182281,1.2959228402911342,0.9190169214669552,2.0067888648969525,2.5373390536160176,1.088119245467725,1.6849966055668704,1.1909750201450444,1.2959228408592722,1.2643776824034334,0.1343321807998037,0.1288905861888694,0.0422002939235355,0.242513707194216,GONDITE_METAMORPHIC,0.75,1
2_1168_0,22.032664563250066,80.57308685193851,0,BASTAR_CRATON,558.0,2.2045274,114.867004,674.5,961.5,1035.5,1514.0,2326.0,2551.0,2669.0,2721.0,2680.0,1966.5,-17.372706761712323,-10.383256054120793,PALAEOPROTEROZOIC,,SAUSAR,MANSAR,MUSCOVITE SCHIST,,PALAEOPROTEROZOIC-MUSCOVITE-SCHIST,0.0024743892033105,66,77,5,3,1,1,0,0.9072863336945736,-0.4205133870533239,6.98945070759153,0.44095019,-0.0020564591508587,0.1515478373095571,0.2850059031204236,1.5352112653295609,1.3628273575576773,0.7367928060184366,2.5881216778482647,2.7873114895607785,1.357233663179642,2.5774987928536937,1.004121393780442,1.3628273582506991,1.076963078523141,0.0526986825254712,0.1535564402983844,0.1515478373095571,0.2111111109876543,GONDITE_METAMORPHIC,0.95,1
2_141_0,21.40797611467335,79.77619136339608,0,BASTAR_CRATON,271.0,2.1046226,28.238214,565.0,835.0,808.0,1367.0,2117.0,2312.0,2322.0,2521.0,2058.0,1238.0,-16.720254495937358,-8.953353405674463,NEOPROTEROZOIC,,,,GRANITE,ACID  INTRUSIVE,NEOPROTEROZOIC-GRANITE,0.110220749236147,55,143,7,2,0,0,1,0.4731384539781904,0.8809880835556902,7.766901090262895,0.48370606,0.0602739725889785,0.3044943819369398,0.2968106995121372,1.4300884930440911,1.6623586416297589,0.5331610678151761,2.5470296998180326,2.464670655730933,1.875605814316958,2.873762376237624,0.8863049095607235,1.6623586429725363,0.9676646706586828,-0.0036502694240135,0.2487864076915089,0.3044943819369398,0.1769847048965879,CRATONIC_BASEMENT,0.3,1
2_532_0,21.80682810082241,80.66255905423682,0,BASTAR_CRATON,584.0,7.579065,31.6111,464.0,607.0,516.0,968.0,1988.0,2354.0,2649.0,2670.0,1765.0,949.0,-13.045356317558872,-6.91562739627649,PALAEOPROTEROZOIC - MESOPROTEROZOIC,,KHAIRAGARH,SITAGOTA,BASALT,,PALAEOPROTEROZOIC-MESOPROTEROZOIC-BASALT,1.3748036579063456,22,33,3,2,0,0,0,0.5241509025124992,0.8516254055600576,6.129728921282382,0.6739336,0.2002718622110847,0.4724847135985312,0.4678394721088951,1.112068963120541,1.85985247433103,0.3582483954857499,3.4205426290299563,2.9077429935622026,2.791359322664532,5.133720930232558,0.6662891657229143,1.8598524762908324,0.8500823723228995,-0.1542454578876074,0.3006632275973975,0.4724847135985312,0.0530612244356518,OTHER_UNDIVIDED,0.1,1
2_874_0,21.88093911176228,79.8920740350475,0,BASTAR_CRATON,480.0,1.9981765,90.0,485.0,744.0,582.0,1191.0,2198.0,2531.0,2547.0,2823.0,2185.0,1071.0,-14.428782990581418,-8.22392385355925,PALAEOPROTEROZOIC,,SAUSAR,LOHANGI ( INCLUDES UTEKATA),CALC GNEISS,,PALAEOPROTEROZOIC-CALC-GNEISS,0.0249237582894481,77,231,3,2,1,1,0,1.0,6.123233995736766e-17,6.204859137022169,0.62799615,0.0765004226381021,0.4079601988922166,0.4065769804667222,1.1999999975257731,2.040149391185668,0.420494699481549,3.754295526195369,2.936827953041898,2.378151258283705,4.376288659793815,0.8578720062819003,2.0401493930905694,0.782258064516129,-0.0456975340497158,0.342137592032513,0.4079601988922166,0.0909090908238902,GONDITE_METAMORPHIC,0.95,1
2_556_0,21.68366907536963,80.39279497441572,0,BASTAR_CRATON,310.0,2.105518,331.7164,518.7142857142857,732.5,766.0,1180.0,2008.0,2349.0,2562.0,2629.0,2171.0,1389.0,-15.2446825541124,-8.290298854821174,ARCHAEAN,,AMGAON GNEISSIC COMPLEX,,GRANITE GNEISS/MIGMATITE,,ARCHAEAN-GRANITE-GNEISS-MIGMATITE,0.4312641008507688,44,66,5,2,0,1,0,-0.4738361670771063,0.8806130176017594,6.954383699291228,0.53966343,0.0826114514932154,0.2968868640098995,0.3804148069360948,1.476728171209833,1.562994959277901,0.5421545665331169,2.834203651652476,2.963822521551096,1.8444924392768232,3.3446475195822454,0.847384855581577,1.5629949604031677,1.0457337883959044,-0.0238818725627392,0.2196629212866115,0.2968868640098995,0.1924830422164593,GRANULITE_KHONDALITE,0.85,1
2_1275_0,21.646209328021847,80.06886248296223,0,BASTAR_CRATON,283.0,2.1053953,331.72263,720.0769230769231,915.0,1034.5555555555557,1425.2727272727273,2009.0,2254.0,2349.25,2511.428571428572,2680.0,1813.0,-17.828187759898064,-10.78700938725158,ARCHAEAN,,TIRODI GNEISSIC COMPLEX,,GNEISS/MIGMATITE,,ARCHAEAN-GNEISS-MIGMATITE,7.128875108889619,11,22,2,0,0,1,0,-0.4737404116894181,0.8806645345035422,7.041178372646483,0.3885254,-0.0657652731389838,0.1288365667298128,0.275905069109068,1.4367292173426711,1.4782129059689944,0.7717356599886195,2.590484370817918,2.9289617454328285,1.2957804736371867,2.2707818709053806,1.140789613706502,1.4782129067843353,1.130661809350334,0.0951120003059941,0.1929668372595221,0.1288365667298128,0.179227636629924,GRANULITE_KHONDALITE,0.85,1
1_8_0,21.833508064760768,80.36584551589215,1,BASTAR_CRATON,656.0,19.246607,87.34261,396.0,564.0,469.0,928.0,2049.0,2417.0,2390.0,2726.0,1848.0,944.0,-12.35740797430669,-6.44666380763681,ARCHAEAN,,TIRODI GNEISSIC COMPLEX,,GNEISS/MIGMATITE,,ARCHAEAN-GNEISS-MIGMATITE,2.0608548915266978,22,44,4,0,0,1,0,0.9989246310833086,0.0463635785404409,5.910744166669881,0.67191327,0.1278905143634048,0.4337132572184423,0.4920634919288277,1.1843434313526682,1.9576271165703103,0.3949790793326447,3.940298499061197,3.276595738871284,2.531779658334979,5.095948827292111,0.7732217573221757,1.957627118644068,0.8315602836879432,-0.0919067215183408,0.3237822348410522,0.4337132572184423,0.0843930634862508,GRANULITE_KHONDALITE,0.85,1
2_980_0,21.626536223299627,80.02709082225067,0,BASTAR_CRATON,278.0,2.9533267,19.726576,742.75,1015.625,1240.375,1669.0,2269.25,2588.0,2674.0,2923.0,3629.75,2599.75,-21.05687853048172,-12.284075765475308,ARCHAEAN,,TIRODI GNEISSIC COMPLEX,,GNEISS/MIGMATITE,,ARCHAEAN-GNEISS-MIGMATITE,2.8034592762693027,22,22,2,0,0,1,0,0.3375319126205045,0.941314085713554,8.772802765006414,0.3662462,-0.1516161015028171,0.0140791656764012,0.2730836236339103,1.6699764366610883,1.3961919409957912,0.9722326099580282,2.926332759910242,3.573907688788768,1.0285604381080642,2.155799657361685,1.3574233358264771,1.3961919415328397,1.2212923076923077,0.1753827588595963,0.165342322792304,0.0140791656764012,0.2509297193818192,GRANULITE_KHONDALITE,0.85,1
1_476_0,21.665612938158823,79.66569858344938,1,BASTAR_CRATON,332.0,7.0120435,82.437355,527.8,684.1666666666666,673.8333333333333,1119.0,1843.25,2030.0,2251.75,2245.6666666666665,2599.0,1549.0,-16.11115098673516,-8.183072975991545,ARCHAEAN,,TIRODI GNEISSIC COMPLEX,,GNEISS/MIGMATITE,,ARCHAEAN-GNEISS-MIGMATITE,0.1983773170162979,33,77,3,2,0,1,0,0.9913015564815738,0.131610121636632,7.928078010743617,0.5393511,-0.0715868679953436,0.1848977175070978,0.3348523874574443,1.276683084609038,1.6778566806469613,0.6879094034915468,3.857036848097398,3.7987819676509886,1.453679792476643,3.341701706653476,1.1542133895858775,1.6778566817301486,0.9848964677222898,0.0815023282704329,0.2531340404404208,0.1848977175070978,0.1215290298303456,GRANULITE_KHONDALITE,0.85,1
1_182_0,21.86315246913671,79.97939028066392,1,BASTAR_CRATON,336.0,2.7248306,227.13632,507.0,760.0,518.0,807.0,1231.0,1380.0,1385.0,1452.0,1570.0,952.0,-24.35029973939472,-19.08372230969527,ARCHAEAN,,TIRODI GNEISSIC COMPLEX,,GNEISS/MIGMATITE,,ARCHAEAN-GNEISS-MIGMATITE,0.6108755566965847,44,88,5,2,0,1,0,-0.7329742629770104,-0.6802563706524978,5.266577429699449,0.45559642,-0.0626057529398965,0.1852802737760888,0.2855245682667001,1.021696250450303,1.6491596621332356,0.6873646204423359,3.030888025036896,2.0657894709660667,1.4548319312449245,2.6737451737451736,1.1335740072202165,1.649159663865546,0.6815789473684211,0.0492462311434054,0.2450436160804744,0.1852802737760888,0.0107317073066032,GRANULITE_KHONDALITE,0.85,1
2_1354_0,21.429266186906982,79.85084136350642,0,BASTAR_CRATON,268.0,3.4183888,324.3907,963.0,1339.0,1417.0,1835.0,2558.0,2903.0,2818.0,3088.0,2760.0,2066.0,-16.28164582547538,-5.653162185741958,ARCHAEAN,,AMGAON GNEISSIC COMPLEX,,GRANITE GNEISS/MIGMATITE,,ARCHAEAN-GRANITE-GNEISS-MIGMATITE,1.888729791803005,33,44,3,0,0,1,0,-0.5822549414428052,0.8130062626852487,10.62848363973342,0.33081463,0.0103979921100039,0.1539721539406281,0.254519601817079,1.4714434044948668,1.33591481058281,0.7331440735510489,1.9477769922739752,2.061239729603256,1.3639883826892605,1.9887085391672548,0.979418026969482,1.3359148112294288,1.058252427184466,0.0497612465381048,0.1438043928421457,0.1539721539406281,0.1907563024408587,GRANULITE_KHONDALITE,0.85,1
1_546_0,21.96636889528204,80.4677144691113,1,BASTAR_CRATON,614.0,3.836653,344.9134,746.5,1045.5,1336.0,1800.5,2206.5,2425.5,2493.0,2653.0,3191.0,2457.0,-18.070449749230683,-10.199249742210435,ARCHAEAN,,TIRODI GNEISSIC COMPLEX,,GNEISS/MIGMATITE,,ARCHAEAN-GNEISS-MIGMATITE,0.5948346713828367,33,99,6,2,0,1,0,-0.2602787024585791,0.9655335297370456,7.871200007020247,0.30216765,-0.1228008444541166,0.007272727271258,0.1914224766607336,1.7896851951913126,1.2987382982097118,0.9855595663916727,2.388473052104436,3.0521281654212067,1.014652014239051,1.8660179640718564,1.2799839550742078,1.2987382987382987,1.2778574844571975,0.1657760895943119,0.1299575070591435,0.007272727271258,0.2830732291557872,GRANULITE_KHONDALITE,0.85,1
2_277_0,22.041288389977613,80.11440706786709,0,BASTAR_CRATON,324.0,6.2974796,331.65646,552.6,753.0,722.0,1093.3333333333333,1910.5,2326.5,2462.0,2468.5,1795.6666666666667,1050.75,-15.86145223653203,-9.528328882582326,ARCHAEAN,,TIRODI GNEISSIC COMPLEX,,GNEISS/MIGMATITE,,ARCHAEAN-GNEISS-MIGMATITE,3.170526093791993,22,22,2,1,0,1,0,-0.474757161238487,0.8801168319335639,6.333123353949704,0.5464824,0.1565019963618956,0.4017507649557325,0.3860839454252724,1.3065508481604218,1.7089380584893918,0.4267871647332302,2.487072942077,2.384683485102236,2.343088268053211,3.409972299168975,0.7293528296777688,1.7089380601157904,0.9588313413014607,-0.0898245444742676,0.261703311088783,0.4017507649557325,0.1329044405045469,GRANULITE_KHONDALITE,0.85,1
2_954_0,21.53436907514897,80.09823739275294,0,BASTAR_CRATON,294.0,1.993377,270.0,783.125,1036.7142857142858,1262.5454545454545,1646.4615384615386,1966.1666666666667,2223.0,2417.0,2540.0,2852.0,2023.0,-18.184562609868184,-10.917661090375464,ARCHAEAN,,AMGAON GNEISSIC COMPLEX,,GRANITE GNEISS/MIGMATITE,,ARCHAEAN-GRANITE-GNEISS-MIGMATITE,0.6887262522797708,33,88,4,0,0,1,0,-1.0,-1.8369701987210292e-16,7.26690151949272,0.31374922,-0.0825583602044869,0.0887387387187525,0.2134352491038023,1.6121889263313849,1.4097874436926408,0.8369880013086521,2.258928569639385,2.7509990327605074,1.1947602564534057,1.9143865207373272,1.1799751758378154,1.4097874443895204,1.2178335650844951,0.1250118457287719,0.1700512820163997,0.0887387387187525,0.2343585953670248,GRANULITE_KHONDALITE,0.85,1
2_241_0,21.83296907559029,79.7034278253824,0,BASTAR_CRATON,521.0,7.484407,111.694176,400.5,556.5,490.0,904.0,1667.5,1878.5,2040.5,2118.0,2022.5,1239.0,-12.201771582664373,-6.48898599188234,ARCHAEAN,,TIRODI GNEISSIC COMPLEX,,GNEISS/MIGMATITE,,ARCHAEAN-GNEISS-MIGMATITE,2.289711206359471,22,66,4,1,0,1,0,0.9291701507433232,-0.3696523109188285,5.712785590782031,0.6127248,0.0044302239713437,0.2443970116650718,0.401720714625506,1.2234706586180508,1.6323648090134262,0.6072041163405028,4.12755101198459,3.634321646658901,1.6468926540380202,4.164285714285715,0.9911786326880666,1.632364810330912,0.8805031446540881,0.0144342384143667,0.2402268893943808,0.2443970116650718,0.1005053339691124,GRANULITE_KHONDALITE,0.85,1
2_692_0,21.80655860623718,79.80206284357872,0,BASTAR_CRATON,361.0,0.92740995,-0.0,970.5,1157.5,1428.5,1756.5,1989.0,2247.5,2266.5,2397.5,3150.0,2919.5,-13.846874714765418,-1.488139688426836,ARCHAEAN,,TIRODI GNEISSIC COMPLEX,,GNEISS/MIGMATITE,,ARCHAEAN-GNEISS-MIGMATITE,1.7453280875251196,11,22,2,1,0,1,0,-0.0,1.0,12.358735026338582,0.22679296,-0.1631127111302293,-0.1259159274728276,0.1543090996258283,1.4719216883339292,1.0789518749515494,1.2881094192419549,2.205110253969121,2.72138228706576,0.7763315633579957,1.5866293314665734,1.3898080741230974,1.0789518753211167,1.2341252699784018,0.1716460878802832,0.0379767690851014,-0.1259159274728276,0.1909128802872393,GRANULITE_KHONDALITE,0.85,1
2_673_0,21.73568153032015,79.53337674209858,0,BASTAR_CRATON,397.0,0.9983789,270.0,732.5,974.5,1152.0,1563.0,2149.5,2370.5,2492.0,2547.5,3107.0,2507.0,-16.287012368004994,-7.41326933953276,ARCHAEAN,,TIRODI GNEISSIC COMPLEX,,GNEISS/MIGMATITE,,ARCHAEAN-GNEISS-MIGMATITE,0.6963908217017463,22,44,3,2,0,1,0,-1.0,-1.8369701987210292e-16,8.873743028472234,0.3677278,-0.1098410430237826,-0.0030006001194237,0.239508575540808,1.5726962435867629,1.239329875851883,1.0060192612335397,2.697048608769923,3.188301689904257,0.9940167526948478,2.1631944444444446,1.2467897271268058,1.2393298763462306,1.1821446895844023,0.1382374557174801,0.1068756679538874,-0.0030006001194237,0.222605465522629,GRANULITE_KHONDALITE,0.85,1
1_116_0,21.715469436427465,79.74897241028727,1,BASTAR_CRATON,353.0,1.9958744,270.0,645.0,838.0,885.5,1309.5,1876.5,2067.0,2071.5,2319.5,2369.0,1525.5,-17.724992871146753,-10.03965556455382,ARCHAEAN,,TIRODI GNEISSIC COMPLEX,,GNEISS/MIGMATITE,,ARCHAEAN-GNEISS-MIGMATITE,0.1062732470569422,44,77,3,1,0,1,0,-1.0,-1.8369701987210292e-16,7.685337306592935,0.4010822,-0.0669969597867364,0.1517931609252729,0.278313584932953,1.3728682149257858,1.552933463419906,0.7364228816140851,2.6753246723034163,2.826968970373545,1.3579154366713106,2.339356295878035,1.143615737388366,1.5529334644378892,1.0566825775656326,0.090102160427047,0.2165874951299043,0.1517931609252729,0.157138190031272,GRANULITE_KHONDALITE,0.85,1
2_574_0,22.254997596069646,80.28553612949186,0,BASTAR_CRATON,576.0,1.002041,270.0,793.5,993.0,1241.5,1624.0,2034.5,2276.5,2497.0,2615.5,3477.0,2808.0,-20.83795468919703,-13.80101557034355,NEOPROTEROZOIC,,,,GRANITE,ACID  INTRUSIVE,NEOPROTEROZOIC-GRANITE,0.5554872866370353,55,132,5,3,0,0,1,-1.0,-1.8369701987210292e-16,7.03693911885348,0.33582988,-0.164044191469025,-0.0586239396684969,0.2338719188031909,1.564587269609846,1.2382478628068918,1.124549458900861,2.800644379540359,3.501510570491933,0.8892450139283316,2.011276681433749,1.39247096515819,1.2382478632478633,1.2502517623363545,0.1782994131379324,0.1064439140642094,-0.0586239396684969,0.2201474200392396,CRATONIC_BASEMENT,0.3,1
1_58_0,21.84967773987492,80.22624732073997,1,BASTAR_CRATON,307.0,3.134894,287.19144,720.0,760.0,786.0,874.0,915.0,917.0,907.0,926.0,1197.0,1188.0,-17.09348083715036,-9.136255883912938,PALAEOPROTEROZOIC,,SAUSAR,MANSAR,PHYLLITE,,PALAEOPROTEROZOIC-PHYLLITE,0.6894368742767578,44,88,5,1,1,1,0,-0.955322530298153,0.2955653279813698,7.957224953237421,0.07147076,-0.137832699554262,-0.1341288782175995,0.0288888888728395,1.091666665150463,1.0075757567276298,1.309812567464374,1.5229007614212458,1.5749999979276317,0.7634680128253636,1.153944020356234,1.3197353914002206,1.0075757575757576,1.0342105263157897,0.0986149584214363,0.0037735849040781,-0.1341288782175995,0.043824701166119,GONDITE_METAMORPHIC,0.95,1
2_815_0,21.65052124138562,80.25616121970114,0,BASTAR_CRATON,294.0,3.4201543,215.65071,695.3333333333334,887.0,980.0,1355.4,1928.0,2130.0,2154.0,2354.0,2242.0,1489.0,-17.085957159801197,-9.856023062609172,PALAEOPROTEROZOIC,,SAUSAR,MANSAR,PHYLLITE,,PALAEOPROTEROZOIC-PHYLLITE,0.6374801086881844,44,99,4,1,1,1,0,-0.5828423821518237,-0.8125852309558594,7.229934097192025,0.37460116,-0.0200181983575936,0.1825418610533785,0.2692079580877748,1.4093959711274266,1.5057085282030165,0.6912720516753612,2.2877550997063723,2.5276211921898297,1.44660846108354,2.1979591836734693,1.0408542246982355,1.5057085292142378,1.104847801578354,0.061381354991537,0.2018225676221328,0.1825418610533785,0.1699164344389674,GONDITE_METAMORPHIC,0.95,1
1_101_0,21.864769436648125,79.98100724817533,1,BASTAR_CRATON,355.0,13.339899,197.11151,521.0,753.0,694.0,1244.0,2013.0,2301.0,2439.0,2657.0,2041.0,1173.0,-13.497225509185444,-8.95468755598306,ARCHAEAN,,TIRODI GNEISSIC COMPLEX,,GNEISS/MIGMATITE,,ARCHAEAN-GNEISS-MIGMATITE,0.7748567740380911,44,88,5,2,0,1,0,-0.2942323260686267,-0.9557339265173364,4.542537953202384,0.5569742,0.0888392856944555,0.3504983387733947,0.3622148166208114,1.3320537402455783,1.7399829482182585,0.4809348091509082,2.940922185964089,2.710491364262296,2.07928388569541,3.5144092219020173,0.8368183681836818,1.7399829497016197,0.9216467463479416,-0.0395083406427553,0.2700684504449071,0.3504983387733947,0.1423868311585293,GRANULITE_KHONDALITE,0.85,1
2_1183_0,21.89306636809789,80.30844316923691,0,BASTAR_CRATON,388.0,33.166885,320.1595,617.0,938.0,762.0,1382.0,2984.0,3313.0,3445.0,3710.0,2178.0,1121.0,-20.14241488665934,-13.436620892371984,PALAEOPROTEROZOIC,,SAUSAR,CHORBAOLI,QUARTZ MICA SCHIST,,PALAEOPROTEROZOIC-QUARTZ-MICA-SCHIST,0.312439586624825,33,99,6,2,1,1,0,-0.6406526071463007,0.767830864811156,6.705793994287355,0.63774663,0.2253245598034279,0.5089794129415288,0.4571877453933252,1.2350081017260808,1.942908116018815,0.3253991290782586,2.8582677127844254,2.321961617993644,3.073148971388805,4.520997375328084,0.6322206095791001,1.9429081177520071,0.8123667377398721,-0.1602399314252728,0.3204001211517429,0.5089794129415288,0.1051486583719008,GONDITE_METAMORPHIC,0.95,1
1_590_0,21.849138750704444,80.22813378283662,1,BASTAR_CRATON,318.0,13.750311,273.79303,642.0,792.0,673.0,1035.0,1657.0,1716.0,1816.0,1840.0,1342.0,1010.0,-16.051101965126698,-9.705607951767515,PALAEOPROTEROZOIC,,SAUSAR,MANSAR,PHYLLITE,,PALAEOPROTEROZOIC-PHYLLITE,0.4891260087302121,44,88,5,1,1,1,0,-0.9978095230924612,0.0661525179112256,6.345494013359183,0.45922056,0.1500949967859104,0.2852087755537124,0.2799999999026087,1.0482866027285256,1.3287128699715711,0.5561674005747976,1.9940564606329028,1.6944444423049945,1.7980198001999803,2.698365527488856,0.7389867841409692,1.3287128712871288,0.8497474747474747,-0.0990386764813237,0.1411564625250185,0.2852087755537124,0.0235741444687649,GONDITE_METAMORPHIC,0.95,1
2_792_0,22.099499220388555,80.04299100277959,0,BASTAR_CRATON,342.0,2.106899,28.353367,575.5,750.3333333333334,771.5,1228.0,1839.5,2071.5,2138.5,2367.75,2333.5,1645.0,-15.319962681614056,-8.391841338935706,ARCHAEAN,,TIRODI GNEISSIC COMPLEX,,GNEISS/MIGMATITE,,ARCHAEAN-GNEISS-MIGMATITE,0.1264959394674051,55,143,2,1,0,1,0,0.4749081061779853,0.8800353917237871,6.928121342678351,0.46975946,-0.0436046511530401,0.130434782574221,0.3169714245103326,1.340573412092835,1.4185410325723151,0.7692307688710636,3.024627345399057,3.109951128685094,1.2999999992097264,2.7718729747245625,1.0911854103343466,1.4185410334346504,1.028209684584629,0.0671936758777807,0.1730551715035679,0.130434782574221,0.1455085373826959,GRANULITE_KHONDALITE,0.85,1
1_25_0,21.45028676455538,79.76622006374237,1,BASTAR_CRATON,287.0,3.1270041,72.763756,586.0,881.0,871.0,1122.0,1292.0,1265.0,1275.0,1367.0,1345.0,824.0,-24.00747610143081,-16.379101566978452,PALAEOPROTEROZOIC,,SAUSAR,CHORBAOLI,QUARTZITE,,PALAEOPROTEROZOIC-QUARTZITE,0.3988602043526861,66,165,7,2,1,1,0,0.9550911128548524,0.296312278087965,7.628374534452359,0.18825722,-0.0267175572417108,0.2148642209552814,0.0984331056253784,1.486348120330464,1.632281551417134,0.6462745092970396,1.5442020648172192,1.5266742320923108,1.5473300952095508,1.4638346727898968,1.0549019607843138,1.6322815533980584,0.9886492622020432,0.0870738287743257,0.2402028583493763,0.2148642209552814,0.1956074123571671,GONDITE_METAMORPHIC,0.95,1
1_375_0,21.6842080645401,79.73468919726976,1,BASTAR_CRATON,337.0,5.0358524,336.70996,981.0,1144.0,1386.6666666666667,1645.8333333333337,1988.6,2232.8,2273.5,2384.2,2946.25,2541.25,-12.79618763873948,-0.6648188927188059,ARCHAEAN,,TIRODI GNEISSIC COMPLEX,,GNEISS/MIGMATITE,,ARCHAEAN-GNEISS-MIGMATITE,0.439350618053636,33,132,5,2,0,1,0,-0.3953858386503257,0.918515127036446,12.131368746020671,0.24229315,-0.1288854829965256,-0.055610363974119,0.1832160196731499,1.413523613917577,1.1593703881320727,1.1177699577225555,2.124699517698534,2.5753933543921383,0.8946384649701374,1.6395432692307692,1.2959093908071255,1.159370388588293,1.2121212121212122,0.1421322584355063,0.0738041002143409,-0.055610363974119,0.1713360551155838,GRANULITE_KHONDALITE,0.85,1
1_462_0,21.666960411085007,79.66839352930174,1,BASTAR_CRATON,330.0,2.722835,132.90271,451.0,625.625,576.5,1024.5,1664.0,1913.0,2065.1666666666665,2263.0,2190.5,1241.5,-13.790203869904696,-7.881503481508414,ARCHAEAN,,TIRODI GNEISSIC COMPLEX,,GNEISS/MIGMATITE,,ARCHAEAN-GNEISS-MIGMATITE,0.2720994972045408,33,77,3,2,0,1,0,0.7325107009445694,-0.6807555163211647,5.908700388396282,0.5635331,-0.0294509281672787,0.2490927418601533,0.376730037908219,1.2782705071435243,1.7643979043379798,0.6011621335156991,3.799653072333646,3.50129869570222,1.6634447563457282,3.582249204972535,1.060689209910419,1.7643979057591623,0.9214785214785216,0.0474778384086291,0.2765151514345818,0.2490927418601533,0.122141119102539,GRANULITE_KHONDALITE,0.85,1
2_9_0,22.11405192799129,80.70513919870409,0,BASTAR_CRATON,558.0,5.708094,60.93201,803.5,1086.0,1334.5,1748.5,2232.5,2489.5,2579.0,2797.0,3462.0,2547.0,-18.03054952098708,-11.247044282689023,ARCHAEAN,,TIRODI GNEISSIC COMPLEX,,GNEISS/MIGMATITE,,ARCHAEAN-GNEISS-MIGMATITE,0.03023607212188,55,66,6,4,0,1,0,0.8740437924576041,0.4858471455780394,6.783505238298057,0.31800178,-0.1461678529802735,0.0062426843530544,0.2306676932723203,1.6608587409323476,1.3592461714333546,0.9875920895744118,2.594230046763409,3.1878453009320022,1.012563800152115,1.9325590108654929,1.342380767739434,1.35924617196702,1.2288213627992637,0.1728817703664406,0.1522715925857427,0.0062426843530544,0.2483629559175103,GRANULITE_KHONDALITE,0.85,1
2_559_0,22.20190716277818,80.6008447942178,0,BASTAR_CRATON,551.0,8.988974,275.87354,669.5,902.5,1041.5,1413.5,2180.0,2484.5,2693.5,2859.0,3054.5,2104.5,-22.202959402600108,-16.119206802923106,PALAEOPROTEROZOIC,,SAUSAR,JUNEWANI,GREY & PINK GNEISS/QTZ-BIOTITE-SILLIMANITE GNEISS,,PALAEOPROTEROZOIC-GREY-PINK-GNEISS-QTZ-BIOTITE-SILLIMANITE-GNEISS,4.100452926156074,11,22,2,2,1,1,0,-0.994750182089146,0.1023331580359499,6.083752599677002,0.44230255,-0.0628044537121077,0.1227594830923802,0.3383265066498943,1.555638533897478,1.451413636753902,0.7813254127412937,2.932789243463476,3.384487530875914,1.2798764546068535,2.586173787806049,1.1340263597549656,1.451413637443573,1.1540166204986149,0.0982705456363761,0.1841442139592664,0.1227594830923802,0.217416715244058,GONDITE_METAMORPHIC,0.95,1
2_653_0,21.93241257754233,79.90662674265025,0,BASTAR_CRATON,518.0,6.820627,144.2959,348.0,567.0,437.0,1013.0,2100.0,2550.0,2703.0,2810.0,1906.0,1008.0,-12.361543065301476,-5.434503850999793,ARCHAEAN,,TIRODI GNEISSIC COMPLEX,,GNEISS/MIGMATITE,,ARCHAEAN-GNEISS-MIGMATITE,0.1163812057165297,55,220,3,2,0,1,0,0.5835993213405384,-0.8120417674792738,6.927039214301685,0.721656,0.1729225428134253,0.4567502019787792,0.4700496990661654,1.2557471228283128,1.8908730139971497,0.3729189787743548,4.361556054092549,3.361552022290032,2.6815476163873537,6.185354691075515,0.7051424343322235,1.890873015873016,0.7707231040564374,-0.1312569521447428,0.3081674672930105,0.4567502019787792,0.1133757960339161,GRANULITE_KHONDALITE,0.85,1
2_1078_0,21.76290048342897,79.61368612849887,0,BASTAR_CRATON,503.0,15.648408,10.75871,688.0,962.5,838.0,1524.0,2617.5,3090.5,3135.0,3384.0,2646.5,1462.0,-14.042775388240088,-7.81206733024424,ARCHAEAN,,TIRODI GNEISSIC COMPLEX,,GNEISS/MIGMATITE,,ARCHAEAN-GNEISS-MIGMATITE,1.4360818153131245,11,55,4,3,0,1,0,0.1866733841722073,0.9824220313295582,6.230708057995848,0.57815254,0.0844936435035036,0.3639329997032993,0.3789731050572589,1.218023254043571,1.810191517229691,0.4663476872515638,3.1581145547039204,2.7496103867536514,2.1443228439505315,3.7410501193317423,0.8441786283891547,1.8101915184678523,0.8706493506493507,-0.0463222716323883,0.2883047340176938,0.3639329997032993,0.0982961991492161,GRANULITE_KHONDALITE,0.85,1
2_1024_0,21.79550932824251,80.07613883676359,0,BASTAR_CRATON,309.0,3.1338134,287.19754,694.5,1000.75,1109.75,1575.5,2139.25,2370.0,2505.5,2596.5,2625.8,1764.5,-17.51617437531108,-10.664781710836358,PALAEOPROTEROZOIC,,SAUSAR,MANSAR,PHYLLITE,,PALAEOPROTEROZOIC-PHYLLITE,0.216370595245478,44,77,6,1,1,1,0,-0.9552910574964298,0.2956670347998789,6.851392664474723,0.38607287,-0.023444351329401,0.1735362997251671,0.2447267497016474,1.5979121647258283,1.4881269473005798,0.7042506482920573,2.366118493024448,2.623832123283705,1.419948993244574,2.2577157017346248,1.048014368389543,1.4881269481439503,1.1089183112665502,0.077218100932555,0.1961824931790122,0.1735362997251671,0.2301510321573224,GONDITE_METAMORPHIC,0.95,1
2_18_0,21.559162576990666,79.77538287964038,0,BASTAR_CRATON,298.0,0.92740995,-0.0,666.5,856.5,997.0,1357.0,1840.0,2126.0,2198.0,2262.0,2211.5,1519.0,-18.025904350986245,-10.922850506672424,PALAEOPROTEROZOIC,,SAUSAR,MANSAR,MUSCOVITE SCHIST,,PALAEOPROTEROZOIC-MUSCOVITE-SCHIST,0.6913958079578104,22,143,3,3,1,1,0,-0.0,1.0,7.103053844313822,0.37589985,-0.0030615716060638,0.1826741995742065,0.250069079787215,1.495873966247751,1.4558920332745937,0.6910828022333564,2.2181544611653417,2.5820198452048806,1.4470046073423273,2.2046138415245737,1.0061419472247497,1.455892034233048,1.164039696438996,0.0566441626779772,0.185631952771577,0.1826741995742065,0.1986774871062954,GONDITE_METAMORPHIC,0.95,1
2_193_0,21.678279183664912,79.56275165188929,0,BASTAR_CRATON,368.0,4.393603,245.07872,705.8181818181819,954.65,1171.3,1574.5,2023.8333333333333,2283.0,2395.454545454545,2624.8809523809523,3365.75,2360.0,-18.78556355291109,-12.513219339650954,PALAEOPROTEROZOIC,,SAUSAR,BICHUA,MARBLE,,PALAEOPROTEROZOIC-MARBLE,0.0904826376433796,33,66,4,2,1,1,0,-0.9068875764805242,-0.421372665968358,6.272344213260132,0.34321246,-0.1684188517733806,0.0074555534298983,0.2501275697636536,1.6594925272727434,1.426165253632981,0.9851992405754388,2.873516603027818,3.525637664562261,1.015023112050645,2.0451246866341206,1.405056925996205,1.4261652542372882,1.2269418111349708,0.1879702290416248,0.1756538444438451,0.0074555534298983,0.2479768308903035,GONDITE_METAMORPHIC,0.95,1
1_248_0,21.71816438227982,79.75031988321345,1,BASTAR_CRATON,354.0,2.9535398,199.73811,673.0,903.0,875.5,1347.0,2351.5,2575.0,2605.5,2836.5,2593.0,1677.0,-17.1309543491913,-11.287458399141016,ARCHAEAN,,TIRODI GNEISSIC COMPLEX,,GNEISS/MIGMATITE,,ARCHAEAN-GNEISS-MIGMATITE,0.0330816769594326,44,66,3,1,0,1,0,-0.3377213982131871,-0.9412461193486696,5.843495950050283,0.49698362,0.0024045397706252,0.2168126094064652,0.3560415918833413,1.30089152852765,1.5462134755240229,0.6436384568629291,2.96173614738808,2.8715393102197795,1.5536672620431322,2.976013706453456,0.9952024563423528,1.546213476446035,0.969545957918051,0.0281606639946404,0.2145199062729461,0.2168126094064652,0.1307717144780292,GRANULITE_KHONDALITE,0.85,1
2_99_0,21.43061365983316,79.88210273539377,0,BASTAR_CRATON,254.0,0.0,-0.0,673.0,874.0,849.0,989.0,782.0,851.0,739.0,770.0,807.0,687.0,-31.41488276794327,-18.96237975187485,ARCHAEAN,,AMGAON GNEISSIC COMPLEX,,AMPHIBOLITE,,ARCHAEAN-AMPHIBOLITE,0.011539412627157,55,77,3,0,0,1,0,-0.0,1.0,12.452503016068416,-0.06926952,-0.0439844760388198,0.0364656381230956,-0.124502558200965,1.261515599908595,1.1746724873731114,0.9296346401493442,0.9505300342161012,0.923340960041944,1.075691410370173,0.8704358068315665,1.0920162381596752,1.1746724890829694,0.971395881006865,0.0795306388267501,0.0803212850867996,0.0364656381230956,0.1156373192407113,CRATONIC_BASEMENT,0.3,1
1_16_0,21.851025212801098,80.22678630991044,1,BASTAR_CRATON,309.0,1.3631248,312.86606,1199.0,1294.0,1325.0,1452.0,1561.0,1706.0,1670.0,1771.0,1975.0,1850.0,-11.276311220083992,3.1708245885231285,PALAEOPROTEROZOIC,,SAUSAR,MANSAR,PHYLLITE,,PALAEOPROTEROZOIC-PHYLLITE,0.7122524481520279,44,88,5,1,1,1,0,-0.7329460052867011,0.6802868169634534,14.447135808607122,0.11519199,-0.0836762688384976,-0.0511363636218362,0.0989761091843077,1.1050875720558069,1.067567566990504,1.1077844304743805,1.4905660366108937,1.5262751147401272,0.9027027022147552,1.260377358490566,1.1826347305389222,1.0675675675675675,1.0239567233384854,0.0698654563025019,0.0326797385535477,-0.0511363636218362,0.0499207606775274,GONDITE_METAMORPHIC,0.95,1
2_96_0,21.322276836568346,79.83251573171039,0,BASTAR_CRATON,263.0,1.8543341,180.0,743.0,966.0,1155.0,1526.0,2017.0,2258.0,2290.0,2510.0,2859.0,2122.0,-18.818253305451623,-10.185941757483343,ARCHAEAN,,AMGAON GNEISSIC COMPLEX,,GRANITE GNEISS/MIGMATITE,,ARCHAEAN-GRANITE-GNEISS-MIGMATITE,4.114836995461365,22,33,3,1,0,1,0,1.2246467991473532e-16,-1.0,8.63231154796828,0.32946298,-0.1105068945211678,0.0380779691663467,0.2438057482052017,1.5545087462254257,1.347313854218985,0.9266375541805076,2.475324673181537,2.95962732612875,1.0791705932708904,1.9826839826839824,1.248471615720524,1.3473138548539114,1.1956521739130437,0.139208173671178,0.1479622565452796,0.0380779691663467,0.2170706005178763,GRANULITE_KHONDALITE,0.85,1
2_903_0,21.837550483539303,80.51864894572087,0,BASTAR_CRATON,529.0,2.106025,208.30923,348.0,466.0,379.0,737.0,1570.0,1833.0,2047.0,2116.0,1437.0,709.0,-14.21928517102668,-7.399504537788109,ARCHAEAN,,AMGAON GNEISSIC COMPLEX,,GRANITE GNEISS/MIGMATITE,,ARCHAEAN-GRANITE-GNEISS-MIGMATITE,0.5311940850463481,66,121,8,0,0,1,0,-0.474230042416812,-0.8804009693709729,6.819780633238572,0.6875515,0.1750861078716744,0.4854862117251501,0.4833508585757621,1.0890804566405734,2.0267983046166456,0.3463605274321639,3.7915567182280814,3.083690980507101,2.887165017084393,5.401055408970977,0.7020029311187103,2.026798307475317,0.8133047210300429,-0.1374970315512949,0.3392357873535714,0.4854862117251501,0.0426409903127359,GRANULITE_KHONDALITE,0.85,1
2_944_0,21.67127232444878,80.32407385518059,0,BASTAR_CRATON,295.0,3.4203217,35.65462,551.4,814.0,789.6666666666666,1269.8,2008.3333333333333,2340.0,2489.0,2689.0,2489.0,1527.0,-14.940913903856178,-9.214351021969698,PALAEOPROTEROZOIC,,SAUSAR,MANSAR,PHYLLITE,,PALAEOPROTEROZOIC-PHYLLITE,1.8613493552819809,33,44,4,1,1,1,0,0.582897833539663,0.812545454516095,5.72656288188648,0.5183001,0.0,0.2395418326096758,0.3584924723758481,1.4321121966531638,1.6299934501440776,0.6134993971018484,3.1519628495331835,3.057739553983121,1.6299934501440776,3.151962853524694,1.0,1.629993451211526,0.97010647010647,0.0377059903301585,0.2395418326096758,0.2395418326096758,0.1776695166700614,GONDITE_METAMORPHIC,0.95,1
2_155_0,21.655372143919863,79.71825002757038,0,BASTAR_CRATON,321.0,2.9910505,270.0,538.3333333333334,736.9166666666667,696.875,1188.0,2072.0,2378.0,2607.0,2656.0,2542.5,1526.0,-15.450859173464291,-8.661499293065653,ARCHAEAN,,TIRODI GNEISSIC COMPLEX,,GNEISS/MIGMATITE,,ARCHAEAN-GNEISS-MIGMATITE,0.6088734389249651,44,99,3,1,0,1,0,-1.0,-1.8369701987210292e-16,6.789359880398639,0.5781469,0.0125254879090153,0.2615533510134156,0.3818938604625666,1.2945046415581956,1.6661205755792132,0.5853471420846387,3.648430488038127,3.4501865835799794,1.708387941213376,3.740986547085202,0.9752589182968928,1.6661205766710354,0.9456632364582156,0.014729203237204,0.2498463806685888,0.2615533510134156,0.1283521672092948,GRANULITE_KHONDALITE,0.85,1
1_180_0,21.71735589852411,79.74816392653156,1,BASTAR_CRATON,354.0,3.518542,238.2281,432.0,532.5,434.0,583.0,534.5,562.0,518.0,495.5,338.0,247.5,-27.32485073681449,-22.768696490589143,ARCHAEAN,,TIRODI GNEISSIC COMPLEX,,GNEISS/MIGMATITE,,ARCHAEAN-GNEISS-MIGMATITE,0.1898840832805927,44,88,3,1,0,1,0,-0.8501510296579956,-0.5265389128748699,4.556154246225344,0.0882353,0.210280373586121,0.3533638140387148,-0.081131200666545,1.004629627304098,1.3656565601387614,0.4777992268768354,0.7788018415234981,0.6347417828455554,2.092929284473013,1.1935483870967742,0.6525096525096525,1.3656565656565656,0.8150234741784037,-0.1033681764788802,0.154568744398687,0.3533638140387148,0.002309468819504,GRANULITE_KHONDALITE,0.85,1
1_71_0,21.85075571821586,80.22732529908092,1,BASTAR_CRATON,312.0,2.7247055,227.13388,605.0,715.0,672.0,944.0,1244.0,1332.0,1369.0,1378.0,1385.0,1154.0,-14.64587387246436,-7.190879789237261,PALAEOPROTEROZOIC,,SAUSAR,MANSAR,PHYLLITE,,PALAEOPROTEROZOIC-PHYLLITE,0.6488638185674513,44,88,5,1,1,1,0,-0.7329452928916106,-0.6802875845023421,7.454994083227099,0.34149927,-0.0058097312978178,0.0852160126495378,0.1869078379901344,1.1107437998169525,1.2001733091852915,0.8429510585515331,2.061011901694923,1.9370629343537584,1.1863084911730428,2.037202380952381,1.0116873630387144,1.2001733102253034,0.9398601398601398,0.0205904242072462,0.0909807010275775,0.0852160126495378,0.0524667188312711,GONDITE_METAMORPHIC,0.95,1
2_133_0,21.68178261327298,80.4534312560938,0,BASTAR_CRATON,333.0,1.3622612,132.8998,432.8,617.6,507.0,991.0,1979.0,2296.0,2461.0,2565.6666666666665,1761.0,914.0,-15.33452537053222,-8.335202368195514,NEOPROTEROZOIC,,,,GRANITE,ACID  INTRUSIVE,NEOPROTEROZOIC-GRANITE,0.1371134946576276,44,66,4,1,0,0,1,0.7325452749470059,-0.6807183118976714,6.9993230023367055,0.6583558,0.1657981998659881,0.4583703702345569,0.4427366446740197,1.1714417717850236,1.926695840342784,0.3713937422302342,3.473372774214255,2.851360099010104,2.6925601721087964,4.854043392504931,0.7155627793579845,1.9266958424507656,0.8209196891191709,-0.1212367778446982,0.3166355139003232,0.4583703702345569,0.0789529686327378,CRATONIC_BASEMENT,0.3,1
2_888_0,22.20325463570436,80.29496843997511,0,BASTAR_CRATON,568.0,2.2067223,114.84057,485.0,715.5,801.5,1126.5,1820.0,2112.5,2209.0,2318.0,1924.0,1364.0,-16.252761827085617,-9.438702060789744,NEOPROTEROZOIC,,,,GRANITE,ACID  INTRUSIVE,NEOPROTEROZOIC-GRANITE,1.1685431010966425,33,33,3,1,0,0,1,0.9074802453251224,-0.4200947563879557,6.814059766295873,0.4675303,0.0689571739489578,0.2364959417194246,0.3459137754838398,1.652577316180253,1.4105571837166002,0.6174739698427009,2.4004990612595147,2.689028647534552,1.619501465088342,2.756082345601996,0.8709823449524672,1.4105571847507332,1.1201956673654787,0.0058123443111334,0.1703163016513636,0.2364959417194246,0.2460163231667187,CRATONIC_BASEMENT,0.3,1
2_180_0,21.87689669298374,80.1731568874485,0,BASTAR_CRATON,291.0,0.0,-0.0,1573.0,2115.0,2723.0,3135.0,3167.0,3289.0,3413.0,3384.0,4029.0,3785.0,-28.701846042221668,-18.3683502094544,PALAEOPROTEROZOIC,,SAUSAR,MANSAR,MUSCOVITE SCHIST,,PALAEOPROTEROZOIC-MUSCOVITE-SCHIST,1.0859918835694822,55,66,4,1,1,1,0,-0.0,1.0,10.333495832767266,0.11245111,-0.0827734479867275,-0.0516810224990718,0.0381960423319226,1.731087093622958,1.0644649931137478,1.108995018719896,1.4796180677636366,1.9049645381064,0.9017173049136812,1.2533969886154976,1.1804863756226194,1.06446499339498,1.2874704491725768,0.1504515249488455,0.0312260046031192,-0.0516810224990718,0.2676908751704629,GONDITE_METAMORPHIC,0.95,1
1_434_0,21.66669091649977,79.66650706720509,1,BASTAR_CRATON,331.0,2.7228322,132.90277,543.2916666666667,691.75,659.0,1109.3333333333333,1782.0,1997.2,2161.125,2335.333333333333,2302.5,1424.125,-14.67440760856466,-8.258309489896323,ARCHAEAN,,TIRODI GNEISSIC COMPLEX,,GNEISS/MIGMATITE,,ARCHAEAN-GNEISS-MIGMATITE,0.1622713677860185,33,77,3,2,0,1,0,0.7325099880586581,-0.6807562834042038,6.416098118668337,0.5326448,-0.0316726875506628,0.2055644654611074,0.3559125216694661,1.2129764530169924,1.6167822335702398,0.6589739137444739,3.493930191966722,3.3285146319790173,1.5175107511506989,3.279400606980273,1.0654173173694257,1.616782234705521,0.9526563064691002,0.0453736523871617,0.2357025458060034,0.2055644654611074,0.0962398197085511,GRANULITE_KHONDALITE,0.85,1
2_1046_0,21.52439777549524,79.93384569575906,0,BASTAR_CRATON,274.0,0.99692154,90.0,745.0,885.5,875.5,1311.0,2217.0,2490.0,2714.0,2828.0,2106.5,1289.5,-16.704010497079082,-10.000854579888465,ARCHAEAN,,TIRODI GNEISSIC COMPLEX,,GNEISS/MIGMATITE,,ARCHAEAN-GNEISS-MIGMATITE,0.8504926401497512,33,44,3,1,0,1,0,1.0,6.123233995736766e-17,6.703155917190619,0.5121883,0.1260242713150037,0.3558136629559601,0.3665136505517,1.175167783657493,1.633578905286096,0.4751289607681913,2.406053680861161,2.378881984891155,2.104691739352701,3.09994288977727,0.7761606484893147,1.6335789065529276,0.9887069452286844,-0.074056823463118,0.2405771495169089,0.3558136629559601,0.0805307003514158,GRANULITE_KHONDALITE,0.85,1
2_1481_0,21.35973658391613,80.12491735669128,0,BASTAR_CRATON,337.0,2.9527116,19.693201,756.0,986.2,1109.5,1559.6666666666667,2167.0,2416.0,2404.0,2681.0,2809.0,2065.5,-17.539498785902286,-10.119922055208946,ARCHAEAN,,AMGAON GNEISSIC COMPLEX,,GRANITE GNEISS/MIGMATITE,,ARCHAEAN-GRANITE-GNEISS-MIGMATITE,1.5757797045440654,22,99,5,1,0,1,0,0.3369835365081649,0.9415105395705616,7.41957673069334,0.36843604,-0.0776903893961844,0.0757355408712975,0.2644238326683483,1.4675925906513323,1.3599612677995832,0.8591930112898531,2.531771065766768,2.848306628626742,1.1638828365219642,2.166741775574584,1.16846921797005,1.3599612684580005,1.125025349827621,0.1071554707766962,0.152528464426602,0.0757355408712975,0.1894934332942945,GRANULITE_KHONDALITE,0.85,1
2_663_0,21.44624434577684,80.19471645426736,0,BASTAR_CRATON,309.0,2.7206163,312.94623,940.0,1174.0,1340.0,1587.0,2043.0,2248.0,2221.0,2406.0,2728.0,2173.0,-15.163597413449168,-1.898372994650349,ARCHAEAN,,AMGAON GNEISSIC COMPLEX,,GRANITE GNEISS/MIGMATITE,,ARCHAEAN-GRANITE-GNEISS-MIGMATITE,4.694337670825648,11,11,1,0,0,1,0,-0.731993410063031,0.6813117110576445,13.26522441879882,0.24740241,-0.102444938350688,0.010923987252862,0.2051089405947636,1.4255319133770936,1.2554072704761128,0.9783881130218874,2.0358208940031184,2.3236797254483137,1.02208927702619,1.6574626865671642,1.2282755515533543,1.2554072710538426,1.141396933560477,0.1254668695358325,0.1132421954472062,0.010923987252862,0.1754385964142813,GRANULITE_KHONDALITE,0.85,1
2_743_0,21.72786618734831,79.67809533437024,0,BASTAR_CRATON,353.0,1.9960439,270.0,644.5,888.0,982.0,1439.5,2019.5,2287.0,2236.0,2627.0,3003.0,2117.5,-16.86326213001284,-8.696138702239276,ARCHAEAN,,TIRODI GNEISSIC COMPLEX,,GNEISS/MIGMATITE,,ARCHAEAN-GNEISS-MIGMATITE,0.6253176439345414,33,121,5,2,0,1,0,-1.0,-1.8369701987210292e-16,8.167123427773562,0.38968304,-0.1464019850837178,0.0272194785742001,0.2920201646890397,1.5236617509330306,1.4181818175120748,0.9470035773940056,3.058044803403213,3.381756752948472,1.0559622190998998,2.276985743380856,1.3430232558139534,1.4181818181818182,1.1058558558558558,0.160876847984724,0.1729323307932951,0.0272194785742001,0.2075007683937898,GRANULITE_KHONDALITE,0.85,1
1_419_0,21.44866979704396,79.7672980420833,1,BASTAR_CRATON,291.0,1.3610878,47.054268,516.0,776.0,610.0,1269.0,2386.0,2753.0,2909.0,3128.0,2134.0,1141.0,-14.69404697717469,-7.831834677712655,PALAEOPROTEROZOIC,,SAUSAR,CHORBAOLI,QUARTZITE,,PALAEOPROTEROZOIC-QUARTZITE,0.2811508482944472,66,165,7,2,1,1,0,0.7319993318194115,0.6813053487357451,6.862212299462035,0.6533106,0.1536783660214795,0.4365432097687547,0.4227882646297957,1.1821705403446308,1.8702892183433049,0.392231007084142,3.498360650002688,2.749999996456185,2.549517964461421,4.768852459016394,0.733585424544517,1.870289219982472,0.7860824742268041,-0.1103906629744868,0.303206106777647,0.4365432097687547,0.0834813498370503,GONDITE_METAMORPHIC,0.95,1
1_9_0,21.449747775384907,79.76675905291283,1,BASTAR_CRATON,284.0,4.203849,28.245031,694.0,988.0,1017.0,1316.0,1366.0,1507.0,1392.0,1430.0,1772.0,1345.0,-25.442450753307767,-15.131351944055872,PALAEOPROTEROZOIC,,SAUSAR,CHORBAOLI,QUARTZITE,,PALAEOPROTEROZOIC-QUARTZITE,0.3757299888213447,66,165,7,2,1,1,0,0.4732432697940459,0.880931783735063,10.311098809251895,0.15566625,-0.1201011377622942,0.0171720862195206,0.0415149307933303,1.4654178653236054,1.3174721179795743,0.9662356314897732,1.742379545976028,1.7935222653911718,1.0349442371487405,1.368731563421829,1.2729885057471264,1.317472118959108,1.029352226720648,0.1442051281755476,0.1369906961382769,0.0171720862195206,0.188778491999545,GONDITE_METAMORPHIC,0.95,1
2_1462_0,21.70819308262609,80.44211248351388,0,BASTAR_CRATON,311.0,3.1320746,287.20743,519.5,698.5,694.0,1085.0,1857.0,2184.5,2334.5,2450.5,2100.5,1181.0,-15.101110217147204,-8.658055312363722,NEOPROTEROZOIC,,,,GRANITE,ACID  INTRUSIVE,NEOPROTEROZOIC-GRANITE,0.1321355775826841,55,77,5,2,0,0,1,-0.9552400072725944,0.2958319261098332,6.443054904783484,0.5416873,0.0527621194920491,0.3281183330029531,0.3862254276944632,1.3358999011820984,1.7785774752086556,0.5058899119700622,3.0266570561575548,3.0071581918294084,1.9767146469291152,3.3638328530259365,0.8997644035125294,1.7785774767146485,0.9935576234788832,-0.010533770025576,0.2802072222214818,0.3281183330029531,0.1437989286000832,CRATONIC_BASEMENT,0.3,1
2_1171_0,21.944270339292704,80.49439443304965,0,BASTAR_CRATON,594.0,4.0988736,76.94459,925.5,1273.5,1557.5,1954.0,2367.5,2568.5,2690.0,2875.5,3711.0,2888.5,-18.05497308959444,-11.003175804359788,ARCHAEAN,,TIRODI GNEISSIC COMPLEX,,GNEISS/MIGMATITE,,ARCHAEAN-GNEISS-MIGMATITE,0.5788006809021148,44,88,6,1,0,1,0,0.9741520619494334,0.2258932495663988,7.051797285234645,0.26662743,-0.1595063271114659,-0.0355830420300111,0.1908065016687428,1.6828741202778237,1.2847498697300503,1.073791821162159,2.3826645249549503,2.914016487700026,0.9312792103405646,1.7271268057784912,1.379553903345725,1.2847498701748312,1.2230074597565763,0.1860648356386689,0.124630653818527,-0.0355830420300111,0.2545308094021221,GRANULITE_KHONDALITE,0.85,1
2_1389_0,21.45783261294198,79.64791194082382,0,BASTAR_CRATON,423.0,28.52392,157.41632,571.0,777.0,859.0,1387.0,2079.0,2402.0,2531.0,2701.0,2760.0,1782.0,-11.580981732655449,-4.188045829194587,PALAEOPROTEROZOIC,,SAUSAR,CHORBAOLI,QUARTZITE,,PALAEOPROTEROZOIC-QUARTZITE,0.1487922021995913,33,66,4,2,1,1,0,0.3840323419677535,-0.9233196414691732,7.392935903460862,0.49321535,-0.0432810432728631,0.1736610247684532,0.321428571349944,1.5043782810781463,1.5488215479524008,0.7040695374539433,3.2130384130232383,3.552123547551965,1.420314252850553,2.946449359720605,1.090478071908337,1.5488215488215489,1.1055341055341057,0.0769230769116317,0.2153236459235306,0.1736610247684532,0.2013986012577632,GONDITE_METAMORPHIC,0.95,1
1_267_0,21.99924723468082,80.23190670702992,1,BASTAR_CRATON,436.0,2.954203,340.226,396.5,543.0,448.5,863.0,1725.5,2021.5,2189.5,2266.5,1636.5,793.0,-14.270904773829203,-7.462133889766838,PALAEOPROTEROZOIC,,SAUSAR,MANSAR,BIOTITE SCHIST,,PALAEOPROTEROZOIC-BIOTITE-SCHIST,0.0843845324936393,55,143,6,3,1,1,0,-0.3383109272337953,0.9410343864674712,6.808770884062367,0.6599697,0.1445373758116734,0.4682313493819844,0.4484741970127898,1.1311475381307754,2.0636822168175506,0.3621831466717592,3.6488294233024985,3.013812149145834,2.761034044437536,4.8818283166109255,0.7474309203014387,2.0636822194199245,0.8259668508287292,-0.1072575465409425,0.3471907798529777,0.4682313493819844,0.0615384614656349,GONDITE_METAMORPHIC,0.95,1
2_1254_0,21.46645643966953,80.07910327720118,0,BASTAR_CRATON,301.0,2.7208188,132.94225,475.7272727272728,620.6,532.3333333333334,977.2,1809.0,2095.0,2259.0,2482.333333333333,1769.0,1013.0,-14.16231084876043,-7.112198027436708,ARCHAEAN,,AMGAON GNEISSIC COMPLEX,,MICA SCHIST,,ARCHAEAN-MICA-SCHIST,0.2367957837944003,44,110,6,1,0,1,0,0.732040735004673,-0.6812608621473994,7.050112821323722,0.6185813,0.1216484607443772,0.3808068458493867,0.4350683135196264,1.1189884682510591,1.7462981226591332,0.4484285079909568,3.323105817176382,2.850467285126543,2.23000986946692,4.243581715716969,0.7830898627711377,1.746298124383021,0.8577720485551616,-0.086058126223961,0.2717469445464605,0.3808068458493867,0.056153429872751,GONDITE_METAMORPHIC,0.75,1
2_67_0,22.212686946187617,80.16372457696525,0,BASTAR_CRATON,478.0,3.0027716,90.0,471.5,631.5,536.5,978.5,1868.0,2193.5,2375.0,2422.0,1826.5,914.0,-13.958659386584271,-8.05571390575799,ARCHAEAN,,TIRODI GNEISSIC COMPLEX,,GNEISS/MIGMATITE,,ARCHAEAN-GNEISS-MIGMATITE,1.362438351817795,33,44,3,1,0,1,0,1.0,6.123233995736766e-17,5.902945480826283,0.63146144,0.1305486135593124,0.4442079658120377,0.4244963974637564,1.1378578979048612,1.998358859958032,0.3848421051011191,3.404473432610488,2.892319868737419,2.598468268491829,4.426840633737186,0.7690526315789473,1.99835886214442,0.8495645288994458,-0.0928112102710795,0.3329684362952131,0.4442079658120377,0.0644841269201546,GRANULITE_KHONDALITE,0.85,1
2_177_0,21.611714021111656,79.73603667019594,0,BASTAR_CRATON,299.0,2.1052828,208.27168,919.5,1248.7,1505.25,1822.5,2330.5,2626.0,2806.25,2944.5,3478.5,2648.6666666666665,-18.000261098392233,-10.758581837131755,PALAEOPROTEROZOIC,,SAUSAR,MANSAR,SCHIST,,PALAEOPROTEROZOIC-SCHIST,0.1212473080373001,44,132,5,2,1,1,0,-0.4736529512327521,-0.880711576958373,7.241679261260476,0.30175114,-0.1069652730646461,0.0288883117623755,0.2353681560236274,1.6370309933256868,1.313302289964774,0.9438455824402034,2.310911807134421,2.785697122779132,1.0594953431690806,1.864308254442784,1.239554565701559,1.313302290460609,1.2054536718186917,0.1444399793163281,0.1354350841658023,0.0288883117623755,0.2415712959102706,GONDITE_METAMORPHIC,0.95,1
2_1444_0,22.01002701809025,79.87267042491052,0,BASTAR_CRATON,525.0,0.92740995,-0.0,453.0,621.0,621.0,1086.0,1747.0,2067.0,2053.0,2268.0,1876.0,1204.0,-15.946936683487788,-8.777447319075417,ARCHAEAN,,TIRODI GNEISSIC COMPLEX,,GRANITE GNEISS,,ARCHAEAN-GRANITE-GNEISS,0.1585336441440437,33,55,3,0,0,1,0,-0.0,1.0,7.169489364412371,0.5355273,0.045049630937885,0.2606693275220542,0.3524150267285584,1.370860924126135,1.558139533589585,0.5864588404352369,3.0209339725910884,3.0209339725910884,1.7051495002448922,3.3059581320450886,0.9137847053093034,1.558139534883721,1.0,-0.0017989206472518,0.2181818181109799,0.2606693275220542,0.1564245808599398,CRATONIC_BASEMENT,0.3,1
1_582_0,21.999786223851288,80.23217620161516,1,BASTAR_CRATON,441.0,5.037585,203.336,354.5,480.0,373.5,798.0,1725.0,2061.0,2181.0,2357.5,1477.5,669.0,-15.652268686896946,-7.831858710239832,PALAEOPROTEROZOIC,,SAUSAR,MANSAR,BIOTITE SCHIST,,PALAEOPROTEROZOIC-BIOTITE-SCHIST,0.024375522187693,55,143,6,3,1,1,0,-0.3961225013283134,-0.9181976714963942,7.820409976657114,0.70757484,0.1922919228666688,0.5305263156033241,0.4942164473160461,1.053596611978571,2.208520176070971,0.3067400273696745,3.955823282581464,3.0781249935872395,3.260089681225576,5.839357429718875,0.6774415405777167,2.208520179372197,0.778125,-0.1560469622350286,0.3766596783709948,0.5305263156033241,0.0260989010630509,GONDITE_METAMORPHIC,0.95,1
2_1022_0,22.04182737914808,80.5038267435329,0,BASTAR_CRATON,636.0,8.161482,256.95328,377.5,524.5,447.0,868.0,1677.0,1955.0,2155.0,2260.5,1542.0,848.5,-15.808467181249858,-8.671445815463471,PALAEOPROTEROZOIC,,SAUSAR,JUNEWANI,GREY & PINK GNEISS/QTZ-BIOTITE-SILLIMANITE GNEISS,,PALAEOPROTEROZOIC-GREY-PINK-GNEISS-QTZ-BIOTITE-SILLIMANITE-GNEISS,0.1513046666719861,110,143,6,3,1,1,0,-0.9741863117734072,-0.2257454981906085,7.137021365786387,0.65641814,0.1658101162656721,0.434992508594975,0.4451014861930313,1.1841059571281962,1.817324688488716,0.3937354986571993,3.449664421812831,2.9399427970639795,2.53977607243397,4.821029082774049,0.7155452436194896,1.8173246906305245,0.8522402287893232,-0.1202034722724309,0.2901066721229422,0.434992508594975,0.0842935111166846,GONDITE_METAMORPHIC,0.95,1
1_478_0,21.81626041130567,80.16615002823237,1,BASTAR_CRATON,307.0,4.2062354,28.305698,605.0,805.0,849.0,1293.0,1961.0,2186.0,2474.0,2437.0,2156.0,1255.0,-15.196684382546724,-8.03951253109462,PALAEOPROTEROZOIC,,SAUSAR,MANSAR,PHYLLITE,,PALAEOPROTEROZOIC-PHYLLITE,0.6075989087365554,66,77,5,2,1,1,0,0.4741757691723356,0.8804302016229474,7.157171851452103,0.48901594,0.0686825053847337,0.3268972914113979,0.3067024127864068,1.4033057828044533,1.7179282854837223,0.5072756667310931,2.539458183110179,2.678260866238185,1.971314739465088,2.9140164899882213,0.8714632174616006,1.7179282868525896,1.0546583850931677,-0.0121630506225899,0.2641454118252285,0.3268972914113979,0.1678129297332785,GONDITE_METAMORPHIC,0.95,1
1_173_0,21.71735589852411,79.74978089404297,1,BASTAR_CRATON,356.0,4.2055845,331.71082,771.0,1013.0,1198.0,1655.5,2199.0,2444.5,2526.0,2682.0,3450.0,2401.0,-18.36431873754805,-11.069330987695473,ARCHAEAN,,TIRODI GNEISSIC COMPLEX,,GNEISS/MIGMATITE,,ARCHAEAN-GNEISS-MIGMATITE,0.0226596236517696,44,77,3,1,0,1,0,-0.473921927178866,0.8805668668187951,7.294987749852579,0.3566058,-0.1546184738697091,0.0253704079510106,0.2366570604641712,1.553826197725258,1.436901290530237,0.950514647287999,2.879799663706344,3.405725564258909,1.0520616405447474,2.108514190317196,1.3657957244655583,1.4369012911286965,1.1826258637709772,0.1700440528420334,0.1792855921758185,0.0253704079510106,0.2168613508294254,GRANULITE_KHONDALITE,0.85,1
1_167_0,21.68205210785821,79.7244484030308,1,BASTAR_CRATON,323.0,5.0358405,203.2897,741.5,964.3333333333334,1103.5,1395.0,1775.5,1896.5,2008.0,2121.5,2520.0,2009.0,-12.961743966311731,-3.906261489188836,PALAEOPROTEROZOIC,,SAUSAR,MANSAR,SCHIST,,PALAEOPROTEROZOIC-SCHIST,0.1370493252097327,33,121,4,1,1,1,0,-0.3953803880648777,-0.9185174732870718,9.055482477122895,0.29069582,-0.1130742049220242,-0.0002489419964528,0.2065974690156128,1.4881995934076877,1.254355400072496,1.0004980074698715,2.2836429521670656,2.6132042834982325,0.999502239422846,1.8196647032170368,1.254980079681275,1.254355400696864,1.144313861043899,0.1371410638416536,0.1128284389240829,-0.0002489419964528,0.1962059619532759,GONDITE_METAMORPHIC,0.95,1
2_490_0,21.817877378817087,79.55978721145169,0,BASTAR_CRATON,431.0,0.99895126,90.0,430.5,611.0,506.0,940.5,1929.0,2279.5,2405.5,2437.5,1917.0,1095.0,-13.879047069437329,-7.346364869748254,ARCHAEAN,,TIRODI GNEISSIC COMPLEX,,GNEISS/MIGMATITE,,ARCHAEAN-GNEISS-MIGMATITE,6.178777413603655,11,11,1,0,0,1,0,1.0,6.123233995736766e-17,6.532682199689073,0.65241283,0.1130133024608413,0.374375089166012,0.443161633971829,1.1753774653301337,1.75068492990805,0.4552068175201801,3.788537541919886,3.13747953659987,2.1968036509618227,4.753952569169961,0.7969237164830597,1.7506849315068491,0.8281505728314239,-0.0785320402969134,0.2729083664432575,0.374375089166012,0.0806193271963488,GRANULITE_KHONDALITE,0.85,1
2_1399_0,22.15528459953238,80.04002656234199,0,BASTAR_CRATON,333.0,2.2061017,245.15196,636.25,802.0,873.5,1235.0,1863.0,2078.5,2024.0,2256.5,2058.0,1396.0,-15.21538986711926,-8.83741521103855,ARCHAEAN,,TIRODI GNEISSIC COMPLEX,,GNEISS/MIGMATITE,,ARCHAEAN-GNEISS-MIGMATITE,0.793045058700394,22,22,2,1,0,1,0,-0.9074254672987162,-0.4202130665480389,6.37797465608071,0.39706644,-0.0083292503654264,0.1836257309404603,0.2925676642438586,1.3728880135593116,1.4742120333279285,0.6897233198173304,2.3560389211722508,2.566084784830318,1.4498567324857758,2.3171150543789354,1.016798418972332,1.4742120343839542,1.089152119700748,0.0485089640902205,0.1916618412878802,0.1836257309404603,0.1571452226149063,GRANULITE_KHONDALITE,0.85,1
1_441_0,21.66776889484072,79.66569858344938,1,BASTAR_CRATON,332.0,1.3621908,47.097446,474.875,663.1428571428571,591.75,1044.25,1770.25,2025.75,2205.5,2306.75,2131.6666666666665,1207.0,-15.185643832344232,-7.633934552888101,ARCHAEAN,,TIRODI GNEISSIC COMPLEX,,GNEISS/MIGMATITE,,ARCHAEAN-GNEISS-MIGMATITE,0.0168103397707105,33,77,3,2,0,1,0,0.7325125544441794,0.6807535219017695,7.551709279456131,0.5769059,0.0170234023708973,0.2926007325149888,0.3767532078851826,1.2461173966915138,1.7660867149134876,0.547268192905342,3.602309527780916,3.2144908755202994,1.827257662114948,3.7270806928601607,0.9665230862238344,1.7660867163766911,0.8923416630762603,0.0079650862419815,0.2769568689266303,0.2926007325149888,0.1095745926547993,GRANULITE_KHONDALITE,0.85,1
2_522_0,21.583686584247125,80.06913197754746,0,BASTAR_CRATON,284.0,1.3617655,312.9192,647.3333333333334,837.5,787.0,1270.5,1967.0,2199.333333333333,2278.5,2376.0,2082.8,1398.0,-16.63685057555672,-10.246611330075954,ARCHAEAN,,TIRODI GNEISSIC COMPLEX,,GNEISS/MIGMATITE,,ARCHAEAN-GNEISS-MIGMATITE,1.4702006138115906,22,22,2,0,0,1,0,-0.7323147459088544,0.6809663082153551,6.390239245480768,0.4865438,0.0448719418419113,0.2394940839821857,0.3031674207313403,1.215756949718192,1.489842631266207,0.6135615533844365,2.6465057145533604,2.4869253701648653,1.6298283250144288,2.8951715374841167,0.9141101601931096,1.489842632331903,0.9397014925373134,-0.0096681984695946,0.1967363823842978,0.2394940839821857,0.0973739251005991,GRANULITE_KHONDALITE,0.85,1
2_350_0,21.58045264922429,79.83898360175604,0,BASTAR_CRATON,296.0,0.92740995,180.0,786.0,1079.5,1228.0,1664.0,2282.5,2582.5,2712.0,2907.0,3131.5,2264.5,-18.208838292584023,-10.633356828384157,PALAEOPROTEROZOIC,,SAUSAR,MANSAR,MUSCOVITE SCHIST,,PALAEOPROTEROZOIC-MUSCOVITE-SCHIST,0.7360532752670562,55,77,5,3,1,1,0,1.2246467991473532e-16,-1.0,7.57548146419987,0.37664974,-0.0717891674387286,0.0899226363729684,0.2719317435414719,1.5623409649334083,1.382865974218209,0.8349926250608435,2.550081431148142,2.9008800343669474,1.1976153671019585,2.208469055374593,1.1546828908554572,1.3828659748288803,1.1375636868920798,0.1096404708737333,0.1606745737285629,0.0899226363729684,0.2194637536149633,GONDITE_METAMORPHIC,0.95,1
2_390_0,21.998977740095583,80.41165959538223,0,BASTAR_CRATON,594.0,0.92740995,180.0,758.0,1030.5,1288.5,1634.0,2005.5,2233.5,2311.0,2460.0,3241.0,2621.0,-18.446817156670534,-10.58729883993334,PALAEOPROTEROZOIC,,SAUSAR,MANSAR,PHYLLITE,,PALAEOPROTEROZOIC-PHYLLITE,0.1137979725596954,66,121,5,3,1,1,0,1.2246467991473532e-16,-1.0,7.859518316737194,0.28406724,-0.1675072045807804,-0.0628548256158039,0.2017586711769031,1.699868071636058,1.2365509342859402,1.134141063983496,2.515327898707545,3.145075203158588,0.8817245322847294,1.793558401241754,1.402423193422761,1.2365509347577262,1.250363901018923,0.1922089885908786,0.1057659501696066,-0.0628548256158039,0.2592230636407412,GONDITE_METAMORPHIC,0.95,1
2_447_0,21.318234417789807,79.6597697025742,0,BASTAR_CRATON,263.0,0.9955158,90.0,633.0,934.5,890.0,1436.0,2425.5,2792.0,2947.5,3107.0,2513.0,1666.0,-16.935420157488625,-9.650464753448782,ARCHAEAN,,TIRODI GNEISSIC COMPLEX,,GNEISS/MIGMATITE,,ARCHAEAN-GNEISS-MIGMATITE,6.222299396618916,11,11,1,0,0,1,0,1.0,6.123233995736766e-17,7.284955404039843,0.53615636,0.0795714677997305,0.2777717567404851,0.3678186219749463,1.406003157336488,1.5084033604391336,0.5652247665597202,2.8235955024453983,2.6891385739014035,1.76920768201128,3.311797752808989,0.8525869380831212,1.5084033613445378,0.9523809523809524,-0.0254170544819335,0.2026800669531753,0.2777717567404851,0.1687458961465883,GRANULITE_KHONDALITE,0.85,1
2_1200_0,21.61710391281637,79.83844461258558,0,BASTAR_CRATON,353.0,1.3619351,227.08745,750.8,1022.5,1280.5,1651.5,2076.5,2343.0,2419.5,2638.0,3094.0,2197.333333333333,-17.447875588108246,-10.327679083384057,ARCHAEAN,,TIRODI GNEISSIC COMPLEX,,GNEISS/MIGMATITE,,ARCHAEAN-GNEISS-MIGMATITE,1.3267109671744386,55,77,4,2,0,1,0,-0.7323937769189452,-0.6808813079607945,7.120196504724191,0.30783784,-0.1223360841348805,0.0481210064514377,0.2299801841170345,1.7055141160022456,1.4080703877087062,0.9081766201385232,2.416243652935381,3.025916867456316,1.1011074024115108,1.889496290511519,1.278776606736929,1.4080703883495145,1.252322738386308,0.1596066164564194,0.1694594934793765,0.0481210064514377,0.260768965558623,GRANULITE_KHONDALITE,0.85,1
2_1176_0,21.50822810038109,80.2723308948153,0,BASTAR_CRATON,305.0,4.732605,192.13222,795.0,1015.0,1218.0,1516.0,2041.0,2320.0,2303.0,2522.0,2585.0,1896.0,-17.554863917088586,-11.011805681613176,ARCHAEAN,,AMGAON GNEISSIC COMPLEX,,GRANITE GNEISS/MIGMATITE,,ARCHAEAN-GRANITE-GNEISS-MIGMATITE,0.9159521344228408,22,55,2,0,0,1,0,-0.2101683813281733,-0.9776652041930792,6.54305823547541,0.3081511,-0.0576923076805048,0.0969278399388121,0.2491332342126961,1.5320754697709742,1.3633966237534827,0.8232739900897639,2.1223316895547355,2.546798027047489,1.214662446616739,1.8908045977011487,1.1224489795918366,1.363396624472574,1.2,0.1021591073609391,0.1537603213225261,0.0969278399388121,0.2101341280625265,GRANULITE_KHONDALITE,0.85,1
1_593_0,21.81841636798756,80.16615002823237,1,BASTAR_CRATON,310.0,4.758396,141.06628,523.0,652.0,717.0,1056.0,1630.0,1878.0,2057.0,2157.0,1970.0,1208.0,-14.976216051300147,-7.606081436320043,PALAEOPROTEROZOIC,,SAUSAR,MANSAR,PHYLLITE,,PALAEOPROTEROZOIC-PHYLLITE,0.8464101972890471,66,77,5,2,1,1,0,0.628420964439211,-0.7778734417971164,7.370134614980106,0.48305696,0.0216041718347146,0.2600306277917211,0.3426704013872796,1.3709368998643654,1.6307947006367591,0.587263004089809,2.7475592709239063,3.0214723880038767,1.702814568126809,2.868898186889819,0.95770539620807,1.630794701986755,1.0996932515337423,0.0203151699220969,0.2397734423411663,0.2600306277917211,0.1564516127770551,GONDITE_METAMORPHIC,0.95,1
2_7_0,22.226431170034644,80.25481374677497,0,BASTAR_CRATON,585.0,5.636173,190.20645,735.0,990.5,1094.5,1474.0,2027.0,2252.5,2345.0,2548.0,3140.0,2201.0,-20.17455165850927,-11.766560256585086,NEOPROTEROZOIC,,,,GRANITE,ACID  INTRUSIVE,NEOPROTEROZOIC-GRANITE,0.1041497572098886,110,176,4,2,0,0,1,-0.1771955337745506,-0.9841756666420644,8.407991401924184,0.36357027,-0.1449407474667382,0.0316761988491693,0.2670313276312702,1.4891156442324958,1.4266242610510569,0.9385927501327964,2.868889901444596,3.170116099777773,1.065424806421888,2.1425308359981727,1.3390191897654584,1.4266242616992275,1.104997476022211,0.1578371727175012,0.1758097734177476,0.0316761988491693,0.1965017763342433,CRATONIC_BASEMENT,0.3,1
2_1186_0,21.85398965323869,80.02924677893256,0,BASTAR_CRATON,316.0,2.9951832,90.0,696.0,972.0,1137.0,1638.0,2226.0,2491.0,2623.0,2770.0,3103.0,2159.0,-17.25728748582683,-10.075061866879771,PALAEOPROTEROZOIC,,SAUSAR,MANSAR,MUSCOVITE SCHIST,,PALAEOPROTEROZOIC-MUSCOVITE-SCHIST,2.085105457198228,22,44,4,1,1,1,0,1.0,6.123233995736766e-17,7.182225618947058,0.39521277,-0.08382815227317,0.0970305311382202,0.2568058075642455,1.6336206873080164,1.4372394620485227,0.8231033164990076,2.729111695049154,3.1923868279913714,1.2149143116188448,2.306948109058927,1.182996568814335,1.4372394627142195,1.1697530864197532,0.1218415134115833,0.1793994678488408,0.0970305311382202,0.2405891979047522,GONDITE_METAMORPHIC,0.95,1
1_143_0,21.45028676455538,79.76783703125378,1,BASTAR_CRATON,283.0,3.1270041,107.236244,470.0,631.0,524.0,599.0,409.0,417.0,378.0,383.0,316.0,216.0,-28.5082053904578,-21.87171487678452,PALAEOPROTEROZOIC,,SAUSAR,CHORBAOLI,QUARTZITE,,PALAEOPROTEROZOIC-QUARTZITE,0.3998448488399698,66,165,7,2,1,1,0,0.9550911128548524,-0.2963122780879651,6.636490513673273,-0.16186252,0.0893371756637792,0.2727272722681359,-0.2199592665784528,1.1148936146491626,1.4629629561899864,0.5714285699168556,0.6030534339636385,0.5007923922332925,1.749999991898148,0.7213740458015268,0.8359788359788359,1.462962962962963,0.8304278922345484,-0.0047393364900833,0.1879699244587031,0.2727272722681359,0.0543259556797525,GONDITE_METAMORPHIC,0.95,1
1_291_0,21.848869256119208,80.22678630991044,1,BASTAR_CRATON,308.0,2.1060627,208.31114,640.0,713.0,703.0,906.0,1183.0,1319.0,1233.0,1317.0,1307.0,1110.0,-14.94866862862127,-8.992799953461118,PALAEOPROTEROZOIC,,SAUSAR,MANSAR,PHYLLITE,,PALAEOPROTEROZOIC-PHYLLITE,0.5972776458707632,44,88,5,1,1,1,0,-0.4742593910140039,-0.8803851600492969,5.955868675160152,0.27376032,-0.0291338582562465,0.0524967989532664,0.1848852900652788,1.0984374982836913,1.1774774764166869,0.9002433082723087,1.8591749617934925,1.8330995766716696,1.1108108098100802,1.7539118065433854,1.0600162206001622,1.1774774774774774,0.9859747545582048,0.0352819984457167,0.0815059991388059,0.0524967989532664,0.0469099031668578,GONDITE_METAMORPHIC,0.95,1
1_146_0,21.45163423748156,79.76756753666854,1,BASTAR_CRATON,284.0,2.7802885,180.0,549.0,721.0,596.0,749.0,689.0,707.0,640.0,642.0,415.0,282.0,-26.51741756237699,-19.595492413839285,PALAEOPROTEROZOIC,,SAUSAR,CHORBAOLI,QUARTZITE,,PALAEOPROTEROZOIC-QUARTZITE,0.344530832411252,66,165,7,2,1,1,0,1.2246467991473532e-16,-1.0,6.9219251485377065,0.035598706,0.2132701419779429,0.3882863336352642,-0.0769230768677763,1.085610198386867,1.4716312004552086,0.4406249993115234,0.6963087236639115,0.5755894582862837,2.269503538051406,1.0738255033557047,0.6484375,1.4716312056737588,0.826629680998613,-0.080909090872314,0.1908177902570763,0.3882863336352642,0.041048034898648,GONDITE_METAMORPHIC,0.95,1
2_1491_0,21.46699542884,79.82604786166472,0,BASTAR_CRATON,279.0,4.6273675,180.0,775.0,1048.0,1191.0,1625.0,2289.0,2558.0,2735.0,2803.0,2911.0,2182.0,-17.321910730773553,-10.46057566558986,ARCHAEAN,,TIRODI GNEISSIC COMPLEX,,GNEISS/MIGMATITE,,ARCHAEAN-GNEISS-MIGMATITE,1.527266131472502,33,44,3,0,0,1,0,1.2246467991473532e-16,-1.0,6.861335065183692,0.3932756,-0.0311725115070541,0.1124669513702528,0.2660343269498567,1.5367741915654527,1.334097157958709,0.7978062154304182,2.4441645655380646,2.777671753074741,1.253437212991092,2.2963895885810244,1.0643510054844607,1.3340971585701191,1.1364503816793894,0.0777719390333983,0.1431376398697942,0.1124669513702528,0.2115971514691774,GRANULITE_KHONDALITE,0.85,1
1_500_0,21.71735589852411,79.74951139945773,1,BASTAR_CRATON,355.0,2.953538,340.262,831.0,1111.0,1340.5,1680.0,2207.5,2473.5,2640.5,2761.5,3301.5,2339.0,-20.83391794947301,-11.800728000705876,ARCHAEAN,,TIRODI GNEISSIC COMPLEX,,GNEISS/MIGMATITE,,ARCHAEAN-GNEISS-MIGMATITE,0.05053036692373,44,77,3,1,0,1,0,-0.3377195911497406,0.9412467677254738,9.033189948767138,0.3265511,-0.1112420060398448,0.0605482478038862,0.2434988179120795,1.613116724893963,1.4115006406962376,0.885817079762993,2.462886980631938,2.9716471620417213,1.1289012393634454,1.969787392763894,1.2503313766332134,1.4115006412997009,1.2065706570657069,0.1442657299384648,0.170640900599124,0.0605482478038862,0.2346304396801149,GRANULITE_KHONDALITE,0.85,1
2_618_0,21.78499903941832,79.80745273528345,0,BASTAR_CRATON,346.0,1.3627869,47.12074,735.5,995.5,1063.0,1503.5,2217.0,2488.0,2548.0,2651.5,2643.5,2031.0,-18.00242741480438,-10.442844381537189,ARCHAEAN,,TIRODI GNEISSIC COMPLEX,,GNEISS/MIGMATITE,,ARCHAEAN-GNEISS-MIGMATITE,3.8960930680474006,11,22,2,1,0,1,0,0.7327892590054252,0.6804556575459416,7.559583033267192,0.4112434,-0.0183954541041326,0.112906748173639,0.2762936220755009,1.445275320944561,1.3015755778918878,0.7970957610686438,2.486829724847761,2.655449520185385,1.254554406078506,2.396989651928504,1.037480376766091,1.3015755785327423,1.0678051230537418,0.0605150214505701,0.1310300566625243,0.112906748173639,0.1820961911692542,GRANULITE_KHONDALITE,0.85,1
2_357_0,21.69067593458576,80.2647850464287,0,BASTAR_CRATON,295.0,2.2001889,294.91943,641.0,850.6666666666666,873.0,1236.0,1874.0,2169.0,2239.0,2457.0,2042.5,1360.0,-16.187865914552447,-9.05478782785349,ARCHAEAN,,TIRODI GNEISSIC COMPLEX,,GNEISS/MIGMATITE,,ARCHAEAN-GNEISS-MIGMATITE,0.0691722182498611,44,77,4,1,0,1,0,-0.9069011815375212,0.4213433836265237,7.133078086698957,0.438946,0.0458951302006551,0.2442345095181343,0.3306255076277754,1.3619344752543925,1.5018382341898249,0.6074140238466217,2.339633445200878,2.401057990907847,1.6463235282012323,2.564719358533792,0.9122376060741404,1.5018382352941178,1.026253918495298,0.0061254421523379,0.2005878030270131,0.2442345095181343,0.1532364596081661,GRANULITE_KHONDALITE,0.85,1
2_1133_0,21.340063479193912,80.02978576810303,0,BASTAR_CRATON,307.0,0.0,-0.0,464.0,587.0,531.0,664.0,500.0,515.0,419.0,432.0,308.0,202.0,-28.07513896900204,-21.28888627165905,PALAEOPROTEROZOIC,,SAKOLI,DHABETEKRI,PHYLLITE,,PALAEOPROTEROZOIC-PHYLLITE,0.5443426704202614,110,165,6,2,0,1,0,-0.0,1.0,6.786252697342981,-0.11789474,0.1526822556359253,0.3494363923519543,-0.2116788319236506,1.144396549257766,1.5247524676992452,0.4821002375128873,0.5800376636910779,0.5247018730413937,2.074257415473973,0.7890772128060264,0.7350835322195705,1.5247524752475248,0.9045996592844976,-0.025551684073431,0.2078431368473664,0.3494363923519543,0.0673366833494103,GONDITE_METAMORPHIC,0.75,1
2_1426_0,22.131030086861152,80.08045075012737,0,BASTAR_CRATON,339.0,1.3645716,47.190315,767.5,1010.5,1154.5,1595.5,2219.5,2434.0,2480.5,2692.0,2694.0,2043.0,-18.35508611844477,-9.434252347907847,ARCHAEAN,,TIRODI GNEISSIC COMPLEX,,GNEISS/MIGMATITE,,ARCHAEAN-GNEISS-MIGMATITE,1.2140256054484635,22,44,3,1,0,1,0,0.7336150045663697,0.6795653206830711,8.920833770536927,0.3647868,-0.0412600251152265,0.096717143783195,0.2557434401735875,1.5042345257273817,1.3186490448758448,0.8236242689685047,2.33347769395108,2.6660069246254263,1.214145863331304,2.148549155478562,1.0860713565813345,1.3186490455212925,1.1425037110341416,0.0846191784563349,0.137428752345909,0.096717143783195,0.2013527574394626,GRANULITE_KHONDALITE,0.85,1
2_23_0,22.19463080897681,80.35264028121559,0,BASTAR_CRATON,584.0,4.000337,270.0,631.5,861.0,1116.5,1380.0,2014.5,2288.0,2462.0,2551.0,2607.0,1956.0,-18.047175323708657,-10.444513770359023,ARCHAEAN,,TIRODI GNEISSIC COMPLEX,,GNEISS/MIGMATITE,,ARCHAEAN-GNEISS-MIGMATITE,1.8669760732805467,22,44,4,2,0,1,0,-1.0,-1.8369701987210292e-16,7.602661553349634,0.37599552,-0.0286052475777065,0.1145314621741667,0.2978885778942028,1.7680126654504946,1.3328220852081687,0.7944760354206027,2.334975367366793,3.027874560943235,1.2586912059004645,2.2051052395879984,1.0588952071486597,1.3328220858895703,1.2967479674796747,0.0924160187630312,0.1426692964841838,0.1145314621741667,0.2774599540746796,GRANULITE_KHONDALITE,0.85,1
2_251_0,21.357041638063773,79.83359371005132,0,BASTAR_CRATON,275.0,3.5122569,238.16441,898.0,1203.0,1510.0,1972.0,2470.0,2676.0,2804.0,2999.0,3735.0,2738.0,-18.70172699974461,-11.324081295070014,ARCHAEAN,,AMGAON GNEISSIC COMPLEX,,GRANITE GNEISS/MIGMATITE,,ARCHAEAN-GRANITE-GNEISS-MIGMATITE,3.534160042248028,22,33,3,0,0,1,0,-0.8495652037707275,-0.527483615425164,7.377645704674597,0.29995364,-0.1423765101479772,0.0119090580996194,0.2065982699242409,1.6815144747421888,1.3641344041767225,0.9764621965133872,2.473509932136748,3.1047381520326365,1.0241051858933143,1.856953642384106,1.3320256776034236,1.3641344046749453,1.255195344970906,0.1724600424530613,0.154024409060092,0.0119090580996194,0.2541528238147206,GRANULITE_KHONDALITE,0.85,1
2_1370_0,22.13076059227592,80.31221609343021,0,BASTAR_CRATON,562.0,3.5259259,121.69743,440.0,601.0,553.5,949.0,1450.5,1637.0,1816.0,1941.0,2253.0,1361.0,-15.043688193599356,-6.859053362013694,PALAEOPROTEROZOIC,,SAUSAR,JUNEWANI,GREY & PINK GNEISS/QTZ-BIOTITE-SILLIMANITE GNEISS,,PALAEOPROTEROZOIC-GREY-PINK-GNEISS-QTZ-BIOTITE-SILLIMANITE-GNEISS,0.2903572682970056,55,66,5,3,1,1,0,0.8508346785789644,-0.5254334874438725,8.184634831585662,0.53281283,-0.1073973949109369,0.1432168712171177,0.3432525950369368,1.2579545425955578,1.6554004396360025,0.749449338794356,4.070460697253007,3.748752073629365,1.3343130041628852,3.280939476061427,1.2406387665198235,1.6554004408523144,0.9209650582362728,0.108740740719261,0.2468179302028727,0.1432168712171177,0.1142425766338776,GONDITE_METAMORPHIC,0.95,1
2_368_0,21.86261347996624,80.61108558845677,0,BASTAR_CRATON,620.0,15.287179,219.65332,383.0,515.0,436.0,839.0,1671.0,2045.0,2345.0,2357.0,1551.0,859.0,-14.96405993719902,-8.993126657960216,PALAEOPROTEROZOIC,,,,GRANITE,MALANJKHAND GRANITE,PALAEOPROTEROZOIC-GRANITE,1.2653627131399516,22,110,7,2,0,0,1,-0.6381407606173892,-0.7699197163592189,5.970933279238803,0.68644375,0.203798767914836,0.4637952557853323,0.4749687107399973,1.1383811980721117,1.8055878907967544,0.3663113004834493,3.557339441382249,3.0116504795890284,2.729918506717208,5.378440366972477,0.661407249466951,1.80558789289872,0.8466019417475729,-0.1571580063293408,0.287136929341437,0.4637952557853323,0.0647130646340499,CRATONIC_BASEMENT,0.3,1
2_1421_0,21.62438026661774,80.549640823023,0,BASTAR_CRATON,670.0,3.1304216,107.216805,366.46153846153845,492.0,431.8,835.5,1837.0,2124.0,2255.0,2375.0,1580.0,822.0,-13.971720463012534,-7.54552569137198,ARCHAEAN,,AMGAON GNEISSIC COMPLEX,,GRANITE GNEISS/MIGMATITE,,ARCHAEAN-GRANITE-GNEISS-MIGMATITE,0.0968494828951218,44,154,3,0,0,1,0,0.955191589099766,-0.29598822292967,6.426194771640555,0.67857677,0.1760104302018225,0.4657133570147178,0.4795203237877214,1.1782955467426866,1.92214111688304,0.3645232814348012,3.659101427375865,3.211382107293939,2.743308999095732,5.222325150532654,0.7006651884700665,1.9221411192214115,0.8776422764227643,-0.1315836659055494,0.3155703579035927,0.4657133570147178,0.0818509452209549,GRANULITE_KHONDALITE,0.85,1
2_117_0,21.525475753836183,79.63767114658485,0,BASTAR_CRATON,338.0,4.754604,218.87685,668.0,831.5,944.5,1298.5,1870.5,2191.0,2346.5,2510.5,3126.5,2261.5,-16.70704243211484,-10.402348750031004,PALAEOPROTEROZOIC,,SAUSAR,MANSAR,MUSCOVITE SCHIST,,PALAEOPROTEROZOIC-MUSCOVITE-SCHIST,0.1054033783349554,66,154,5,3,1,1,0,-0.6276485621417676,-0.7784968095254929,6.304693682083837,0.42601034,-0.1425178147008007,0.0184461805515524,0.3181937515573133,1.4139221535719728,1.382489497509401,0.9637758359412846,3.310217042551385,3.760072154227213,1.037585672766931,2.4843832715722605,1.332409972299169,1.3824894981207163,1.1358989777510524,0.1491073318539118,0.160541945033307,0.0184461805515524,0.1714728681107145,GONDITE_METAMORPHIC,0.95,1
2_504_0,22.04991221670516,80.33027223064101,0,BASTAR_CRATON,527.0,4.7614455,218.97932,383.0,510.5,496.5,856.0,1612.5,1881.5,1992.5,2135.5,1703.5,957.0,-14.396991240255629,-8.352547676782638,PALAEOPROTEROZOIC,,SAUSAR,MANSAR,PHYLLITE,,PALAEOPROTEROZOIC-PHYLLITE,0.2277460068335302,55,55,4,3,1,1,0,-0.6290398515942079,-0.7773730540135392,6.04444356347299,0.6010446,0.0781926406714846,0.3510764535171804,0.4277118500993776,1.2963446441348705,1.7800417954231538,0.4803011289935753,3.431017112928465,3.336924577204849,2.082027166058488,4.013091641490433,0.8549560853199498,1.7800417972831766,0.9725759059745348,-0.0383564637660678,0.2805863558426663,0.3510764535171804,0.1290505967833421,GONDITE_METAMORPHIC,0.95,1
2_212_0,21.59743080809416,79.7274128434684,0,BASTAR_CRATON,291.0,0.9974238,270.0,1794.5,2467.5,3223.0,3637.5,3764.5,3977.0,4054.5,4216.0,5982.0,5726.0,-27.676676343890364,-14.245214287815225,ARCHAEAN,,TIRODI GNEISSIC COMPLEX,,GNEISS/MIGMATITE,,ARCHAEAN-GNEISS-MIGMATITE,0.2870122556406976,55,132,5,2,0,1,0,-1.0,-1.8369701987210292e-16,13.43146205607514,0.11425627,-0.1920490210539482,-0.1709012831480086,0.0736614248330475,1.796043465145699,1.044708347704382,1.4122579846066696,1.8560347496568308,2.4243161084399936,0.7080859237324334,1.2579894508222154,1.4753977062523125,1.044708347886832,1.3061803444782167,0.222930782501466,0.0218653911836466,-0.1709012831480086,0.2847035375615937,GRANULITE_KHONDALITE,0.85,1
2_1142_0,22.07793965356969,80.45747367487233,0,BASTAR_CRATON,666.0,13.841977,58.292984,390.0,531.5,429.0,920.0,2033.5,2475.0,2457.0,2770.5,1672.5,778.0,-11.740411109840956,-3.729353491144261,PALAEOPROTEROZOIC,,SAUSAR,JUNEWANI,GREY & PINK GNEISS/QTZ-BIOTITE-SILLIMANITE GNEISS,,PALAEOPROTEROZOIC-GREY-PINK-GNEISS-QTZ-BIOTITE-SILLIMANITE-GNEISS,0.4098610083455763,77,99,5,3,1,1,0,0.8507467578330137,0.5255758309098847,8.011057618696695,0.7027027,0.1899745731468762,0.5190108190049426,0.5014225713314124,1.0999999971794872,2.1497429278280937,0.3166463165174414,3.89860138951375,3.1467544625649024,3.15809768231607,5.727272727272728,0.6807081807081807,2.1497429305912594,0.8071495766698025,-0.15065171260975,0.3650275452499377,0.5190108190049426,0.0476190475609047,GONDITE_METAMORPHIC,0.95,1
2_98_0,21.84671329943732,80.13947006429402,0,BASTAR_CRATON,318.0,1.9976988,90.0,1092.0,1455.0,1862.0,2239.0,2569.0,2839.0,3084.0,3226.0,4181.0,3317.0,-22.050319164761632,-12.788439846903827,PALAEOPROTEROZOIC,,SAUSAR,MANSAR,MUSCOVITE SCHIST,,PALAEOPROTEROZOIC-MUSCOVITE-SCHIST,0.8175918297793855,44,77,5,1,1,1,0,1.0,6.123233995736766e-17,9.261879317857804,0.24706833,-0.1509979352854785,-0.0364005624064364,0.1806038426019023,1.7051282035667323,1.2604763336567752,1.0755512318172662,2.245435014905781,2.873539516925402,0.9297558031565404,1.6562835660580022,1.3557068741893643,1.2604763340367802,1.2797250859106528,0.1826988941987768,0.1152307281788169,-0.0364005624064364,0.2606635070207639,GONDITE_METAMORPHIC,0.95,1
2_513_0,21.716277920183167,80.578207249058,0,BASTAR_CRATON,656.0,9.642261,55.13237,399.0,545.0,460.0,862.0,1792.0,2106.0,2286.0,2409.0,1544.0,795.0,-14.471887720175346,-6.3824492041800776,PALAEOPROTEROZOIC,,,,GRANITE,MALANJKHAND GRANITE,PALAEOPROTEROZOIC-GRANITE,0.5461766719956725,44,99,4,0,0,0,1,0.8204749862614218,0.5716824266315343,8.089438515995269,0.66496724,0.1937336814115577,0.4839337875741857,0.4729440536615885,1.1528822026243557,1.9421383623369328,0.3477690287192612,3.356521731833648,2.8330275177375643,2.875471694496262,4.969565217391304,0.6754155730533683,1.9421383647798744,0.8440366972477065,-0.1452335252409397,0.3202223170926797,0.4839337875741857,0.0710128055052237,CRATONIC_BASEMENT,0.3,1
1_115_0,21.717894887694584,79.74897241028727,1,BASTAR_CRATON,353.0,2.72335,132.89264,702.0,931.0,1015.0,1399.0,2192.5,2530.0,2629.0,2733.5,2652.0,1884.5,-15.994999482287886,-8.672360540384181,ARCHAEAN,,TIRODI GNEISSIC COMPLEX,,GNEISS/MIGMATITE,,ARCHAEAN-GNEISS-MIGMATITE,0.1062714552762322,44,66,3,1,0,1,0,0.7326303355818063,-0.6806267636416377,7.322638941903705,0.44291988,-0.00435523574998,0.1649495956209261,0.3229280096012273,1.4458689438093035,1.4072698321001489,0.7168124759540463,2.612807879199204,2.8485499432346404,1.3950650032395515,2.5901477832512314,1.00874857360213,1.407269832846909,1.0902255639097744,0.0480137181983404,0.1691832910461405,0.1649495956209261,0.1822946999520706,GRANULITE_KHONDALITE,0.85,1
2_489_0,21.49960427365354,79.73064677849122,0,BASTAR_CRATON,334.0,1.3613437,132.9357,463.0,703.0,586.0,1091.0,2157.0,2518.0,2697.0,2822.0,2115.0,1154.0,-15.002521187746307,-7.665320580019273,PALAEOPROTEROZOIC,,SAUSAR,MANSAR,MUSCOVITE SCHIST,,PALAEOPROTEROZOIC-MUSCOVITE-SCHIST,0.0440522568880768,44,165,5,3,1,1,0,0.7321186113265054,-0.6811771714828304,7.337200607727036,0.6430094,0.1209476308975586,0.4006751492078226,0.4423715817934138,1.265658744566612,1.8327556309941453,0.4278828326185084,3.609215010905777,3.008534846360548,2.337088386189698,4.602389078498294,0.7842046718576196,1.8327556325823224,0.833570412517781,-0.0783142808260852,0.2939736921707024,0.4006751492078226,0.1172545280102435,GONDITE_METAMORPHIC,0.95,1
2_1382_0,21.94103640426988,80.38983053397813,0,BASTAR_CRATON,693.0,7.871938,62.07466,460.5,640.5,673.0,1112.5,1887.0,2202.0,2523.5,2468.0,1980.5,1185.5,-14.028639991321809,-6.953942823872934,PALAEOPROTEROZOIC,,SAUSAR,MANSAR,PHYLLITE,,PALAEOPROTEROZOIC-PHYLLITE,0.1143359552824487,55,143,9,2,1,1,0,0.8835585940137481,0.4683206283567365,7.074697167448873,0.57891446,0.1205595026375311,0.3607441357884216,0.378578410730742,1.4614549371086756,1.670603119636775,0.4697840299307375,2.9427934577373054,3.0921155299108265,2.128637703813886,3.74962852897474,0.78482266693085,1.6706031210459722,1.0507416081186574,-0.0586252771514633,0.2511054958145592,0.3607441357884216,0.1874724303595302,GONDITE_METAMORPHIC,0.95,1
2_1208_0,21.753737667530952,79.70396681455287,0,BASTAR_CRATON,362.0,0.0,-0.0,781.5,1039.5,1244.5,1609.5,2161.0,2354.0,2537.0,2613.0,3316.5,2374.5,-18.28055816878909,-12.105016624451942,ARCHAEAN,,TIRODI GNEISSIC COMPLEX,,GNEISS/MIGMATITE,,ARCHAEAN-GNEISS-MIGMATITE,0.4160771495456204,33,110,3,1,0,1,0,-0.0,1.0,6.175541544337147,0.3417956,-0.1331681899490615,0.0330856153857099,0.2376554173504664,1.592450413829238,1.3967150973271365,0.9359479696744392,2.664925670819666,3.190476187406949,1.0684354596469003,2.038569706709522,1.3072526606227828,1.3967150979153506,1.1972101972101972,0.1576876705174582,0.1655245123588957,0.0330856153857099,0.228529121308722,GRANULITE_KHONDALITE,0.85,1
1_251_0,21.975262216594825,80.46609750159988,1,BASTAR_CRATON,673.0,7.0268245,277.54648,487.0,693.5,744.5,1164.0,1981.0,2248.0,2506.5,2625.5,2443.5,1565.5,-15.945661658684626,-9.718353229486077,ARCHAEAN,,TIRODI GNEISSIC COMPLEX,,GNEISS/MIGMATITE,,ARCHAEAN-GNEISS-MIGMATITE,0.126807254202031,44,143,7,3,0,1,0,-0.991338648517074,0.1313304380421433,6.227308429198551,0.54198706,0.0127272727247015,0.2310903732241919,0.3856709327389706,1.5287474301257753,1.5608431800952771,0.6245761018852679,3.282068497942152,3.5234318622589305,1.6010859140203857,3.366689053055742,0.9748653500897666,1.5608431810923027,1.0735400144196108,0.0314648548036132,0.2190072336694918,0.2310903732241919,0.2090945999114132,GRANULITE_KHONDALITE,0.85,1
1_523_0,21.717894887694584,79.7513978615544,1,BASTAR_CRATON,358.0,1.3624445,47.107365,657.5,906.5,932.5,1315.5,2158.0,2432.5,2598.5,2740.0,2481.5,1692.0,-17.498627736670354,-10.116066394812922,ARCHAEAN,,TIRODI GNEISSIC COMPLEX,,GNEISS/MIGMATITE,,ARCHAEAN-GNEISS-MIGMATITE,0.1445642943086191,44,66,3,1,0,1,0,0.7326303949776937,0.6806266997075773,7.382561341857432,0.471821,0.0230314960584583,0.2112807364616523,0.3512513869186903,1.4182509484133066,1.466607564145031,0.6511448910328479,2.661126002508176,2.737451734431934,1.5357565002743754,2.7865951742627346,0.9549740234750818,1.4666075650118204,1.0286817429674573,0.0236881559184875,0.1891697615456643,0.2112807364616523,0.1729559747339899,GRANULITE_KHONDALITE,0.85,1
1_346_0,21.44947828079967,79.76675905291283,1,BASTAR_CRATON,287.0,4.7325206,12.127453,629.0,969.0,939.0,1517.0,2123.0,2388.0,2403.0,2589.0,2215.0,1540.0,-18.315943543585472,-10.012796081979094,PALAEOPROTEROZOIC,,SAUSAR,CHORBAOLI,QUARTZITE,,PALAEOPROTEROZOIC-QUARTZITE,0.3524126460851072,66,165,7,2,1,1,0,0.2100870390069688,0.9776826867860984,8.303147461606379,0.43806103,0.0407102641748137,0.218868881506754,0.2610813443105013,1.4928457845900702,1.4383116873777195,0.6408655844191155,2.3588924362525105,2.2858617107473047,1.5603896093763705,2.559105431309904,0.9217644610903036,1.4383116883116882,0.9690402476780186,0.0197219527934494,0.1797603195260292,0.218868881506754,0.1977040815065662,GONDITE_METAMORPHIC,0.95,1
1_408_0,21.71573893101269,79.75031988321345,1,BASTAR_CRATON,359.0,1.3624346,312.893,727.0,1018.0,1223.0,1539.0,2195.0,2563.5,2626.5,2809.0,2454.0,1633.0,-17.256228528924865,-10.053611213787317,ARCHAEAN,,TIRODI GNEISSIC COMPLEX,,GNEISS/MIGMATITE,,ARCHAEAN-GNEISS-MIGMATITE,0.033082234737827,44,77,3,1,0,1,0,-0.7326260590632643,0.6806313668803623,7.202617315137548,0.3645928,0.0339533510414421,0.2332433383652439,0.2920883164001636,1.6822558436282589,1.5027556635010682,0.621739957882452,2.0065412902644795,2.410609034960109,1.6083894662532825,2.1475878986099755,0.934323243860651,1.5027556644213105,1.201375245579568,0.0460137970206935,0.2008808416440223,0.2332433383652439,0.2543589742285338,GRANULITE_KHONDALITE,0.85,1
1_483_0,21.86449994206289,79.98262421568676,1,BASTAR_CRATON,350.0,11.2149105,153.90549,427.0,601.0,556.0,1052.0,1945.0,2347.0,2472.0,2619.0,1867.0,943.0,-13.998243113795432,-7.824097621827503,ARCHAEAN,,TIRODI GNEISSIC COMPLEX,,GNEISS/MIGMATITE,,ARCHAEAN-GNEISS-MIGMATITE,0.941708421439482,44,88,5,2,0,1,0,0.439853120113003,-0.8980697259828193,6.174145491967929,0.6327609,0.1394330490575171,0.4477306001617187,0.4268591663233835,1.302107725287804,1.979851535546287,0.3814724917550677,3.357913663025335,3.1064891795233125,2.62142099403879,4.446043165467626,0.7552588996763754,1.9798515376458112,0.9251247920133112,-0.0894400601109657,0.3288256226587809,0.4477306001617187,0.1312309256040377,GRANULITE_KHONDALITE,0.85,1
2_384_0,21.33494308207443,79.63632367365868,0,BASTAR_CRATON,267.0,0.92740995,-0.0,655.5,914.5,883.5,1344.5,2121.5,2426.5,2385.5,2609.0,2000.5,1245.0,-17.15401294338082,-10.04250558459313,ARCHAEAN,,TIRODI GNEISSIC COMPLEX,,GNEISS/MIGMATITE,,ARCHAEAN-GNEISS-MIGMATITE,4.735659729279301,11,22,2,1,0,1,0,-0.0,1.0,7.111507358787691,0.45946774,0.0877792977456043,0.3141440572058548,0.3198431768509313,1.3478260849003416,1.6068273079463231,0.5219031647361546,2.264289754086825,2.187534169286458,1.9160642554891048,2.7000565930956424,0.8386082582267869,1.6068273092369478,0.9661016949152542,-0.0264978902908864,0.2327838544961381,0.3141440572058548,0.1481481480518855,GRANULITE_KHONDALITE,0.85,1
1_158_0,21.6833995807844,79.73441970268453,1,BASTAR_CRATON,342.0,1.3622696,312.89948,1078.5,1379.0,1715.5,1999.5,2212.0,2399.5,2409.5,2569.5,3632.75,3346.0,-22.83460832078825,-15.52048074540008,ARCHAEAN,,TIRODI GNEISSIC COMPLEX,,GNEISS/MIGMATITE,,ARCHAEAN-GNEISS-MIGMATITE,0.4402012779646084,33,132,5,2,0,1,0,-0.7325490767838436,0.6807142205824249,7.314127575388174,0.16824242,-0.2024494186433117,-0.1627139257818236,0.1247537754158998,1.590635139925234,1.0856993421740289,1.3886698479399586,2.117604195792711,2.63433647379671,0.7201135682247121,1.4045467793646167,1.5076779414816353,1.0856993424985055,1.2440174039158811,0.2105248266843372,0.0410890202341266,-0.1627139257818236,0.2279885468045853,GRANULITE_KHONDALITE,0.85,1
2_1195_0,21.858840555772936,80.44938883731525,0,BASTAR_CRATON,654.0,11.036125,185.13077,362.0,547.0,502.0,871.0,1850.0,2211.0,2333.0,2467.0,1860.0,1051.0,-14.387155268659871,-7.878822957494524,ARCHAEAN,,TIRODI GNEISSIC COMPLEX,,GNEISS/MIGMATITE,,ARCHAEAN-GNEISS-MIGMATITE,0.2971335828676096,44,88,5,1,0,1,0,-0.0894291957350187,-0.9959931821805748,6.508332311165347,0.64585537,0.1128070593577851,0.378841607453061,0.4781306169927709,1.3867403276609382,1.769743100123936,0.4504929273679842,3.70517927548769,3.4003656244965894,2.219790673435023,4.647410358565737,0.7972567509644235,1.769743101807802,0.9177330895795248,-0.0658493177643169,0.277911370567533,0.378841607453061,0.1620370368494941,GRANULITE_KHONDALITE,0.85,1
1_222_0,21.851025212801098,80.22759479366614,1,BASTAR_CRATON,313.0,2.2022135,245.10507,801.0,881.0,965.0,1114.0,1193.0,1231.0,1247.0,1267.0,1405.0,1268.0,-17.50867781989601,-9.306799060456246,PALAEOPROTEROZOIC,,SAUSAR,MANSAR,PHYLLITE,,PALAEOPROTEROZOIC-PHYLLITE,0.6387206229891901,44,88,5,1,1,1,0,-0.9070812674386116,-0.4209555490333415,8.201878759439765,0.12748644,-0.0595776772022708,-0.0083499005931014,0.0642587147987153,1.2047440684085593,1.108044163164003,1.0168404161853726,1.4559585477140329,1.5947786588027484,0.983438485028834,1.2922279792746114,1.1267040898155574,1.1080441640378549,1.0953461975028378,0.0728836577471969,0.0512532734563212,-0.0083499005931014,0.0928652321104953,GONDITE_METAMORPHIC,0.95,1
1_160_0,21.71681690935364,79.75085887238392,1,BASTAR_CRATON,356.0,0.92740995,-0.0,699.0,978.5,1085.0,1513.5,2479.0,2786.0,2925.5,3140.5,2590.5,1793.5,-16.17350265555288,-9.431468950720468,ARCHAEAN,,TIRODI GNEISSIC COMPLEX,,GNEISS/MIGMATITE,,ARCHAEAN-GNEISS-MIGMATITE,0.0888236822389007,44,77,3,1,0,1,0,-0.0,1.0,6.742033704832412,0.45892033,0.0607324147823182,0.2398813307395886,0.3495917489579734,1.5522174512843814,1.4443824915280832,0.6130575967824107,2.387557601486122,2.64741951696738,1.631168106143759,2.6963133640553,0.8854896598871987,1.4443824923334263,1.1088400613183444,0.0069863013689059,0.181797445214006,0.2398813307395886,0.2163677128832019,GRANULITE_KHONDALITE,0.85,1
2_594_0,22.10758405794564,80.41273757372318,0,BASTAR_CRATON,627.0,7.0245132,58.29833,375.5,504.0,486.0,847.0,1730.5,2019.5,2189.0,2281.5,1484.5,791.5,-13.239513988975062,-6.258594860602386,PALAEOPROTEROZOIC,,SAUSAR,MANSAR,PHYLLITE,,PALAEOPROTEROZOIC-PHYLLITE,0.4128537937958458,77,165,6,3,1,1,0,0.8507957931412212,0.5254964494391949,6.980919128372676,0.63663554,0.1917789573453711,0.4688810600674782,0.458526450229015,1.294274297485288,1.875552745577318,0.3615806302596708,3.054526742686159,2.945436502092388,2.765634867004884,4.504115226337449,0.6781635449977158,1.8755527479469365,0.9642857142857144,-0.1309812568619666,0.3044815464391557,0.4688810600674782,0.1282646545231983,GONDITE_METAMORPHIC,0.95,1
2_1181_0,21.99547431048752,79.80529677860156,0,BASTAR_CRATON,532.0,1.3638681,132.83708,644.0,906.0,978.0,1374.0,2105.0,2367.0,2431.0,2673.0,2578.0,1704.0,-16.083360950843215,-9.446116966259291,ARCHAEAN,,TIRODI GNEISSIC COMPLEX,,GNEISS/MIGMATITE,,ARCHAEAN-GNEISS-MIGMATITE,0.5037997565292862,22,66,2,0,0,1,0,0.7332899981519456,-0.6799160084968727,6.637243984583924,0.4262247,-0.0293471750789883,0.1758162031013745,0.3209785025152017,1.518633538014544,1.512910797234207,0.7009461124224821,2.635991817345612,2.8454746105458337,1.426643191651031,2.485685071574642,1.060468942821884,1.5129107981220655,1.0794701986754969,0.0725380787102189,0.2041102288173493,0.1758162031013745,0.205918618861949,GRANULITE_KHONDALITE,0.85,1
1_363_0,21.45028676455538,79.76514208540142,1,BASTAR_CRATON,285.0,2.1971948,294.95575,823.0,1128.0,1307.0,1769.0,2201.0,2426.0,2471.0,2689.0,3231.0,2493.0,-17.97607219880839,-11.973469938819736,PALAEOPROTEROZOIC,,SAUSAR,CHORBAOLI,QUARTZITE,,PALAEOPROTEROZOIC-QUARTZITE,0.2973463833108574,55,165,7,2,1,1,0,-0.9066339082625492,0.4219181868426335,6.002602259988652,0.30809954,-0.1332865660937764,-0.0044319097493086,0.206370569715933,1.588092343149341,1.296028880346559,1.0089032776167934,2.472073448758933,2.8643616995883314,0.9911752904166968,1.8905891354246365,1.3075677863213273,1.296028880866426,1.158687943262411,0.1588355464557155,0.1289308175875382,-0.0044319097493086,0.227230046841676,GONDITE_METAMORPHIC,0.95,1
2_1408_0,22.150972686168604,80.53589659917597,0,BASTAR_CRATON,544.0,3.7047918,-0.0,418.0,572.5,527.5,876.0,1841.5,2179.5,2358.5,2422.5,1586.0,916.0,-13.934693039514933,-6.951979054937448,PALAEOPROTEROZOIC,,SAUSAR,JUNEWANI,GREY & PINK GNEISS/QTZ-BIOTITE-SILLIMANITE GNEISS,,PALAEOPROTEROZOIC-GREY-PINK-GNEISS-QTZ-BIOTITE-SILLIMANITE-GNEISS,3.086231229745325,22,44,4,2,1,1,0,-0.0,1.0,6.982713984577483,0.63444215,0.1958423120304621,0.4405252708992135,0.4688494768928757,1.2619617194689912,1.731441046144715,0.3883824463055406,3.0066350653902654,2.770305672016933,2.5747816565777493,4.471090047393365,0.6724613101547594,1.7314410480349345,0.9213973799126638,-0.135582822058163,0.267785771275865,0.4405252708992135,0.1158117396977136,GONDITE_METAMORPHIC,0.95,1
1_452_0,21.85021672904539,80.22624732073997,1,BASTAR_CRATON,305.0,3.9906528,270.0,738.0,795.0,839.0,925.0,990.0,1022.0,1001.0,1016.0,1260.0,1261.0,-17.560545329066148,-9.068259717337664,PALAEOPROTEROZOIC,,SAUSAR,MANSAR,PHYLLITE,,PALAEOPROTEROZOIC-PHYLLITE,0.7181717068043861,44,88,5,1,1,1,0,-1.0,-1.8369701987210292e-16,8.492285611728484,0.08804348,-0.1145510835406673,-0.1149425286848176,0.046883049950086,1.13685636702323,0.9992069777960292,1.259740258481778,1.5017878408798715,1.5849056583837664,0.7938144323601788,1.193087008343266,1.2587412587412588,0.999206978588422,1.0553459119496855,0.0937988535451279,-0.0003966679887359,-0.1149425286848176,0.0640456562688359,GONDITE_METAMORPHIC,0.95,1
2_829_0,22.12429272223025,80.19444695968214,0,BASTAR_CRATON,581.0,3.8369422,164.89734,462.5,692.0,577.5,1134.5,2202.5,2582.0,2737.0,2812.5,1976.5,1017.0,-13.966659416508124,-8.288617823936402,ARCHAEAN,,TIRODI GNEISSIC COMPLEX,,GNEISS/MIGMATITE,,ARCHAEAN-GNEISS-MIGMATITE,1.2981114140949412,33,33,3,1,0,1,0,0.2605493311607091,-0.9654605357194602,5.678041592571722,0.65153116,0.1613450726293953,0.458177943404854,0.4251330123067816,1.2486486459488677,1.943461158364345,0.3715747167074992,3.422510816584397,2.856213868704893,2.6912487682485264,4.739393939393939,0.7221410303251735,1.94346116027532,0.8345375722543352,-0.1121925784110206,0.3205278101484791,0.458177943404854,0.1105769229705991,GRANULITE_KHONDALITE,0.85,1
2_1369_0,22.16498640460087,80.05457926994472,0,BASTAR_CRATON,343.0,3.4243522,35.748745,901.3333333333334,1244.75,1551.3333333333337,1940.5,2467.0,2745.0,2953.25,3152.5,3536.0,2661.0,-18.319705271983963,-11.030547325149342,ARCHAEAN,,TIRODI GNEISSIC COMPLEX,,GNEISS/MIGMATITE,,ARCHAEAN-GNEISS-MIGMATITE,2.589196273605068,11,22,2,1,0,1,0,0.5842318888764536,0.8115867791061231,7.289157946834621,0.31122005,-0.0898023654367142,0.0520550385087847,0.2379736893308514,1.7211538442442824,1.328823749970378,0.90104122546312,2.2793296074692755,2.840731068213913,1.1098271322398243,1.903685002148689,1.1973249809531872,1.3288237504697482,1.246301131418625,0.1378619423347498,0.1411973535353885,0.0520550385087847,0.2650176677364702,GRANULITE_KHONDALITE,0.85,1
2_964_0,21.8938748518536,79.64171356536339,0,BASTAR_CRATON,580.0,2.7251465,47.142498,485.5,648.5,655.0,1143.5,2205.5,2669.0,2707.0,2908.0,2131.0,1402.5,-14.695679418758107,-6.493739550143813,ARCHAEAN,,TIRODI GNEISSIC COMPLEX,,GNEISS/MIGMATITE,,ARCHAEAN-GNEISS-MIGMATITE,1.648658395586364,22,110,3,0,0,1,0,0.7330476083394334,0.6801773326918772,8.201939868614295,0.61035097,0.1190574617364494,0.3174352110189961,0.4355177093828168,1.3491246110213706,1.519429588934453,0.5181012188702988,3.25343510953674,3.286044713514195,1.9301247758073976,4.132824427480916,0.7872183228666421,1.5194295900178254,1.010023130300694,-0.0679936438792349,0.2061695202472988,0.3174352110189961,0.1486190266123463,GRANULITE_KHONDALITE,0.85,1
2_831_0,22.121058787207424,80.65905562462875,0,BASTAR_CRATON,586.0,16.680632,346.51077,433.5,649.0,601.0,1074.0,1994.5,2318.5,2464.5,2593.0,1690.0,927.5,-16.84752745054562,-9.89412345202466,PALAEOPROTEROZOIC,,SAUSAR,JUNEWANI,GREY & PINK GNEISS/QTZ-BIOTITE-SILLIMANITE GNEISS,,PALAEOPROTEROZOIC-GREY-PINK-GNEISS-QTZ-BIOTITE-SILLIMANITE-GNEISS,0.2611896092009375,55,66,6,4,1,1,0,-0.2332625814525568,0.9724137844015218,6.95340399852096,0.6078943,0.1864243590837828,0.4531249998664136,0.4142350694261699,1.386389846859539,1.82210242391148,0.3763440858687993,2.811980028599035,2.604006159315861,2.657142854278013,4.100665557404327,0.685737472103875,1.8221024258760108,0.926040061633282,-0.1169782231418427,0.2913085003662622,0.4531249998664136,0.1619139679440174,GONDITE_METAMORPHIC,0.95,1
2_997_0,21.69983875048378,79.50858324025688,0,BASTAR_CRATON,364.0,2.723167,132.89622,705.5,955.5,1105.0,1580.0,2166.5,2448.5,2601.5,2735.0,3290.5,2440.0,-16.301389020918336,-8.437546320293698,ARCHAEAN,,TIRODI GNEISSIC COMPLEX,,GNEISS/MIGMATITE,,ARCHAEAN-GNEISS-MIGMATITE,0.8877744422654755,22,33,2,1,0,1,0,0.7325878066944539,-0.6806725390983608,7.863842700624637,0.40375018,-0.1169382212971931,0.0320341168239543,0.2676709153493231,1.566265058020886,1.348565573217801,0.9379204301603228,2.977828051603775,3.443746725856885,1.0661885241532014,2.3542986425339367,1.264847203536421,1.3485655737704918,1.1564625850340136,0.1413177539576348,0.1484163685283279,0.0320341168239543,0.2206572768734287,GRANULITE_KHONDALITE,0.85,1
2_179_0,21.426571241054624,80.19848937846068,0,BASTAR_CRATON,317.0,3.1265435,72.76113,701.0,990.0,1032.0,1574.0,2469.0,2794.0,2901.0,3151.0,3190.0,2111.0,-17.619560407093843,-11.786382925955506,ARCHAEAN,,AMGAON GNEISSIC COMPLEX,,GRANITE GNEISS/MIGMATITE,,ARCHAEAN-GRANITE-GNEISS-MIGMATITE,2.657753543088164,11,22,2,0,0,1,0,0.9550775311648232,0.2963560518432288,5.833177481138337,0.47520977,-0.0474470530212695,0.1576217078695886,0.3337566136859774,1.472182594190895,1.5111321641349449,0.7276801100559531,3.091085268322592,3.2222222189674525,1.3742302219923117,2.811046511627907,1.0996208204067563,1.5111321648507816,1.0424242424242425,0.0792433537731028,0.203546500621855,0.1576217078695886,0.1909982687876524,GRANULITE_KHONDALITE,0.85,1
2_380_0,21.650251746800382,80.49574190597582,0,BASTAR_CRATON,689.0,6.036313,261.19437,372.75,553.5,532.0,946.0,1918.0,2249.0,2495.0,2508.0,1810.0,948.0,-14.882908725948363,-8.813050487300915,ARCHAEAN,,AMGAON GNEISSIC COMPLEX,,AMPHIBOLITE,,ARCHAEAN-AMPHIBOLITE,0.4405710948571334,44,110,6,1,0,1,0,-0.988213343975805,-0.1530829408789806,6.06985823864745,0.64849687,0.1591173054218078,0.4493174555767303,0.4522292992321282,1.4272300431194365,1.9092826984079296,0.3799599196873908,3.402255632702527,3.2700993617523046,2.631856537308168,4.68984962406015,0.7254509018036072,1.909282700421941,0.9611562782294488,-0.1009165506788393,0.3125453225842838,0.4493174555767303,0.1760154736932683,CRATONIC_BASEMENT,0.3,1
2_955_0,21.46699542884,79.51343414279113,0,BASTAR_CRATON,393.0,4.388357,114.95324,452.0,626.0,476.0,932.0,2077.0,2473.0,2570.0,2824.0,1686.0,807.0,-13.866675060346672,-7.9757404440867425,ARCHAEAN,,TIRODI GNEISSIC COMPLEX,,GNEISS/MIGMATITE,,ARCHAEAN-GNEISS-MIGMATITE,0.6187407149691887,99,187,6,3,0,1,0,0.9066523906850252,-0.4218784688332985,5.89093461625993,0.687459,0.2077067668684899,0.5220610007337694,0.5037273694079534,1.053097342802882,2.089219328266147,0.3140077819789853,3.5420167992814773,2.6932907305219,3.184634444628706,5.399159663865547,0.6560311284046693,2.0892193308550184,0.7603833865814696,-0.1658950616963936,0.3525872441425643,0.5220610007337694,0.0258620689376486,GRANULITE_KHONDALITE,0.85,1
1_195_0,21.71600842559793,79.7513978615544,1,BASTAR_CRATON,357.0,2.1056247,28.288986,693.0,925.5,1032.5,1404.0,2056.5,2277.0,2377.5,2570.5,2501.5,1772.5,-17.556510490690908,-10.662447733151952,ARCHAEAN,,TIRODI GNEISSIC COMPLEX,,GNEISS/MIGMATITE,,ARCHAEAN-GNEISS-MIGMATITE,0.1445661900973127,44,77,3,1,0,1,0,0.473918945630674,0.8805684714843646,6.894062757538956,0.39442816,-0.0254150440611979,0.145783132494992,0.2934960371635436,1.4898989877490636,1.4112834970881334,0.7455310196653918,2.4227602882104016,2.7028633142054423,1.341325810244668,2.3026634382566584,1.0521556256572029,1.411283497884344,1.1156131820637494,0.0701794231099735,0.1705662142792311,0.145783132494992,0.1967545637804957,GRANULITE_KHONDALITE,0.85,1
1_475_0,21.715469436427465,79.7513978615544,1,BASTAR_CRATON,357.0,3.1322234,107.20657,683.5,932.5,1123.0,1476.0,2025.5,2300.5,2365.5,2570.5,2477.5,1755.0,-17.176220876151767,-9.717828043551249,ARCHAEAN,,TIRODI GNEISSIC COMPLEX,,GNEISS/MIGMATITE,,ARCHAEAN-GNEISS-MIGMATITE,0.1445667317224404,44,77,3,1,0,1,0,0.955244447552372,-0.2958175880848935,7.45839283260052,0.35617027,-0.0231261614653879,0.1481616308340828,0.2704806622339106,1.6430138966451882,1.411680910876535,0.7419150282215536,2.206144254491412,2.656836458276851,1.3478632470952343,2.1064113980409616,1.0473472838723314,1.4116809116809117,1.204289544235925,0.0829385667970616,0.1707028942301942,0.1481616308340828,0.2432881260762313,GRANULITE_KHONDALITE,0.85,1
2_347_0,22.17657467176601,80.57766825988752,0,BASTAR_CRATON,536.0,6.464861,180.0,584.0,784.0,1029.0,1385.0,1841.5,2068.5,2339.5,2472.5,3160.0,2273.5,-19.416961628810967,-12.303170863570417,PALAEOPROTEROZOIC,,SAUSAR,JUNEWANI,GREY & PINK GNEISS/QTZ-BIOTITE-SILLIMANITE GNEISS,,PALAEOPROTEROZOIC-GREY-PINK-GNEISS-QTZ-BIOTITE-SILLIMANITE-GNEISS,7.712420060549687,22,22,2,2,1,1,0,1.2246467991473532e-16,-1.0,7.11379076524055,0.38904557,-0.14919538137118,0.0143073921495106,0.2819183408212785,1.7619862983527632,1.38992742406425,0.9717888433546532,3.070942659795002,4.030612239756872,1.0290301293032638,2.2735665694849367,1.3507159649497755,1.3899274246756104,1.3125,0.1779261862667239,0.1631545044330257,0.0143073921495106,0.2758834468221429,GONDITE_METAMORPHIC,0.95,1
2_1306_0,21.929987126275204,80.25023233882595,0,BASTAR_CRATON,546.0,0.92740995,-0.0,408.0,568.0,429.0,928.0,2052.0,2429.0,2565.0,2750.0,1661.0,771.0,-15.487286532931568,-8.677019738999277,PALAEOPROTEROZOIC,,SAUSAR,MANSAR,PHYLLITE,,PALAEOPROTEROZOIC-PHYLLITE,0.0239924657540992,77,77,5,2,1,1,0,-0.0,1.0,6.810266793932289,0.7134268,0.2139138664898452,0.5377697840114599,0.495377922649435,1.0514705856581603,2.1543450036908625,0.3005847952044503,3.871794862769709,2.924295769499479,3.326848244712259,5.979020979020979,0.6475633528265107,2.154345006485084,0.7552816901408451,-0.1744025281109218,0.3659539472179466,0.5377697840114599,0.0250896057047913,GONDITE_METAMORPHIC,0.95,1
2_198_0,21.802516187458643,80.65986410838445,0,BASTAR_CRATON,632.0,7.483043,248.30162,466.0,608.0,551.0,932.0,1933.0,2264.0,2511.0,2560.0,1848.0,1046.0,-16.483827216583123,-9.225329891934328,PALAEOPROTEROZOIC - MESOPROTEROZOIC,,KHAIRAGARH,SITAGOTA,BASALT,,PALAEOPROTEROZOIC-MESOPROTEROZOIC-BASALT,1.8737822998273288,22,33,3,2,0,0,0,-0.92914302550593,-0.3697204865214893,7.258497324648795,0.64010453,0.1520991052644874,0.4118639301625347,0.4662084763842473,1.1824034309390483,1.7667303998406017,0.4165671045732508,3.3539019902832994,3.039473679211392,2.4005736114717267,4.557168784029038,0.7359617682198327,1.7667304015296368,0.90625,-0.1075148809323819,0.2771250862898669,0.4118639301625347,0.0835791542934324,OTHER_UNDIVIDED,0.1,1
2_1230_0,21.525206259250947,79.81553757284053,0,BASTAR_CRATON,324.0,16.304089,303.60278,471.5,716.5,610.5,1109.0,2176.0,2595.0,2638.0,2893.5,1834.5,901.5,-16.134676386882475,-9.810776057871449,PALAEOPROTEROZOIC,,SAUSAR,CHORBAOLI,QUARTZITE,,PALAEOPROTEROZOIC-QUARTZITE,0.7511128487413317,33,66,4,2,1,1,0,-0.8328943890869245,0.5534319620581367,6.3239003290110265,0.62413424,0.1796534376345101,0.4906060176605153,0.4458463459223369,1.294803814857256,2.0349417614698373,0.3417361636308809,3.0049139999919507,2.5603628715138,2.926234051107893,4.3210483210483215,0.6954131918119788,2.034941763727121,0.8520586182833217,-0.1196327301972035,0.3410087718051868,0.4906060176605153,0.1284658039478134,GONDITE_METAMORPHIC,0.95,1
2_1102_0,21.393962396241083,80.08988306061062,0,BASTAR_CRATON,445.0,27.536884,41.828663,455.9047619047619,612.2222222222222,485.54545454545456,1060.5,2270.333333333333,2639.0,2760.0,2990.6666666666665,1849.0,913.3333333333334,-13.913397655301658,-8.115506892947039,PALAEOPROTEROZOIC,,SAKOLI,GAIKHURI,PHYLLITE,,PALAEOPROTEROZOIC-PHYLLITE,0.313442466243397,55,154,9,2,0,1,0,0.6669053214288073,0.7451424643985465,5.797890762354619,0.7007927,0.197656758473062,0.5027223229121445,0.4764471138824749,1.06501509537176,2.0244525525279715,0.3309178742762375,3.808088365120956,3.020145185629527,3.0218978069103306,5.684328777382513,0.6699275362318841,2.0244525547445256,0.7930869493482925,-0.1587905976687039,0.3387233014340328,0.5027223229121445,0.0314840785962854,GONDITE_METAMORPHIC,0.75,1
1_211_0,21.81599091672044,80.16722800657331,1,BASTAR_CRATON,310.0,3.134223,287.19522,544.0,725.0,675.0,1136.0,1926.0,2263.0,2494.0,2470.0,1894.0,991.0,-15.377379824855478,-8.202727224846125,PALAEOPROTEROZOIC,,SAUSAR,MANSAR,PHYLLITE,,PALAEOPROTEROZOIC-PHYLLITE,0.574800476006752,66,77,5,2,1,1,0,-0.9553030287560244,0.2956283532572041,7.1746526000093525,0.5739981,0.1367365542076717,0.4312769008805518,0.3699389904686803,1.240808821248513,1.9112008053368303,0.397353648597693,2.8059259217689987,2.6124137895001187,2.5166498460982343,3.694814814814815,0.7594226142742582,1.9112008072653883,0.9310344827586208,-0.0836454431810869,0.3129982667892553,0.4312769008805518,0.1074651352686914,GONDITE_METAMORPHIC,0.95,1
1_467_0,21.716277920183167,79.75166735613962,1,BASTAR_CRATON,357.0,0.92740995,-0.0,670.5,896.5,960.0,1443.5,2330.0,2666.5,2730.5,2865.5,2798.0,1933.0,-16.768904842689505,-10.480202908648309,ARCHAEAN,,TIRODI GNEISSIC COMPLEX,,GNEISS/MIGMATITE,,ARCHAEAN-GNEISS-MIGMATITE,0.172436871400788,44,77,3,1,0,1,0,-0.0,1.0,6.288701934041196,0.4797453,-0.012209460068335,0.1710088988590095,0.3300069620956122,1.4317673356722336,1.4474909459661194,0.7079289504823553,2.914583330297309,3.121026209569408,1.4125711322231913,2.8442708333333333,1.0247207471159128,1.4474909467149508,1.0708310094813165,0.0498672998952553,0.1828366095576333,0.1710088988590095,0.1775528977751898,GRANULITE_KHONDALITE,0.85,1
2_1424_0,21.68232160244345,80.02978576810303,0,BASTAR_CRATON,288.0,1.362264,132.89969,762.0,983.8,1168.4,1487.6666666666667,2064.75,2358.333333333333,2536.0,2579.6666666666665,2613.75,1800.0,-17.5226025193812,-9.544244967997043,ARCHAEAN,,TIRODI GNEISSIC COMPLEX,,GNEISS/MIGMATITE,,ARCHAEAN-GNEISS-MIGMATITE,2.702715178502933,11,33,3,1,0,1,0,0.7325465818309963,-0.6807169055104504,7.978357551384153,0.3691826,-0.0150978202796062,0.1697416973778271,0.2684805768885885,1.533333331321085,1.4520833325266205,0.7097791795308442,2.237033548239444,2.656789995266528,1.4088888881061727,2.170489558370421,1.0306585173501577,1.4520833333333334,1.1876397641797114,0.0683813195951524,0.1843670347925534,0.1697416973778271,0.2105263156804153,GRANULITE_KHONDALITE,0.85,1
2_745_0,21.97741817327672,79.88668414334279,0,BASTAR_CRATON,549.0,1.3637749,47.159286,468.0,720.0,664.0,1257.0,2591.0,2899.0,3226.0,3320.0,2487.0,1408.0,-15.320821083032994,-8.752144965248348,ARCHAEAN,,TIRODI GNEISSIC COMPLEX,,GNEISS/MIGMATITE,,ARCHAEAN-GNEISS-MIGMATITE,2.513808950835408,11,44,2,0,0,1,0,0.7332468728240193,0.6799625162417383,6.568676117784646,0.65861183,0.1293541046509095,0.3923176520517225,0.4507319203734472,1.4188034157717877,1.7663352260182277,0.4364538126359412,3.7454819220700575,3.454166661869213,2.2911931801909136,4.858433734939759,0.7709237445753255,1.7663352272727273,0.9222222222222224,-0.0793279766136847,0.277021822778685,0.3923176520517225,0.1731448761721334,GRANULITE_KHONDALITE,0.85,1
1_138_0,21.53275210763755,79.98343269944246,1,BASTAR_CRATON,274.0,1.3615097,47.070793,591.0,834.0,841.5,1312.0,2087.5,2344.5,2419.5,2626.0,2582.5,1636.5,-16.02648480233954,-8.740289874176119,ARCHAEAN,,TIRODI GNEISSIC COMPLEX,,GNEISS/MIGMATITE,,ARCHAEAN-GNEISS-MIGMATITE,0.2569361703239289,33,77,4,1,0,1,0,0.7321958005025827,0.6810942003323638,7.28619492816342,0.48390064,-0.0325869652073996,0.193047337230511,0.3336719145927699,1.4238578656110696,1.5780629382352196,0.6763794169554126,3.068924535865805,3.096522778061724,1.4784601274192115,2.875222816399287,1.0673692911758628,1.5780629391995111,1.0089928057553956,0.0642629574847675,0.224223749650575,0.193047337230511,0.1748691098255713,GRANULITE_KHONDALITE,0.85,1
2_819_0,21.40258622296863,79.81338161615864,0,BASTAR_CRATON,261.0,2.7201817,227.04524,626.0,839.0,932.0,1369.0,2038.0,2303.0,2349.0,2622.0,2801.0,1816.0,-17.43854649989035,-11.438571633374568,ARCHAEAN,,AMGAON GNEISSIC COMPLEX,,GRANITE GNEISS/MIGMATITE,,ARCHAEAN-GRANITE-GNEISS-MIGMATITE,1.8022069623110288,22,88,6,2,0,1,0,-0.7318919705903723,-0.68142068018614,5.999974866515782,0.43188053,-0.08776699027422,0.1279711884446647,0.3139564018256185,1.4888178889954986,1.542400880207929,0.7730949336853576,3.0053648036423124,3.3384982081781907,1.2935022019308908,2.5203862660944205,1.192422307364836,1.5424008810572687,1.1108462455303934,0.1129994036802326,0.21334199692152,0.1279711884446647,0.1964056481409463,GRANULITE_KHONDALITE,0.85,1
2_582_0,21.370516367325564,80.14485995599874,0,BASTAR_CRATON,343.0,2.9527364,19.694546,639.0,857.0,972.5,1316.0,2083.5,2387.5,2485.5,2639.5,2128.5,1315.5,-17.20583507909365,-9.85998043017032,ARCHAEAN,,AMGAON GNEISSIC COMPLEX,,GRANITE GNEISS/MIGMATITE,,ARCHAEAN-GRANITE-GNEISS-MIGMATITE,3.820512300899547,11,22,2,1,0,1,0,0.3370056380724774,0.9415026287309888,7.345854648923328,0.43753615,0.0773732119468198,0.3078137331471156,0.3345973959462527,1.5219092307951343,1.6180159622820098,0.5292697644219394,2.1886889437648445,2.483663941092574,1.889395665610493,2.555784061696658,0.856366928183464,1.6180159635119726,1.1347724620770128,-0.0037747972044374,0.2360627177014916,0.3078137331471156,0.2069500464120694,GRANULITE_KHONDALITE,0.85,1
2_165_0,21.410132071355235,79.74789443194632,0,BASTAR_CRATON,268.0,0.0,-0.0,740.0,927.0,949.0,1608.0,2190.0,2464.0,2591.0,2746.0,2251.0,1534.0,-15.128151724025509,-8.498516315723096,PALAEOPROTEROZOIC,,SAUSAR,MANSAR,MUSCOVITE SCHIST,,PALAEOPROTEROZOIC-MUSCOVITE-SCHIST,0.0129354679185048,77,176,8,3,1,1,0,-0.0,1.0,6.629635408302411,0.4638418,0.0702189177880588,0.2562424241803048,0.2613688561641321,1.2824324306994157,1.4674054749234644,0.592049401546874,2.3719704927587246,2.428263212051496,1.6890482387946228,2.730242360379347,0.8687765341566963,1.467405475880052,1.0237324703344122,-0.020058184042251,0.1894319682458568,0.2562424241803048,0.1237418590149544,GONDITE_METAMORPHIC,0.95,1
2_279_0,21.480470158101795,80.24187800668365,0,BASTAR_CRATON,312.0,3.4187965,324.3811,714.0,909.0,1008.0,1446.0,2156.0,2431.0,2585.0,2709.0,2211.0,1382.0,-17.87582425782428,-10.190953457508634,ARCHAEAN,,AMGAON GNEISSIC COMPLEX,,GRANITE GNEISS/MIGMATITE,,ARCHAEAN-GRANITE-GNEISS-MIGMATITE,0.8413409167159926,22,55,2,0,0,1,0,-0.5823911537759713,0.8129086935219065,7.684870800315647,0.438909,0.077981651359887,0.3032518275010709,0.3039711190604161,1.4117647039050916,1.5998552810420728,0.5346228237777088,2.193452378776337,2.432343231647588,1.870477567387498,2.564484126984127,0.8553191489361702,1.5998552821997103,1.108910891089109,-0.0122737035881752,0.2307264124044735,0.3032518275010709,0.1707317072179258,GRANULITE_KHONDALITE,0.85,1
2_191_0,21.79658730658345,80.13515815093025,0,BASTAR_CRATON,313.0,2.9537241,19.748093,1096.5,1630.5,2005.5,2345.0,2671.5,2844.5,2894.0,3029.5,3732.5,3151.5,-19.77376705565696,-11.083472268966426,PALAEOPROTEROZOIC,,SAUSAR,MANSAR,PHYLLITE,,PALAEOPROTEROZOIC-PHYLLITE,0.5970248930926927,66,66,5,2,1,1,0,0.3378853922512375,0.9411872617620934,8.690294786690535,0.18134503,-0.1265373877421659,-0.0425936647022423,0.1273606846911599,1.82900136632102,1.1843566551850369,1.088977193818598,1.861131886381884,2.289175098258709,0.9182928761166768,1.4430316629269508,1.2897373876986868,1.184356655560844,1.2299908003679854,0.1796268694886542,0.0843986054496806,-0.0425936647022423,0.293036750389092,GONDITE_METAMORPHIC,0.95,1
2_933_0,21.65591113309033,80.09769840358247,0,BASTAR_CRATON,303.0,2.105427,208.27898,610.5333333333333,847.125,852.1428571428571,1297.375,1935.15,2188.1,2190.5454545454545,2285.0,1933.25,1295.888888888889,-16.891101128279782,-10.306295954655166,ARCHAEAN,,TIRODI GNEISSIC COMPLEX,,GNEISS/MIGMATITE,,ARCHAEAN-GNEISS-MIGMATITE,7.141433766898452,11,22,2,0,0,1,0,-0.4737651580005114,-0.8806512221445846,6.584805173624616,0.43987504,0.0623928750392936,0.2566107596676165,0.275690010042028,1.3957351863077996,1.4918331464094572,0.5915827428316056,2.2686923695086594,2.2821307336200314,1.6903806118233442,2.570631715309,0.882542745683931,1.491833147560662,1.0059233963616434,-0.0028078421819435,0.1973780419005272,0.2566107596676165,0.1651831931206058,GRANULITE_KHONDALITE,0.85,1
2_1402_0,21.40123875004245,80.17962475749417,0,BASTAR_CRATON,321.0,3.9783092,90.0,756.5,971.5,1205.0,1504.0,1953.0,2179.0,2224.0,2429.5,3111.0,2258.5,-17.325768159591213,-10.15614051846978,ARCHAEAN,,AMGAON GNEISSIC COMPLEX,,GRANITE GNEISS/MIGMATITE,,ARCHAEAN-GRANITE-GNEISS-MIGMATITE,3.746280730767493,11,11,1,0,0,1,0,1.0,6.123233995736766e-17,7.1696276411214335,0.29717118,-0.166260543548967,-0.0076965978789299,0.2352866403367772,1.5928618617410948,1.3774629172559385,1.0155125894714423,2.5817427364466865,3.202264536075899,0.9847243741488934,1.845643153526971,1.3988309352517985,1.3774629178658402,1.240349974266598,0.1830329609836177,0.1587671105021385,-0.0076965978789299,0.2286515420705319,GRANULITE_KHONDALITE,0.85,1
2_498_0,22.169298317964643,80.49358594929393,0,BASTAR_CRATON,528.0,5.7097864,240.94151,394.0,591.5,606.0,1016.5,1923.0,2335.0,2448.5,2546.0,1742.0,984.5,-15.618232215377969,-8.406697674932305,PALAEOPROTEROZOIC,,SAUSAR,JUNEWANI,GREY & PINK GNEISS/QTZ-BIOTITE-SILLIMANITE GNEISS,,PALAEOPROTEROZOIC-GREY-PINK-GNEISS-QTZ-BIOTITE-SILLIMANITE-GNEISS,0.6134907898734374,55,66,4,2,1,1,0,-0.8741243369500921,-0.4857022169514587,7.211534540445664,0.60320836,0.1685956329391252,0.4264491696980923,0.4293333332128187,1.538071062086114,1.7694261028243514,0.4020829077385816,2.874587454002331,2.945054940075985,2.487049261059371,4.04042904290429,0.711455993465387,1.7694261046216353,1.0245139475908709,-0.0952702051641903,0.277828718034906,0.4264491696980923,0.211999999788,GONDITE_METAMORPHIC,0.95,1
2_550_0,21.7300221440302,80.4151630249903,0,BASTAR_CRATON,317.0,1.3625066,132.89021,472.5,620.0,671.0,1038.5,1706.0,2011.0,2160.5,2371.0,1916.5,1082.0,-15.329200185422112,-7.818271254402745,PALAEOPROTEROZOIC,,SAUSAR,MANSAR,PHYLLITE,,PALAEOPROTEROZOIC-PHYLLITE,1.2071870733920522,33,88,6,2,1,1,0,0.7326592013254405,-0.6805956910774322,7.510928931019368,0.5260463,0.0598479273829168,0.3326137238758323,0.3908197681798446,1.4201058171003051,1.7712569299711116,0.5008099974539181,2.8561847945511403,3.0911290272723724,1.996765247692453,3.2198211624441133,0.8870631798194862,1.771256931608133,1.082258064516129,-0.0087156402626729,0.2783058194836399,0.3326137238758323,0.1735898555543595,GONDITE_METAMORPHIC,0.95,1
2_366_0,21.69337088043812,80.04730291614335,0,BASTAR_CRATON,296.0,5.063163,79.47253,725.0,984.1666666666666,1063.0,1474.6,2264.25,2518.75,2683.0,2706.0,2853.5,1964.0,-17.916327325426096,-11.461716880860726,ARCHAEAN,,TIRODI GNEISSIC COMPLEX,,GNEISS/MIGMATITE,,ARCHAEAN-GNEISS-MIGMATITE,2.5920459447696507,22,44,4,1,0,1,0,0.983167423204681,0.1827069181751686,6.45461044456537,0.4324613,-0.0307956290019334,0.1547234774790782,0.2945510213140336,1.4662068945293698,1.4529022395860989,0.7320163992799045,2.684383816853825,2.899407279018384,1.3660896123390582,2.523988711194732,1.0635482668654492,1.4529022403258656,1.0801016088060966,0.0694245340884122,0.1846393357167328,0.1547234774790782,0.1890380312141845,GRANULITE_KHONDALITE,0.85,1
1_86_0,21.998977740095583,80.23433215829704,1,BASTAR_CRATON,464.0,22.106884,355.0686,454.5,657.0,520.0,992.0,2121.0,2445.0,2745.5,2766.0,1729.0,841.5,-15.389713881190314,-8.850315281157854,PALAEOPROTEROZOIC,,SAUSAR,MANSAR,BIOTITE SCHIST,,PALAEOPROTEROZOIC-BIOTITE-SCHIST,0.114306019502424,55,154,6,3,1,1,0,-0.0859629407683767,0.9962983352462516,6.53939860003246,0.6815189,0.2271762207560227,0.5308056870558111,0.472059606047882,1.1441144089238406,2.0546642875167387,0.3065015478759783,3.3249999936057693,2.6316590523110213,3.262626258749107,5.279807692307692,0.629757785467128,2.054664289958408,0.791476407914764,-0.1745274361948013,0.345263567265021,0.5308056870558111,0.0672139558058348,GONDITE_METAMORPHIC,0.95,1
1_271_0,21.86449994206289,79.97885129149346,1,BASTAR_CRATON,343.0,2.9538836,160.24327,502.0,739.0,620.0,1160.0,2259.0,2541.0,2583.0,2637.0,2239.0,1364.0,-16.205397594959216,-9.412205655631382,ARCHAEAN,,TIRODI GNEISSIC COMPLEX,,GNEISS/MIGMATITE,,ARCHAEAN-GNEISS-MIGMATITE,0.5519267850026669,44,88,5,2,0,1,0,0.3380272668266194,-0.9411363168434876,6.7931919393278335,0.61286294,0.0713396930586188,0.3088421585232221,0.3889913088256541,1.2350597584958969,1.641495599969578,0.5280681376197955,3.611290316755984,3.029769955304777,1.893695013274417,4.166129032258064,0.8668215253581107,1.6414956011730206,0.8389715832205683,-0.0380215343139263,0.2428531778398964,0.3088421585232221,0.1051693403697242,GRANULITE_KHONDALITE,0.85,1
2_1273_0,21.647556800948024,79.64009659785198,0,BASTAR_CRATON,336.0,3.517315,238.21568,516.25,695.5,617.0,1082.75,2126.0,2362.0,2709.5,2640.0,2013.5,1142.5,-15.927004722756044,-9.709781686973272,ARCHAEAN,,TIRODI GNEISSIC COMPLEX,,GNEISS/MIGMATITE,,ARCHAEAN-GNEISS-MIGMATITE,0.1030396535784975,33,55,3,2,0,1,0,-0.8500368719010812,-0.526723187650425,6.217223035782771,0.6290395,0.1473639635512674,0.4068016613689508,0.4183063594336696,1.1951573826728186,1.762363236969485,0.4216645135922995,3.263371145440241,2.895039535736823,2.371553608427524,4.391410048622366,0.7431260380143938,1.762363238512035,0.8871315600287563,-0.1016435432056958,0.275982255932832,0.4068016613689508,0.088903595774186,GRANULITE_KHONDALITE,0.85,1
2_1317_0,22.170645790890823,80.37473883720493,0,BASTAR_CRATON,584.0,3.0018709,270.0,387.0,600.0,513.0,962.5,1830.5,2089.5,2236.0,2356.0,1647.5,934.5,-15.732731263899137,-9.191031955702044,ARCHAEAN,,TIRODI GNEISSIC COMPLEX,,GNEISS/MIGMATITE,,ARCHAEAN-GNEISS-MIGMATITE,0.1068971907049306,33,44,4,2,0,1,0,-1.0,-1.8369701987210292e-16,6.541699308197092,0.62677336,0.1515385605377781,0.4105030750952521,0.4199186378122891,1.3255813919235624,1.76297485097595,0.4179338101887595,3.2115009683986337,2.7458333287569445,2.392723378926995,4.358674463937622,0.7368067978533095,1.7629748528624931,0.855,-0.096686526581648,0.2761425250673344,0.4105030750952521,0.1399999998444444,GRANULITE_KHONDALITE,0.85,1
2_729_0,21.48990246858505,79.77915580383367,0,BASTAR_CRATON,448.0,14.427941,331.74835,628.0,861.0,828.0,1500.0,2493.0,2846.0,2933.0,3153.0,2590.0,1489.0,-14.541952466938728,-7.704679476730352,PALAEOPROTEROZOIC,,SAUSAR,CHORBAOLI,QUARTZITE,,PALAEOPROTEROZOIC-QUARTZITE,0.107631383127819,77,110,6,2,1,1,0,-0.4733450348207307,0.8808771072122157,6.837272990208376,0.55969155,0.0621039290128365,0.326549072743883,0.3552546743272609,1.3184713354801412,1.7394224299936718,0.5076713261139887,3.1280193198936965,3.0081300778070497,1.9697783734252663,3.542270531400966,0.883054892601432,1.7394224311618536,0.9616724738675958,-0.0204900415502951,0.2699190977519198,0.326549072743883,0.1373626372682948,GONDITE_METAMORPHIC,0.95,1
2_199_0,21.76155301050279,79.58862313207193,0,BASTAR_CRATON,429.0,1.8543341,-0.0,432.0,540.5,503.5,898.0,1658.5,1910.0,1969.0,2119.0,1786.5,987.5,-14.3099877172528,-8.586307732591823,ARCHAEAN,,TIRODI GNEISSIC COMPLEX,,GNEISS/MIGMATITE,,ARCHAEAN-GNEISS-MIGMATITE,1.28608112917067,11,55,3,2,0,1,0,-0.0,1.0,5.723679984660976,0.5927199,0.0485953934100398,0.3319803820964044,0.4047066621131234,1.1655092565613212,1.8091139222186188,0.5015236157940459,3.5481628529331424,3.3052728893519467,1.993924048613748,3.910625620655412,0.9073133570340274,1.8091139240506329,0.93154486586494,-0.0236623321203022,0.2880317230396425,0.3319803820964044,0.0764297166473226,GRANULITE_KHONDALITE,0.85,1
1_272_0,21.53409958056373,79.98478017236864,1,BASTAR_CRATON,276.0,0.99698824,270.0,628.0,832.0,834.0,1238.0,2036.0,2353.0,2506.5,2525.5,2035.0,1348.0,-15.78308847794716,-7.977844693762698,ARCHAEAN,,TIRODI GNEISSIC COMPLEX,,GNEISS/MIGMATITE,,ARCHAEAN-GNEISS-MIGMATITE,0.3603015354167016,33,77,4,1,0,1,0,-1.0,-1.8369701987210292e-16,7.805243784184462,0.50067353,0.1038203236587426,0.3005577895185996,0.3421017668813334,1.3280254755923162,1.509643915794033,0.5378017153250343,2.4400479587049784,2.4459134585986617,1.8594213636057704,3.0053956834532376,0.8118890883702374,1.5096439169139466,1.0024038461538465,-0.0442242025411469,0.2030741944418935,0.3005577895185996,0.1409028726806409,GRANULITE_KHONDALITE,0.85,1
2_45_0,21.554042179871185,79.59724695879947,0,BASTAR_CRATON,319.0,1.3616172,227.075,534.5,677.0,697.5,1074.5,1723.0,2047.5,1974.5,2198.0,2158.0,1323.5,-15.087344307769229,-8.637740214776514,ARCHAEAN,,TIRODI GNEISSIC COMPLEX,,GNEISS/MIGMATITE,,ARCHAEAN-GNEISS-MIGMATITE,2.166296598532018,22,88,5,3,0,1,0,-0.7322458085526303,-0.681040436286352,6.449604092992715,0.47791916,-0.0444041137218622,0.1973923589456057,0.3433155079164811,1.3049579021422677,1.6305251215485264,0.6702962771991409,3.0939068056001338,3.187592314346245,1.491877596152718,2.8308243727598565,1.0929349202329703,1.6305251227805062,1.0302806499261448,0.0645912946100118,0.2396955334655477,0.1973923589456057,0.1323051946978042,GRANULITE_KHONDALITE,0.85,1
1_515_0,21.84833026694874,80.2265168153252,1,BASTAR_CRATON,306.0,1.997722,270.0,683.0,739.0,758.0,859.0,1032.0,1078.0,1054.0,1111.0,1245.0,1035.0,-14.749214902000007,-8.424439622838023,PALAEOPROTEROZOIC,,SAUSAR,MANSAR,PHYLLITE,,PALAEOPROTEROZOIC-PHYLLITE,0.5910468459869797,44,88,5,1,1,1,0,-1.0,-1.8369701987210292e-16,6.324775279161985,0.16335541,-0.083079599789874,0.0090952608860242,0.1279187816609549,1.1098096616254618,1.2028985495624167,0.9819734336034408,1.6424802089149335,1.6847090640261042,1.018357486938785,1.3905013192612137,1.181214421252372,1.2028985507246377,1.0257104194857916,0.0711229946333895,0.0921052631174977,0.0090952608860242,0.0520471894156508,GONDITE_METAMORPHIC,0.95,1
1_45_0,21.974184238253883,80.4677144691113,1,BASTAR_CRATON,654.0,12.366441,107.1773,284.5,484.0,335.0,764.5,1622.5,1961.0,2148.5,2229.5,1550.5,809.0,-12.975735805388316,-6.273818124838563,PALAEOPROTEROZOIC,,SAUSAR,MANSAR,GONDITE/MANGANESE ORE,,PALAEOPROTEROZOIC-GONDITE-MANGANESE-ORE,0.0011466441476481,44,143,7,3,1,0,0,0.9553954436415426,-0.295329555359737,6.701917680549752,0.7302194,0.1616653149062813,0.4529163143016344,0.4893119570843982,1.1775043895342552,1.916563656469019,0.3765417731549724,4.62835819513923,3.2035123900753875,2.6557478335528457,6.413432835820895,0.7216662787991622,1.916563658838072,0.6921487603305785,-0.1267801319609169,0.314261495946488,0.4529163143016344,0.0815173525722076,GONDITE_METAMORPHIC,0.95,1
2_440_0,21.792544887804915,79.69911591201863,0,BASTAR_CRATON,555.0,9.6456375,235.14662,493.5,681.0,606.0,1153.5,2110.5,2475.5,2682.5,2720.0,2237.0,1320.0,-16.06100495800611,-9.401999434805273,ARCHAEAN,,TIRODI GNEISSIC COMPLEX,,GNEISS/MIGMATITE,,ARCHAEAN-GNEISS-MIGMATITE,1.0832812197509138,22,77,3,1,0,1,0,-0.8206171436879942,-0.5714783490958848,6.659005523200838,0.6314429,0.0905579835165041,0.3404122422634822,0.4044146120035072,1.2279635233475916,1.694696968413108,0.4920782849982933,3.691419135822741,3.284875178729993,2.0321969681574266,4.426567656765677,0.833923578751165,1.6946969696969696,0.8898678414096917,-0.0553248047756562,0.2578015180607811,0.3404122422634822,0.1023192359233112,GRANULITE_KHONDALITE,0.85,1
2_208_0,22.02673568237488,79.8395225909265,0,BASTAR_CRATON,528.0,2.7265139,312.8308,540.0,754.0,849.0,1341.0,1923.0,2136.0,2362.0,2552.0,2806.0,2010.0,-16.72307868984999,-9.47236404588982,ARCHAEAN,,TIRODI GNEISSIC COMPLEX,,GNEISS/MIGMATITE,,ARCHAEAN-GNEISS-MIGMATITE,0.17607212754958,22,55,2,0,0,1,0,-0.7333645170814085,0.6798356309329134,7.250714643960173,0.47119278,-0.0859133126768743,0.0805123513082085,0.3110711532722653,1.5722222193106996,1.3960198998029751,0.8509737506981483,3.305064778203693,3.721485406204928,1.1751243775248137,2.7820965842167253,1.1879762912785774,1.3960199004975125,1.1259946949602122,0.1148391032309228,0.1652823919922586,0.0805123513082085,0.2224622028635981,GRANULITE_KHONDALITE,0.85,1
1_200_0,21.999786223851288,80.23433215829704,1,BASTAR_CRATON,446.0,3.5235655,301.7212,380.5,526.5,414.0,818.5,1773.0,2124.0,2233.0,2354.0,1468.0,727.5,-14.421661934465252,-8.08197162612191,PALAEOPROTEROZOIC,,SAUSAR,MANSAR,BIOTITE SCHIST,,PALAEOPROTEROZOIC-BIOTITE-SCHIST,0.0243056121713155,55,143,6,3,1,1,0,-0.8506166215261157,0.5257864235442913,6.339690308343343,0.68719304,0.2067008915950551,0.5085289645301372,0.4840031519356964,1.088042047074791,2.0178694130338566,0.3257948946145119,3.5458937112418027,2.7882241162616825,3.069415803341009,5.393719806763285,0.6574115539632781,2.01786941580756,0.7863247863247863,-0.1627182737931891,0.3372808014860939,0.5085289645301372,0.0421648835215042,GONDITE_METAMORPHIC,0.95,1
