{
"type": "FeatureCollection",
"name": "india_manganese_occurrences",
"crs": { "type": "name", "properties": { "name": "urn:ogc:def:crs:OGC:1.3:CRS84" } },
"features": [
{ "type": "Feature", "properties": { "name": "BALAGHAT", "state": "Chhattisgarh", "district": "Unknown", "latitude": 21.816666666700002, "longitude": 80.166666666699996, "host_rock": "PHYLLITE,QUARTZITE", "formation": "LOHANGI Fm..", "source": "GSI Mineral Occurrence", "deposit_type": "Primary Deposit", "reserve": "Documented GSI Occurrence", "grade": "Historical GSI Record", "metallogenic_belt": "SAUSAR Mn ZONE", "metallogenic_zone_no": "XXIX", "occurrence_id": "MN_IND_0001" }, "geometry": { "type": "Point", "coordinates": [ 80.166666666699996, 21.816666666700002 ] } },
{ "type": "Feature", "properties": { "name": "HARENABALLI", "state": "Karnataka", "district": "Unknown", "latitude": 13.3166666667, "longitude": 76.716666666699993, "host_rock": "METAVOLCANICS-METASEDIMENTS", "formation": "BABABUDAN (DHARWAR)", "source": "GSI Mineral Occurrence", "deposit_type": "Primary Deposit", "reserve": "Documented GSI Occurrence", "grade": "Historical GSI Record", "metallogenic_belt": "CHITRADURGA POLYMETALLIC PROVINCE", "metallogenic_zone_no": "XVII", "occurrence_id": "MN_IND_0002" }, "geometry": { "type": "Point", "coordinates": [ 76.716666666699993, 13.3166666667 ] } },
{ "type": "Feature", "properties": { "name": "HULLIKATTE", "state": "Karnataka", "district": "Unknown", "latitude": 14.5, "longitude": 76.116666666699999, "host_rock": "BFQ,PHYLLITE", "formation": "BABABUDAN (DHARWAR)", "source": "GSI Mineral Occurrence", "deposit_type": "Primary Deposit", "reserve": "Documented GSI Occurrence", "grade": "Historical GSI Record", "metallogenic_belt": "CHITRADURGA POLYMETALLIC PROVINCE", "metallogenic_zone_no": "XVII", "occurrence_id": "MN_IND_0003" }, "geometry": { "type": "Point", "coordinates": [ 76.116666666699999, 14.5 ] } },
{ "type": "Feature", "properties": { "name": "KAREKUCHI", "state": "Karnataka", "district": "Unknown", "latitude": 13.333333333300001, "longitude": 76.702777777799994, "host_rock": "BHQ,METAPELITE,METAVOLCANICS", "formation": "BABABUDAN (DHARWAR)", "source": "GSI Mineral Occurrence", "deposit_type": "Primary Deposit", "reserve": "Documented GSI Occurrence", "grade": "Historical GSI Record", "metallogenic_belt": "CHITRADURGA POLYMETALLIC PROVINCE", "metallogenic_zone_no": "XVII", "occurrence_id": "MN_IND_0004" }, "geometry": { "type": "Point", "coordinates": [ 76.702777777799994, 13.333333333300001 ] } },
{ "type": "Feature", "properties": { "name": "DEVADA", "state": "Andhra Pradesh", "district": "Unknown", "latitude": 18.266666666700001, "longitude": 83.55, "host_rock": "KHONDALITE", "formation": "EASTERN GHAT Sgp.", "source": "GSI Mineral Occurrence", "deposit_type": "Primary Deposit", "reserve": "Documented GSI Occurrence", "grade": "Historical GSI Record", "metallogenic_belt": "EASTERNGHAT AI-Mn PROVINCE", "metallogenic_zone_no": "XXII", "occurrence_id": "MN_IND_0005" }, "geometry": { "type": "Point", "coordinates": [ 83.55, 18.266666666700001 ] } },
{ "type": "Feature", "properties": { "name": "GARBHAM", "state": "Andhra Pradesh", "district": "Unknown", "latitude": 18.366666666699999, "longitude": 83.483333333299996, "host_rock": "KHONDALITE", "formation": "EASTERN GHAT Sgp.", "source": "GSI Mineral Occurrence", "deposit_type": "Primary Deposit", "reserve": "Documented GSI Occurrence", "grade": "Historical GSI Record", "metallogenic_belt": "EASTERNGHAT AI-Mn PROVINCE", "metallogenic_zone_no": "XXII", "occurrence_id": "MN_IND_0006" }, "geometry": { "type": "Point", "coordinates": [ 83.483333333299996, 18.366666666699999 ] } },
{ "type": "Feature", "properties": { "name": "NISHIKHAL", "state": "Odisha", "district": "Unknown", "latitude": 19.2166666667, "longitude": 83.216666666699993, "host_rock": "KHONDALITE", "formation": "EASTERN GHAT Sgp.", "source": "GSI Mineral Occurrence", "deposit_type": "Primary Deposit", "reserve": "Documented GSI Occurrence", "grade": "Historical GSI Record", "metallogenic_belt": "EASTERNGHAT AI-Mn PROVINCE", "metallogenic_zone_no": "XXII", "occurrence_id": "MN_IND_0007" }, "geometry": { "type": "Point", "coordinates": [ 83.216666666699993, 19.2166666667 ] } },
{ "type": "Feature", "properties": { "name": "CODGUI", "state": "Goa", "district": "Unknown", "latitude": 15.5083333333, "longitude": 74.133333333300001, "host_rock": "LATERITE", "formation": "DHARWAR Sgp.", "source": "GSI Mineral Occurrence", "deposit_type": "Primary Deposit", "reserve": "Documented GSI Occurrence", "grade": "Historical GSI Record", "metallogenic_belt": "GOA Fe-Mn BELT", "metallogenic_zone_no": "XLVII", "occurrence_id": "MN_IND_0008" }, "geometry": { "type": "Point", "coordinates": [ 74.133333333300001, 15.5083333333 ] } },
{ "type": "Feature", "properties": { "name": "COLAMBA", "state": "Goa", "district": "Unknown", "latitude": 15.1333333333, "longitude": 74.116666666699999, "host_rock": "MANGANIFEROUS PHYLLITE", "formation": "DHARWAR Sgp.", "source": "GSI Mineral Occurrence", "deposit_type": "Primary Deposit", "reserve": "Documented GSI Occurrence", "grade": "Historical GSI Record", "metallogenic_belt": "GOA Fe-Mn BELT", "metallogenic_zone_no": "XLVII", "occurrence_id": "MN_IND_0009" }, "geometry": { "type": "Point", "coordinates": [ 74.116666666699999, 15.1333333333 ] } },
{ "type": "Feature", "properties": { "name": "SULKORNA", "state": "Goa", "district": "Unknown", "latitude": 15.0, "longitude": 74.166666666699996, "host_rock": "MANGANIFEROUS PHYLLITE", "formation": "DHARWAR Sgp.", "source": "GSI Mineral Occurrence", "deposit_type": "Primary Deposit", "reserve": "Documented GSI Occurrence", "grade": "Historical GSI Record", "metallogenic_belt": "GOA Fe-Mn BELT", "metallogenic_zone_no": "XLVII", "occurrence_id": "MN_IND_0010" }, "geometry": { "type": "Point", "coordinates": [ 74.166666666699996, 15.0 ] } },
{ "type": "Feature", "properties": { "name": "PIMPERGUDA-PIMPERKUNTA", "state": "Andhra Pradesh", "district": "Unknown", "latitude": 19.733333333299999, "longitude": 78.466666666699993, "host_rock": "LIMESTONE,SHALE,CHERT", "formation": "PENGANGA Gp.", "source": "GSI Mineral Occurrence", "deposit_type": "Primary Deposit", "reserve": "Documented GSI Occurrence", "grade": "Historical GSI Record", "metallogenic_belt": "Other Regional Mn Belt", "metallogenic_zone_no": "N/A", "occurrence_id": "MN_IND_0011" }, "geometry": { "type": "Point", "coordinates": [ 78.466666666699993, 19.733333333299999 ] } },
{ "type": "Feature", "properties": { "name": "PIMPERKUNTA", "state": "Andhra Pradesh", "district": "Unknown", "latitude": 19.75, "longitude": 78.466666666699993, "host_rock": "LIMESTONE,SHALE,CHERT", "formation": "PENGANGA Gp.", "source": "GSI Mineral Occurrence", "deposit_type": "Primary Deposit", "reserve": "Documented GSI Occurrence", "grade": "Historical GSI Record", "metallogenic_belt": "Other Regional Mn Belt", "metallogenic_zone_no": "N/A", "occurrence_id": "MN_IND_0012" }, "geometry": { "type": "Point", "coordinates": [ 78.466666666699993, 19.75 ] } },
{ "type": "Feature", "properties": { "name": "KOIRA", "state": "Odisha", "district": "Unknown", "latitude": 21.9, "longitude": 85.25, "host_rock": "SHALE,TUFFACEOUS SHALE", "formation": "BONAI Gp.", "source": "GSI Mineral Occurrence", "deposit_type": "Primary Deposit", "reserve": "Documented GSI Occurrence", "grade": "Historical GSI Record", "metallogenic_belt": "BONAI-NOAMUNDI-JAMDA Fe-Mn BELT", "metallogenic_zone_no": "XXXIV", "occurrence_id": "MN_IND_0013" }, "geometry": { "type": "Point", "coordinates": [ 85.25, 21.9 ] } },
{ "type": "Feature", "properties": { "name": "KATSAI", "state": "Odisha", "district": "Unknown", "latitude": 21.833333333300001, "longitude": 85.35, "host_rock": "TUFFACEOUS SHALE", "formation": "BONAI Gp.", "source": "GSI Mineral Occurrence", "deposit_type": "Primary Deposit", "reserve": "Documented GSI Occurrence", "grade": "Historical GSI Record", "metallogenic_belt": "BONAI-NOAMUNDI-JAMDA Fe-Mn BELT", "metallogenic_zone_no": "XXXIV", "occurrence_id": "MN_IND_0014" }, "geometry": { "type": "Point", "coordinates": [ 85.35, 21.833333333300001 ] } },
{ "type": "Feature", "properties": { "name": "ROIDA", "state": "Odisha", "district": "Unknown", "latitude": 22.016666666700001, "longitude": 85.366666666699999, "host_rock": "TUFFACEOUS SHALE", "formation": "BONAI Gp.", "source": "GSI Mineral Occurrence", "deposit_type": "Primary Deposit", "reserve": "Documented GSI Occurrence", "grade": "Historical GSI Record", "metallogenic_belt": "BONAI-NOAMUNDI-JAMDA Fe-Mn BELT", "metallogenic_zone_no": "XXXIV", "occurrence_id": "MN_IND_0015" }, "geometry": { "type": "Point", "coordinates": [ 85.366666666699999, 22.016666666700001 ] } },
{ "type": "Feature", "properties": { "name": "SARAMDAH-BHADRASAI", "state": "Odisha", "district": "Unknown", "latitude": 22.05, "longitude": 85.4, "host_rock": "TUFFACEOUS SHALE", "formation": "BONAI Gp.", "source": "GSI Mineral Occurrence", "deposit_type": "Primary Deposit", "reserve": "Documented GSI Occurrence", "grade": "Historical GSI Record", "metallogenic_belt": "BONAI-NOAMUNDI-JAMDA Fe-Mn BELT", "metallogenic_zone_no": "XXXIV", "occurrence_id": "MN_IND_0016" }, "geometry": { "type": "Point", "coordinates": [ 85.4, 22.05 ] } },
{ "type": "Feature", "properties": { "name": "SARKUNDA", "state": "Odisha", "district": "Unknown", "latitude": 21.816666666700002, "longitude": 85.15, "host_rock": "METASEDIMENTS-METAVOLCANICS", "formation": "IRON OREGROUP", "source": "GSI Mineral Occurrence", "deposit_type": "Primary Deposit", "reserve": "Documented GSI Occurrence", "grade": "Historical GSI Record", "metallogenic_belt": "BONAI-NOAMUNDI-JAMDA Fe-Mn BELT", "metallogenic_zone_no": "XXXIV", "occurrence_id": "MN_IND_0017" }, "geometry": { "type": "Point", "coordinates": [ 85.15, 21.816666666700002 ] } },
{ "type": "Feature", "properties": { "name": "KANIVENALLI", "state": "Karnataka", "district": "Unknown", "latitude": 14.95, "longitude": 76.566666666700002, "host_rock": "METASEDIMENTS-METAVOLCANICS", "formation": "EASTERN GREENSTONE", "source": "GSI Mineral Occurrence", "deposit_type": "Primary Deposit", "reserve": "Documented GSI Occurrence", "grade": "Historical GSI Record", "metallogenic_belt": "SANDUR Fe-Mn-Au PROVINCE", "metallogenic_zone_no": "XVI", "occurrence_id": "MN_IND_0018" }, "geometry": { "type": "Point", "coordinates": [ 76.566666666700002, 14.95 ] } },
{ "type": "Feature", "properties": { "name": "RAMGAD", "state": "Karnataka", "district": "Unknown", "latitude": 15.15, "longitude": 76.433333333299998, "host_rock": "METASEDIMENTS - METAVOLCANICS", "formation": "EASTERN GREENSTONE", "source": "GSI Mineral Occurrence", "deposit_type": "Primary Deposit", "reserve": "Documented GSI Occurrence", "grade": "Historical GSI Record", "metallogenic_belt": "SANDUR Fe-Mn-Au PROVINCE", "metallogenic_zone_no": "XVI", "occurrence_id": "MN_IND_0019" }, "geometry": { "type": "Point", "coordinates": [ 76.433333333299998, 15.15 ] } },
{ "type": "Feature", "properties": { "name": "BHANDARBOLI", "state": "Maharashtra", "district": "Unknown", "latitude": 21.383333333300001, "longitude": 79.45, "host_rock": "GONDITE", "formation": "SAUSAR Gp.", "source": "GSI Mineral Occurrence", "deposit_type": "Primary Deposit", "reserve": "Documented GSI Occurrence", "grade": "Historical GSI Record", "metallogenic_belt": "SAUSAR Mn ZONE", "metallogenic_zone_no": "XXIX", "occurrence_id": "MN_IND_0020" }, "geometry": { "type": "Point", "coordinates": [ 79.45, 21.383333333300001 ] } },
{ "type": "Feature", "properties": { "name": "DHANSUA-LAUGHAR-JAGANTOLI", "state": "Madhya Pradesh", "district": "Unknown", "latitude": 22.0, "longitude": 80.233333333299996, "host_rock": "SCHIST,PHYLLITE", "formation": "LOHANGI Fm.", "source": "GSI Mineral Occurrence", "deposit_type": "Primary Deposit", "reserve": "Documented GSI Occurrence", "grade": "Historical GSI Record", "metallogenic_belt": "SAUSAR Mn ZONE", "metallogenic_zone_no": "XXIX", "occurrence_id": "MN_IND_0021" }, "geometry": { "type": "Point", "coordinates": [ 80.233333333299996, 22.0 ] } },
{ "type": "Feature", "properties": { "name": "GUMGAON", "state": "Maharashtra", "district": "Unknown", "latitude": 21.383333333300001, "longitude": 79.333333333300004, "host_rock": "SCHIST", "formation": "SAUSAR Gp.", "source": "GSI Mineral Occurrence", "deposit_type": "Primary Deposit", "reserve": "Documented GSI Occurrence", "grade": "Historical GSI Record", "metallogenic_belt": "SAUSAR Mn ZONE", "metallogenic_zone_no": "XXIX", "occurrence_id": "MN_IND_0022" }, "geometry": { "type": "Point", "coordinates": [ 79.333333333300004, 21.383333333300001 ] } },
{ "type": "Feature", "properties": { "name": "JUNEWANI", "state": "Maharashtra", "district": "Unknown", "latitude": 21.45, "longitude": 79.266666666700004, "host_rock": "CALC GNEISS AND SCHIST", "formation": "SAUSAR Gp.", "source": "GSI Mineral Occurrence", "deposit_type": "Primary Deposit", "reserve": "Documented GSI Occurrence", "grade": "Historical GSI Record", "metallogenic_belt": "SAUSAR Mn ZONE", "metallogenic_zone_no": "XXIX", "occurrence_id": "MN_IND_0023" }, "geometry": { "type": "Point", "coordinates": [ 79.266666666700004, 21.45 ] } },
{ "type": "Feature", "properties": { "name": "NETRA", "state": "Maharashtra", "district": "Unknown", "latitude": 21.5333333333, "longitude": 79.983333333299996, "host_rock": "SCHIST", "formation": "LOHANGI Fm.", "source": "GSI Mineral Occurrence", "deposit_type": "Primary Deposit", "reserve": "Documented GSI Occurrence", "grade": "Historical GSI Record", "metallogenic_belt": "SAUSAR Mn ZONE", "metallogenic_zone_no": "XXIX", "occurrence_id": "MN_IND_0024" }, "geometry": { "type": "Point", "coordinates": [ 79.983333333299996, 21.5333333333 ] } },
{ "type": "Feature", "properties": { "name": "PANCHALA", "state": "Maharashtra", "district": "Unknown", "latitude": 21.45, "longitude": 79.766666666700004, "host_rock": "GONDITE", "formation": "SAUSAR Gp.", "source": "GSI Mineral Occurrence", "deposit_type": "Primary Deposit", "reserve": "Documented GSI Occurrence", "grade": "Historical GSI Record", "metallogenic_belt": "SAUSAR Mn ZONE", "metallogenic_zone_no": "XXIX", "occurrence_id": "MN_IND_0025" }, "geometry": { "type": "Point", "coordinates": [ 79.766666666700004, 21.45 ] } },
{ "type": "Feature", "properties": { "name": "PAWNIA", "state": "Madhya Pradesh", "district": "Unknown", "latitude": 21.7166666667, "longitude": 79.75, "host_rock": "GONDITE-QUARTZITE", "formation": "LOHANGI Fm..", "source": "GSI Mineral Occurrence", "deposit_type": "Primary Deposit", "reserve": "Documented GSI Occurrence", "grade": "Historical GSI Record", "metallogenic_belt": "SAUSAR Mn ZONE", "metallogenic_zone_no": "XXIX", "occurrence_id": "MN_IND_0026" }, "geometry": { "type": "Point", "coordinates": [ 79.75, 21.7166666667 ] } },
{ "type": "Feature", "properties": { "name": "TIRODI", "state": "Madhya Pradesh", "district": "Unknown", "latitude": 21.683333333299998, "longitude": 79.733333333299996, "host_rock": "GONDITE,QUARTZITE", "formation": "LOHANGI Fm..", "source": "GSI Mineral Occurrence", "deposit_type": "Primary Deposit", "reserve": "Documented GSI Occurrence", "grade": "Historical GSI Record", "metallogenic_belt": "SAUSAR Mn ZONE", "metallogenic_zone_no": "XXIX", "occurrence_id": "MN_IND_0027" }, "geometry": { "type": "Point", "coordinates": [ 79.733333333299996, 21.683333333299998 ] } },
{ "type": "Feature", "properties": { "name": "UKWA", "state": "Madhya Pradesh", "district": "Unknown", "latitude": 21.9666666667, "longitude": 80.466666666699993, "host_rock": "SCHIST AND PHYLLITE", "formation": "LOHANGI Fm.", "source": "GSI Mineral Occurrence", "deposit_type": "Primary Deposit", "reserve": "Documented GSI Occurrence", "grade": "Historical GSI Record", "metallogenic_belt": "SAUSAR Mn ZONE", "metallogenic_zone_no": "XXIX", "occurrence_id": "MN_IND_0028" }, "geometry": { "type": "Point", "coordinates": [ 80.466666666699993, 21.9666666667 ] } },
{ "type": "Feature", "properties": { "name": "LAUGHAR-KAMHATOLA", "state": "Madhya Pradesh", "district": "Unknown", "latitude": 21.833333333300001, "longitude": 80.366666666699999, "host_rock": "SCHISTS", "formation": "LOHANGI Fm..", "source": "GSI Mineral Occurrence", "deposit_type": "Primary Deposit", "reserve": "Documented GSI Occurrence", "grade": "Historical GSI Record", "metallogenic_belt": "SAUSAR Mn ZONE", "metallogenic_zone_no": "XXIX", "occurrence_id": "MN_IND_0029" }, "geometry": { "type": "Point", "coordinates": [ 80.366666666699999, 21.833333333300001 ] } },
{ "type": "Feature", "properties": { "name": "ANMOD", "state": "Goa", "district": "Unknown", "latitude": 15.4333333333, "longitude": 74.3, "host_rock": "LATERITE ON VOLCANICS OF GREENSTONE", "formation": "CHITRADURGA BELT Gp.", "source": "GSI Mineral Occurrence", "deposit_type": "Primary Deposit", "reserve": "Documented GSI Occurrence", "grade": "Historical GSI Record", "metallogenic_belt": "GOA Fe-Mn BELT", "metallogenic_zone_no": "XLVII", "occurrence_id": "MN_IND_0030" }, "geometry": { "type": "Point", "coordinates": [ 74.3, 15.4333333333 ] } },
{ "type": "Feature", "properties": { "name": "HATTIKAMBA", "state": "Karnataka", "district": "Unknown", "latitude": 15.266666666700001, "longitude": 74.45, "host_rock": "LATERITE ON VOLCANOSEDIMENTARY SEQUENCE", "formation": "CHITRADURGA BELT Gp.", "source": "GSI Mineral Occurrence", "deposit_type": "Primary Deposit", "reserve": "Documented GSI Occurrence", "grade": "Historical GSI Record", "metallogenic_belt": "GOA Fe-Mn BELT", "metallogenic_zone_no": "XLVII", "occurrence_id": "MN_IND_0031" }, "geometry": { "type": "Point", "coordinates": [ 74.45, 15.266666666700001 ] } },
{ "type": "Feature", "properties": { "name": "TERALI-BISGOD", "state": "Goa", "district": "Unknown", "latitude": 15.166666666699999, "longitude": 74.366666666699999, "host_rock": "LATERITE ON VOLCANOSEDIMETS OF GREENSTON", "formation": "CHITRADURGA BELT BELT", "source": "GSI Mineral Occurrence", "deposit_type": "Primary Deposit", "reserve": "Documented GSI Occurrence", "grade": "Historical GSI Record", "metallogenic_belt": "GOA Fe-Mn BELT", "metallogenic_zone_no": "XLVII", "occurrence_id": "MN_IND_0032" }, "geometry": { "type": "Point", "coordinates": [ 74.366666666699999, 15.166666666699999 ] } },
{ "type": "Feature", "properties": { "name": "YOGIMALAI", "state": "Karnataka", "district": "Unknown", "latitude": 13.8666666667, "longitude": 75.316666666700002, "host_rock": "METASEDIMENTS-METAVOLCANICS", "formation": "CHITRADURGA BELT Gp.", "source": "GSI Mineral Occurrence", "deposit_type": "Primary Deposit", "reserve": "Documented GSI Occurrence", "grade": "Historical GSI Record", "metallogenic_belt": "KUNDREMUKH-SHIMOGA BELT", "metallogenic_zone_no": "XXVI", "occurrence_id": "MN_IND_0033" }, "geometry": { "type": "Point", "coordinates": [ 75.316666666700002, 13.8666666667 ] } },
{ "type": "Feature", "properties": { "name": "VINJAMUR-KODANDARMA MINE", "state": "Andhra Pradesh", "district": "Unknown", "latitude": 14.75, "longitude": 79.58333334, "host_rock": "VOLCANICS,CARBONATITE,TUFF", "formation": "NELLORE Gp.", "source": "NGDR Mineral Deposit", "deposit_type": "Mineral Deposit", "reserve": "OCCURRENCE", "grade": "nan", "metallogenic_belt": "Other Regional Mn Belt", "metallogenic_zone_no": "N/A", "occurrence_id": "MN_IND_0034" }, "geometry": { "type": "Point", "coordinates": [ 79.58333334, 14.75 ] } },
{ "type": "Feature", "properties": { "name": "NAN", "state": "Karnataka", "district": "Unknown", "latitude": 14.95, "longitude": 76.00972222, "host_rock": "METASEDIMENTS-METAVOLCANICS", "formation": "DHARWAR(SANDUR SCH.)", "source": "NGDR Mineral Deposit", "deposit_type": "Mineral Deposit", "reserve": "15.7 M.TONNES", "grade": "L012.0% 35.5%(AV.)", "metallogenic_belt": "Other Regional Mn Belt", "metallogenic_zone_no": "N/A", "occurrence_id": "MN_IND_0035" }, "geometry": { "type": "Point", "coordinates": [ 76.00972222, 14.95 ] } },
{ "type": "Feature", "properties": { "name": "GUMGAON", "state": "Maharashtra", "district": "Unknown", "latitude": 21.00805555, "longitude": 79.00861111, "host_rock": "SCHIST", "formation": "SAUSAR Gp.", "source": "NGDR Mineral Deposit", "deposit_type": "Mineral Deposit", "reserve": "585,600 TONNES", "grade": "46%-50% Mn", "metallogenic_belt": "Other Regional Mn Belt", "metallogenic_zone_no": "N/A", "occurrence_id": "MN_IND_0036" }, "geometry": { "type": "Point", "coordinates": [ 79.00861111, 21.00805555 ] } },
{ "type": "Feature", "properties": { "name": "COLAMBA", "state": "Goa", "district": "Unknown", "latitude": 15.00250001, "longitude": 74.11666667, "host_rock": "MANGANIFEROUS PHYLLITE", "formation": "DHARWAR Sgp.", "source": "NGDR Mineral Deposit", "deposit_type": "Mineral Deposit", "reserve": "215,398 TONNES", "grade": "25%-45% Mn", "metallogenic_belt": "GOA Fe-Mn BELT", "metallogenic_zone_no": "XLVII", "occurrence_id": "MN_IND_0037" }, "geometry": { "type": "Point", "coordinates": [ 74.11666667, 15.00250001 ] } },
{ "type": "Feature", "properties": { "name": "SULKORNA", "state": "Goa", "district": "Unknown", "latitude": 15.02061882, "longitude": 74.02076803, "host_rock": "MANGANIFEROUS PHYLLITE", "formation": "DHARWAR Sgp.", "source": "NGDR Mineral Deposit", "deposit_type": "Mineral Deposit", "reserve": "15,000 TONNES", "grade": "44%-50% Mn", "metallogenic_belt": "GOA Fe-Mn BELT", "metallogenic_zone_no": "XLVII", "occurrence_id": "MN_IND_0038" }, "geometry": { "type": "Point", "coordinates": [ 74.02076803, 15.02061882 ] } },
{ "type": "Feature", "properties": { "name": "BALAGHAT", "state": "Chhattisgarh", "district": "Unknown", "latitude": 21.81666667, "longitude": 80.0, "host_rock": "PHYLLITE,QUARTZITE", "formation": "LOHANGI Fm..", "source": "NGDR Mineral Deposit", "deposit_type": "Mineral Deposit", "reserve": "6.21 M.TONNES", "grade": "+48% Mn", "metallogenic_belt": "SAUSAR Mn ZONE", "metallogenic_zone_no": "XXIX", "occurrence_id": "MN_IND_0039" }, "geometry": { "type": "Point", "coordinates": [ 80.0, 21.81666667 ] } },
{ "type": "Feature", "properties": { "name": "DHANSUA-LAUGHAR-JAGANTOLI", "state": "Madhya Pradesh", "district": "Unknown", "latitude": 22.0, "longitude": 80.00416667, "host_rock": "SCHIST,PHYLLITE", "formation": "LOHANGI Fm.", "source": "NGDR Mineral Deposit", "deposit_type": "Mineral Deposit", "reserve": "1.6 M.TONNES (TOTAL RESERVE)", "grade": "35%-46% Mn", "metallogenic_belt": "SAUSAR Mn ZONE", "metallogenic_zone_no": "XXIX", "occurrence_id": "MN_IND_0040" }, "geometry": { "type": "Point", "coordinates": [ 80.00416667, 22.0 ] } },
{ "type": "Feature", "properties": { "name": "KALTA", "state": "Odisha", "district": "Unknown", "latitude": 21.849999990000001, "longitude": 85.13333334, "host_rock": "BHQ,SHALE INTERLAYERED WITH LAVA", "formation": "BONAI Gp.", "source": "NGDR Mineral Deposit", "deposit_type": "Mineral Deposit", "reserve": "461.3 M.TONNES", "grade": "59%-65% Fe", "metallogenic_belt": "BONAI-NOAMUNDI-JAMDA Fe-Mn BELT", "metallogenic_zone_no": "XXXIV", "occurrence_id": "MN_IND_0041" }, "geometry": { "type": "Point", "coordinates": [ 85.13333334, 21.84999999 ] } },
{ "type": "Feature", "properties": { "name": "KHANDBAND", "state": "Odisha", "district": "Unknown", "latitude": 21.949999989999998, "longitude": 85.399999989999998, "host_rock": "BHQ,SHALE", "formation": "BONAI Gp.", "source": "NGDR Mineral Deposit", "deposit_type": "Mineral Deposit", "reserve": "69.27 M.TONNES", "grade": "63%-64.5% Fe", "metallogenic_belt": "BONAI-NOAMUNDI-JAMDA Fe-Mn BELT", "metallogenic_zone_no": "XXXIV", "occurrence_id": "MN_IND_0042" }, "geometry": { "type": "Point", "coordinates": [ 85.39999999, 21.94999999 ] } },
{ "type": "Feature", "properties": { "name": "GARBHAM", "state": "Andhra Pradesh", "district": "Unknown", "latitude": 18.00638889, "longitude": 83.00833334, "host_rock": "KHONDALITE", "formation": "EASTERN GHAT Sgp,", "source": "NGDR Mineral Deposit", "deposit_type": "Mineral Deposit", "reserve": "49,948 TONNES", "grade": "26%-32% Mn", "metallogenic_belt": "EASTERNGHAT AI-Mn PROVINCE", "metallogenic_zone_no": "XXII", "occurrence_id": "MN_IND_0043" }, "geometry": { "type": "Point", "coordinates": [ 83.00833334, 18.00638889 ] } },
{ "type": "Feature", "properties": { "name": "CHIKKABYALADAKERE", "state": "Karnataka", "district": "Chitradurga", "latitude": 13.693314520845904, "longitude": 76.515520816685125, "host_rock": "Manganiferous Host Formation", "formation": "Active Mining Area", "source": "NGDR Major Mining Lease (2022)", "deposit_type": "Active Mining Lease", "reserve": "Lease Area: 46.3745259773 ha", "grade": "Lessee: Vsusheelamma,", "metallogenic_belt": "CHITRADURGA POLYMETALLIC PROVINCE", "metallogenic_zone_no": "XVII", "occurrence_id": "MN_IND_0044" }, "geometry": { "type": "Point", "coordinates": [ 76.515520816685125, 13.693314520845904 ] } },
{ "type": "Feature", "properties": { "name": "BALAGUDDA ML 2512(KONDLI)", "state": "Karnataka", "district": "Tumkur", "latitude": 13.380524642585234, "longitude": 76.738725388262381, "host_rock": "Manganiferous Host Formation", "formation": "Active Mining Area", "source": "NGDR Major Mining Lease (2022)", "deposit_type": "Active Mining Lease", "reserve": "Lease Area: 36.7207660277 ha", "grade": "Lessee: Ms.R. Gupta,", "metallogenic_belt": "CHITRADURGA POLYMETALLIC PROVINCE", "metallogenic_zone_no": "XVII", "occurrence_id": "MN_IND_0045" }, "geometry": { "type": "Point", "coordinates": [ 76.738725388262381, 13.380524642585234 ] } },
{ "type": "Feature", "properties": { "name": "DOREGUDDA  ML 2601/1266", "state": "Karnataka", "district": "Tumkur", "latitude": 13.366367258292785, "longitude": 76.763234952605117, "host_rock": "Manganiferous Host Formation", "formation": "Active Mining Area", "source": "NGDR Major Mining Lease (2022)", "deposit_type": "Active Mining Lease", "reserve": "Lease Area: 128.748949556 ha", "grade": "Lessee: M Dasaratharami Reddy, Gpa Holder Of Mchennakeshava Reddy", "metallogenic_belt": "CHITRADURGA POLYMETALLIC PROVINCE", "metallogenic_zone_no": "XVII", "occurrence_id": "MN_IND_0046" }, "geometry": { "type": "Point", "coordinates": [ 76.763234952605117, 13.366367258292785 ] } },
{ "type": "Feature", "properties": { "name": "SHIVASANDRA", "state": "Karnataka", "district": "Tumkur", "latitude": 13.354266726494155, "longitude": 76.767930219812683, "host_rock": "Manganiferous Host Formation", "formation": "Active Mining Area", "source": "NGDR Major Mining Lease (2022)", "deposit_type": "Active Mining Lease", "reserve": "Lease Area: 21.1195437435 ha", "grade": "Lessee: M/S Sunanda V. Allum,", "metallogenic_belt": "CHITRADURGA POLYMETALLIC PROVINCE", "metallogenic_zone_no": "XVII", "occurrence_id": "MN_IND_0047" }, "geometry": { "type": "Point", "coordinates": [ 76.767930219812683, 13.354266726494155 ] } },
{ "type": "Feature", "properties": { "name": "KAREKURCHI  IRON ORE ML 2028", "state": "Karnataka", "district": "Tumkur", "latitude": 13.339186572285536, "longitude": 76.715623649050514, "host_rock": "Manganiferous Host Formation", "formation": "Active Mining Area", "source": "NGDR Major Mining Lease (2022)", "deposit_type": "Active Mining Lease", "reserve": "Lease Area: 15.5388596366 ha", "grade": "Lessee: Rbharatha Raj,", "metallogenic_belt": "CHITRADURGA POLYMETALLIC PROVINCE", "metallogenic_zone_no": "XVII", "occurrence_id": "MN_IND_0048" }, "geometry": { "type": "Point", "coordinates": [ 76.715623649050514, 13.339186572285536 ] } },
{ "type": "Feature", "properties": { "name": "HULLIKATTE 1992", "state": "Karnataka", "district": "Davanagere", "latitude": 14.447020242073307, "longitude": 76.122822925787744, "host_rock": "Manganiferous Host Formation", "formation": "Active Mining Area", "source": "NGDR Major Mining Lease (2022)", "deposit_type": "Active Mining Lease", "reserve": "Lease Area: 25.5250081231 ha", "grade": "Lessee: M/S Mineral Enterprises Pvt Ltd.,", "metallogenic_belt": "CHITRADURGA POLYMETALLIC PROVINCE", "metallogenic_zone_no": "XVII", "occurrence_id": "MN_IND_0049" }, "geometry": { "type": "Point", "coordinates": [ 76.122822925787744, 14.447020242073307 ] } },
{ "type": "Feature", "properties": { "name": "RAMGAD/SB HALLI(1952)", "state": "Karnataka", "district": "Bellary", "latitude": 15.099632778013362, "longitude": 76.476584818018523, "host_rock": "Manganiferous Host Formation", "formation": "Active Mining Area", "source": "NGDR Major Mining Lease (2022)", "deposit_type": "Active Mining Lease", "reserve": "Lease Area: 136.574265595 ha", "grade": "Lessee: M/S The Sandur Manganese & Iron Ores Ltd,", "metallogenic_belt": "SANDUR Fe-Mn-Au PROVINCE", "metallogenic_zone_no": "XVI", "occurrence_id": "MN_IND_0050" }, "geometry": { "type": "Point", "coordinates": [ 76.476584818018523, 15.099632778013362 ] } },
{ "type": "Feature", "properties": { "name": "SWAMYHALLI MANGANESE MINE", "state": "Karnataka", "district": "Bellary", "latitude": 14.973341919248655, "longitude": 76.59974536451071, "host_rock": "Manganiferous Host Formation", "formation": "Active Mining Area", "source": "NGDR Major Mining Lease (2022)", "deposit_type": "Active Mining Lease", "reserve": "Lease Area: 4.79130546834 ha", "grade": "Lessee: J.M Vrushabhendriah, Bdcc Bank Employees Colony, M.T Nagar, Hospet, Bellary- 583203", "metallogenic_belt": "SANDUR Fe-Mn-Au PROVINCE", "metallogenic_zone_no": "XVI", "occurrence_id": "MN_IND_0051" }, "geometry": { "type": "Point", "coordinates": [ 76.59974536451071, 14.973341919248655 ] } },
{ "type": "Feature", "properties": { "name": "JIGENAHALLI", "state": "Karnataka", "district": "Bellary", "latitude": 14.988288253442606, "longitude": 76.558022548562278, "host_rock": "Manganiferous Host Formation", "formation": "Active Mining Area", "source": "NGDR Major Mining Lease (2022)", "deposit_type": "Active Mining Lease", "reserve": "Lease Area: 22.1755202400 ha", "grade": "Lessee: M/S  Marwa  Miinig Company,", "metallogenic_belt": "SANDUR Fe-Mn-Au PROVINCE", "metallogenic_zone_no": "XVI", "occurrence_id": "MN_IND_0052" }, "geometry": { "type": "Point", "coordinates": [ 76.558022548562278, 14.988288253442606 ] } },
{ "type": "Feature", "properties": { "name": "CHANDA MANAGANESE MINE", "state": "Telangana", "district": "Adilabad", "latitude": 19.72367103099975, "longitude": 78.5479021867949, "host_rock": "Manganiferous Host Formation", "formation": "Active Mining Area", "source": "NGDR Major Mining Lease (2022)", "deposit_type": "Active Mining Lease", "reserve": "Lease Area: 39.2750000000 ha", "grade": "Lessee: Suresh Agarwal", "metallogenic_belt": "Other Regional Mn Belt", "metallogenic_zone_no": "N/A", "occurrence_id": "MN_IND_0053" }, "geometry": { "type": "Point", "coordinates": [ 78.5479021867949, 19.72367103099975 ] } },
{ "type": "Feature", "properties": { "name": "PIPALGAON", "state": "Telangana", "district": "Adilabad", "latitude": 19.677904194329397, "longitude": 78.65290420960595, "host_rock": "Manganiferous Host Formation", "formation": "Active Mining Area", "source": "NGDR Major Mining Lease (2022)", "deposit_type": "Active Mining Lease", "reserve": "Lease Area: 20.3520000000 ha", "grade": "Lessee: Aditya Minerals Private Limited", "metallogenic_belt": "Other Regional Mn Belt", "metallogenic_zone_no": "N/A", "occurrence_id": "MN_IND_0054" }, "geometry": { "type": "Point", "coordinates": [ 78.65290420960595, 19.677904194329397 ] } },
{ "type": "Feature", "properties": { "name": "KUMBHAZARI MANAGANESE MINE", "state": "Telangana", "district": "Adilabad", "latitude": 19.682120954287495, "longitude": 78.616082733366056, "host_rock": "Manganiferous Host Formation", "formation": "Active Mining Area", "source": "NGDR Major Mining Lease (2022)", "deposit_type": "Active Mining Lease", "reserve": "Lease Area: 25.6610000000 ha", "grade": "Lessee: Suresh Agarwal", "metallogenic_belt": "Other Regional Mn Belt", "metallogenic_zone_no": "N/A", "occurrence_id": "MN_IND_0055" }, "geometry": { "type": "Point", "coordinates": [ 78.616082733366056, 19.682120954287495 ] } },
{ "type": "Feature", "properties": { "name": "DABAKUCHI NIPPANI", "state": "Telangana", "district": "Adilabad", "latitude": 19.769858578943953, "longitude": 78.446352761452545, "host_rock": "Manganiferous Host Formation", "formation": "Active Mining Area", "source": "NGDR Major Mining Lease (2022)", "deposit_type": "Active Mining Lease", "reserve": "Lease Area: 73.9410000000 ha", "grade": "Lessee: Aditya Minerals Private Limited", "metallogenic_belt": "Other Regional Mn Belt", "metallogenic_zone_no": "N/A", "occurrence_id": "MN_IND_0056" }, "geometry": { "type": "Point", "coordinates": [ 78.446352761452545, 19.769858578943953 ] } },
{ "type": "Feature", "properties": { "name": "PIMPERAKUNTA GUDA MINE", "state": "Telangana", "district": "Adilabad", "latitude": 19.765143134470474, "longitude": 78.487986988912482, "host_rock": "Manganiferous Host Formation", "formation": "Active Mining Area", "source": "NGDR Major Mining Lease (2022)", "deposit_type": "Active Mining Lease", "reserve": "Lease Area: 89.0000000000 ha", "grade": "Lessee: Aditya Minerals Private Limited", "metallogenic_belt": "Other Regional Mn Belt", "metallogenic_zone_no": "N/A", "occurrence_id": "MN_IND_0057" }, "geometry": { "type": "Point", "coordinates": [ 78.487986988912482, 19.765143134470474 ] } },
{ "type": "Feature", "properties": { "name": "PIMPERKUNTA MINE", "state": "Telangana", "district": "Adilabad", "latitude": 19.747397578403827, "longitude": 78.485504498773864, "host_rock": "Manganiferous Host Formation", "formation": "Active Mining Area", "source": "NGDR Major Mining Lease (2022)", "deposit_type": "Active Mining Lease", "reserve": "Lease Area: 32.6300000000 ha", "grade": "Lessee: Balaji Electro Smelters Limited", "metallogenic_belt": "Other Regional Mn Belt", "metallogenic_zone_no": "N/A", "occurrence_id": "MN_IND_0058" }, "geometry": { "type": "Point", "coordinates": [ 78.485504498773864, 19.747397578403827 ] } },
{ "type": "Feature", "properties": { "name": "NEW JAMDAPUR", "state": "Telangana", "district": "Adilabad", "latitude": 19.739232046039895, "longitude": 78.520328677049562, "host_rock": "Manganiferous Host Formation", "formation": "Active Mining Area", "source": "NGDR Major Mining Lease (2022)", "deposit_type": "Active Mining Lease", "reserve": "Lease Area: 93.1700000000 ha", "grade": "Lessee: Aditya Minerals Private Limited", "metallogenic_belt": "Other Regional Mn Belt", "metallogenic_zone_no": "N/A", "occurrence_id": "MN_IND_0059" }, "geometry": { "type": "Point", "coordinates": [ 78.520328677049562, 19.739232046039895 ] } },
{ "type": "Feature", "properties": { "name": "JAMDAPUR", "state": "Telangana", "district": "Adilabad", "latitude": 19.726622044520919, "longitude": 78.522396637373816, "host_rock": "Manganiferous Host Formation", "formation": "Active Mining Area", "source": "NGDR Major Mining Lease (2022)", "deposit_type": "Active Mining Lease", "reserve": "Lease Area: 13.1720000000 ha", "grade": "Lessee: Aditya Minerals Private Limited", "metallogenic_belt": "Other Regional Mn Belt", "metallogenic_zone_no": "N/A", "occurrence_id": "MN_IND_0060" }, "geometry": { "type": "Point", "coordinates": [ 78.522396637373816, 19.726622044520919 ] } },
{ "type": "Feature", "properties": { "name": "BHORAJ MANGANESE ORE MINE", "state": "Telangana", "district": "Adilabad", "latitude": 19.738229056864352, "longitude": 78.53291445910304, "host_rock": "Manganiferous Host Formation", "formation": "Active Mining Area", "source": "NGDR Major Mining Lease (2022)", "deposit_type": "Active Mining Lease", "reserve": "Lease Area: 122.570000000 ha", "grade": "Lessee: Balaji Electro Smelters Limited", "metallogenic_belt": "Other Regional Mn Belt", "metallogenic_zone_no": "N/A", "occurrence_id": "MN_IND_0061" }, "geometry": { "type": "Point", "coordinates": [ 78.53291445910304, 19.738229056864352 ] } },
{ "type": "Feature", "properties": { "name": "JAMDAPUR MINE", "state": "Telangana", "district": "Adilabad", "latitude": 19.730499056306858, "longitude": 78.52683104778248, "host_rock": "Manganiferous Host Formation", "formation": "Active Mining Area", "source": "NGDR Major Mining Lease (2022)", "deposit_type": "Active Mining Lease", "reserve": "Lease Area: 78.6880000000 ha", "grade": "Lessee: S.Y.Minerals Private Limited", "metallogenic_belt": "Other Regional Mn Belt", "metallogenic_zone_no": "N/A", "occurrence_id": "MN_IND_0062" }, "geometry": { "type": "Point", "coordinates": [ 78.52683104778248, 19.730499056306858 ] } },
{ "type": "Feature", "properties": { "name": "GHOTGURIGUDA--I", "state": "Telangana", "district": "Adilabad", "latitude": 19.750381879610899, "longitude": 78.496778368300468, "host_rock": "Manganiferous Host Formation", "formation": "Active Mining Area", "source": "NGDR Major Mining Lease (2022)", "deposit_type": "Active Mining Lease", "reserve": "Lease Area: 23.9900000000 ha", "grade": "Lessee: Aditya Minerals Private Limited", "metallogenic_belt": "Other Regional Mn Belt", "metallogenic_zone_no": "N/A", "occurrence_id": "MN_IND_0063" }, "geometry": { "type": "Point", "coordinates": [ 78.496778368300468, 19.750381879610899 ] } },
{ "type": "Feature", "properties": { "name": "GOLLAGHAT MANGANESE ORE", "state": "Telangana", "district": "Adilabad", "latitude": 19.791138544184516, "longitude": 78.452134244551999, "host_rock": "Manganiferous Host Formation", "formation": "Active Mining Area", "source": "NGDR Major Mining Lease (2022)", "deposit_type": "Active Mining Lease", "reserve": "Lease Area: 44.2040000000 ha", "grade": "Lessee: Suresh Agarwal", "metallogenic_belt": "Other Regional Mn Belt", "metallogenic_zone_no": "N/A", "occurrence_id": "MN_IND_0064" }, "geometry": { "type": "Point", "coordinates": [ 78.452134244551999, 19.791138544184516 ] } },
{ "type": "Feature", "properties": { "name": "SHIVRAJPUR [135/B-PART] MANGANESE MINE", "state": "Gujarat", "district": "Panch Mahals", "latitude": 22.402712263272644, "longitude": 73.61332766843887, "host_rock": "Manganiferous Host Formation", "formation": "Active Mining Area", "source": "NGDR Major Mining Lease (2022)", "deposit_type": "Active Mining Lease", "reserve": "Lease Area: 2.95430000000 ha", "grade": "Lessee: Olympic Industrial Corp.", "metallogenic_belt": "Other Regional Mn Belt", "metallogenic_zone_no": "N/A", "occurrence_id": "MN_IND_0065" }, "geometry": { "type": "Point", "coordinates": [ 73.61332766843887, 22.402712263272644 ] } },
{ "type": "Feature", "properties": { "name": "AMLIYAMAL", "state": "Madhya Pradesh", "district": "Jhabua", "latitude": 22.996393684328183, "longitude": 74.408512971007397, "host_rock": "Manganiferous Host Formation", "formation": "Active Mining Area", "source": "NGDR Major Mining Lease (2022)", "deposit_type": "Active Mining Lease", "reserve": "Lease Area: 6.39000000000 ha", "grade": "Lessee: A. V. Mines Pvt. Ltd.", "metallogenic_belt": "Other Regional Mn Belt", "metallogenic_zone_no": "N/A", "occurrence_id": "MN_IND_0066" }, "geometry": { "type": "Point", "coordinates": [ 74.408512971007397, 22.996393684328183 ] } },
{ "type": "Feature", "properties": { "name": "KAJLI DONGRI", "state": "Madhya Pradesh", "district": "Jhabua", "latitude": 22.945482155304493, "longitude": 74.468801833606719, "host_rock": "Manganiferous Host Formation", "formation": "Active Mining Area", "source": "NGDR Major Mining Lease (2022)", "deposit_type": "Active Mining Lease", "reserve": "Lease Area: 30.8600000000 ha", "grade": "Lessee: M/S S.R.Ferro Alloys", "metallogenic_belt": "Other Regional Mn Belt", "metallogenic_zone_no": "N/A", "occurrence_id": "MN_IND_0067" }, "geometry": { "type": "Point", "coordinates": [ 74.468801833606719, 22.945482155304493 ] } },
{ "type": "Feature", "properties": { "name": "KALA KHUNTA", "state": "Rajasthan", "district": "Banswara", "latitude": 23.3236720782694, "longitude": 74.279495124435385, "host_rock": "Manganiferous Host Formation", "formation": "Active Mining Area", "source": "NGDR Major Mining Lease (2022)", "deposit_type": "Active Mining Lease", "reserve": "Lease Area: 18.8980000000 ha", "grade": "Lessee: Asian Mining Associates", "metallogenic_belt": "Other Regional Mn Belt", "metallogenic_zone_no": "N/A", "occurrence_id": "MN_IND_0068" }, "geometry": { "type": "Point", "coordinates": [ 74.279495124435385, 23.3236720782694 ] } },
{ "type": "Feature", "properties": { "name": "GWARI BADONA", "state": "Madhya Pradesh", "district": "Chhindwara", "latitude": 21.528617489458085, "longitude": 78.817711308855692, "host_rock": "Manganiferous Host Formation", "formation": "Active Mining Area", "source": "NGDR Major Mining Lease (2022)", "deposit_type": "Active Mining Lease", "reserve": "Lease Area: 8.77600000000 ha", "grade": "Lessee: Chhindwara Mines Pvt Ltd", "metallogenic_belt": "Other Regional Mn Belt", "metallogenic_zone_no": "N/A", "occurrence_id": "MN_IND_0069" }, "geometry": { "type": "Point", "coordinates": [ 78.817711308855692, 21.528617489458085 ] } },
{ "type": "Feature", "properties": { "name": "KAWATHA", "state": "Maharashtra", "district": "Nagpur", "latitude": 21.495854969641773, "longitude": 78.898039331940254, "host_rock": "Manganiferous Host Formation", "formation": "Active Mining Area", "source": "NGDR Major Mining Lease (2022)", "deposit_type": "Active Mining Lease", "reserve": "Lease Area: 26.6700000000 ha", "grade": "Lessee: Smt. Rachna Ashish Belorkar", "metallogenic_belt": "Other Regional Mn Belt", "metallogenic_zone_no": "N/A", "occurrence_id": "MN_IND_0070" }, "geometry": { "type": "Point", "coordinates": [ 78.898039331940254, 21.495854969641773 ] } },
{ "type": "Feature", "properties": { "name": "GUMGAON 4860 HECT", "state": "Maharashtra", "district": "Nagpur", "latitude": 21.405720704941533, "longitude": 78.987899316024141, "host_rock": "Manganiferous Host Formation", "formation": "Active Mining Area", "source": "NGDR Major Mining Lease (2022)", "deposit_type": "Active Mining Lease", "reserve": "Lease Area: 49.3929345604 ha", "grade": "Lessee: M/S Manganese Ore ( India) Ltd", "metallogenic_belt": "Other Regional Mn Belt", "metallogenic_zone_no": "N/A", "occurrence_id": "MN_IND_0071" }, "geometry": { "type": "Point", "coordinates": [ 78.987899316024141, 21.405720704941533 ] } },
{ "type": "Feature", "properties": { "name": "KOTHULNA", "state": "Maharashtra", "district": "Nagpur", "latitude": 21.419932010613664, "longitude": 79.022234462197773, "host_rock": "Manganiferous Host Formation", "formation": "Active Mining Area", "source": "NGDR Major Mining Lease (2022)", "deposit_type": "Active Mining Lease", "reserve": "Lease Area: 24.2706124499 ha", "grade": "Lessee: M/S Shubhnam Mineral Enter", "metallogenic_belt": "Other Regional Mn Belt", "metallogenic_zone_no": "N/A", "occurrence_id": "MN_IND_0072" }, "geometry": { "type": "Point", "coordinates": [ 79.022234462197773, 21.419932010613664 ] } },
{ "type": "Feature", "properties": { "name": "KIRANPUR_288 HA", "state": "Maharashtra", "district": "Nagpur", "latitude": 21.415377225125876, "longitude": 79.021778912685718, "host_rock": "Manganiferous Host Formation", "formation": "Active Mining Area", "source": "NGDR Major Mining Lease (2022)", "deposit_type": "Active Mining Lease", "reserve": "Lease Area: 2.29898448355 ha", "grade": "Lessee: Shri Ravindra Nath", "metallogenic_belt": "Other Regional Mn Belt", "metallogenic_zone_no": "N/A", "occurrence_id": "MN_IND_0073" }, "geometry": { "type": "Point", "coordinates": [ 79.021778912685718, 21.415377225125876 ] } },
{ "type": "Feature", "properties": { "name": "SATUK_868", "state": "Maharashtra", "district": "Nagpur", "latitude": 21.333369175183893, "longitude": 79.273756876044104, "host_rock": "Manganiferous Host Formation", "formation": "Active Mining Area", "source": "NGDR Major Mining Lease (2022)", "deposit_type": "Active Mining Lease", "reserve": "Lease Area: 8.33932869047 ha", "grade": "Lessee: M/S Manganese Ore ( India) Ltd", "metallogenic_belt": "SAUSAR Mn ZONE", "metallogenic_zone_no": "XXIX", "occurrence_id": "MN_IND_0074" }, "geometry": { "type": "Point", "coordinates": [ 79.273756876044104, 21.333369175183893 ] } },
{ "type": "Feature", "properties": { "name": "WADEGAON_3970", "state": "Maharashtra", "district": "Nagpur", "latitude": 21.327936421055359, "longitude": 79.40192348275032, "host_rock": "Manganiferous Host Formation", "formation": "Active Mining Area", "source": "NGDR Major Mining Lease (2022)", "deposit_type": "Active Mining Lease", "reserve": "Lease Area: 4.13105712826 ha", "grade": "Lessee: Shri Shakeel Ahmed Aqueel Hussain", "metallogenic_belt": "SAUSAR Mn ZONE", "metallogenic_zone_no": "XXIX", "occurrence_id": "MN_IND_0075" }, "geometry": { "type": "Point", "coordinates": [ 79.40192348275032, 21.327936421055359 ] } },
{ "type": "Feature", "properties": { "name": "MANSAR_2515 HECT", "state": "Maharashtra", "district": "Nagpur", "latitude": 21.401011016325317, "longitude": 79.291095126624313, "host_rock": "Manganiferous Host Formation", "formation": "Active Mining Area", "source": "NGDR Major Mining Lease (2022)", "deposit_type": "Active Mining Lease", "reserve": "Lease Area: 25.4194458456 ha", "grade": "Lessee: M/S Manganese Ore ( India) Ltd", "metallogenic_belt": "SAUSAR Mn ZONE", "metallogenic_zone_no": "XXIX", "occurrence_id": "MN_IND_0076" }, "geometry": { "type": "Point", "coordinates": [ 79.291095126624313, 21.401011016325317 ] } },
{ "type": "Feature", "properties": { "name": "MANSAR CHARGAON_097 HA", "state": "Maharashtra", "district": "Nagpur", "latitude": 21.395512971054043, "longitude": 79.288833951972506, "host_rock": "Manganiferous Host Formation", "formation": "Active Mining Area", "source": "NGDR Major Mining Lease (2022)", "deposit_type": "Active Mining Lease", "reserve": "Lease Area: 1.71354505657 ha", "grade": "Lessee: M/S Manganese Ore ( India) Ltd", "metallogenic_belt": "SAUSAR Mn ZONE", "metallogenic_zone_no": "XXIX", "occurrence_id": "MN_IND_0077" }, "geometry": { "type": "Point", "coordinates": [ 79.288833951972506, 21.395512971054043 ] } },
{ "type": "Feature", "properties": { "name": "MUNSAR_10863 HECT", "state": "Maharashtra", "district": "Nagpur", "latitude": 21.400384661322907, "longitude": 79.284233528454351, "host_rock": "Manganiferous Host Formation", "formation": "Active Mining Area", "source": "NGDR Major Mining Lease (2022)", "deposit_type": "Active Mining Lease", "reserve": "Lease Area: 122.478410786 ha", "grade": "Lessee: M/S Manganese Ore ( India) Ltd", "metallogenic_belt": "SAUSAR Mn ZONE", "metallogenic_zone_no": "XXIX", "occurrence_id": "MN_IND_0078" }, "geometry": { "type": "Point", "coordinates": [ 79.284233528454351, 21.400384661322907 ] } },
{ "type": "Feature", "properties": { "name": "BELDONGRI 267 HECT", "state": "Maharashtra", "district": "Nagpur", "latitude": 21.339895839565123, "longitude": 79.289238772185243, "host_rock": "Manganiferous Host Formation", "formation": "Active Mining Area", "source": "NGDR Major Mining Lease (2022)", "deposit_type": "Active Mining Lease", "reserve": "Lease Area: 27.1525563034 ha", "grade": "Lessee: M/S Manganese Ore ( India) Ltd", "metallogenic_belt": "SAUSAR Mn ZONE", "metallogenic_zone_no": "XXIX", "occurrence_id": "MN_IND_0079" }, "geometry": { "type": "Point", "coordinates": [ 79.289238772185243, 21.339895839565123 ] } },
{ "type": "Feature", "properties": { "name": "PARSODA", "state": "Maharashtra", "district": "Nagpur", "latitude": 21.386271079244882, "longitude": 79.297239628414388, "host_rock": "Manganiferous Host Formation", "formation": "Active Mining Area", "source": "NGDR Major Mining Lease (2022)", "deposit_type": "Active Mining Lease", "reserve": "Lease Area: 53.7500000000 ha", "grade": "Lessee: M/S Manganese Ore ( India) Ltd", "metallogenic_belt": "SAUSAR Mn ZONE", "metallogenic_zone_no": "XXIX", "occurrence_id": "MN_IND_0080" }, "geometry": { "type": "Point", "coordinates": [ 79.297239628414388, 21.386271079244882 ] } },
{ "type": "Feature", "properties": { "name": "SATUK NEW 1684 HECT", "state": "Maharashtra", "district": "Nagpur", "latitude": 21.34215434051929, "longitude": 79.266717464402774, "host_rock": "Manganiferous Host Formation", "formation": "Active Mining Area", "source": "NGDR Major Mining Lease (2022)", "deposit_type": "Active Mining Lease", "reserve": "Lease Area: 16.0684928168 ha", "grade": "Lessee: M/S Manganese Ore ( India) Ltd", "metallogenic_belt": "SAUSAR Mn ZONE", "metallogenic_zone_no": "XXIX", "occurrence_id": "MN_IND_0081" }, "geometry": { "type": "Point", "coordinates": [ 79.266717464402774, 21.34215434051929 ] } },
{ "type": "Feature", "properties": { "name": "MANSAR_574 HA", "state": "Maharashtra", "district": "Nagpur", "latitude": 21.404793523722415, "longitude": 79.274889482569094, "host_rock": "Manganiferous Host Formation", "formation": "Active Mining Area", "source": "NGDR Major Mining Lease (2022)", "deposit_type": "Active Mining Lease", "reserve": "Lease Area: 5.85962133345 ha", "grade": "Lessee: M/S Manganese Ore ( India) Ltd", "metallogenic_belt": "SAUSAR Mn ZONE", "metallogenic_zone_no": "XXIX", "occurrence_id": "MN_IND_0082" }, "geometry": { "type": "Point", "coordinates": [ 79.274889482569094, 21.404793523722415 ] } },
{ "type": "Feature", "properties": { "name": "KANDRI_83065 HA", "state": "Maharashtra", "district": "Nagpur", "latitude": 21.412109474323834, "longitude": 79.267004165263145, "host_rock": "Manganiferous Host Formation", "formation": "Active Mining Area", "source": "NGDR Major Mining Lease (2022)", "deposit_type": "Active Mining Lease", "reserve": "Lease Area: 85.7650171599 ha", "grade": "Lessee: M/S Manganese Ore ( India) Ltd", "metallogenic_belt": "SAUSAR Mn ZONE", "metallogenic_zone_no": "XXIX", "occurrence_id": "MN_IND_0083" }, "geometry": { "type": "Point", "coordinates": [ 79.267004165263145, 21.412109474323834 ] } },
{ "type": "Feature", "properties": { "name": "PALASPANI", "state": "Madhya Pradesh", "district": "Chhindwara", "latitude": 21.723619632635529, "longitude": 78.785893288213941, "host_rock": "Manganiferous Host Formation", "formation": "Active Mining Area", "source": "NGDR Major Mining Lease (2022)", "deposit_type": "Active Mining Lease", "reserve": "Lease Area: 54.1290000000 ha", "grade": "Lessee: Krishnaping Alloys Pvt.Ltd.", "metallogenic_belt": "Other Regional Mn Belt", "metallogenic_zone_no": "N/A", "occurrence_id": "MN_IND_0084" }, "geometry": { "type": "Point", "coordinates": [ 78.785893288213941, 21.723619632635529 ] } },
{ "type": "Feature", "properties": { "name": "GANDHIGRAM", "state": "Madhya Pradesh", "district": "Jabalpur", "latitude": 23.357141687230353, "longitude": 80.02807795176237, "host_rock": "Manganiferous Host Formation", "formation": "Active Mining Area", "source": "NGDR Major Mining Lease (2022)", "deposit_type": "Active Mining Lease", "reserve": "Lease Area: 5.80000000000 ha", "grade": "Lessee: Gajraj Singh Baghel", "metallogenic_belt": "Other Regional Mn Belt", "metallogenic_zone_no": "N/A", "occurrence_id": "MN_IND_0085" }, "geometry": { "type": "Point", "coordinates": [ 80.02807795176237, 23.357141687230353 ] } },
{ "type": "Feature", "properties": { "name": "KURRO", "state": "Madhya Pradesh", "district": "Jabalpur", "latitude": 23.491618713821843, "longitude": 80.146011569340843, "host_rock": "Manganiferous Host Formation", "formation": "Active Mining Area", "source": "NGDR Major Mining Lease (2022)", "deposit_type": "Active Mining Lease", "reserve": "Lease Area: 7.30000000000 ha", "grade": "Lessee: Vinod Kumar Shrivastava", "metallogenic_belt": "Other Regional Mn Belt", "metallogenic_zone_no": "N/A", "occurrence_id": "MN_IND_0086" }, "geometry": { "type": "Point", "coordinates": [ 80.146011569340843, 23.491618713821843 ] } },
{ "type": "Feature", "properties": { "name": "MANSAKRA", "state": "Madhya Pradesh", "district": "Jabalpur", "latitude": 23.499466379242751, "longitude": 80.121251033733984, "host_rock": "Manganiferous Host Formation", "formation": "Active Mining Area", "source": "NGDR Major Mining Lease (2022)", "deposit_type": "Active Mining Lease", "reserve": "Lease Area: 8.00000000000 ha", "grade": "Lessee: Shivalika Minerals", "metallogenic_belt": "Other Regional Mn Belt", "metallogenic_zone_no": "N/A", "occurrence_id": "MN_IND_0087" }, "geometry": { "type": "Point", "coordinates": [ 80.121251033733984, 23.499466379242751 ] } },
{ "type": "Feature", "properties": { "name": "DARSHANI", "state": "Madhya Pradesh", "district": "Jabalpur", "latitude": 23.511020022875773, "longitude": 80.067716702311714, "host_rock": "Manganiferous Host Formation", "formation": "Active Mining Area", "source": "NGDR Major Mining Lease (2022)", "deposit_type": "Active Mining Lease", "reserve": "Lease Area: 5.70000000000 ha", "grade": "Lessee: Kamal Lime & Stones , Katni", "metallogenic_belt": "Other Regional Mn Belt", "metallogenic_zone_no": "N/A", "occurrence_id": "MN_IND_0088" }, "geometry": { "type": "Point", "coordinates": [ 80.067716702311714, 23.511020022875773 ] } },
{ "type": "Feature", "properties": { "name": "JHANSI/SILUA", "state": "Madhya Pradesh", "district": "Jabalpur", "latitude": 23.367520994696594, "longitude": 80.083906826045265, "host_rock": "Manganiferous Host Formation", "formation": "Active Mining Area", "source": "NGDR Major Mining Lease (2022)", "deposit_type": "Active Mining Lease", "reserve": "Lease Area: 4.49000000000 ha", "grade": "Lessee: Khatri Minerals & Mining Company", "metallogenic_belt": "Other Regional Mn Belt", "metallogenic_zone_no": "N/A", "occurrence_id": "MN_IND_0089" }, "geometry": { "type": "Point", "coordinates": [ 80.083906826045265, 23.367520994696594 ] } },
{ "type": "Feature", "properties": { "name": "KEOLARI", "state": "Madhya Pradesh", "district": "Jabalpur", "latitude": 23.381025566063705, "longitude": 80.051943810579857, "host_rock": "Manganiferous Host Formation", "formation": "Active Mining Area", "source": "NGDR Major Mining Lease (2022)", "deposit_type": "Active Mining Lease", "reserve": "Lease Area: 4.03000000000 ha", "grade": "Lessee: Shobha Minerals", "metallogenic_belt": "Other Regional Mn Belt", "metallogenic_zone_no": "N/A", "occurrence_id": "MN_IND_0090" }, "geometry": { "type": "Point", "coordinates": [ 80.051943810579857, 23.381025566063705 ] } },
{ "type": "Feature", "properties": { "name": "JHINNA", "state": "Madhya Pradesh", "district": "Katni", "latitude": 23.206483685413406, "longitude": 80.82221868842997, "host_rock": "Manganiferous Host Formation", "formation": "Active Mining Area", "source": "NGDR Major Mining Lease (2022)", "deposit_type": "Active Mining Lease", "reserve": "Lease Area: 48.5620000000 ha", "grade": "Lessee: Sukhdev Prasad Goenka", "metallogenic_belt": "Other Regional Mn Belt", "metallogenic_zone_no": "N/A", "occurrence_id": "MN_IND_0091" }, "geometry": { "type": "Point", "coordinates": [ 80.82221868842997, 23.206483685413406 ] } },
{ "type": "Feature", "properties": { "name": "UKWA", "state": "Madhya Pradesh", "district": "Balaghat", "latitude": 21.975897788378241, "longitude": 80.466786093049237, "host_rock": "Manganiferous Host Formation", "formation": "Active Mining Area", "source": "NGDR Major Mining Lease (2022)", "deposit_type": "Active Mining Lease", "reserve": "Lease Area: 199.067000000 ha", "grade": "Lessee: Manganese Ore (India) Ltd.", "metallogenic_belt": "SAUSAR Mn ZONE", "metallogenic_zone_no": "XXIX", "occurrence_id": "MN_IND_0092" }, "geometry": { "type": "Point", "coordinates": [ 80.466786093049237, 21.975897788378241 ] } },
{ "type": "Feature", "properties": { "name": "LUGMA-UKWA", "state": "Madhya Pradesh", "district": "Balaghat", "latitude": 21.980783779569212, "longitude": 80.463397996571445, "host_rock": "Manganiferous Host Formation", "formation": "Active Mining Area", "source": "NGDR Major Mining Lease (2022)", "deposit_type": "Active Mining Lease", "reserve": "Lease Area: 73.5670000000 ha", "grade": "Lessee: Manganese Ore (India) Ltd.", "metallogenic_belt": "SAUSAR Mn ZONE", "metallogenic_zone_no": "XXIX", "occurrence_id": "MN_IND_0093" }, "geometry": { "type": "Point", "coordinates": [ 80.463397996571445, 21.980783779569212 ] } },
{ "type": "Feature", "properties": { "name": "JAGANTOLA", "state": "Madhya Pradesh", "district": "Balaghat", "latitude": 21.956187912767057, "longitude": 80.44079290634113, "host_rock": "Manganiferous Host Formation", "formation": "Active Mining Area", "source": "NGDR Major Mining Lease (2022)", "deposit_type": "Active Mining Lease", "reserve": "Lease Area: 5.49200000000 ha", "grade": "Lessee: Smt. Leela Bhalavi", "metallogenic_belt": "SAUSAR Mn ZONE", "metallogenic_zone_no": "XXIX", "occurrence_id": "MN_IND_0094" }, "geometry": { "type": "Point", "coordinates": [ 80.44079290634113, 21.956187912767057 ] } },
{ "type": "Feature", "properties": { "name": "GHONDI", "state": "Madhya Pradesh", "district": "Balaghat", "latitude": 21.944632185829558, "longitude": 80.430024615976663, "host_rock": "Manganiferous Host Formation", "formation": "Active Mining Area", "source": "NGDR Major Mining Lease (2022)", "deposit_type": "Active Mining Lease", "reserve": "Lease Area: 40.4700000000 ha", "grade": "Lessee: I.Patric Dhanraj", "metallogenic_belt": "SAUSAR Mn ZONE", "metallogenic_zone_no": "XXIX", "occurrence_id": "MN_IND_0095" }, "geometry": { "type": "Point", "coordinates": [ 80.430024615976663, 21.944632185829558 ] } },
{ "type": "Feature", "properties": { "name": "JAGANTOLA", "state": "Madhya Pradesh", "district": "Balaghat", "latitude": 21.950497721799515, "longitude": 80.432802552828377, "host_rock": "Manganiferous Host Formation", "formation": "Active Mining Area", "source": "NGDR Major Mining Lease (2022)", "deposit_type": "Active Mining Lease", "reserve": "Lease Area: 6.26400000000 ha", "grade": "Lessee: Hira Power & Steel Ltd., Raipur", "metallogenic_belt": "SAUSAR Mn ZONE", "metallogenic_zone_no": "XXIX", "occurrence_id": "MN_IND_0096" }, "geometry": { "type": "Point", "coordinates": [ 80.432802552828377, 21.950497721799515 ] } },
{ "type": "Feature", "properties": { "name": "BALAGHAT", "state": "Madhya Pradesh", "district": "Balaghat", "latitude": 21.849895649551172, "longitude": 80.231821954134688, "host_rock": "Manganiferous Host Formation", "formation": "Active Mining Area", "source": "NGDR Major Mining Lease (2022)", "deposit_type": "Active Mining Lease", "reserve": "Lease Area: 182.300000000 ha", "grade": "Lessee: Manganese Ore (India) Ltd.", "metallogenic_belt": "SAUSAR Mn ZONE", "metallogenic_zone_no": "XXIX", "occurrence_id": "MN_IND_0097" }, "geometry": { "type": "Point", "coordinates": [ 80.231821954134688, 21.849895649551172 ] } },
{ "type": "Feature", "properties": { "name": "BHARWELI & AWLAJHARI", "state": "Madhya Pradesh", "district": "Balaghat", "latitude": 21.836787913667418, "longitude": 80.225810981645424, "host_rock": "Manganiferous Host Formation", "formation": "Active Mining Area", "source": "NGDR Major Mining Lease (2022)", "deposit_type": "Active Mining Lease", "reserve": "Lease Area: 76.4090000000 ha", "grade": "Lessee: Manganese Ore (India) Ltd.", "metallogenic_belt": "SAUSAR Mn ZONE", "metallogenic_zone_no": "XXIX", "occurrence_id": "MN_IND_0098" }, "geometry": { "type": "Point", "coordinates": [ 80.225810981645424, 21.836787913667418 ] } },
{ "type": "Feature", "properties": { "name": "BOTEJHARI", "state": "Madhya Pradesh", "district": "Balaghat", "latitude": 21.831601090216481, "longitude": 79.952281066032469, "host_rock": "Manganiferous Host Formation", "formation": "Active Mining Area", "source": "NGDR Major Mining Lease (2022)", "deposit_type": "Active Mining Lease", "reserve": "Lease Area: 8.45200000000 ha", "grade": "Lessee: Vijay Khandelwal", "metallogenic_belt": "SAUSAR Mn ZONE", "metallogenic_zone_no": "XXIX", "occurrence_id": "MN_IND_0099" }, "geometry": { "type": "Point", "coordinates": [ 79.952281066032469, 21.831601090216481 ] } },
{ "type": "Feature", "properties": { "name": "BOTEZHARI", "state": "Madhya Pradesh", "district": "Balaghat", "latitude": 21.821632427887142, "longitude": 79.951070241702297, "host_rock": "Manganiferous Host Formation", "formation": "Active Mining Area", "source": "NGDR Major Mining Lease (2022)", "deposit_type": "Active Mining Lease", "reserve": "Lease Area: 2.22900000000 ha", "grade": "Lessee: Prem Ji Bhai Patel", "metallogenic_belt": "SAUSAR Mn ZONE", "metallogenic_zone_no": "XXIX", "occurrence_id": "MN_IND_0100" }, "geometry": { "type": "Point", "coordinates": [ 79.951070241702297, 21.821632427887142 ] } },
{ "type": "Feature", "properties": { "name": "BHAIYATIKUR", "state": "Madhya Pradesh", "district": "Balaghat", "latitude": 21.906033663842489, "longitude": 80.013654712768769, "host_rock": "Manganiferous Host Formation", "formation": "Active Mining Area", "source": "NGDR Major Mining Lease (2022)", "deposit_type": "Active Mining Lease", "reserve": "Lease Area: 4.57900000000 ha", "grade": "Lessee: M/S Natural Resource (India) P. Ltd.", "metallogenic_belt": "SAUSAR Mn ZONE", "metallogenic_zone_no": "XXIX", "occurrence_id": "MN_IND_0101" }, "geometry": { "type": "Point", "coordinates": [ 80.013654712768769, 21.906033663842489 ] } },
{ "type": "Feature", "properties": { "name": "KATANGJHARI-II", "state": "Madhya Pradesh", "district": "Balaghat", "latitude": 21.842936063782457, "longitude": 79.965224256200742, "host_rock": "Manganiferous Host Formation", "formation": "Active Mining Area", "source": "NGDR Major Mining Lease (2022)", "deposit_type": "Active Mining Lease", "reserve": "Lease Area: 5.26300000000 ha", "grade": "Lessee: M/S J.K. Minerals", "metallogenic_belt": "SAUSAR Mn ZONE", "metallogenic_zone_no": "XXIX", "occurrence_id": "MN_IND_0102" }, "geometry": { "type": "Point", "coordinates": [ 79.965224256200742, 21.842936063782457 ] } },
{ "type": "Feature", "properties": { "name": "NETRA", "state": "Madhya Pradesh", "district": "Balaghat", "latitude": 21.880341849697029, "longitude": 79.982313522792751, "host_rock": "Manganiferous Host Formation", "formation": "Active Mining Area", "source": "NGDR Major Mining Lease (2022)", "deposit_type": "Active Mining Lease", "reserve": "Lease Area: 20.0000000000 ha", "grade": "Lessee: Pacific Minerals Pvt. Ltd.", "metallogenic_belt": "SAUSAR Mn ZONE", "metallogenic_zone_no": "XXIX", "occurrence_id": "MN_IND_0103" }, "geometry": { "type": "Point", "coordinates": [ 79.982313522792751, 21.880341849697029 ] } },
{ "type": "Feature", "properties": { "name": "G. F. S. R. ( GULLA)", "state": "Madhya Pradesh", "district": "Balaghat", "latitude": 21.881327127424868, "longitude": 79.972483657447725, "host_rock": "Manganiferous Host Formation", "formation": "Active Mining Area", "source": "NGDR Major Mining Lease (2022)", "deposit_type": "Active Mining Lease", "reserve": "Lease Area: 10.0000000000 ha", "grade": "Lessee: J. K. Minerals", "metallogenic_belt": "SAUSAR Mn ZONE", "metallogenic_zone_no": "XXIX", "occurrence_id": "MN_IND_0104" }, "geometry": { "type": "Point", "coordinates": [ 79.972483657447725, 21.881327127424868 ] } },
{ "type": "Feature", "properties": { "name": "G. F. SONEWANI", "state": "Madhya Pradesh", "district": "Balaghat", "latitude": 21.870688402172881, "longitude": 79.959360102273607, "host_rock": "Manganiferous Host Formation", "formation": "Active Mining Area", "source": "NGDR Major Mining Lease (2022)", "deposit_type": "Active Mining Lease", "reserve": "Lease Area: 33.0000000000 ha", "grade": "Lessee: J. K. Minerals", "metallogenic_belt": "SAUSAR Mn ZONE", "metallogenic_zone_no": "XXIX", "occurrence_id": "MN_IND_0105" }, "geometry": { "type": "Point", "coordinates": [ 79.959360102273607, 21.870688402172881 ] } },
{ "type": "Feature", "properties": { "name": "KATANGJHARI", "state": "Madhya Pradesh", "district": "Balaghat", "latitude": 21.84287115770961, "longitude": 79.957353937342987, "host_rock": "Manganiferous Host Formation", "formation": "Active Mining Area", "source": "NGDR Major Mining Lease (2022)", "deposit_type": "Active Mining Lease", "reserve": "Lease Area: 3.37600000000 ha", "grade": "Lessee: J. K. Minerals", "metallogenic_belt": "SAUSAR Mn ZONE", "metallogenic_zone_no": "XXIX", "occurrence_id": "MN_IND_0106" }, "geometry": { "type": "Point", "coordinates": [ 79.957353937342987, 21.84287115770961 ] } },
{ "type": "Feature", "properties": { "name": "RAMRAMA", "state": "Madhya Pradesh", "district": "Balaghat", "latitude": 21.858962838581515, "longitude": 79.935137596982727, "host_rock": "Manganiferous Host Formation", "formation": "Active Mining Area", "source": "NGDR Major Mining Lease (2022)", "deposit_type": "Active Mining Lease", "reserve": "Lease Area: 43.0860000000 ha", "grade": "Lessee: M/S A.P.Trivedi Sons", "metallogenic_belt": "SAUSAR Mn ZONE", "metallogenic_zone_no": "XXIX", "occurrence_id": "MN_IND_0107" }, "geometry": { "type": "Point", "coordinates": [ 79.935137596982727, 21.858962838581515 ] } },
{ "type": "Feature", "properties": { "name": "ARJUNI", "state": "Madhya Pradesh", "district": "Balaghat", "latitude": 21.752090406184436, "longitude": 79.886637005684051, "host_rock": "Manganiferous Host Formation", "formation": "Active Mining Area", "source": "NGDR Major Mining Lease (2022)", "deposit_type": "Active Mining Lease", "reserve": "Lease Area: 3.23800000000 ha", "grade": "Lessee: Sunil Kumar Kalwani", "metallogenic_belt": "SAUSAR Mn ZONE", "metallogenic_zone_no": "XXIX", "occurrence_id": "MN_IND_0108" }, "geometry": { "type": "Point", "coordinates": [ 79.886637005684051, 21.752090406184436 ] } },
{ "type": "Feature", "properties": { "name": "SELWA", "state": "Madhya Pradesh", "district": "Balaghat", "latitude": 21.758565306665169, "longitude": 79.826249977051361, "host_rock": "Manganiferous Host Formation", "formation": "Active Mining Area", "source": "NGDR Major Mining Lease (2022)", "deposit_type": "Active Mining Lease", "reserve": "Lease Area: 4.90600000000 ha", "grade": "Lessee: M/S Metal & Minerals, Prop. Sandesh Jain", "metallogenic_belt": "SAUSAR Mn ZONE", "metallogenic_zone_no": "XXIX", "occurrence_id": "MN_IND_0109" }, "geometry": { "type": "Point", "coordinates": [ 79.826249977051361, 21.758565306665169 ] } },
{ "type": "Feature", "properties": { "name": "THOMSON GAZELLE", "state": "Madhya Pradesh", "district": "Balaghat", "latitude": 21.800319608055215, "longitude": 79.858382938831184, "host_rock": "Manganiferous Host Formation", "formation": "Active Mining Area", "source": "NGDR Major Mining Lease (2022)", "deposit_type": "Active Mining Lease", "reserve": "Lease Area: 4.46000000000 ha", "grade": "Lessee: Thomson Gazelle", "metallogenic_belt": "SAUSAR Mn ZONE", "metallogenic_zone_no": "XXIX", "occurrence_id": "MN_IND_0110" }, "geometry": { "type": "Point", "coordinates": [ 79.858382938831184, 21.800319608055215 ] } },
{ "type": "Feature", "properties": { "name": "SELWA", "state": "Madhya Pradesh", "district": "Balaghat", "latitude": 21.74961465404628, "longitude": 79.813894032420947, "host_rock": "Manganiferous Host Formation", "formation": "Active Mining Area", "source": "NGDR Major Mining Lease (2022)", "deposit_type": "Active Mining Lease", "reserve": "Lease Area: 6.71600000000 ha", "grade": "Lessee: R.B.Shree Ram & Company", "metallogenic_belt": "SAUSAR Mn ZONE", "metallogenic_zone_no": "XXIX", "occurrence_id": "MN_IND_0111" }, "geometry": { "type": "Point", "coordinates": [ 79.813894032420947, 21.74961465404628 ] } },
{ "type": "Feature", "properties": { "name": "BORIKHEDA", "state": "Madhya Pradesh", "district": "Balaghat", "latitude": 21.729237721147253, "longitude": 79.681640760306578, "host_rock": "Manganiferous Host Formation", "formation": "Active Mining Area", "source": "NGDR Major Mining Lease (2022)", "deposit_type": "Active Mining Lease", "reserve": "Lease Area: 5.97700000000 ha", "grade": "Lessee: Shree Ganesh Metalloys Ltd.", "metallogenic_belt": "SAUSAR Mn ZONE", "metallogenic_zone_no": "XXIX", "occurrence_id": "MN_IND_0112" }, "geometry": { "type": "Point", "coordinates": [ 79.681640760306578, 21.729237721147253 ] } },
{ "type": "Feature", "properties": { "name": "CHAKEHATI", "state": "Madhya Pradesh", "district": "Balaghat", "latitude": 21.652042265319281, "longitude": 79.702558608043418, "host_rock": "Manganiferous Host Formation", "formation": "Active Mining Area", "source": "NGDR Major Mining Lease (2022)", "deposit_type": "Active Mining Lease", "reserve": "Lease Area: 3.44000000000 ha", "grade": "Lessee: Shakti Minerals", "metallogenic_belt": "SAUSAR Mn ZONE", "metallogenic_zone_no": "XXIX", "occurrence_id": "MN_IND_0113" }, "geometry": { "type": "Point", "coordinates": [ 79.702558608043418, 21.652042265319281 ] } },
{ "type": "Feature", "properties": { "name": "SUKLI", "state": "Madhya Pradesh", "district": "Balaghat", "latitude": 21.666481936626024, "longitude": 79.672673314349453, "host_rock": "Manganiferous Host Formation", "formation": "Active Mining Area", "source": "NGDR Major Mining Lease (2022)", "deposit_type": "Active Mining Lease", "reserve": "Lease Area: 79.5500000000 ha", "grade": "Lessee: Manganese Ore (India) Ltd.", "metallogenic_belt": "SAUSAR Mn ZONE", "metallogenic_zone_no": "XXIX", "occurrence_id": "MN_IND_0114" }, "geometry": { "type": "Point", "coordinates": [ 79.672673314349453, 21.666481936626024 ] } },
{ "type": "Feature", "properties": { "name": "SITAPATHORE", "state": "Madhya Pradesh", "district": "Balaghat", "latitude": 21.675712781526812, "longitude": 79.672221097140863, "host_rock": "Manganiferous Host Formation", "formation": "Active Mining Area", "source": "NGDR Major Mining Lease (2022)", "deposit_type": "Active Mining Lease", "reserve": "Lease Area: 43.3530000000 ha", "grade": "Lessee: Manganese Ore (India) Ltd.", "metallogenic_belt": "SAUSAR Mn ZONE", "metallogenic_zone_no": "XXIX", "occurrence_id": "MN_IND_0115" }, "geometry": { "type": "Point", "coordinates": [ 79.672221097140863, 21.675712781526812 ] } },
{ "type": "Feature", "properties": { "name": "SITAPATHORE", "state": "Madhya Pradesh", "district": "Balaghat", "latitude": 21.686812885453993, "longitude": 79.683627388779641, "host_rock": "Manganiferous Host Formation", "formation": "Active Mining Area", "source": "NGDR Major Mining Lease (2022)", "deposit_type": "Active Mining Lease", "reserve": "Lease Area: 16.6360000000 ha", "grade": "Lessee: Ram Bahadur Thakur Pvt.Ltd", "metallogenic_belt": "SAUSAR Mn ZONE", "metallogenic_zone_no": "XXIX", "occurrence_id": "MN_IND_0116" }, "geometry": { "type": "Point", "coordinates": [ 79.683627388779641, 21.686812885453993 ] } },
{ "type": "Feature", "properties": { "name": "SITAPATHORE", "state": "Madhya Pradesh", "district": "Balaghat", "latitude": 21.693694136050613, "longitude": 79.667527842402251, "host_rock": "Manganiferous Host Formation", "formation": "Active Mining Area", "source": "NGDR Major Mining Lease (2022)", "deposit_type": "Active Mining Lease", "reserve": "Lease Area: 4.25100000000 ha", "grade": "Lessee: Shri Pramod Shukla", "metallogenic_belt": "SAUSAR Mn ZONE", "metallogenic_zone_no": "XXIX", "occurrence_id": "MN_IND_0117" }, "geometry": { "type": "Point", "coordinates": [ 79.667527842402251, 21.693694136050613 ] } },
{ "type": "Feature", "properties": { "name": "DONGRI BUZURG_4625 HA", "state": "Maharashtra", "district": "Bhandara", "latitude": 21.546671677313302, "longitude": 79.683450482141225, "host_rock": "Manganiferous Host Formation", "formation": "Active Mining Area", "source": "NGDR Major Mining Lease (2022)", "deposit_type": "Active Mining Lease", "reserve": "Lease Area: 46.5207123955 ha", "grade": "Lessee: M/S Manganese Ore ( India) Ltd", "metallogenic_belt": "SAUSAR Mn ZONE", "metallogenic_zone_no": "XXIX", "occurrence_id": "MN_IND_0118" }, "geometry": { "type": "Point", "coordinates": [ 79.683450482141225, 21.546671677313302 ] } },
{ "type": "Feature", "properties": { "name": "CHIKLA 15065 HECT", "state": "Maharashtra", "district": "Bhandara", "latitude": 21.542963057834811, "longitude": 79.753131370913977, "host_rock": "Manganiferous Host Formation", "formation": "Active Mining Area", "source": "NGDR Major Mining Lease (2022)", "deposit_type": "Active Mining Lease", "reserve": "Lease Area: 158.349171096 ha", "grade": "Lessee: M/S Manganese Ore ( India) Ltd", "metallogenic_belt": "SAUSAR Mn ZONE", "metallogenic_zone_no": "XXIX", "occurrence_id": "MN_IND_0119" }, "geometry": { "type": "Point", "coordinates": [ 79.753131370913977, 21.542963057834811 ] } },
{ "type": "Feature", "properties": { "name": "HATODA", "state": "Madhya Pradesh", "district": "Balaghat", "latitude": 21.635911906463942, "longitude": 79.811832278501541, "host_rock": "Manganiferous Host Formation", "formation": "Active Mining Area", "source": "NGDR Major Mining Lease (2022)", "deposit_type": "Active Mining Lease", "reserve": "Lease Area: 4.04800000000 ha", "grade": "Lessee: K. P. G Minerals, Nagpur", "metallogenic_belt": "SAUSAR Mn ZONE", "metallogenic_zone_no": "XXIX", "occurrence_id": "MN_IND_0120" }, "geometry": { "type": "Point", "coordinates": [ 79.811832278501541, 21.635911906463942 ] } },
{ "type": "Feature", "properties": { "name": "HATHODA", "state": "Madhya Pradesh", "district": "Balaghat", "latitude": 21.634113885828736, "longitude": 79.806318482932156, "host_rock": "Manganiferous Host Formation", "formation": "Active Mining Area", "source": "NGDR Major Mining Lease (2022)", "deposit_type": "Active Mining Lease", "reserve": "Lease Area: 11.7660000000 ha", "grade": "Lessee: M/S Balasore Alloys Ltd.", "metallogenic_belt": "SAUSAR Mn ZONE", "metallogenic_zone_no": "XXIX", "occurrence_id": "MN_IND_0121" }, "geometry": { "type": "Point", "coordinates": [ 79.806318482932156, 21.634113885828736 ] } },
{ "type": "Feature", "properties": { "name": "HATHORA", "state": "Madhya Pradesh", "district": "Balaghat", "latitude": 21.632863162041303, "longitude": 79.798336228406001, "host_rock": "Manganiferous Host Formation", "formation": "Active Mining Area", "source": "NGDR Major Mining Lease (2022)", "deposit_type": "Active Mining Lease", "reserve": "Lease Area: 5.72600000000 ha", "grade": "Lessee: Pacific Minerals Pvt. Ltd.", "metallogenic_belt": "SAUSAR Mn ZONE", "metallogenic_zone_no": "XXIX", "occurrence_id": "MN_IND_0122" }, "geometry": { "type": "Point", "coordinates": [ 79.798336228406001, 21.632863162041303 ] } },
{ "type": "Feature", "properties": { "name": "TIRODI", "state": "Madhya Pradesh", "district": "Balaghat", "latitude": 21.677715339811563, "longitude": 79.722375346645194, "host_rock": "Manganiferous Host Formation", "formation": "Active Mining Area", "source": "NGDR Major Mining Lease (2022)", "deposit_type": "Active Mining Lease", "reserve": "Lease Area: 37.0900000000 ha", "grade": "Lessee: Manganese Ore (India) Ltd.", "metallogenic_belt": "SAUSAR Mn ZONE", "metallogenic_zone_no": "XXIX", "occurrence_id": "MN_IND_0123" }, "geometry": { "type": "Point", "coordinates": [ 79.722375346645194, 21.677715339811563 ] } },
{ "type": "Feature", "properties": { "name": "TIRODI", "state": "Madhya Pradesh", "district": "Balaghat", "latitude": 21.679083677182557, "longitude": 79.729320318017912, "host_rock": "Manganiferous Host Formation", "formation": "Active Mining Area", "source": "NGDR Major Mining Lease (2022)", "deposit_type": "Active Mining Lease", "reserve": "Lease Area: 254.593000000 ha", "grade": "Lessee: Manganese Ore (India) Ltd.", "metallogenic_belt": "SAUSAR Mn ZONE", "metallogenic_zone_no": "XXIX", "occurrence_id": "MN_IND_0124" }, "geometry": { "type": "Point", "coordinates": [ 79.729320318017912, 21.679083677182557 ] } },
{ "type": "Feature", "properties": { "name": "TIRODI", "state": "Madhya Pradesh", "district": "Balaghat", "latitude": 21.687389802120613, "longitude": 79.724015929642263, "host_rock": "Manganiferous Host Formation", "formation": "Active Mining Area", "source": "NGDR Major Mining Lease (2022)", "deposit_type": "Active Mining Lease", "reserve": "Lease Area: 4.41900000000 ha", "grade": "Lessee: Manganese Ore (India) Ltd.", "metallogenic_belt": "SAUSAR Mn ZONE", "metallogenic_zone_no": "XXIX", "occurrence_id": "MN_IND_0125" }, "geometry": { "type": "Point", "coordinates": [ 79.724015929642263, 21.687389802120613 ] } },
{ "type": "Feature", "properties": { "name": "PAUNIYA", "state": "Madhya Pradesh", "district": "Balaghat", "latitude": 21.73239189331062, "longitude": 79.764661402269184, "host_rock": "Manganiferous Host Formation", "formation": "Active Mining Area", "source": "NGDR Major Mining Lease (2022)", "deposit_type": "Active Mining Lease", "reserve": "Lease Area: 5.83100000000 ha", "grade": "Lessee: Chintamani Enterprises", "metallogenic_belt": "SAUSAR Mn ZONE", "metallogenic_zone_no": "XXIX", "occurrence_id": "MN_IND_0126" }, "geometry": { "type": "Point", "coordinates": [ 79.764661402269184, 21.73239189331062 ] } },
{ "type": "Feature", "properties": { "name": "PAUNIYA", "state": "Madhya Pradesh", "district": "Balaghat", "latitude": 21.726185735325497, "longitude": 79.755885332903091, "host_rock": "Manganiferous Host Formation", "formation": "Active Mining Area", "source": "NGDR Major Mining Lease (2022)", "deposit_type": "Active Mining Lease", "reserve": "Lease Area: 6.56100000000 ha", "grade": "Lessee: S.P.Goenka", "metallogenic_belt": "SAUSAR Mn ZONE", "metallogenic_zone_no": "XXIX", "occurrence_id": "MN_IND_0127" }, "geometry": { "type": "Point", "coordinates": [ 79.755885332903091, 21.726185735325497 ] } },
{ "type": "Feature", "properties": { "name": "CHIKMARA", "state": "Madhya Pradesh", "district": "Balaghat", "latitude": 21.741132826068895, "longitude": 79.791072704905588, "host_rock": "Manganiferous Host Formation", "formation": "Active Mining Area", "source": "NGDR Major Mining Lease (2022)", "deposit_type": "Active Mining Lease", "reserve": "Lease Area: 8.16000000000 ha", "grade": "Lessee: R.B.Shree Ram & Company", "metallogenic_belt": "SAUSAR Mn ZONE", "metallogenic_zone_no": "XXIX", "occurrence_id": "MN_IND_0128" }, "geometry": { "type": "Point", "coordinates": [ 79.791072704905588, 21.741132826068895 ] } },
{ "type": "Feature", "properties": { "name": "JARAH-MOHAGAON", "state": "Madhya Pradesh", "district": "Balaghat", "latitude": 21.737019767988443, "longitude": 79.905150092072887, "host_rock": "Manganiferous Host Formation", "formation": "Active Mining Area", "source": "NGDR Major Mining Lease (2022)", "deposit_type": "Active Mining Lease", "reserve": "Lease Area: 6.15900000000 ha", "grade": "Lessee: M/S Glowide Infrastructure Pvt. Ltd.", "metallogenic_belt": "SAUSAR Mn ZONE", "metallogenic_zone_no": "XXIX", "occurrence_id": "MN_IND_0129" }, "geometry": { "type": "Point", "coordinates": [ 79.905150092072887, 21.737019767988443 ] } },
{ "type": "Feature", "properties": { "name": "PANDHARWANI", "state": "Madhya Pradesh", "district": "Balaghat", "latitude": 21.626811345022332, "longitude": 79.843251709895441, "host_rock": "Manganiferous Host Formation", "formation": "Active Mining Area", "source": "NGDR Major Mining Lease (2022)", "deposit_type": "Active Mining Lease", "reserve": "Lease Area: 14.9100000000 ha", "grade": "Lessee: D.P.Rai", "metallogenic_belt": "SAUSAR Mn ZONE", "metallogenic_zone_no": "XXIX", "occurrence_id": "MN_IND_0130" }, "geometry": { "type": "Point", "coordinates": [ 79.843251709895441, 21.626811345022332 ] } },
{ "type": "Feature", "properties": { "name": "MIRAGPUR", "state": "Madhya Pradesh", "district": "Balaghat", "latitude": 21.631721262855635, "longitude": 79.834299064543487, "host_rock": "Manganiferous Host Formation", "formation": "Active Mining Area", "source": "NGDR Major Mining Lease (2022)", "deposit_type": "Active Mining Lease", "reserve": "Lease Area: 2.29900000000 ha", "grade": "Lessee: D.P.Rai", "metallogenic_belt": "SAUSAR Mn ZONE", "metallogenic_zone_no": "XXIX", "occurrence_id": "MN_IND_0131" }, "geometry": { "type": "Point", "coordinates": [ 79.834299064543487, 21.631721262855635 ] } },
{ "type": "Feature", "properties": { "name": "LAUGHAR", "state": "Madhya Pradesh", "district": "Balaghat", "latitude": 21.912766482640713, "longitude": 80.366227769495396, "host_rock": "Manganiferous Host Formation", "formation": "Active Mining Area", "source": "NGDR Major Mining Lease (2022)", "deposit_type": "Active Mining Lease", "reserve": "Lease Area: 10.0000000000 ha", "grade": "Lessee: Pacific Minerals Pvt. Ltd.", "metallogenic_belt": "SAUSAR Mn ZONE", "metallogenic_zone_no": "XXIX", "occurrence_id": "MN_IND_0132" }, "geometry": { "type": "Point", "coordinates": [ 80.366227769495396, 21.912766482640713 ] } },
{ "type": "Feature", "properties": { "name": "NADIDIH IRON AND MANGANESE ORE MINES", "state": "Odisha", "district": "Sundargarh", "latitude": 21.964690564041216, "longitude": 85.255344212070767, "host_rock": "Manganiferous Host Formation", "formation": "Active Mining Area", "source": "NGDR Major Mining Lease (2022)", "deposit_type": "Active Mining Lease", "reserve": "Lease Area: 117.206000000 ha", "grade": "Lessee: Esl Steel Limited", "metallogenic_belt": "BONAI-NOAMUNDI-JAMDA Fe-Mn BELT", "metallogenic_zone_no": "XXXIV", "occurrence_id": "MN_IND_0133" }, "geometry": { "type": "Point", "coordinates": [ 85.255344212070767, 21.964690564041216 ] } },
{ "type": "Feature", "properties": { "name": "KATASAHI MANGANESE BLOCK", "state": "Odisha", "district": "Kendujhar", "latitude": 21.960595295920101, "longitude": 85.330287673754029, "host_rock": "Manganiferous Host Formation", "formation": "Active Mining Area", "source": "NGDR Major Mining Lease (2022)", "deposit_type": "Active Mining Lease", "reserve": "Lease Area: 200.509000000 ha", "grade": "Lessee: Agrasen Sponge Pvt Ltd", "metallogenic_belt": "BONAI-NOAMUNDI-JAMDA Fe-Mn BELT", "metallogenic_zone_no": "XXXIV", "occurrence_id": "MN_IND_0134" }, "geometry": { "type": "Point", "coordinates": [ 85.330287673754029, 21.960595295920101 ] } },
{ "type": "Feature", "properties": { "name": "KOLMONG IRON ORE AND MANGANESE BLOCK", "state": "Odisha", "district": "Sundargarh", "latitude": 21.947761828188671, "longitude": 85.314440328547406, "host_rock": "Manganiferous Host Formation", "formation": "Active Mining Area", "source": "NGDR Major Mining Lease (2022)", "deposit_type": "Active Mining Lease", "reserve": "Lease Area: 218.530000000 ha", "grade": "Lessee: Yazdani Steel & Power Ltd", "metallogenic_belt": "BONAI-NOAMUNDI-JAMDA Fe-Mn BELT", "metallogenic_zone_no": "XXXIV", "occurrence_id": "MN_IND_0135" }, "geometry": { "type": "Point", "coordinates": [ 85.314440328547406, 21.947761828188671 ] } },
{ "type": "Feature", "properties": { "name": "GUA(JHILLINGBURUII_FE_3043HA)_SAIL_15", "state": "Jharkhand", "district": "Pashchimi Singhbhum", "latitude": 22.189041423002202, "longitude": 85.375765545475687, "host_rock": "Manganiferous Host Formation", "formation": "Active Mining Area", "source": "NGDR Major Mining Lease (2022)", "deposit_type": "Active Mining Lease", "reserve": "Lease Area: 30.0000000000 ha", "grade": "Lessee: M/S Sail,Industry House (5Th&6Th) Floor,10 Camac Street,Kolkata-700017", "metallogenic_belt": "BONAI-NOAMUNDI-JAMDA Fe-Mn BELT", "metallogenic_zone_no": "XXXIV", "occurrence_id": "MN_IND_0136" }, "geometry": { "type": "Point", "coordinates": [ 85.375765545475687, 22.189041423002202 ] } },
{ "type": "Feature", "properties": { "name": "GUA(JHILLINGBURU_I__FE_MN_210526HA)_SAIL_14", "state": "Jharkhand", "district": "Pashchimi Singhbhum", "latitude": 22.198188408911154, "longitude": 85.374936762460166, "host_rock": "Manganiferous Host Formation", "formation": "Active Mining Area", "source": "NGDR Major Mining Lease (2022)", "deposit_type": "Active Mining Lease", "reserve": "Lease Area: 210.440000000 ha", "grade": "Lessee: M/S Sail,Industry House (5Th&6Th) Floor,10 Camac Street,Kolkata-700017", "metallogenic_belt": "BONAI-NOAMUNDI-JAMDA Fe-Mn BELT", "metallogenic_zone_no": "XXXIV", "occurrence_id": "MN_IND_0137" }, "geometry": { "type": "Point", "coordinates": [ 85.374936762460166, 22.198188408911154 ] } },
{ "type": "Feature", "properties": { "name": "KHASJAMDAIRON_SRIRAMMINERALCO", "state": "Jharkhand", "district": "Pashchimi Singhbhum", "latitude": 22.178238766558703, "longitude": 85.436815700834572, "host_rock": "Manganiferous Host Formation", "formation": "Active Mining Area", "source": "NGDR Major Mining Lease (2022)", "deposit_type": "Active Mining Lease", "reserve": "Lease Area: 129.220000000 ha", "grade": "Lessee: Sri Ram Mineral Company", "metallogenic_belt": "BONAI-NOAMUNDI-JAMDA Fe-Mn BELT", "metallogenic_zone_no": "XXXIV", "occurrence_id": "MN_IND_0138" }, "geometry": { "type": "Point", "coordinates": [ 85.436815700834572, 22.178238766558703 ] } },
{ "type": "Feature", "properties": { "name": "MAHABIRMN_VKOJHA_24", "state": "Jharkhand", "district": "Pashchimi Singhbhum", "latitude": 22.169233840738386, "longitude": 85.464979029587496, "host_rock": "Manganiferous Host Formation", "formation": "Active Mining Area", "source": "NGDR Major Mining Lease (2022)", "deposit_type": "Active Mining Lease", "reserve": "Lease Area: 21.1900000000 ha", "grade": "Lessee: Vk.Ojha,P.O.-Barajamda-833221,Dt-Singhbhum(W)   Jharkhand", "metallogenic_belt": "BONAI-NOAMUNDI-JAMDA Fe-Mn BELT", "metallogenic_zone_no": "XXXIV", "occurrence_id": "MN_IND_0139" }, "geometry": { "type": "Point", "coordinates": [ 85.464979029587496, 22.169233840738386 ] } },
{ "type": "Feature", "properties": { "name": "ROIDA_C_O", "state": "Odisha", "district": "Kendujhar", "latitude": 22.036376322624761, "longitude": 85.398819634629717, "host_rock": "Manganiferous Host Formation", "formation": "Active Mining Area", "source": "NGDR Major Mining Lease (2022)", "deposit_type": "Active Mining Lease", "reserve": "Lease Area: 90.3029338616 ha", "grade": "Lessee: M/S Om.C. Ltd.", "metallogenic_belt": "BONAI-NOAMUNDI-JAMDA Fe-Mn BELT", "metallogenic_zone_no": "XXXIV", "occurrence_id": "MN_IND_0140" }, "geometry": { "type": "Point", "coordinates": [ 85.398819634629717, 22.036376322624761 ] } },
{ "type": "Feature", "properties": { "name": "JODA WEST", "state": "Odisha", "district": "Kendujhar", "latitude": 21.999940397801215, "longitude": 85.405208880598082, "host_rock": "Manganiferous Host Formation", "formation": "Active Mining Area", "source": "NGDR Major Mining Lease (2022)", "deposit_type": "Active Mining Lease", "reserve": "Lease Area: 1437.71900000 ha", "grade": "Lessee: M/S Tata Steel Ltd", "metallogenic_belt": "BONAI-NOAMUNDI-JAMDA Fe-Mn BELT", "metallogenic_zone_no": "XXXIV", "occurrence_id": "MN_IND_0141" }, "geometry": { "type": "Point", "coordinates": [ 85.405208880598082, 21.999940397801215 ] } },
{ "type": "Feature", "properties": { "name": "DALPAHAR_&_BAITARANI_RB", "state": "Odisha", "district": "Kendujhar", "latitude": 21.975653008123366, "longitude": 85.39231800375731, "host_rock": "Manganiferous Host Formation", "formation": "Active Mining Area", "source": "NGDR Major Mining Lease (2022)", "deposit_type": "Active Mining Lease", "reserve": "Lease Area: 4.84000000000 ha", "grade": "Lessee: R.B. Das", "metallogenic_belt": "BONAI-NOAMUNDI-JAMDA Fe-Mn BELT", "metallogenic_zone_no": "XXXIV", "occurrence_id": "MN_IND_0142" }, "geometry": { "type": "Point", "coordinates": [ 85.39231800375731, 21.975653008123366 ] } },
{ "type": "Feature", "properties": { "name": "NAIBEGA & KATUPALI", "state": "Odisha", "district": "Kendujhar", "latitude": 21.835973907529855, "longitude": 85.403307912887371, "host_rock": "Manganiferous Host Formation", "formation": "Active Mining Area", "source": "NGDR Major Mining Lease (2022)", "deposit_type": "Active Mining Lease", "reserve": "Lease Area: 47.2190000000 ha", "grade": "Lessee: Tarini Prasad Mohanty", "metallogenic_belt": "BONAI-NOAMUNDI-JAMDA Fe-Mn BELT", "metallogenic_zone_no": "XXXIV", "occurrence_id": "MN_IND_0143" }, "geometry": { "type": "Point", "coordinates": [ 85.403307912887371, 21.835973907529855 ] } },
{ "type": "Feature", "properties": { "name": "UNCHBALI,INDRANI_PATNAIK", "state": "Odisha", "district": "Kendujhar", "latitude": 21.872338109605547, "longitude": 85.426123066933201, "host_rock": "Manganiferous Host Formation", "formation": "Active Mining Area", "source": "NGDR Major Mining Lease (2022)", "deposit_type": "Active Mining Lease", "reserve": "Lease Area: 106.113000000 ha", "grade": "Lessee: Smt Indrani Patnaik", "metallogenic_belt": "BONAI-NOAMUNDI-JAMDA Fe-Mn BELT", "metallogenic_zone_no": "XXXIV", "occurrence_id": "MN_IND_0144" }, "geometry": { "type": "Point", "coordinates": [ 85.426123066933201, 21.872338109605547 ] } },
{ "type": "Feature", "properties": { "name": "SILJORA-KALIMATI IRON ORE AND MANGANESE BLOCK", "state": "Odisha", "district": "Kendujhar", "latitude": 21.878606111394404, "longitude": 85.38218350233376, "host_rock": "Manganiferous Host Formation", "formation": "Active Mining Area", "source": "NGDR Major Mining Lease (2022)", "deposit_type": "Active Mining Lease", "reserve": "Lease Area: 715.639000000 ha", "grade": "Lessee: Debabrata Behera", "metallogenic_belt": "BONAI-NOAMUNDI-JAMDA Fe-Mn BELT", "metallogenic_zone_no": "XXXIV", "occurrence_id": "MN_IND_0145" }, "geometry": { "type": "Point", "coordinates": [ 85.38218350233376, 21.878606111394404 ] } },
{ "type": "Feature", "properties": { "name": "BAMEBARI", "state": "Odisha", "district": "Kendujhar", "latitude": 21.903772028755686, "longitude": 85.427159497798073, "host_rock": "Manganiferous Host Formation", "formation": "Active Mining Area", "source": "NGDR Major Mining Lease (2022)", "deposit_type": "Active Mining Lease", "reserve": "Lease Area: 464.000000000 ha", "grade": "Lessee: M/S Tata Steel Ltd", "metallogenic_belt": "BONAI-NOAMUNDI-JAMDA Fe-Mn BELT", "metallogenic_zone_no": "XXXIV", "occurrence_id": "MN_IND_0146" }, "geometry": { "type": "Point", "coordinates": [ 85.427159497798073, 21.903772028755686 ] } },
{ "type": "Feature", "properties": { "name": "JAJANG IRON ORE BLOCK", "state": "Odisha", "district": "Kendujhar", "latitude": 21.929244131512039, "longitude": 85.431977256967272, "host_rock": "Manganiferous Host Formation", "formation": "Active Mining Area", "source": "NGDR Major Mining Lease (2022)", "deposit_type": "Active Mining Lease", "reserve": "Lease Area: 666.150000000 ha", "grade": "Lessee: Jsw Steel Ltd", "metallogenic_belt": "BONAI-NOAMUNDI-JAMDA Fe-Mn BELT", "metallogenic_zone_no": "XXXIV", "occurrence_id": "MN_IND_0147" }, "geometry": { "type": "Point", "coordinates": [ 85.431977256967272, 21.929244131512039 ] } },
{ "type": "Feature", "properties": { "name": "GURUDA & TRINGPAHAR", "state": "Odisha", "district": "Kendujhar", "latitude": 21.92591360798848, "longitude": 85.39572424713829, "host_rock": "Manganiferous Host Formation", "formation": "Active Mining Area", "source": "NGDR Major Mining Lease (2022)", "deposit_type": "Active Mining Lease", "reserve": "Lease Area: 169.000000000 ha", "grade": "Lessee: M/S Tata Steel Ltd", "metallogenic_belt": "BONAI-NOAMUNDI-JAMDA Fe-Mn BELT", "metallogenic_zone_no": "XXXIV", "occurrence_id": "MN_IND_0148" }, "geometry": { "type": "Point", "coordinates": [ 85.39572424713829, 21.92591360798848 ] } },
{ "type": "Feature", "properties": { "name": "PATABEDA_M", "state": "Odisha", "district": "Sundargarh", "latitude": 21.931535151399846, "longitude": 85.37465938491475, "host_rock": "Manganiferous Host Formation", "formation": "Active Mining Area", "source": "NGDR Major Mining Lease (2022)", "deposit_type": "Active Mining Lease", "reserve": "Lease Area: 19.4250000000 ha", "grade": "Lessee: M/S Mg. Mohanty", "metallogenic_belt": "BONAI-NOAMUNDI-JAMDA Fe-Mn BELT", "metallogenic_zone_no": "XXXIV", "occurrence_id": "MN_IND_0149" }, "geometry": { "type": "Point", "coordinates": [ 85.37465938491475, 21.931535151399846 ] } },
{ "type": "Feature", "properties": { "name": "KHANDBANDH", "state": "Odisha", "district": "Keonjhar", "latitude": 21.942737624057713, "longitude": 85.375731495653781, "host_rock": "Manganiferous Host Formation", "formation": "Active Mining Area", "source": "NGDR Major Mining Lease (2022)", "deposit_type": "Active Mining Lease", "reserve": "Lease Area: 978.000000000 ha", "grade": "Lessee: Tata Steel Ltd.", "metallogenic_belt": "BONAI-NOAMUNDI-JAMDA Fe-Mn BELT", "metallogenic_zone_no": "XXXIV", "occurrence_id": "MN_IND_0150" }, "geometry": { "type": "Point", "coordinates": [ 85.375731495653781, 21.942737624057713 ] } },
{ "type": "Feature", "properties": { "name": "GONUA", "state": "Odisha", "district": "Sundargarh", "latitude": 21.923403882413087, "longitude": 85.372292287343811, "host_rock": "Manganiferous Host Formation", "formation": "Active Mining Area", "source": "NGDR Major Mining Lease (2022)", "deposit_type": "Active Mining Lease", "reserve": "Lease Area: 88.5160000000 ha", "grade": "Lessee: Jsw Steel Ltd", "metallogenic_belt": "BONAI-NOAMUNDI-JAMDA Fe-Mn BELT", "metallogenic_zone_no": "XXXIV", "occurrence_id": "MN_IND_0151" }, "geometry": { "type": "Point", "coordinates": [ 85.372292287343811, 21.923403882413087 ] } },
{ "type": "Feature", "properties": { "name": "GONUA", "state": "Odisha", "district": "Sundargarh", "latitude": 21.916096528250193, "longitude": 85.370397540573919, "host_rock": "Manganiferous Host Formation", "formation": "Active Mining Area", "source": "NGDR Major Mining Lease (2022)", "deposit_type": "Active Mining Lease", "reserve": "Lease Area: 17.1164130749 ha", "grade": "Lessee: Kc. Pradhan", "metallogenic_belt": "BONAI-NOAMUNDI-JAMDA Fe-Mn BELT", "metallogenic_zone_no": "XXXIV", "occurrence_id": "MN_IND_0152" }, "geometry": { "type": "Point", "coordinates": [ 85.370397540573919, 21.916096528250193 ] } },
{ "type": "Feature", "properties": { "name": "SANINDUPUR", "state": "Odisha", "district": "Sundargarh", "latitude": 21.916941254967849, "longitude": 85.31390294526804, "host_rock": "Manganiferous Host Formation", "formation": "Active Mining Area", "source": "NGDR Major Mining Lease (2022)", "deposit_type": "Active Mining Lease", "reserve": "Lease Area: 70.9170000000 ha", "grade": "Lessee: M/S National Enterprises", "metallogenic_belt": "BONAI-NOAMUNDI-JAMDA Fe-Mn BELT", "metallogenic_zone_no": "XXXIV", "occurrence_id": "MN_IND_0153" }, "geometry": { "type": "Point", "coordinates": [ 85.31390294526804, 21.916941254967849 ] } },
{ "type": "Feature", "properties": { "name": "KANTHER-KOIRA", "state": "Odisha", "district": "Sundargarh", "latitude": 21.889538313233015, "longitude": 85.262225010277604, "host_rock": "Manganiferous Host Formation", "formation": "Active Mining Area", "source": "NGDR Major Mining Lease (2022)", "deposit_type": "Active Mining Lease", "reserve": "Lease Area: 22.5860447355 ha", "grade": "Lessee: Bs. Mishra", "metallogenic_belt": "BONAI-NOAMUNDI-JAMDA Fe-Mn BELT", "metallogenic_zone_no": "XXXIV", "occurrence_id": "MN_IND_0154" }, "geometry": { "type": "Point", "coordinates": [ 85.262225010277604, 21.889538313233015 ] } },
{ "type": "Feature", "properties": { "name": "KANTHER - KOIRA MANGANESE BLOCK", "state": "Odisha", "district": "Sundargarh", "latitude": 21.891704041119254, "longitude": 85.257444364614074, "host_rock": "Manganiferous Host Formation", "formation": "Active Mining Area", "source": "NGDR Major Mining Lease (2022)", "deposit_type": "Active Mining Lease", "reserve": "Lease Area: 73.3010000000 ha", "grade": "Lessee: P.M. Granite Export Private Limited", "metallogenic_belt": "BONAI-NOAMUNDI-JAMDA Fe-Mn BELT", "metallogenic_zone_no": "XXXIV", "occurrence_id": "MN_IND_0155" }, "geometry": { "type": "Point", "coordinates": [ 85.257444364614074, 21.891704041119254 ] } },
{ "type": "Feature", "properties": { "name": "BAHANJAPALI, KOIRA", "state": "Odisha", "district": "Sundargarh", "latitude": 21.90638265883258, "longitude": 85.270326108290647, "host_rock": "Manganiferous Host Formation", "formation": "Active Mining Area", "source": "NGDR Major Mining Lease (2022)", "deposit_type": "Active Mining Lease", "reserve": "Lease Area: 65.7100000000 ha", "grade": "Lessee: Rudrasen Sindhu", "metallogenic_belt": "BONAI-NOAMUNDI-JAMDA Fe-Mn BELT", "metallogenic_zone_no": "XXXIV", "occurrence_id": "MN_IND_0156" }, "geometry": { "type": "Point", "coordinates": [ 85.270326108290647, 21.90638265883258 ] } },
{ "type": "Feature", "properties": { "name": "NARAYANPOSHI IRON ORE & MANGANESE BLOCK", "state": "Odisha", "district": "Sundargarh", "latitude": 21.92726882270367, "longitude": 85.238070383257636, "host_rock": "Manganiferous Host Formation", "formation": "Active Mining Area", "source": "NGDR Major Mining Lease (2022)", "deposit_type": "Active Mining Lease", "reserve": "Lease Area: 347.008000000 ha", "grade": "Lessee: Jsw Steel Ltd", "metallogenic_belt": "BONAI-NOAMUNDI-JAMDA Fe-Mn BELT", "metallogenic_zone_no": "XXXIV", "occurrence_id": "MN_IND_0157" }, "geometry": { "type": "Point", "coordinates": [ 85.238070383257636, 21.92726882270367 ] } },
{ "type": "Feature", "properties": { "name": "NUAGAON,PRABODH_MOHANTY", "state": "Odisha", "district": "Sundargarh", "latitude": 21.90245446411452, "longitude": 85.215315826146721, "host_rock": "Manganiferous Host Formation", "formation": "Active Mining Area", "source": "NGDR Major Mining Lease (2022)", "deposit_type": "Active Mining Lease", "reserve": "Lease Area: 29.2570000000 ha", "grade": "Lessee: Prabodh Mohanty", "metallogenic_belt": "BONAI-NOAMUNDI-JAMDA Fe-Mn BELT", "metallogenic_zone_no": "XXXIV", "occurrence_id": "MN_IND_0158" }, "geometry": { "type": "Point", "coordinates": [ 85.215315826146721, 21.90245446411452 ] } },
{ "type": "Feature", "properties": { "name": "BANDHAL_KANKDHARA_MINING_AND_MINERALS_", "state": "Odisha", "district": "Sundargarh", "latitude": 21.898998053049439, "longitude": 85.210355709066604, "host_rock": "Manganiferous Host Formation", "formation": "Active Mining Area", "source": "NGDR Major Mining Lease (2022)", "deposit_type": "Active Mining Lease", "reserve": "Lease Area: 28.0207000000 ha", "grade": "Lessee: M/S Kanakdhara Mining & Minerals (P) Ltd", "metallogenic_belt": "BONAI-NOAMUNDI-JAMDA Fe-Mn BELT", "metallogenic_zone_no": "XXXIV", "occurrence_id": "MN_IND_0159" }, "geometry": { "type": "Point", "coordinates": [ 85.210355709066604, 21.898998053049439 ] } },
{ "type": "Feature", "properties": { "name": "MAHULSUKHA", "state": "Odisha", "district": "Sundargarh", "latitude": 21.798257026967921, "longitude": 85.141887666658192, "host_rock": "Manganiferous Host Formation", "formation": "Active Mining Area", "source": "NGDR Major Mining Lease (2022)", "deposit_type": "Active Mining Lease", "reserve": "Lease Area: 390.317000000 ha", "grade": "Lessee: Patnaik Minerals Pvt. Ltd.", "metallogenic_belt": "BONAI-NOAMUNDI-JAMDA Fe-Mn BELT", "metallogenic_zone_no": "XXXIV", "occurrence_id": "MN_IND_0160" }, "geometry": { "type": "Point", "coordinates": [ 85.141887666658192, 21.798257026967921 ] } },
{ "type": "Feature", "properties": { "name": "ANAJORI", "state": "Odisha", "district": "Rayagada", "latitude": 19.811138678448501, "longitude": 83.477535246637942, "host_rock": "Manganiferous Host Formation", "formation": "Active Mining Area", "source": "NGDR Major Mining Lease (2022)", "deposit_type": "Active Mining Lease", "reserve": "Lease Area: 18.4940000000 ha", "grade": "Lessee: Kunal Das", "metallogenic_belt": "Other Regional Mn Belt", "metallogenic_zone_no": "N/A", "occurrence_id": "MN_IND_0161" }, "geometry": { "type": "Point", "coordinates": [ 83.477535246637942, 19.811138678448501 ] } },
{ "type": "Feature", "properties": { "name": "RCHINTALAVALASA", "state": "Andhra Pradesh", "district": "Vizianagaram", "latitude": 18.425295596527807, "longitude": 83.223403419476057, "host_rock": "Manganiferous Host Formation", "formation": "Active Mining Area", "source": "NGDR Major Mining Lease (2022)", "deposit_type": "Active Mining Lease", "reserve": "Lease Area: 14.2610000000 ha", "grade": "Lessee: Sanjay Mining Pvt. Ltd", "metallogenic_belt": "EASTERNGHAT AI-Mn PROVINCE", "metallogenic_zone_no": "XXII", "occurrence_id": "MN_IND_0162" }, "geometry": { "type": "Point", "coordinates": [ 83.223403419476057, 18.425295596527807 ] } },
{ "type": "Feature", "properties": { "name": "GIRIJA", "state": "Andhra Pradesh", "district": "Vizianagaram", "latitude": 18.420015815569293, "longitude": 83.225843396682464, "host_rock": "Manganiferous Host Formation", "formation": "Active Mining Area", "source": "NGDR Major Mining Lease (2022)", "deposit_type": "Active Mining Lease", "reserve": "Lease Area: 29.4800000000 ha", "grade": "Lessee: Y. Suvarchala", "metallogenic_belt": "EASTERNGHAT AI-Mn PROVINCE", "metallogenic_zone_no": "XXII", "occurrence_id": "MN_IND_0163" }, "geometry": { "type": "Point", "coordinates": [ 83.225843396682464, 18.420015815569293 ] } },
{ "type": "Feature", "properties": { "name": "MAHESHWARI", "state": "Andhra Pradesh", "district": "Vizianagaram", "latitude": 18.495870887187987, "longitude": 83.312271535773746, "host_rock": "Manganiferous Host Formation", "formation": "Active Mining Area", "source": "NGDR Major Mining Lease (2022)", "deposit_type": "Active Mining Lease", "reserve": "Lease Area: 15.7200000000 ha", "grade": "Lessee: S.K.Sarawagi & Co. Pvt.Ltd", "metallogenic_belt": "EASTERNGHAT AI-Mn PROVINCE", "metallogenic_zone_no": "XXII", "occurrence_id": "MN_IND_0164" }, "geometry": { "type": "Point", "coordinates": [ 83.312271535773746, 18.495870887187987 ] } },
{ "type": "Feature", "properties": { "name": "SHRI RAJA RAJESWARI MINE", "state": "Andhra Pradesh", "district": "Vizianagaram", "latitude": 18.494496068055593, "longitude": 83.302866393259862, "host_rock": "Manganiferous Host Formation", "formation": "Active Mining Area", "source": "NGDR Major Mining Lease (2022)", "deposit_type": "Active Mining Lease", "reserve": "Lease Area: 4.47700000000 ha", "grade": "Lessee: Barbil Mining Co.Ltd. (Sri R.G.P. Krishna Ranga Rao)", "metallogenic_belt": "EASTERNGHAT AI-Mn PROVINCE", "metallogenic_zone_no": "XXII", "occurrence_id": "MN_IND_0165" }, "geometry": { "type": "Point", "coordinates": [ 83.302866393259862, 18.494496068055593 ] } },
{ "type": "Feature", "properties": { "name": "MAMIDIVALASA MN MINE", "state": "Andhra Pradesh", "district": "Vizianagaram", "latitude": 18.46644491663621, "longitude": 83.27320527737001, "host_rock": "Manganiferous Host Formation", "formation": "Active Mining Area", "source": "NGDR Major Mining Lease (2022)", "deposit_type": "Active Mining Lease", "reserve": "Lease Area: 8.09300000000 ha", "grade": "Lessee: Dinesh Das & Sons Mines And Steels Pvt. Limited", "metallogenic_belt": "EASTERNGHAT AI-Mn PROVINCE", "metallogenic_zone_no": "XXII", "occurrence_id": "MN_IND_0166" }, "geometry": { "type": "Point", "coordinates": [ 83.27320527737001, 18.46644491663621 ] } },
{ "type": "Feature", "properties": { "name": "PUTIKAVALASA MINE", "state": "Andhra Pradesh", "district": "Vizianagaram", "latitude": 18.667014591949638, "longitude": 83.138427713225539, "host_rock": "Manganiferous Host Formation", "formation": "Active Mining Area", "source": "NGDR Major Mining Lease (2022)", "deposit_type": "Active Mining Lease", "reserve": "Lease Area: 21.7700000000 ha", "grade": "Lessee: S.V.Narayana Reddy", "metallogenic_belt": "EASTERNGHAT AI-Mn PROVINCE", "metallogenic_zone_no": "XXII", "occurrence_id": "MN_IND_0167" }, "geometry": { "type": "Point", "coordinates": [ 83.138427713225539, 18.667014591949638 ] } },
{ "type": "Feature", "properties": { "name": "MARKONDAPUTTI MANGANESE MINE", "state": "Andhra Pradesh", "district": "Vizianagaram", "latitude": 18.709645333778006, "longitude": 83.218956198538081, "host_rock": "Manganiferous Host Formation", "formation": "Active Mining Area", "source": "NGDR Major Mining Lease (2022)", "deposit_type": "Active Mining Lease", "reserve": "Lease Area: 9.71200000000 ha", "grade": "Lessee: M/S Radhika Metals & Minerals", "metallogenic_belt": "EASTERNGHAT AI-Mn PROVINCE", "metallogenic_zone_no": "XXII", "occurrence_id": "MN_IND_0168" }, "geometry": { "type": "Point", "coordinates": [ 83.218956198538081, 18.709645333778006 ] } },
{ "type": "Feature", "properties": { "name": "PERUMALI MANGANESE ORE MINE", "state": "Andhra Pradesh", "district": "Vizianagaram", "latitude": 18.439423452709775, "longitude": 83.560069943002176, "host_rock": "Manganiferous Host Formation", "formation": "Active Mining Area", "source": "NGDR Major Mining Lease (2022)", "deposit_type": "Active Mining Lease", "reserve": "Lease Area: 4.33900000000 ha", "grade": "Lessee: M.Lal & Company", "metallogenic_belt": "EASTERNGHAT AI-Mn PROVINCE", "metallogenic_zone_no": "XXII", "occurrence_id": "MN_IND_0169" }, "geometry": { "type": "Point", "coordinates": [ 83.560069943002176, 18.439423452709775 ] } },
{ "type": "Feature", "properties": { "name": "ROBO MANGANESE MINE", "state": "Andhra Pradesh", "district": "Vizianagaram", "latitude": 18.447230160076916, "longitude": 83.541801049837318, "host_rock": "Manganiferous Host Formation", "formation": "Active Mining Area", "source": "NGDR Major Mining Lease (2022)", "deposit_type": "Active Mining Lease", "reserve": "Lease Area: 4.74700000000 ha", "grade": "Lessee: M/S Blue Ocean Minerals Pvt. Ltd.", "metallogenic_belt": "EASTERNGHAT AI-Mn PROVINCE", "metallogenic_zone_no": "XXII", "occurrence_id": "MN_IND_0170" }, "geometry": { "type": "Point", "coordinates": [ 83.541801049837318, 18.447230160076916 ] } },
{ "type": "Feature", "properties": { "name": "RAMACHANDRAPURAM", "state": "Andhra Pradesh", "district": "Vizianagaram", "latitude": 18.437115251129633, "longitude": 83.521933169332755, "host_rock": "Manganiferous Host Formation", "formation": "Active Mining Area", "source": "NGDR Major Mining Lease (2022)", "deposit_type": "Active Mining Lease", "reserve": "Lease Area: 4.16500000000 ha", "grade": "Lessee: K.Venkateswara Rao   (Earlier Sri T.Appalarama Krishna Raju)", "metallogenic_belt": "EASTERNGHAT AI-Mn PROVINCE", "metallogenic_zone_no": "XXII", "occurrence_id": "MN_IND_0171" }, "geometry": { "type": "Point", "coordinates": [ 83.521933169332755, 18.437115251129633 ] } },
{ "type": "Feature", "properties": { "name": "M/S M K MINING CORPORATION", "state": "Andhra Pradesh", "district": "Vizianagaram", "latitude": 18.357737826880857, "longitude": 83.517403569853158, "host_rock": "Manganiferous Host Formation", "formation": "Active Mining Area", "source": "NGDR Major Mining Lease (2022)", "deposit_type": "Active Mining Lease", "reserve": "Lease Area: 4.89200000000 ha", "grade": "Lessee: M.K. Mining Corporation (A.S.V. Prasad)", "metallogenic_belt": "EASTERNGHAT AI-Mn PROVINCE", "metallogenic_zone_no": "XXII", "occurrence_id": "MN_IND_0172" }, "geometry": { "type": "Point", "coordinates": [ 83.517403569853158, 18.357737826880857 ] } },
{ "type": "Feature", "properties": { "name": "SAI BABA-I", "state": "Andhra Pradesh", "district": "Vizianagaram", "latitude": 18.381695386783111, "longitude": 83.476770566958535, "host_rock": "Manganiferous Host Formation", "formation": "Active Mining Area", "source": "NGDR Major Mining Lease (2022)", "deposit_type": "Active Mining Lease", "reserve": "Lease Area: 8.65600000000 ha", "grade": "Lessee: S.K.Sarawagi & Co. Pvt.Ltd", "metallogenic_belt": "EASTERNGHAT AI-Mn PROVINCE", "metallogenic_zone_no": "XXII", "occurrence_id": "MN_IND_0173" }, "geometry": { "type": "Point", "coordinates": [ 83.476770566958535, 18.381695386783111 ] } },
{ "type": "Feature", "properties": { "name": "GARBHAM", "state": "Andhra Pradesh", "district": "Vizianagaram", "latitude": 18.377165202527948, "longitude": 83.445416054122987, "host_rock": "Manganiferous Host Formation", "formation": "Active Mining Area", "source": "NGDR Major Mining Lease (2022)", "deposit_type": "Active Mining Lease", "reserve": "Lease Area: 5.24000000000 ha", "grade": "Lessee: Sri Venkateswara Minerals", "metallogenic_belt": "EASTERNGHAT AI-Mn PROVINCE", "metallogenic_zone_no": "XXII", "occurrence_id": "MN_IND_0174" }, "geometry": { "type": "Point", "coordinates": [ 83.445416054122987, 18.377165202527948 ] } },
{ "type": "Feature", "properties": { "name": "SHIVA SHANTHI MINE", "state": "Andhra Pradesh", "district": "Vizianagaram", "latitude": 18.372906733349279, "longitude": 83.455660922659405, "host_rock": "Manganiferous Host Formation", "formation": "Active Mining Area", "source": "NGDR Major Mining Lease (2022)", "deposit_type": "Active Mining Lease", "reserve": "Lease Area: 4.97000000000 ha", "grade": "Lessee: D.Shankarlal Sharma", "metallogenic_belt": "EASTERNGHAT AI-Mn PROVINCE", "metallogenic_zone_no": "XXII", "occurrence_id": "MN_IND_0175" }, "geometry": { "type": "Point", "coordinates": [ 83.455660922659405, 18.372906733349279 ] } },
{ "type": "Feature", "properties": { "name": "MANGOTOPE", "state": "Andhra Pradesh", "district": "Vizianagaram", "latitude": 18.373991130806807, "longitude": 83.471955247689024, "host_rock": "Manganiferous Host Formation", "formation": "Active Mining Area", "source": "NGDR Major Mining Lease (2022)", "deposit_type": "Active Mining Lease", "reserve": "Lease Area: 10.5220000000 ha", "grade": "Lessee: Mahalakshmi Minerals", "metallogenic_belt": "EASTERNGHAT AI-Mn PROVINCE", "metallogenic_zone_no": "XXII", "occurrence_id": "MN_IND_0176" }, "geometry": { "type": "Point", "coordinates": [ 83.471955247689024, 18.373991130806807 ] } },
{ "type": "Feature", "properties": { "name": "JAI DURGA [CHINNARAVYAM S.NO.5(P)]", "state": "Andhra Pradesh", "district": "Vizianagaram", "latitude": 18.338053137592958, "longitude": 83.458300850671492, "host_rock": "Manganiferous Host Formation", "formation": "Active Mining Area", "source": "NGDR Major Mining Lease (2022)", "deposit_type": "Active Mining Lease", "reserve": "Lease Area: 4.05500000000 ha", "grade": "Lessee: S.K.Sarawagi & Co. Pvt.Ltd", "metallogenic_belt": "EASTERNGHAT AI-Mn PROVINCE", "metallogenic_zone_no": "XXII", "occurrence_id": "MN_IND_0177" }, "geometry": { "type": "Point", "coordinates": [ 83.458300850671492, 18.338053137592958 ] } },
{ "type": "Feature", "properties": { "name": "MADUKONDAMMA", "state": "Andhra Pradesh", "district": "Vizianagaram", "latitude": 18.322303026599112, "longitude": 83.565367705944752, "host_rock": "Manganiferous Host Formation", "formation": "Active Mining Area", "source": "NGDR Major Mining Lease (2022)", "deposit_type": "Active Mining Lease", "reserve": "Lease Area: 1.60000000000 ha", "grade": "Lessee: A.S.V.Prasad", "metallogenic_belt": "EASTERNGHAT AI-Mn PROVINCE", "metallogenic_zone_no": "XXII", "occurrence_id": "MN_IND_0178" }, "geometry": { "type": "Point", "coordinates": [ 83.565367705944752, 18.322303026599112 ] } },
{ "type": "Feature", "properties": { "name": "BAGUVALASA", "state": "Andhra Pradesh", "district": "Vizianagaram", "latitude": 18.346308155740758, "longitude": 83.548597253420795, "host_rock": "Manganiferous Host Formation", "formation": "Active Mining Area", "source": "NGDR Major Mining Lease (2022)", "deposit_type": "Active Mining Lease", "reserve": "Lease Area: 46.6400000000 ha", "grade": "Lessee: S.K.Sarawagi & Co. Pvt.Ltd", "metallogenic_belt": "EASTERNGHAT AI-Mn PROVINCE", "metallogenic_zone_no": "XXII", "occurrence_id": "MN_IND_0179" }, "geometry": { "type": "Point", "coordinates": [ 83.548597253420795, 18.346308155740758 ] } },
{ "type": "Feature", "properties": { "name": "AVAGUDEM", "state": "Andhra Pradesh", "district": "Vizianagaram", "latitude": 18.352020947104826, "longitude": 83.538288012368724, "host_rock": "Manganiferous Host Formation", "formation": "Active Mining Area", "source": "NGDR Major Mining Lease (2022)", "deposit_type": "Active Mining Lease", "reserve": "Lease Area: 13.8680000000 ha", "grade": "Lessee: M/S R.B.S.S.D & F.N.Das", "metallogenic_belt": "EASTERNGHAT AI-Mn PROVINCE", "metallogenic_zone_no": "XXII", "occurrence_id": "MN_IND_0180" }, "geometry": { "type": "Point", "coordinates": [ 83.538288012368724, 18.352020947104826 ] } },
{ "type": "Feature", "properties": { "name": "PEDANADIPALLI MN MINE", "state": "Andhra Pradesh", "district": "Vizianagaram", "latitude": 18.246462267582174, "longitude": 83.633756820046543, "host_rock": "Manganiferous Host Formation", "formation": "Active Mining Area", "source": "NGDR Major Mining Lease (2022)", "deposit_type": "Active Mining Lease", "reserve": "Lease Area: 7.58400000000 ha", "grade": "Lessee: Pramod Bansilalji Kacholia", "metallogenic_belt": "EASTERNGHAT AI-Mn PROVINCE", "metallogenic_zone_no": "XXII", "occurrence_id": "MN_IND_0181" }, "geometry": { "type": "Point", "coordinates": [ 83.633756820046543, 18.246462267582174 ] } },
{ "type": "Feature", "properties": { "name": "SUBHALAKSHMI (NIMMALAVALASA)", "state": "Andhra Pradesh", "district": "Vizianagaram", "latitude": 18.294309876497206, "longitude": 83.670569925555668, "host_rock": "Manganiferous Host Formation", "formation": "Active Mining Area", "source": "NGDR Major Mining Lease (2022)", "deposit_type": "Active Mining Lease", "reserve": "Lease Area: 4.77100000000 ha", "grade": "Lessee: S.K.Sarawagi & Co. Pvt.Ltd", "metallogenic_belt": "EASTERNGHAT AI-Mn PROVINCE", "metallogenic_zone_no": "XXII", "occurrence_id": "MN_IND_0182" }, "geometry": { "type": "Point", "coordinates": [ 83.670569925555668, 18.294309876497206 ] } },
{ "type": "Feature", "properties": { "name": "SIDDESHWARI", "state": "Andhra Pradesh", "district": "Vizianagaram", "latitude": 18.25706121784097, "longitude": 83.61885535971102, "host_rock": "Manganiferous Host Formation", "formation": "Active Mining Area", "source": "NGDR Major Mining Lease (2022)", "deposit_type": "Active Mining Lease", "reserve": "Lease Area: 19.7800000000 ha", "grade": "Lessee: S.K.Sarawagi & Co. Pvt.Ltd", "metallogenic_belt": "EASTERNGHAT AI-Mn PROVINCE", "metallogenic_zone_no": "XXII", "occurrence_id": "MN_IND_0183" }, "geometry": { "type": "Point", "coordinates": [ 83.61885535971102, 18.25706121784097 ] } },
{ "type": "Feature", "properties": { "name": "PARAMESHWARI", "state": "Andhra Pradesh", "district": "Vizianagaram", "latitude": 18.250406345790125, "longitude": 83.620164281737161, "host_rock": "Manganiferous Host Formation", "formation": "Active Mining Area", "source": "NGDR Major Mining Lease (2022)", "deposit_type": "Active Mining Lease", "reserve": "Lease Area: 9.35600000000 ha", "grade": "Lessee: S.K.Sarawagi & Co. Pvt.Ltd", "metallogenic_belt": "EASTERNGHAT AI-Mn PROVINCE", "metallogenic_zone_no": "XXII", "occurrence_id": "MN_IND_0184" }, "geometry": { "type": "Point", "coordinates": [ 83.620164281737161, 18.250406345790125 ] } },
{ "type": "Feature", "properties": { "name": "DEVADA MANGANESE MINE", "state": "Andhra Pradesh", "district": "Vizianagaram", "latitude": 18.259498383116746, "longitude": 83.549950854599516, "host_rock": "Manganiferous Host Formation", "formation": "Active Mining Area", "source": "NGDR Major Mining Lease (2022)", "deposit_type": "Active Mining Lease", "reserve": "Lease Area: 41.0540000000 ha", "grade": "Lessee: M/S R.B.S.S.D & F.N.Das", "metallogenic_belt": "EASTERNGHAT AI-Mn PROVINCE", "metallogenic_zone_no": "XXII", "occurrence_id": "MN_IND_0185" }, "geometry": { "type": "Point", "coordinates": [ 83.549950854599516, 18.259498383116746 ] } },
{ "type": "Feature", "properties": { "name": "SADANANDAPURAM", "state": "Andhra Pradesh", "district": "Vizianagaram", "latitude": 18.254255560779484, "longitude": 83.549736695127052, "host_rock": "Manganiferous Host Formation", "formation": "Active Mining Area", "source": "NGDR Major Mining Lease (2022)", "deposit_type": "Active Mining Lease", "reserve": "Lease Area: 56.8380000000 ha", "grade": "Lessee: M/S R.B.S.S.D & F.N.Das", "metallogenic_belt": "EASTERNGHAT AI-Mn PROVINCE", "metallogenic_zone_no": "XXII", "occurrence_id": "MN_IND_0186" }, "geometry": { "type": "Point", "coordinates": [ 83.549736695127052, 18.254255560779484 ] } },
{ "type": "Feature", "properties": { "name": "GARVIDI", "state": "Andhra Pradesh", "district": "Vizianagaram", "latitude": 18.287409258379906, "longitude": 83.523941379413642, "host_rock": "Manganiferous Host Formation", "formation": "Active Mining Area", "source": "NGDR Major Mining Lease (2022)", "deposit_type": "Active Mining Lease", "reserve": "Lease Area: 21.5870000000 ha", "grade": "Lessee: M/S R.B.S.S.D & F.N.Das", "metallogenic_belt": "EASTERNGHAT AI-Mn PROVINCE", "metallogenic_zone_no": "XXII", "occurrence_id": "MN_IND_0187" }, "geometry": { "type": "Point", "coordinates": [ 83.523941379413642, 18.287409258379906 ] } }
]
}
